label,f0,f1,f2,f3,f4,f5,f6,f7,f8,f9,f10,f11,f12,f13,f14,f15,f16,f17,f18,f19,f20,f21,f22,f23,f24,f25,f26,f27,f28,f29,f30,f31,f32,f33,f34,f35,f36,f37,f38,f39,f40,f41,f42,f43,f44,f45,f46,f47,f48,f49,f50,f51,f52,f53,f54,f55,f56,f57,f58,f59,f60,f61,f62
BAD,0.0,0.0,0.0,-0.03645693,0.31130454,-0.021798918,-0.2184253,0.5822264,-0.027945686,-0.42045274,0.67545843,-0.046864197,-0.55907404,0.64785016,-0.051030193,-0.52866054,0.51425034,0.0044892454,-0.7719738,0.63565433,-0.05679264,-0.63065755,0.5876526,-0.06307806,-0.4849049,0.52820706,-0.047712006,-0.6059701,0.30741546,-0.019595083,-0.8345778,0.4325165,-0.098857895,-0.6523476,0.39950517,-0.11017695,-0.4916328,0.3431121,-0.086852215,-0.6489515,0.09225549,-0.053256676,-0.85467005,0.2048698,-0.14102049,-0.65976316,0.19372785,-0.117965825,-0.4930639,0.15168636,-0.06936266,-0.6525951,-0.1411948,-0.08750566,-0.8521912,-0.07744435,-0.15456292,-0.7167386,-0.045079987,-0.12830381,-0.5655945,-0.050391342,-0.08309918
BAD,0.0,0.0,0.0,-0.04829348,0.34934726,-0.02193764,-0.21808322,0.6378199,-0.030911036,-0.4165799,0.76360434,-0.05165314,-0.55675095,0.7734412,-0.057043675,-0.5225088,0.49070412,-0.0076824105,-0.76359457,0.6456959,-0.0732557,-0.6182204,0.5944636,-0.08687927,-0.4848278,0.5191561,-0.076506615,-0.59331906,0.29273483,-0.030989036,-0.8342926,0.44884902,-0.10888757,-0.6484841,0.41331065,-0.11495258,-0.4969993,0.33660552,-0.08832529,-0.6299854,0.08137267,-0.06291054,-0.85594296,0.22019371,-0.14343181,-0.6621334,0.21691999,-0.114803895,-0.50396264,0.16292389,-0.06348568,-0.62872726,-0.15177527,-0.09608433,-0.8604382,-0.07107645,-0.15419032,-0.7352268,-0.024234615,-0.124855235,-0.5874136,-0.035953145,-0.07881457
BAD,0.0,0.0,0.0,-0.038443707,0.29340965,-0.037049275,-0.18339702,0.5803411,-0.052450925,-0.32426926,0.7686003,-0.07973735,-0.41614345,0.90929896,-0.093057394,-0.47600424,0.45277742,0.022278238,-0.6784186,0.5612011,-0.048176285,-0.5545624,0.5186135,-0.08075278,-0.4344946,0.46531662,-0.08439165,-0.53341484,0.2893402,0.0024303172,-0.73392105,0.40181303,-0.08228303,-0.57368433,0.35882887,-0.10995447,-0.44260427,0.30130303,-0.098106936,-0.56629264,0.113709845,-0.030540654,-0.75364166,0.21207543,-0.111536674,-0.5831134,0.18785018,-0.09459005,-0.44886792,0.1465602,-0.05246934,-0.5667365,-0.080096915,-0.067360535,-0.7536688,-0.017566964,-0.12070767,-0.6386961,0.0049110036,-0.09461251,-0.518262,-0.0034503175,-0.05302553
BAD,0.0,0.0,0.0,-0.04907317,0.31602713,-0.018383592,-0.19873662,0.6014786,-0.032307647,-0.34382427,0.78793746,-0.053838983,-0.43791363,0.89901704,-0.062309556,-0.48211303,0.4665131,-0.02766231,-0.70773613,0.61108166,-0.074020185,-0.5890606,0.5489399,-0.07517971,-0.4639584,0.4851794,-0.05946917,-0.55443674,0.29413697,-0.046829302,-0.7883562,0.43015125,-0.108514,-0.6380829,0.3863913,-0.114289045,-0.4954575,0.32643855,-0.0923079,-0.5960788,0.11247372,-0.06886809,-0.8021417,0.23422562,-0.12319567,-0.6481345,0.21327712,-0.096513,-0.5148488,0.16909735,-0.056025036,-0.5995797,-0.08066902,-0.09107197,-0.8016664,0.003526509,-0.12769894,-0.6958975,0.025744723,-0.09528676,-0.57936025,0.009732768,-0.0528437
BAD,0.0,0.0,0.0,-0.037774283,0.28348267,-0.048873223,-0.16875428,0.5711492,-0.07883659,-0.28132668,0.7766,-0.117387384,-0.34932303,0.93700236,-0.14326584,-0.44799256,0.4396026,-0.010911052,-0.62885267,0.56972295,-0.08765736,-0.5056569,0.49532962,-0.13230652,-0.391809,0.42330652,-0.14578344,-0.50083596,0.2911324,-0.02492838,-0.6838019,0.39925072,-0.1081092,-0.532928,0.3343134,-0.13730364,-0.40533528,0.27504268,-0.13084237,-0.52921313,0.12836115,-0.051207013,-0.7021768,0.22007069,-0.12945728,-0.55118555,0.17681116,-0.11900928,-0.42676902,0.12817067,-0.08474831,-0.53394985,-0.04650105,-0.082121894,-0.7040039,0.010963231,-0.13524082,-0.6062558,0.01882525,-0.11610967,-0.5014736,0.006177521,-0.08190731
BAD,0.0,0.0,0.0,-0.039265208,0.28978613,-0.048866283,-0.1489177,0.5684778,-0.08255218,-0.25160506,0.7775383,-0.12482914,-0.31838137,0.94796276,-0.15432684,-0.43634862,0.43488207,-0.008172673,-0.60884213,0.56721944,-0.0793696,-0.48908743,0.50439024,-0.121870816,-0.38397092,0.43071282,-0.13635084,-0.48860595,0.28471473,-0.020325214,-0.6677015,0.40180466,-0.099609956,-0.5273099,0.35016447,-0.12978458,-0.4035395,0.2876193,-0.12568237,-0.51446295,0.12565534,-0.044011746,-0.6678742,0.22176307,-0.11631636,-0.5317373,0.1889186,-0.108551495,-0.4142517,0.13930659,-0.077909864,-0.51805294,-0.043637767,-0.07212678,-0.67578787,0.023509886,-0.11760836,-0.5871708,0.037677124,-0.09958898,-0.48714378,0.024913326,-0.06804207
BAD,0.0,0.0,0.0,-0.026557643,0.28767172,-0.056412306,-0.13100113,0.5757457,-0.091910414,-0.22698565,0.7843185,-0.13655578,-0.29509148,0.9554691,-0.16902578,-0.43902764,0.46971145,0.00568682,-0.5911659,0.5795602,-0.07804308,-0.47439852,0.514224,-0.13619262,-0.36297175,0.437412,-0.1582445,-0.49905524,0.31701788,-0.005860608,-0.6623008,0.40698746,-0.096882954,-0.5181167,0.35039076,-0.13800772,-0.384736,0.2836794,-0.13731737,-0.5326365,0.155619,-0.03252094,-0.6750077,0.22579834,-0.11765621,-0.5347935,0.19487028,-0.119367115,-0.40726697,0.14480694,-0.09041852,-0.541974,-0.013858275,-0.064678766,-0.68387717,0.039725084,-0.11979562,-0.5876972,0.04496308,-0.107067496,-0.48102385,0.023994094,-0.07575144
BAD,0.0,0.0,0.0,0.014813955,0.26466098,-0.09700022,-0.06603655,0.56804824,-0.14324181,-0.15581417,0.80164504,-0.18574558,-0.22160187,0.9751373,-0.2118682,-0.3243284,0.47612897,-0.04224899,-0.4842019,0.54547507,-0.128207,-0.3862715,0.4465976,-0.17562214,-0.2786206,0.37668365,-0.18859051,-0.4015562,0.33457887,-0.026551407,-0.54752016,0.38762927,-0.11945062,-0.41447607,0.2890509,-0.1519413,-0.29715773,0.2281049,-0.14664227,-0.4541722,0.20686482,-0.027687263,-0.57798105,0.24497294,-0.1196661,-0.45507845,0.17041248,-0.11841981,-0.34635168,0.12122027,-0.0865996,-0.48709932,0.093947366,-0.03600939,-0.5963789,0.13933207,-0.09935158,-0.51099414,0.084408276,-0.08916729,-0.42737314,0.040731013,-0.05887343
BAD,0.0,0.0,0.0,0.008866383,0.2635735,-0.089446574,-0.08123525,0.5605215,-0.13659284,-0.17856055,0.7922534,-0.18311413,-0.24221916,0.9702216,-0.21476524,-0.35987678,0.5012148,-0.030723097,-0.511211,0.56007475,-0.12128172,-0.39686432,0.44812948,-0.17803082,-0.29219815,0.37473944,-0.20247772,-0.43115574,0.34917042,-0.026695568,-0.58248156,0.40108937,-0.122672305,-0.4324693,0.28929082,-0.15827802,-0.31973502,0.24462134,-0.15895306,-0.47666538,0.19370706,-0.039778795,-0.6194284,0.24467777,-0.13569498,-0.47506443,0.16236535,-0.122990415,-0.36259985,0.13373715,-0.087004036,-0.4996275,0.033008043,-0.06005114,-0.6374961,0.09191342,-0.12443436,-0.5386668,0.049568996,-0.10331929,-0.4486954,0.035846826,-0.068427846
BAD,0.0,0.0,0.0,0.00713669,0.26097026,-0.08325667,-0.08175593,0.5572086,-0.12757,-0.17066151,0.7910751,-0.17281555,-0.22929178,0.97335774,-0.20292914,-0.34702376,0.499046,-0.03151577,-0.49140787,0.5645862,-0.11555573,-0.38785848,0.4453323,-0.16201603,-0.28912166,0.37256908,-0.17931521,-0.4203446,0.3475189,-0.028828515,-0.5610117,0.40489483,-0.12141764,-0.41597864,0.28658682,-0.15343034,-0.30443245,0.24699448,-0.15282078,-0.47027078,0.19588621,-0.041577045,-0.603434,0.25289634,-0.13250652,-0.4619813,0.16217709,-0.117886536,-0.3498456,0.13507237,-0.08254163,-0.49768826,0.044560418,-0.061140288,-0.63409114,0.09210107,-0.12052047,-0.5351622,0.048249148,-0.09911935,-0.44152254,0.04207249,-0.065782286
BAD,0.0,0.0,0.0,-0.0104858205,0.26767856,-0.079093084,-0.10202868,0.5531315,-0.12532628,-0.18848914,0.7841643,-0.17476742,-0.24265613,0.9701124,-0.21060093,-0.3717046,0.47848248,-0.026494512,-0.50854164,0.5365703,-0.113110274,-0.41137815,0.42243436,-0.16447066,-0.31761065,0.34859362,-0.18606354,-0.438529,0.31947777,-0.02792482,-0.5690416,0.37604582,-0.12219383,-0.4262554,0.26772156,-0.15769085,-0.31911302,0.22967456,-0.16179243,-0.48268706,0.15863597,-0.04506884,-0.61910856,0.21734263,-0.13675538,-0.47834566,0.14061706,-0.122796796,-0.36594,0.11523834,-0.08929443,-0.504239,-0.004541031,-0.06903788,-0.64780647,0.04807236,-0.12740926,-0.55048746,0.016223622,-0.10531303,-0.45714357,0.011577474,-0.07270804
BAD,0.0,0.0,0.0,0.0016279025,0.26460946,-0.09459255,-0.07200263,0.5479597,-0.15115173,-0.15713398,0.7798018,-0.21077341,-0.21917133,0.9756864,-0.2585587,-0.32530868,0.4144553,-0.055566948,-0.4729467,0.43303797,-0.15206921,-0.3579139,0.34235126,-0.20820539,-0.25345623,0.29888457,-0.23263538,-0.3948346,0.23728222,-0.054374263,-0.53236884,0.26917785,-0.15876783,-0.37916866,0.18479002,-0.19852394,-0.26508236,0.15787275,-0.20786014,-0.44891384,0.07265715,-0.0693558,-0.5960107,0.108484454,-0.17561573,-0.43919876,0.051394936,-0.16423596,-0.3146826,0.039554786,-0.13119985,-0.48588535,-0.08192063,-0.09176739,-0.645948,-0.038137067,-0.15548399,-0.5403137,-0.063472226,-0.13050315,-0.43787464,-0.0676528,-0.09689275
BAD,0.0,0.0,0.0,-0.004212712,0.26225454,-0.10928477,-0.082068294,0.5332225,-0.17713489,-0.18108478,0.7698686,-0.2442899,-0.2566217,0.9665119,-0.2974293,-0.3612163,0.41691747,-0.06927125,-0.49498707,0.40981475,-0.17618422,-0.3700057,0.31387633,-0.24008231,-0.26160952,0.26592225,-0.2664009,-0.42554924,0.23018256,-0.06052244,-0.5585235,0.24141708,-0.16785692,-0.39849338,0.16296154,-0.20820834,-0.28147408,0.14046514,-0.21673861,-0.47125006,0.06039487,-0.0692132,-0.60991985,0.070320405,-0.17674914,-0.45244104,0.019875897,-0.16283847,-0.33050948,0.011606939,-0.12693073,-0.49784106,-0.093547724,-0.08644297,-0.65651023,-0.075811125,-0.14879818,-0.5465178,-0.100978516,-0.1209025,-0.44310513,-0.1014272,-0.08397279
BAD,0.0,0.0,0.0,0.00090686505,0.25692692,-0.11198415,-0.08330433,0.5345165,-0.17924917,-0.18255906,0.77002084,-0.24272102,-0.2534568,0.96734667,-0.29139253,-0.37546661,0.4431686,-0.06917493,-0.4694953,0.4071969,-0.16803974,-0.34437975,0.31135926,-0.22946393,-0.25003794,0.27905598,-0.2588779,-0.43552786,0.25910926,-0.0598691,-0.5305224,0.24226527,-0.15940262,-0.37485516,0.16362692,-0.19948721,-0.27048272,0.15918882,-0.21137503,-0.47356144,0.085135154,-0.06753238,-0.5846134,0.07280659,-0.17116696,-0.4323227,0.026479067,-0.1605171,-0.3194559,0.036734086,-0.13020495,-0.48945415,-0.07440059,-0.083913825,-0.6211952,-0.06886217,-0.1495442,-0.5118714,-0.08974189,-0.12694046,-0.41348246,-0.07593711,-0.09455264
BAD,0.0,0.0,0.0,-0.007886519,0.24506426,-0.107566014,-0.094848305,0.5221846,-0.17247337,-0.1850695,0.7677202,-0.23313984,-0.25457937,0.96705186,-0.27750397,-0.3674898,0.41030255,-0.07885298,-0.46141768,0.3987355,-0.17162111,-0.3250608,0.30019042,-0.22106622,-0.23283477,0.26633576,-0.24444497,-0.42946416,0.22697444,-0.07031432,-0.5228447,0.22896434,-0.1680253,-0.3584714,0.14768825,-0.19899781,-0.25975037,0.14095724,-0.20713016,-0.46977764,0.054188583,-0.07674251,-0.58152837,0.054277886,-0.17726439,-0.42643574,0.0063216607,-0.15702543,-0.3202023,0.014027466,-0.124005795,-0.48866996,-0.10085792,-0.09147635,-0.6195201,-0.09469222,-0.15456322,-0.50258803,-0.11368524,-0.12750857,-0.40490067,-0.10001191,-0.094683014
BAD,0.0,0.0,0.0,0.00059019256,0.25615224,-0.10121789,-0.08883847,0.5338876,-0.16244264,-0.18579495,0.7700738,-0.22166164,-0.2492248,0.9684456,-0.2668561,-0.35291177,0.41099095,-0.070936106,-0.4555773,0.4173187,-0.1632949,-0.32338944,0.3285192,-0.21412668,-0.23147157,0.29117388,-0.23767307,-0.41158652,0.23438121,-0.06493395,-0.5165041,0.2531092,-0.1622686,-0.35366556,0.1756653,-0.19471607,-0.25313646,0.16149831,-0.20208603,-0.45030305,0.066277914,-0.07380643,-0.56784457,0.08418539,-0.17305048,-0.41383466,0.036796488,-0.15521002,-0.3067152,0.037554476,-0.12240377,-0.46869984,-0.088993505,-0.09059919,-0.6066011,-0.07146876,-0.15361683,-0.49338397,-0.09137318,-0.12817265,-0.39529884,-0.083694115,-0.09581031
BAD,0.0,0.0,0.0,-0.014944072,0.26510927,-0.09802657,-0.107544735,0.53762496,-0.15724981,-0.20995899,0.7672787,-0.21549095,-0.28100556,0.9597061,-0.25957686,-0.37761405,0.40044352,-0.059971206,-0.48417923,0.410025,-0.14764804,-0.35307118,0.3253371,-0.19920833,-0.25552374,0.2822201,-0.22370963,-0.43117574,0.22841747,-0.053962916,-0.53725797,0.2513704,-0.14622484,-0.3784454,0.17785817,-0.18053415,-0.2739801,0.15347563,-0.18995026,-0.46265492,0.06222789,-0.06311473,-0.58431435,0.08742839,-0.1603542,-0.43674186,0.04316844,-0.14874075,-0.32567498,0.032948717,-0.119588085,-0.4724321,-0.096516736,-0.079761885,-0.62429976,-0.074295,-0.14448906,-0.5226877,-0.08667009,-0.1236666,-0.42159346,-0.080857106,-0.09363745
BAD,0.0,0.0,0.0,-0.018623032,0.27701187,-0.08807807,-0.127996,0.5438491,-0.13916104,-0.23214357,0.7680833,-0.19502574,-0.3001771,0.95388347,-0.2394168,-0.37026235,0.38421977,-0.034350336,-0.49718198,0.41448578,-0.12959623,-0.38009724,0.34039283,-0.18984939,-0.2838466,0.29790774,-0.21818273,-0.42063212,0.20919965,-0.035482302,-0.5483596,0.23933156,-0.13959782,-0.39273897,0.18403493,-0.18393426,-0.28998232,0.17158993,-0.19646709,-0.4551282,0.038312554,-0.053559143,-0.59162164,0.06564278,-0.15624964,-0.4462904,0.03831734,-0.15004215,-0.33906716,0.0392302,-0.12224198,-0.47112232,-0.1263908,-0.07930091,-0.62578446,-0.10943213,-0.14150296,-0.52926606,-0.11152853,-0.12216615,-0.43607137,-0.102789044,-0.0937655
BAD,0.0,0.0,0.0,-0.037147023,0.27697724,-0.07839819,-0.15127641,0.5365272,-0.125347,-0.26087844,0.7573681,-0.17913446,-0.33192337,0.9433063,-0.22205502,-0.38580734,0.37360123,-0.022049416,-0.52892965,0.41335776,-0.11361405,-0.4179309,0.3444784,-0.17093377,-0.31800905,0.29630882,-0.19540659,-0.43327233,0.20090558,-0.024380285,-0.5691717,0.23876871,-0.12552892,-0.4193732,0.18178703,-0.17172483,-0.3171481,0.16132633,-0.18289863,-0.4619947,0.03080652,-0.042021092,-0.60362935,0.06500753,-0.13933818,-0.4621746,0.035819765,-0.13394853,-0.35606512,0.028291535,-0.10460553,-0.47343054,-0.13109452,-0.06622929,-0.63258064,-0.10883795,-0.12229817,-0.5444693,-0.10897637,-0.09995289,-0.45571902,-0.104197495,-0.06742567
BAD,0.0,0.0,0.0,-0.04057087,0.2800738,-0.076715805,-0.1604759,0.54103637,-0.12089806,-0.27210826,0.75787777,-0.172709,-0.34458932,0.93875355,-0.21298306,-0.39403027,0.37657022,-0.011161372,-0.5390545,0.4147581,-0.09861176,-0.42212158,0.35439235,-0.15367883,-0.3228194,0.3109848,-0.17723744,-0.43904802,0.20572628,-0.013387208,-0.5757437,0.24139704,-0.113850236,-0.4188862,0.19308397,-0.15986489,-0.31672198,0.1762178,-0.16909792,-0.46497825,0.03743925,-0.031309064,-0.6074254,0.070895866,-0.1268689,-0.46243984,0.047571953,-0.12191362,-0.3561804,0.042488474,-0.09176516,-0.4741033,-0.12315005,-0.055808716,-0.6327584,-0.10872401,-0.10963107,-0.544591,-0.1026341,-0.08802033,-0.4562109,-0.09151301,-0.05549931
BAD,0.0,0.0,0.0,-0.042201176,0.27701396,-0.07873783,-0.16414915,0.53385353,-0.12651813,-0.278071,0.7509439,-0.18279056,-0.35554355,0.9346597,-0.22836836,-0.3994562,0.36359403,-0.013398751,-0.5515078,0.40463868,-0.107045315,-0.43766096,0.35198936,-0.16942012,-0.3369988,0.31076384,-0.19668987,-0.44171908,0.19020681,-0.01679745,-0.5827833,0.22229142,-0.12384152,-0.42595193,0.18472405,-0.17594448,-0.31507927,0.17211017,-0.1875921,-0.4648277,0.020299666,-0.03635367,-0.61261266,0.050179042,-0.13712789,-0.46786717,0.035549074,-0.1376836,-0.3543566,0.03347618,-0.109154925,-0.4726553,-0.14233544,-0.062494513,-0.63843614,-0.12951797,-0.12000721,-0.55662024,-0.11693467,-0.10165669,-0.4656598,-0.10025656,-0.07013632
BAD,0.0,0.0,0.0,-0.04879938,0.2718692,-0.080406375,-0.17687304,0.5289666,-0.1303304,-0.2971257,0.74526286,-0.18738484,-0.3788145,0.92547256,-0.23258531,-0.42099464,0.35931274,-0.018933177,-0.5652797,0.39331388,-0.11291896,-0.4422601,0.33624986,-0.17363214,-0.3411506,0.29686108,-0.20033681,-0.45971054,0.18341199,-0.022500249,-0.6020448,0.21513705,-0.12900421,-0.43755117,0.1767603,-0.17757371,-0.32718998,0.16777863,-0.18702011,-0.47889754,0.011485468,-0.04215699,-0.62795496,0.040344656,-0.14277792,-0.48045328,0.024641957,-0.13935356,-0.3679341,0.024992568,-0.10857552,-0.48269373,-0.15147182,-0.0684869,-0.6470207,-0.13888629,-0.1266891,-0.55953807,-0.12714812,-0.106490515,-0.46767652,-0.10944308,-0.073543526
BAD,0.0,0.0,0.0,-0.05172549,0.27739352,-0.079095766,-0.1917021,0.53468174,-0.12530458,-0.31991398,0.74020433,-0.17781106,-0.40853357,0.91274333,-0.21779907,-0.42791894,0.34200093,-0.024166381,-0.5782617,0.38660613,-0.10915463,-0.44856137,0.3322776,-0.1632677,-0.34020263,0.2960119,-0.18744935,-0.46487063,0.16719218,-0.026601048,-0.6079724,0.20150341,-0.12530346,-0.4383357,0.1591751,-0.16861825,-0.3189397,0.1524051,-0.17656335,-0.48279357,-0.0054297787,-0.043705903,-0.6426294,0.03104265,-0.13699022,-0.49498183,0.0048891096,-0.1296617,-0.37596586,0.0019251505,-0.09913034,-0.48362482,-0.16930398,-0.06741502,-0.65240335,-0.15642717,-0.12560548,-0.56557953,-0.1556808,-0.10570333,-0.471805,-0.14380185,-0.07381598
BAD,0.0,0.0,0.0,-0.04346609,0.2663544,-0.08713996,-0.19018404,0.5267422,-0.13780752,-0.32362148,0.7380675,-0.19217384,-0.41473526,0.9099421,-0.23382573,-0.42334473,0.3311356,-0.046650194,-0.5756468,0.3775769,-0.14092968,-0.45126957,0.31186968,-0.19711882,-0.3409422,0.26440963,-0.22029321,-0.46003196,0.15588343,-0.046748344,-0.6063085,0.18998809,-0.15006614,-0.4457688,0.13908723,-0.19187525,-0.3272832,0.12628493,-0.19855873,-0.47670376,-0.01709692,-0.062191196,-0.6372169,0.015937056,-0.15962443,-0.49252412,-0.011108301,-0.15363601,-0.37627304,-0.011741685,-0.12380872,-0.47482598,-0.18368132,-0.084935606,-0.647298,-0.17999353,-0.1483821,-0.56342626,-0.18316273,-0.13255773,-0.46942234,-0.1667109,-0.103351325
BAD,0.0,0.0,0.0,-0.06875252,0.26652426,-0.08245141,-0.23445158,0.51920176,-0.12700953,-0.36688393,0.7246859,-0.17649797,-0.4555791,0.8901953,-0.21302292,-0.45209262,0.32011792,-0.029181283,-0.6053168,0.35338536,-0.12448451,-0.48036563,0.2903882,-0.18389066,-0.36790225,0.2505719,-0.20840798,-0.48484322,0.1462669,-0.029781615,-0.62823194,0.17180821,-0.13408177,-0.47158444,0.12725493,-0.1806552,-0.35861713,0.11857911,-0.18974584,-0.4970382,-0.026085163,-0.046641186,-0.6523469,-0.0027674357,-0.1456147,-0.513912,-0.023669684,-0.14512919,-0.40175572,-0.02306024,-0.11749204,-0.49182108,-0.1876944,-0.07043855,-0.65994155,-0.19431672,-0.13304001,-0.58251756,-0.19430667,-0.11966599,-0.4925219,-0.18070763,-0.09150825
BAD,0.0,0.0,0.0,-0.07436122,0.26467305,-0.08536517,-0.24026231,0.5122363,-0.13428263,-0.37732652,0.7143755,-0.18819478,-0.47347942,0.8808049,-0.2291451,-0.46414334,0.30114263,-0.03349205,-0.6092296,0.32675937,-0.13032165,-0.48159653,0.276438,-0.1911955,-0.36968338,0.24710393,-0.21691152,-0.4885287,0.12211845,-0.033475548,-0.6285782,0.14035875,-0.14203,-0.46496126,0.11010206,-0.19020092,-0.3481507,0.11196855,-0.19988203,-0.49464607,-0.05253642,-0.049516182,-0.6523049,-0.03808071,-0.1527117,-0.5099897,-0.04882932,-0.15241832,-0.3921762,-0.04170482,-0.12375172,-0.4854013,-0.21423702,-0.072453074,-0.6561268,-0.22878705,-0.13850172,-0.5788163,-0.22104314,-0.12578438,-0.48621476,-0.2002412,-0.09699669
BAD,0.0,0.0,0.0,-0.086318776,0.26743722,-0.07979359,-0.25215238,0.51292247,-0.12846333,-0.38870004,0.71175945,-0.18262266,-0.4882435,0.8727074,-0.2241498,-0.4720368,0.2961775,-0.02633665,-0.6117654,0.30641356,-0.12211941,-0.48333228,0.26706755,-0.18442151,-0.3662549,0.24392757,-0.2111415,-0.49236435,0.111277394,-0.028811079,-0.63293636,0.119235024,-0.13399994,-0.47262466,0.100541465,-0.18320513,-0.35310912,0.106017835,-0.19483264,-0.49662492,-0.06693569,-0.04701779,-0.6518672,-0.06555597,-0.14638408,-0.5142073,-0.068057865,-0.146686,-0.39628404,-0.056612745,-0.11989385,-0.4858306,-0.22858092,-0.07163399,-0.6488628,-0.25075507,-0.13362472,-0.5731701,-0.24026325,-0.11934605,-0.48424107,-0.21851104,-0.09067299
BAD,0.0,0.0,0.0,-0.07185252,0.27903217,-0.07790071,-0.23092803,0.52580094,-0.12357975,-0.37047148,0.72047174,-0.1764214,-0.46972984,0.88281024,-0.2175069,-0.44441095,0.30483904,-0.016029092,-0.5941839,0.31642044,-0.10768772,-0.46862978,0.2730706,-0.17001443,-0.35094336,0.25238764,-0.19690165,-0.46761033,0.12296292,-0.018164098,-0.60916317,0.12662673,-0.11904236,-0.4494668,0.10337791,-0.16965365,-0.32713163,0.11792017,-0.18241538,-0.47729263,-0.053093273,-0.036035433,-0.6347197,-0.053411156,-0.13270259,-0.48995405,-0.060690846,-0.13329008,-0.36794576,-0.041353106,-0.10647779,-0.47390068,-0.21612817,-0.060421832,-0.63955426,-0.2401739,-0.12149509,-0.5571765,-0.23457068,-0.10589923,-0.4639953,-0.21055187,-0.07583348
BAD,0.0,0.0,0.0,-0.09557005,0.2667621,-0.0809612,-0.26750475,0.5109872,-0.12605572,-0.41198102,0.704142,-0.17522447,-0.512373,0.858763,-0.21006975,-0.49126405,0.2921772,-0.027208816,-0.62469876,0.2994267,-0.12015035,-0.48664564,0.24741732,-0.17373084,-0.37492785,0.22518009,-0.19440748,-0.51216763,0.10654216,-0.026903355,-0.6327569,0.11077923,-0.12642197,-0.46413434,0.09027091,-0.16540362,-0.36197728,0.106474705,-0.17249973,-0.51366055,-0.072991915,-0.042615917,-0.65113527,-0.07885841,-0.1419858,-0.5001174,-0.07589983,-0.13237956,-0.391566,-0.049850874,-0.10011375,-0.49768683,-0.23670189,-0.06466667,-0.6587552,-0.26432154,-0.1262298,-0.5684265,-0.2446207,-0.10536159,-0.47869933,-0.20848133,-0.072209
BAD,0.0,0.0,0.0,-0.092614554,0.2605448,-0.0813159,-0.27395466,0.5104182,-0.12538868,-0.4217069,0.69832313,-0.17375559,-0.5233427,0.85212225,-0.20806211,-0.488069,0.30599084,-0.011828161,-0.6358555,0.30567852,-0.110166855,-0.5017451,0.272647,-0.17686115,-0.38115826,0.2704051,-0.20591386,-0.5066117,0.12964977,-0.013903661,-0.6452458,0.1264109,-0.11773216,-0.48251483,0.10962684,-0.16527867,-0.36818096,0.1358555,-0.17440723,-0.50772965,-0.042584255,-0.03435095,-0.65793294,-0.051043194,-0.13379635,-0.51235265,-0.056347266,-0.12965804,-0.39756247,-0.028964045,-0.09911138,-0.49406615,-0.20336388,-0.06196429,-0.6467282,-0.22839804,-0.124560416,-0.5573785,-0.21747841,-0.10662933,-0.46949995,-0.18299046,-0.07446325
BAD,0.0,0.0,0.0,-0.10440815,0.25294915,-0.079572104,-0.2952416,0.4953614,-0.11465782,-0.44850048,0.6792351,-0.15633269,-0.5541695,0.83240384,-0.1811523,-0.5562492,0.34467793,0.012340344,-0.67421055,0.31987795,-0.089886,-0.50241756,0.2661778,-0.14996442,-0.39921227,0.26703876,-0.17094927,-0.57973504,0.16056114,0.012841172,-0.68762726,0.13460845,-0.09827551,-0.48077825,0.11085331,-0.13597833,-0.39298436,0.14085819,-0.13211308,-0.5794372,-0.026494315,-0.0069118314,-0.70137525,-0.058418393,-0.121009186,-0.50955373,-0.060312547,-0.10123541,-0.41007778,-0.027619371,-0.052040674,-0.5622521,-0.19941734,-0.03259327,-0.7056609,-0.2467138,-0.09544044,-0.57957405,-0.21936136,-0.061087217,-0.49141744,-0.17207582,-0.011338195
BAD,0.0,0.0,0.0,-0.100462236,0.23920111,-0.093155585,-0.29692203,0.4767672,-0.1400485,-0.44979522,0.6689686,-0.19046476,-0.5507232,0.83468795,-0.22460406,-0.542807,0.28580353,-0.027009616,-0.69477504,0.27580422,-0.13252872,-0.5323168,0.23065811,-0.19124,-0.41118643,0.23169117,-0.21229523,-0.56280005,0.10045905,-0.023639787,-0.69960976,0.09872056,-0.14235277,-0.49051413,0.08353212,-0.18067257,-0.39065626,0.1152915,-0.17860214,-0.558495,-0.08588873,-0.03949756,-0.7168726,-0.09543306,-0.16172871,-0.52879995,-0.08704978,-0.14446309,-0.41517127,-0.055826016,-0.098322116,-0.5419747,-0.2618885,-0.061907668,-0.7052939,-0.30174765,-0.13839048,-0.5865436,-0.26253134,-0.11217347,-0.4892141,-0.2086325,-0.06919905
BAD,0.0,0.0,0.0,-0.09978166,0.25211275,-0.08603145,-0.28142515,0.5002189,-0.1346017,-0.42588386,0.69491225,-0.18818434,-0.5268923,0.8499321,-0.22704042,-0.5237193,0.29110122,-0.023584595,-0.67803264,0.30370754,-0.1267863,-0.5220997,0.27933794,-0.18878846,-0.4036153,0.26937982,-0.2133971,-0.5445536,0.10880523,-0.024056828,-0.68959224,0.11514381,-0.13968837,-0.4945068,0.12031828,-0.18195778,-0.3873631,0.14414486,-0.18298608,-0.54249775,-0.07686714,-0.042969126,-0.6996745,-0.08487117,-0.15521424,-0.5269543,-0.05868613,-0.14565256,-0.4130103,-0.026663288,-0.106626354,-0.5269833,-0.25620916,-0.06862665,-0.6894902,-0.290714,-0.13604055,-0.5804019,-0.24381706,-0.114617,-0.48624817,-0.19181933,-0.07736897
BAD,0.0,0.0,0.0,-0.11391984,0.2707505,-0.0582481,-0.2950893,0.5280679,-0.090376966,-0.4211584,0.7117132,-0.13287911,-0.5136349,0.8580088,-0.16305262,-0.535929,0.3129291,0.013138893,-0.6743105,0.3171305,-0.076213524,-0.5213491,0.30087158,-0.13302562,-0.41001117,0.29664463,-0.15602969,-0.55723375,0.13177343,0.00089742994,-0.6865208,0.118769616,-0.09667743,-0.49612263,0.13041787,-0.12972991,-0.3943233,0.15166833,-0.12742534,-0.5606369,-0.053299546,-0.029398302,-0.7036662,-0.07283051,-0.12278297,-0.52697873,-0.0372875,-0.107046604,-0.42001706,-0.008373934,-0.06867752,-0.54586387,-0.23188691,-0.06522047,-0.69946456,-0.254283,-0.11239515,-0.58430475,-0.20173608,-0.080812365,-0.49652067,-0.16184856,-0.04014005
BAD,0.0,0.0,0.0,-0.11736393,0.22896884,-0.12441952,-0.32332894,0.46153829,-0.1869,-0.4813695,0.65254086,-0.24940467,-0.5944821,0.8041088,-0.29268318,-0.61228067,0.28590977,-0.05624441,-0.746205,0.23704962,-0.18502346,-0.5352161,0.20758346,-0.25246742,-0.4412277,0.2236009,-0.28137723,-0.64316314,0.07268062,-0.048871577,-0.7578571,0.018480346,-0.18706563,-0.52445674,0.035147205,-0.22030525,-0.45672524,0.0888978,-0.21694031,-0.6433333,-0.13702911,-0.06702758,-0.77391595,-0.19329892,-0.20439333,-0.56503624,-0.14846641,-0.17866147,-0.4817629,-0.09183521,-0.13040148,-0.6268027,-0.33382264,-0.09600483,-0.7668993,-0.38849783,-0.16564293,-0.6227795,-0.33040205,-0.13009594,-0.54604065,-0.27402526,-0.08628229
BAD,0.0,0.0,0.0,-0.11066901,0.25620505,-0.0859293,-0.33268386,0.49964407,-0.12884855,-0.5035696,0.6530427,-0.17715916,-0.62233496,0.7827511,-0.20898277,-0.5838488,0.27611762,-0.03535424,-0.7378999,0.23662929,-0.15443395,-0.54514617,0.22312848,-0.21272758,-0.43732858,0.2333027,-0.23238307,-0.59819263,0.049809854,-0.043361176,-0.7406731,0.011173679,-0.16652124,-0.50632846,0.031863395,-0.18580215,-0.41681403,0.06435328,-0.17145465,-0.5899451,-0.16613068,-0.07385587,-0.74904615,-0.21506235,-0.20275034,-0.53159314,-0.16699748,-0.16784677,-0.42513314,-0.120494954,-0.110983595,-0.56337136,-0.36706007,-0.11115349,-0.73386073,-0.4242783,-0.18392988,-0.58923274,-0.36361563,-0.1445713,-0.49606237,-0.30623975,-0.094839476
BAD,0.0,0.0,0.0,-0.12809403,0.23020244,-0.0926341,-0.3675911,0.45348826,-0.13051884,-0.55073184,0.6163966,-0.17342176,-0.673547,0.73914444,-0.19595082,-0.61839277,0.22068717,-0.008980637,-0.7721654,0.18349358,-0.124915026,-0.57264,0.17853294,-0.17923196,-0.48152727,0.18593746,-0.19606018,-0.6195394,0.0134911295,-0.010312722,-0.7560458,-0.028053416,-0.12931876,-0.52058595,0.009254091,-0.14783123,-0.4601461,0.042831376,-0.13140109,-0.6002834,-0.19605505,-0.036803085,-0.7485935,-0.26021567,-0.16531219,-0.53159285,-0.19756365,-0.12868759,-0.44665226,-0.15138195,-0.06806008,-0.5621231,-0.3950547,-0.07096671,-0.73311937,-0.4722139,-0.1384844,-0.5921758,-0.39851686,-0.09555284,-0.5041863,-0.33427525,-0.041627847
BAD,0.0,0.0,0.0,-0.13730185,0.25196928,-0.08293488,-0.3711883,0.4707707,-0.122176304,-0.53910947,0.6332007,-0.16813773,-0.6468177,0.76264465,-0.1989977,-0.61968875,0.20720592,-0.011223813,-0.791247,0.169779,-0.11319821,-0.6076997,0.15864936,-0.17077492,-0.4863278,0.16180246,-0.19067392,-0.6181772,-0.006149381,-0.01452488,-0.7721639,-0.050059356,-0.1228678,-0.5600548,-0.022556758,-0.1548788,-0.45159352,0.013117384,-0.14872341,-0.5960662,-0.21433733,-0.03825248,-0.7587463,-0.2641447,-0.15057653,-0.57182944,-0.21225406,-0.13379695,-0.4514057,-0.16880235,-0.088720985,-0.55930305,-0.40975964,-0.06854809,-0.73938376,-0.4741005,-0.13673376,-0.61237776,-0.41612187,-0.10666118,-0.50061154,-0.36367974,-0.06120561
BAD,0.0,0.0,0.0,-0.15027252,0.26274738,-0.07624085,-0.39559147,0.46626112,-0.10510366,-0.560258,0.62275875,-0.14154662,-0.65216726,0.7580751,-0.16181915,-0.64318496,0.20599976,0.0013128233,-0.8179705,0.17458549,-0.08981907,-0.6350295,0.15798567,-0.1386322,-0.51670486,0.17103384,-0.15434244,-0.6441508,-0.008202212,-0.0023808868,-0.7952904,-0.047710482,-0.10516474,-0.5824692,-0.024951508,-0.1396222,-0.4847825,0.024037704,-0.13587706,-0.61914927,-0.22146404,-0.024489785,-0.78317475,-0.27408957,-0.13113734,-0.5956089,-0.22978349,-0.11730505,-0.48124725,-0.17445125,-0.07585177,-0.57631886,-0.42368975,-0.052622907,-0.7548171,-0.501435,-0.11780113,-0.63795686,-0.44895804,-0.08999016,-0.5378399,-0.3868508,-0.046778947
BAD,0.0,0.0,0.0,-0.13269742,0.26167694,-0.071889035,-0.38085592,0.47365752,-0.09552355,-0.54963905,0.6320193,-0.1285059,-0.6303648,0.77629906,-0.14511423,-0.6223812,0.22607554,0.01895099,-0.7888879,0.20168889,-0.07421233,-0.6083615,0.1973875,-0.122842506,-0.50365084,0.21085817,-0.13780697,-0.62736166,0.02796533,0.011581795,-0.77162874,-0.0025264148,-0.09230941,-0.5574451,0.026351953,-0.12212812,-0.4786056,0.067795254,-0.1120632,-0.60803944,-0.17396325,-0.01654424,-0.76046515,-0.22190243,-0.12579557,-0.566819,-0.1754009,-0.10911806,-0.47023204,-0.12736045,-0.062707566,-0.5726274,-0.37145695,-0.051005475,-0.7452811,-0.43917853,-0.11335056,-0.6257205,-0.385402,-0.083491966,-0.53362685,-0.33029738,-0.037949875
BAD,0.0,0.0,0.0,-0.12949605,0.2522319,-0.07768716,-0.3767036,0.47356147,-0.10660575,-0.5451814,0.63681775,-0.1408703,-0.62159073,0.7833422,-0.1603006,-0.61693597,0.22654983,-0.006857941,-0.767243,0.19078171,-0.09498353,-0.58720315,0.17247204,-0.1418034,-0.47918805,0.17788838,-0.15811707,-0.61825985,0.016796906,-0.010446065,-0.7500209,-0.020072492,-0.111534856,-0.54056644,0.0033555098,-0.14082292,-0.45328152,0.043901984,-0.13336797,-0.5953677,-0.18944776,-0.032319322,-0.73910445,-0.23495905,-0.13927644,-0.554867,-0.19032279,-0.122515045,-0.4542022,-0.1438788,-0.079000935,-0.5590113,-0.38284507,-0.059878945,-0.72794443,-0.4476398,-0.12342737,-0.6057329,-0.3945776,-0.0926752,-0.5098238,-0.3370984,-0.04815842
BAD,0.0,0.0,0.0,-0.14802992,0.26998654,-0.057269357,-0.3925859,0.4845358,-0.07607983,-0.55742085,0.633556,-0.10559193,-0.63989925,0.76845884,-0.12262338,-0.6403218,0.23612688,0.023896422,-0.808037,0.20857085,-0.058769673,-0.63908035,0.1850832,-0.111009076,-0.52560943,0.19637273,-0.13166054,-0.6443833,0.025041535,0.012035047,-0.79982156,-0.0063147973,-0.08305575,-0.59934914,0.0071276436,-0.12149598,-0.49504012,0.052779313,-0.1211969,-0.62261486,-0.1852379,-0.016353598,-0.78600025,-0.2244488,-0.11372665,-0.61003727,-0.19016956,-0.10633088,-0.4958215,-0.14020178,-0.070540674,-0.5831077,-0.38457304,-0.04916095,-0.7622471,-0.44566745,-0.10784301,-0.65064925,-0.40364486,-0.081366956,-0.55019444,-0.35312042,-0.04052588
BAD,0.0,0.0,0.0,-0.13777478,0.25282314,-0.06803686,-0.3779448,0.4621104,-0.09666184,-0.5424167,0.6239967,-0.13426411,-0.6363053,0.77143735,-0.15836163,-0.6061125,0.20532024,0.011236078,-0.771177,0.19511507,-0.074547164,-0.6120159,0.1803143,-0.12755002,-0.49316984,0.18243442,-0.1476084,-0.6085919,0.010195834,0.0031098253,-0.76144344,-0.0075523728,-0.09281063,-0.5723045,0.013638298,-0.13100855,-0.46217495,0.04869903,-0.13142455,-0.5862282,-0.18628213,-0.022865724,-0.7514254,-0.21804182,-0.12207262,-0.5829121,-0.17334576,-0.11703487,-0.46023136,-0.12779258,-0.08294388,-0.5461163,-0.37462333,-0.05436089,-0.72112745,-0.43813843,-0.11544786,-0.61963296,-0.38836008,-0.094874404,-0.51726586,-0.33171803,-0.05864172
BAD,0.0,0.0,0.0,-0.14009759,0.25789586,-0.06526719,-0.38492694,0.46612588,-0.088662565,-0.5535456,0.6190376,-0.12053797,-0.64647233,0.7629375,-0.13688257,-0.60845333,0.21767282,0.011417959,-0.7804751,0.19305526,-0.07678976,-0.60691196,0.18722309,-0.12551934,-0.49102643,0.1956375,-0.14108482,-0.60885215,0.021903856,0.005014229,-0.7580332,-0.009288404,-0.0895595,-0.5587667,0.014301823,-0.11924005,-0.4599866,0.051072106,-0.11435223,-0.58743244,-0.1766709,-0.019753814,-0.75094885,-0.22225721,-0.11697462,-0.5779951,-0.17738731,-0.103145525,-0.46458265,-0.13155362,-0.06423427,-0.54952383,-0.36393392,-0.050085016,-0.72292864,-0.43301222,-0.11030546,-0.61559355,-0.38129848,-0.086448506,-0.5148776,-0.3248817,-0.04800067
BAD,0.0,0.0,0.0,-0.14320539,0.24974157,-0.06135654,-0.38827658,0.46340513,-0.08221553,-0.5616673,0.615974,-0.11420994,-0.6604855,0.75083876,-0.13230631,-0.61965895,0.20644464,0.021599462,-0.78176457,0.18531932,-0.07480045,-0.61285794,0.17738627,-0.12992989,-0.49333665,0.18355845,-0.14757432,-0.6226534,0.0063073575,0.011921352,-0.7712076,-0.021920599,-0.091297805,-0.5692544,0.00753464,-0.12463007,-0.46258894,0.043906387,-0.11932621,-0.60105133,-0.19480373,-0.017483484,-0.75702554,-0.2387959,-0.1268179,-0.5751123,-0.18528494,-0.11746133,-0.45721483,-0.13685212,-0.07630737,-0.56152916,-0.38513538,-0.051585946,-0.739857,-0.46075547,-0.116690435,-0.6367494,-0.39938468,-0.09444354,-0.53969264,-0.33228365,-0.055124175
BAD,0.0,0.0,0.0,-0.12646076,0.2507059,-0.07259716,-0.35788164,0.46109697,-0.10059866,-0.5329085,0.62593,-0.13533401,-0.6352728,0.7722878,-0.15408522,-0.5739728,0.24035503,0.015407556,-0.71569526,0.20871542,-0.0689468,-0.5521615,0.19287819,-0.11572042,-0.4588742,0.19497027,-0.13386083,-0.5808939,0.049547076,0.0124195255,-0.7061957,0.015351519,-0.078533866,-0.5183814,0.03552237,-0.10643513,-0.44653934,0.067152776,-0.103063636,-0.5619092,-0.14097068,-0.009817354,-0.69845605,-0.18410526,-0.10785493,-0.5305113,-0.14530587,-0.09098137,-0.44262654,-0.10480222,-0.051338665,-0.5246504,-0.31744188,-0.03804341,-0.67766243,-0.37794843,-0.0955886,-0.5701875,-0.32622945,-0.0677433,-0.48684523,-0.27062204,-0.028026622
BAD,0.0,0.0,0.0,-0.12541465,0.25167045,-0.070812605,-0.36134517,0.46279618,-0.09756963,-0.53264815,0.6262982,-0.13197498,-0.6276587,0.77848864,-0.15065202,-0.568692,0.2385473,0.0161388,-0.7200355,0.2102108,-0.07313245,-0.5454896,0.19478332,-0.12277308,-0.44689912,0.20237072,-0.14138755,-0.5764282,0.049426276,0.011074548,-0.70852774,0.017974464,-0.08593516,-0.508059,0.03717198,-0.11576573,-0.43667677,0.0770718,-0.11114885,-0.5590634,-0.13711455,-0.013504061,-0.7010902,-0.17850795,-0.11453502,-0.52400196,-0.14456944,-0.09528423,-0.4406976,-0.09788303,-0.05279202,-0.5265439,-0.3099219,-0.0437405,-0.68439144,-0.3614846,-0.09723341,-0.56672937,-0.3179164,-0.06389049,-0.48479447,-0.2657031,-0.020774908
BAD,0.0,0.0,0.0,-0.12376933,0.25612754,-0.06272561,-0.35847622,0.47236657,-0.08092988,-0.52620304,0.6372976,-0.10845307,-0.616644,0.7872421,-0.12195338,-0.5607779,0.2576764,0.03758291,-0.70954835,0.23141475,-0.040684827,-0.54777,0.20684013,-0.08963491,-0.45633942,0.21106188,-0.11003893,-0.5715802,0.07423555,0.031475663,-0.7021165,0.04354007,-0.05866877,-0.51124704,0.05437235,-0.093541645,-0.43429172,0.091264054,-0.09260591,-0.55912155,-0.109629,0.0068911845,-0.6994737,-0.14481212,-0.089183606,-0.527377,-0.11894114,-0.07738261,-0.4339652,-0.079739876,-0.039493885,-0.5330326,-0.28192297,-0.022667337,-0.6843212,-0.32918432,-0.07694807,-0.5683372,-0.29392904,-0.048457272,-0.48017356,-0.25438514,-0.007901194
BAD,0.0,0.0,0.0,-0.110657565,0.22709404,-0.08284413,-0.34641996,0.44192472,-0.1121346,-0.52235025,0.6260379,-0.14514102,-0.6132233,0.7899096,-0.1612189,-0.5776199,0.25825614,0.016839407,-0.706316,0.22439119,-0.05965606,-0.54081136,0.19902182,-0.09966827,-0.45370743,0.22105417,-0.1148695,-0.5942151,0.074692324,0.020704255,-0.70408016,0.03548424,-0.071472734,-0.50005555,0.049475033,-0.09998437,-0.4359494,0.1072949,-0.094361015,-0.5823563,-0.10997232,0.005543667,-0.70268506,-0.15282503,-0.09237986,-0.524159,-0.12941399,-0.07283022,-0.44769925,-0.07911994,-0.031103436,-0.5543989,-0.28156322,-0.01589576,-0.6942073,-0.32743156,-0.069543555,-0.574625,-0.28391957,-0.036797073,-0.4986078,-0.22590728,0.006209517
BAD,0.0,0.0,0.0,-0.11900854,0.24817708,-0.07769846,-0.33721325,0.4662021,-0.10917838,-0.5058773,0.6428457,-0.14698203,-0.6087377,0.7933715,-0.16849177,-0.5556667,0.25793162,0.023189193,-0.69417244,0.23875494,-0.065047815,-0.53693587,0.2073636,-0.11785008,-0.4361702,0.21435776,-0.1381631,-0.56661683,0.07720526,0.022744179,-0.6888221,0.059362985,-0.07598392,-0.49267295,0.060584776,-0.11293357,-0.41390926,0.0984426,-0.11190142,-0.55331063,-0.10530727,0.0023948555,-0.6888532,-0.13332854,-0.10129135,-0.51481014,-0.11540976,-0.087092675,-0.4243088,-0.07466949,-0.045847878,-0.5261601,-0.27806568,-0.02390462,-0.676372,-0.3202522,-0.08175147,-0.56095296,-0.28163254,-0.051563576,-0.4760771,-0.22956003,-0.008576996
BAD,0.0,0.0,0.0,-0.111616455,0.23879899,-0.083103046,-0.3337883,0.46105447,-0.11526156,-0.50031203,0.6409693,-0.15303375,-0.60332924,0.79749227,-0.17593999,-0.5543282,0.27119878,0.017506342,-0.68534255,0.24813665,-0.072026215,-0.5225628,0.2139616,-0.12819165,-0.4258613,0.2225496,-0.15216093,-0.57006717,0.08751551,0.01776898,-0.69148684,0.06512797,-0.08478967,-0.4965164,0.06478747,-0.12561941,-0.4126839,0.10383351,-0.12716588,-0.5575291,-0.099467985,-0.001898402,-0.6913619,-0.1284996,-0.11158623,-0.5130156,-0.11454297,-0.100214496,-0.41516718,-0.07507167,-0.059684668,-0.52991706,-0.2757143,-0.027748749,-0.6814494,-0.3185702,-0.09242362,-0.562601,-0.28063855,-0.06459094,-0.47121018,-0.2287958,-0.022526177
BAD,0.0,0.0,0.0,-0.11423346,0.23580177,-0.08142472,-0.33694437,0.45996842,-0.11482534,-0.50160897,0.64069766,-0.15407799,-0.60088414,0.79933614,-0.17785084,-0.5500271,0.2661727,0.006812809,-0.6901757,0.2454575,-0.09354118,-0.5214639,0.2146014,-0.15075454,-0.42241648,0.22265348,-0.1724836,-0.56491095,0.08524778,0.005490815,-0.690994,0.06279202,-0.10453366,-0.4899103,0.06322813,-0.14075291,-0.41719097,0.10324151,-0.1378017,-0.5556986,-0.09813922,-0.016363632,-0.6939158,-0.1298972,-0.13120006,-0.5119661,-0.11712031,-0.11463223,-0.42748308,-0.07693084,-0.06998783,-0.53364676,-0.2692358,-0.044209123,-0.68343896,-0.31427604,-0.10830601,-0.56170774,-0.2830738,-0.077696346,-0.48188666,-0.23533618,-0.033829745
BAD,0.0,0.0,0.0,-0.10411161,0.23331098,-0.075239696,-0.32406884,0.4601773,-0.10600116,-0.4888053,0.64706945,-0.14435017,-0.5808107,0.81403863,-0.16980642,-0.5489016,0.26273957,0.024935456,-0.6938092,0.2575378,-0.06529532,-0.5521735,0.23376144,-0.12970686,-0.44553384,0.23694588,-0.15911448,-0.57025176,0.08800629,0.021947432,-0.7058773,0.0730679,-0.076604605,-0.52671605,0.07852484,-0.121592596,-0.4347682,0.10782521,-0.1273272,-0.5637528,-0.09281127,-0.0005683493,-0.7149109,-0.12245308,-0.10010413,-0.5510552,-0.10037654,-0.09220861,-0.44912973,-0.06954293,-0.057202145,-0.5427047,-0.2639052,-0.02984516,-0.69659555,-0.30611816,-0.08795094,-0.5903853,-0.25763866,-0.06365934,-0.5009226,-0.20853947,-0.026211709
BAD,0.0,0.0,0.0,-0.105797924,0.25062534,-0.07639626,-0.3085823,0.48444033,-0.11210973,-0.46290687,0.67009574,-0.15362498,-0.55269825,0.83338135,-0.18152846,-0.5271773,0.3008095,0.008376906,-0.66066873,0.2854233,-0.08255103,-0.51250744,0.24695411,-0.1413472,-0.41259152,0.25489157,-0.16680518,-0.5455725,0.12530519,0.00674203,-0.6668125,0.10501606,-0.09476642,-0.48086476,0.09516461,-0.13718347,-0.39849368,0.13640237,-0.14118265,-0.53996164,-0.05496859,-0.012767992,-0.67092305,-0.07794601,-0.11379515,-0.5052191,-0.0726987,-0.10281966,-0.41610712,-0.033875562,-0.066243015,-0.5205103,-0.2213657,-0.038025804,-0.6642066,-0.2537337,-0.09237014,-0.5530498,-0.22800061,-0.062275913,-0.4731615,-0.18601762,-0.021488309
BAD,0.0,0.0,0.0,-0.10488793,0.24295616,-0.072582275,-0.30926952,0.48418224,-0.105232455,-0.46192986,0.6722833,-0.14391609,-0.55404496,0.8324867,-0.16983947,-0.5195718,0.29382914,0.0049630757,-0.6581973,0.28454578,-0.08146166,-0.5128891,0.24542102,-0.13829006,-0.4111456,0.2448202,-0.16450286,-0.5380532,0.117733985,0.00039557987,-0.6719745,0.10684079,-0.09935223,-0.49022612,0.095409624,-0.14213097,-0.39420113,0.12865359,-0.14711808,-0.533708,-0.06105449,-0.020765051,-0.6807987,-0.07230507,-0.11788548,-0.51825523,-0.07182112,-0.1067485,-0.41904628,-0.038703915,-0.07117681,-0.5137764,-0.22844078,-0.047577187,-0.665348,-0.25267604,-0.10185064,-0.56291455,-0.23331268,-0.07452894,-0.4832387,-0.195482,-0.036675658
BAD,0.0,0.0,0.0,-0.098718725,0.24115556,-0.07625603,-0.30774486,0.47525156,-0.109265916,-0.46427816,0.6632562,-0.14914115,-0.556209,0.8310424,-0.17505357,-0.5255259,0.28689656,0.011904676,-0.66839737,0.286867,-0.079404876,-0.5173466,0.24210188,-0.13899297,-0.4134105,0.23061433,-0.16511534,-0.5472529,0.11208246,0.009249012,-0.679049,0.10284736,-0.09137899,-0.4915557,0.09024353,-0.1323025,-0.39794874,0.1177866,-0.13507505,-0.54376817,-0.065755844,-0.012071605,-0.688742,-0.07673964,-0.10952678,-0.5214771,-0.073016636,-0.09559692,-0.42312023,-0.045396723,-0.05740177,-0.5253849,-0.23446636,-0.040022857,-0.6781137,-0.2592005,-0.09174592,-0.5733084,-0.23249392,-0.06222648,-0.49225911,-0.19533761,-0.022521527
BAD,0.0,0.0,0.0,-0.099572465,0.2433913,-0.083798744,-0.3058546,0.47520718,-0.11977464,-0.46460298,0.6635917,-0.16069943,-0.56088746,0.82789207,-0.18705465,-0.52306414,0.28901035,0.010862346,-0.6647502,0.28109938,-0.08188908,-0.51865137,0.23494408,-0.14364171,-0.41337013,0.22558697,-0.17058194,-0.5455593,0.11269634,0.012501064,-0.6752643,0.10211761,-0.0898394,-0.49195173,0.08892521,-0.13484085,-0.39692667,0.117616504,-0.13969268,-0.5423436,-0.065417424,-0.0052861725,-0.68275464,-0.07916245,-0.10759576,-0.51992893,-0.076371245,-0.09944958,-0.41870454,-0.04857426,-0.06313301,-0.52448636,-0.2347196,-0.02993386,-0.67514026,-0.25912917,-0.08825386,-0.570811,-0.23798731,-0.06348152,-0.48544115,-0.2060019,-0.025126353
BAD,0.0,0.0,0.0,-0.10008026,0.23970376,-0.08325359,-0.30998242,0.47557735,-0.11833878,-0.4676457,0.66379815,-0.15855776,-0.56333053,0.82623166,-0.1844086,-0.5247314,0.29018563,0.0062145283,-0.6529525,0.2754699,-0.08703251,-0.49877402,0.23660387,-0.14355294,-0.39823166,0.2376333,-0.16622294,-0.5415872,0.11340394,0.006999786,-0.6614695,0.10398944,-0.09606967,-0.47005597,0.09318772,-0.13360317,-0.38300928,0.12283352,-0.13311742,-0.53557885,-0.065464295,-0.012133281,-0.66953796,-0.08316242,-0.12065944,-0.49678898,-0.07824033,-0.108835265,-0.398646,-0.047828905,-0.068461515,-0.51745874,-0.23454937,-0.037517525,-0.6705603,-0.2643037,-0.10030061,-0.55892605,-0.23658411,-0.074479364,-0.4698134,-0.19405957,-0.0345796
BAD,0.0,0.0,0.0,-0.10294922,0.2431371,-0.082862586,-0.3093675,0.47266418,-0.12189255,-0.46591434,0.6585337,-0.16595581,-0.56354797,0.82608336,-0.19600119,-0.52351063,0.2873574,0.001198891,-0.65773857,0.27625182,-0.09602728,-0.5094081,0.23255749,-0.15900359,-0.4058937,0.2250933,-0.1866772,-0.53951293,0.10566798,-0.0007540198,-0.6698191,0.09179558,-0.107383534,-0.4839759,0.07945421,-0.15115775,-0.3870985,0.11004451,-0.15514989,-0.53313184,-0.07502486,-0.021928642,-0.6763321,-0.09871642,-0.12693031,-0.5135554,-0.08987047,-0.116253495,-0.41413862,-0.05110191,-0.07866123,-0.51272386,-0.24227154,-0.049706895,-0.6631426,-0.27465194,-0.107159935,-0.559299,-0.24634019,-0.07983942,-0.47651458,-0.19837208,-0.040768214
BAD,0.0,0.0,0.0,-0.10216512,0.24714401,-0.07815249,-0.30759406,0.48261097,-0.11481183,-0.46218392,0.66667604,-0.15789858,-0.56267595,0.8266775,-0.1873971,-0.5206334,0.29339084,0.0033993763,-0.65278363,0.28771558,-0.09455258,-0.50096846,0.25088286,-0.15604626,-0.39466327,0.24263838,-0.18086457,-0.53667027,0.11300771,-0.0009340457,-0.66909564,0.10710476,-0.10775778,-0.4822924,0.09950589,-0.14842637,-0.3818243,0.121810295,-0.14898577,-0.5320047,-0.068317465,-0.024583658,-0.67173225,-0.08180537,-0.13487323,-0.5012954,-0.0736312,-0.12502785,-0.39504442,-0.046467606,-0.08504483,-0.5146291,-0.24070875,-0.05415388,-0.6718511,-0.27186096,-0.11812746,-0.5627943,-0.24305622,-0.09244359,-0.470163,-0.19992886,-0.052303355
BAD,0.0,0.0,0.0,-0.09963382,0.25211203,-0.08443954,-0.2941457,0.4881482,-0.12898448,-0.4514261,0.67096466,-0.17820372,-0.55841863,0.8295593,-0.21303657,-0.51394325,0.2987279,-0.020211563,-0.64933044,0.28464168,-0.12388938,-0.48882005,0.24114832,-0.18200225,-0.38389537,0.23702313,-0.20394275,-0.53067803,0.11025647,-0.023572957,-0.66138494,0.09876132,-0.13598213,-0.46476763,0.086335875,-0.17174222,-0.3726361,0.11500533,-0.17012003,-0.525927,-0.07611607,-0.0456946,-0.6675992,-0.098271884,-0.16414872,-0.48483315,-0.09327327,-0.14642325,-0.38215286,-0.059631508,-0.10146489,-0.5074985,-0.25025347,-0.073536105,-0.664756,-0.28727102,-0.14393862,-0.5428797,-0.26011646,-0.11331055,-0.4503116,-0.21321616,-0.06939422
BAD,0.0,0.0,0.0,-0.093889706,0.24758418,-0.08903565,-0.3015213,0.48072073,-0.12941802,-0.45946488,0.66517067,-0.17312929,-0.56372654,0.82596153,-0.20003991,-0.5180187,0.30869597,-0.016751602,-0.6566526,0.28425986,-0.121998794,-0.4853856,0.24142684,-0.17498237,-0.38507584,0.24590705,-0.19208075,-0.53571796,0.1259436,-0.015554498,-0.66120297,0.10436871,-0.12753475,-0.4564497,0.09089858,-0.15531325,-0.38343832,0.12676035,-0.14678845,-0.53248787,-0.057868354,-0.035262305,-0.6717943,-0.08876618,-0.15228656,-0.4858826,-0.08277346,-0.12804188,-0.40122926,-0.044111602,-0.07895846,-0.5170448,-0.23025474,-0.061446667,-0.6686179,-0.27050656,-0.1275757,-0.54226613,-0.24456237,-0.09407713,-0.46024662,-0.19809861,-0.048423275
BAD,0.0,0.0,0.0,-0.09768942,0.24702992,-0.090766005,-0.295846,0.483076,-0.13425498,-0.45637977,0.66793567,-0.17987256,-0.55923754,0.82900745,-0.20915262,-0.50964755,0.306428,-0.026693713,-0.64129156,0.28170708,-0.1285335,-0.4697726,0.23754829,-0.17989445,-0.36589828,0.24155656,-0.19764039,-0.5256828,0.12123697,-0.025327511,-0.64498526,0.104955584,-0.13928983,-0.44185713,0.08921423,-0.17077982,-0.3558747,0.12169739,-0.16570912,-0.5216315,-0.06247124,-0.043343257,-0.65483636,-0.085030966,-0.16340631,-0.47212288,-0.081079364,-0.1441639,-0.3763649,-0.04241427,-0.09838645,-0.5053999,-0.23322941,-0.06740612,-0.6548518,-0.27167052,-0.14134921,-0.5297239,-0.2477356,-0.11355954,-0.43868288,-0.19860183,-0.07131368
BAD,0.0,0.0,0.0,-0.09735826,0.24251671,-0.0864758,-0.28288254,0.4801866,-0.13033879,-0.43498355,0.67976403,-0.17910226,-0.53080505,0.847494,-0.21419488,-0.5017538,0.30035153,1.1413568e-05,-0.63724256,0.29489127,-0.0985391,-0.49699086,0.2562755,-0.16635397,-0.39018527,0.25567532,-0.1961167,-0.5232378,0.12150384,0.003981062,-0.6500018,0.11499914,-0.10177945,-0.47551033,0.10104382,-0.1510253,-0.3757127,0.12913495,-0.16107039,-0.5233886,-0.054935567,-0.011109079,-0.66077495,-0.074209064,-0.114714384,-0.50530356,-0.07108915,-0.11053492,-0.39828154,-0.042718627,-0.077808425,-0.5113047,-0.21619064,-0.03331255,-0.65819114,-0.24803679,-0.09224216,-0.56429285,-0.22266205,-0.07282664,-0.4767407,-0.18596514,-0.03945884
BAD,0.0,0.0,0.0,-0.08973755,0.24816926,-0.08645931,-0.2823679,0.48452455,-0.13094,-0.4368774,0.67373884,-0.17957462,-0.53592175,0.84426767,-0.21428032,-0.5081543,0.29082716,-0.021255163,-0.6475066,0.28665927,-0.121094525,-0.49674022,0.25111848,-0.18196617,-0.3929327,0.24649367,-0.20842618,-0.52785754,0.11123044,-0.021901015,-0.6598979,0.106798016,-0.1314604,-0.47385514,0.09889516,-0.17287391,-0.37837824,0.12672344,-0.17686942,-0.5261559,-0.06699655,-0.040717226,-0.67290616,-0.07788789,-0.1487995,-0.5088531,-0.06811204,-0.13707854,-0.40784425,-0.03586513,-0.09989728,-0.5120023,-0.23307623,-0.066198386,-0.66587675,-0.25877148,-0.12946707,-0.56046396,-0.23027094,-0.10477542,-0.4742041,-0.18724088,-0.06754088
BAD,0.0,0.0,0.0,-0.08921202,0.2499187,-0.0861132,-0.28215575,0.48659417,-0.13147868,-0.43512788,0.6754161,-0.18089147,-0.5327768,0.84625584,-0.21672094,-0.50999314,0.29200885,-0.022612339,-0.6537995,0.2915727,-0.12539734,-0.5010257,0.25466752,-0.18814273,-0.39167964,0.24708964,-0.21484707,-0.52981496,0.109523766,-0.024302483,-0.6679195,0.107251264,-0.13776979,-0.47968125,0.10047477,-0.18174411,-0.37896103,0.12968281,-0.18611966,-0.52875316,-0.07113513,-0.044003997,-0.6801821,-0.0849452,-0.15596132,-0.5118952,-0.075442895,-0.14493792,-0.40625897,-0.042336017,-0.106846295,-0.51511544,-0.2389347,-0.07016155,-0.66857296,-0.2659958,-0.13736102,-0.55727166,-0.24076433,-0.1126776,-0.4679014,-0.20169112,-0.074259244
BAD,0.0,0.0,0.0,-0.092111304,0.2557066,-0.083245546,-0.28471297,0.49086735,-0.1264508,-0.43820214,0.6769266,-0.1748334,-0.53353703,0.8457767,-0.20972577,-0.5036919,0.29229432,-0.020383727,-0.6489283,0.2901739,-0.12152307,-0.4960599,0.25012526,-0.18250637,-0.38991508,0.24590415,-0.2083123,-0.5225952,0.111798875,-0.022978205,-0.6624512,0.111888126,-0.13427263,-0.47488815,0.10040482,-0.17668721,-0.3774237,0.13027057,-0.18074068,-0.52102655,-0.06793644,-0.043452002,-0.67644244,-0.08047881,-0.1544076,-0.5085337,-0.07127073,-0.14329311,-0.40240467,-0.0353148,-0.105240814,-0.50809735,-0.23548114,-0.070188016,-0.66500586,-0.2656034,-0.13575976,-0.5585826,-0.23693469,-0.11169887,-0.46974203,-0.19171709,-0.07424591
BAD,0.0,0.0,0.0,-0.093150005,0.25030765,-0.08450084,-0.28953347,0.48839912,-0.12729888,-0.4425936,0.6734947,-0.17475319,-0.5437858,0.83922404,-0.20919602,-0.5137702,0.29222345,-0.019846175,-0.6514163,0.2871167,-0.122067995,-0.5026384,0.25058976,-0.18701811,-0.3882658,0.24163929,-0.2144803,-0.5307769,0.10978156,-0.022210432,-0.6716333,0.10353717,-0.13501298,-0.4867408,0.09632058,-0.18047066,-0.37305048,0.12015759,-0.1848577,-0.52735066,-0.07081207,-0.042585917,-0.68082535,-0.08771526,-0.15453371,-0.513461,-0.074293144,-0.14737476,-0.39631742,-0.041367706,-0.11033665,-0.5113118,-0.24047337,-0.06931753,-0.669965,-0.2738334,-0.13730326,-0.5650946,-0.2409839,-0.115820386,-0.4717571,-0.19270971,-0.079049714
BAD,0.0,0.0,0.0,-0.09224607,0.24806163,-0.08467152,-0.28401068,0.48700744,-0.12997866,-0.4347484,0.6748512,-0.17998907,-0.5348187,0.8449668,-0.21682179,-0.51194704,0.29056007,-0.021893283,-0.6465206,0.28422663,-0.12565278,-0.49195388,0.24206647,-0.18964966,-0.37784356,0.23113957,-0.21635203,-0.5328758,0.108400345,-0.025151256,-0.67219657,0.102203436,-0.13965593,-0.48134363,0.08985434,-0.18370293,-0.3699576,0.11280552,-0.18703872,-0.5315099,-0.07351993,-0.046329334,-0.68083173,-0.08891964,-0.16073458,-0.50845605,-0.0828939,-0.15093464,-0.39486447,-0.05258706,-0.112003304,-0.51695853,-0.24351719,-0.07370872,-0.6725659,-0.2761899,-0.1432333,-0.55892026,-0.2477528,-0.11906389,-0.46356553,-0.20231655,-0.080139436
BAD,0.0,0.0,0.0,-0.0783359,0.2594075,-0.075703785,-0.2574765,0.50373256,-0.114779174,-0.4075239,0.6962323,-0.16091487,-0.49870977,0.8667691,-0.19487938,-0.4875403,0.30808184,-0.002452373,-0.6239788,0.3094931,-0.09260181,-0.48394972,0.27393502,-0.15111056,-0.37756512,0.27208316,-0.17651486,-0.5161617,0.13345173,-0.0045969547,-0.64574504,0.13344257,-0.108599864,-0.46928027,0.12322763,-0.15433201,-0.3678311,0.15100044,-0.16147104,-0.5223177,-0.042376943,-0.023172403,-0.66369843,-0.049908414,-0.12604491,-0.5057289,-0.049893018,-0.12078582,-0.3997804,-0.024351276,-0.08772828,-0.5173185,-0.20361435,-0.047648266,-0.67203146,-0.23338673,-0.10936814,-0.572375,-0.21835674,-0.088382795,-0.48431793,-0.19149345,-0.05347576
BAD,0.0,0.0,0.0,-0.08612462,0.25775152,-0.0818092,-0.25955305,0.50311923,-0.12825163,-0.40206096,0.6985511,-0.18025306,-0.49413776,0.86938363,-0.2192319,-0.49195808,0.31391752,-0.016592974,-0.63259107,0.3091544,-0.11852799,-0.48281416,0.26998693,-0.18369198,-0.37571436,0.2665186,-0.21262136,-0.5175064,0.13193513,-0.01941898,-0.6543135,0.12839924,-0.13333417,-0.4685757,0.11800253,-0.18063332,-0.3686263,0.15157197,-0.18777128,-0.5223901,-0.046807144,-0.039565302,-0.6693918,-0.05769229,-0.14869393,-0.5031521,-0.049397413,-0.13923046,-0.39787167,-0.012572716,-0.10289919,-0.5152718,-0.21123035,-0.06595565,-0.66345155,-0.23237614,-0.12733896,-0.554486,-0.20822504,-0.101612166,-0.4693468,-0.16899842,-0.06375715
BAD,0.0,0.0,0.0,-0.08994444,0.25769037,-0.084126055,-0.26041678,0.5037173,-0.13342594,-0.39997572,0.70229775,-0.18749799,-0.4947381,0.86904216,-0.22743343,-0.49124965,0.3100442,-0.0271165,-0.6406114,0.3019938,-0.12838174,-0.4906835,0.2611055,-0.19125172,-0.3776942,0.2638836,-0.21842618,-0.5144976,0.12898742,-0.028395576,-0.65775293,0.12422197,-0.1420667,-0.47232464,0.107617974,-0.18796699,-0.3685319,0.1449591,-0.19443846,-0.51795375,-0.048519284,-0.04633614,-0.67138106,-0.057684258,-0.15281229,-0.50770205,-0.059580993,-0.14180596,-0.40014824,-0.02486204,-0.105332226,-0.5091564,-0.21063979,-0.07084065,-0.66287994,-0.23242743,-0.1306974,-0.5600011,-0.21410318,-0.105049364,-0.47477233,-0.17627539,-0.06778824
BAD,0.0,0.0,0.0,-0.08704471,0.25830138,-0.078182325,-0.2606583,0.5080942,-0.123514816,-0.4000775,0.70318085,-0.17470083,-0.49191692,0.8706422,-0.21323599,-0.48608065,0.31634292,-0.0236486,-0.6408507,0.31407106,-0.12191497,-0.49914554,0.27480856,-0.1847524,-0.38671404,0.27433747,-0.21276577,-0.51106673,0.13547446,-0.0277195,-0.6596611,0.1306904,-0.13670945,-0.48260456,0.114022866,-0.18235694,-0.37587616,0.14858487,-0.18991092,-0.51575726,-0.041688055,-0.047738295,-0.66951865,-0.050383843,-0.14889222,-0.5099287,-0.0559179,-0.13861805,-0.40232936,-0.024225123,-0.10444211,-0.5073891,-0.2045476,-0.07420847,-0.6609134,-0.22916293,-0.1316384,-0.56099087,-0.21471247,-0.10666019,-0.47741354,-0.17905745,-0.071123056
BAD,0.0,0.0,0.0,-0.09101273,0.2547142,-0.08015989,-0.26589793,0.5043961,-0.12590392,-0.40478015,0.7008807,-0.1774784,-0.49657637,0.86799306,-0.21590832,-0.49242684,0.30941492,-0.016299782,-0.64746195,0.30902082,-0.119049795,-0.5096765,0.27857408,-0.18819013,-0.39782074,0.27780044,-0.21983962,-0.5152998,0.13012104,-0.020153856,-0.6620047,0.12402112,-0.13245712,-0.48680472,0.11696965,-0.18143962,-0.3794662,0.15047716,-0.19025463,-0.51871186,-0.04427544,-0.041683514,-0.671434,-0.05502281,-0.14515331,-0.5157246,-0.05169098,-0.1377901,-0.40813798,-0.021479474,-0.10449184,-0.5089684,-0.20781673,-0.0701998,-0.660568,-0.2318823,-0.1284532,-0.56294477,-0.20908038,-0.10568024,-0.47914004,-0.17008509,-0.07122017
BAD,0.0,0.0,0.0,-0.08752263,0.25564483,-0.08338818,-0.2593677,0.5045162,-0.13150156,-0.39842236,0.7022882,-0.18463735,-0.48937902,0.8720712,-0.22433786,-0.48666006,0.31065658,-0.018744119,-0.6373134,0.30602726,-0.12003078,-0.49854198,0.27949354,-0.18662639,-0.39001244,0.2801872,-0.21649021,-0.50829214,0.1320471,-0.01991024,-0.6463868,0.121280976,-0.12897047,-0.47109115,0.11640781,-0.17484762,-0.37201405,0.14790359,-0.18252349,-0.51225936,-0.041883543,-0.03907263,-0.6594244,-0.05904251,-0.14032863,-0.504603,-0.051171962,-0.13107482,-0.40455538,-0.019779362,-0.09739061,-0.50394535,-0.20304403,-0.065319374,-0.65451086,-0.22944956,-0.11986457,-0.55542696,-0.20309964,-0.09466045,-0.47461376,-0.16288812,-0.059246447
BAD,0.0,0.0,0.0,-0.09789647,0.25894472,-0.07426507,-0.2797863,0.50101584,-0.11439557,-0.42069948,0.6953942,-0.16108884,-0.5078789,0.8614285,-0.19557272,-0.48612148,0.2930402,-0.0033616,-0.63869476,0.30082962,-0.091979034,-0.5089895,0.2816734,-0.15280403,-0.3988154,0.27680886,-0.18146963,-0.50638926,0.12663077,-0.007133584,-0.6536112,0.120238505,-0.10279189,-0.49144113,0.12299175,-0.14449506,-0.38238847,0.1470588,-0.15245615,-0.5079219,-0.040193442,-0.028504439,-0.667453,-0.050566744,-0.117285974,-0.522576,-0.039243806,-0.109026104,-0.41397905,-0.018591626,-0.079624094,-0.49416625,-0.20066929,-0.057185054,-0.6531711,-0.2167692,-0.10697448,-0.5665645,-0.19048028,-0.085965894,-0.48447603,-0.16371985,-0.056170233
BAD,0.0,0.0,0.0,-0.10263448,0.24593337,-0.081714064,-0.2832313,0.493395,-0.12827279,-0.42382967,0.69098264,-0.17953469,-0.519708,0.85434395,-0.21810623,-0.50309247,0.29140893,-0.022028383,-0.65175515,0.29642493,-0.1199848,-0.51161313,0.26700294,-0.18480556,-0.40581253,0.26590756,-0.21454605,-0.5245309,0.1153394,-0.02397261,-0.66977775,0.11167727,-0.13376084,-0.49209365,0.10936464,-0.17998253,-0.3891736,0.14018655,-0.18702579,-0.5233703,-0.057863466,-0.042581964,-0.6759978,-0.071262255,-0.14472032,-0.52204806,-0.060981512,-0.136401,-0.4193833,-0.032259747,-0.102381416,-0.50863934,-0.21704689,-0.06764272,-0.6632319,-0.23823835,-0.122458264,-0.5666115,-0.21019317,-0.09696635,-0.48442802,-0.1731486,-0.060896926
BAD,0.0,0.0,0.0,-0.091816925,0.25239727,-0.08004482,-0.2758566,0.49856818,-0.12383888,-0.4218548,0.691652,-0.17328861,-0.5168896,0.8560521,-0.21010688,-0.49794525,0.3005706,-0.015606878,-0.64696616,0.3044775,-0.11478153,-0.50556713,0.27751446,-0.17845693,-0.39868706,0.27570105,-0.20620179,-0.5179946,0.12673573,-0.018155837,-0.65942484,0.1223629,-0.12744518,-0.47766224,0.11862091,-0.17153014,-0.37704143,0.14784466,-0.17567529,-0.5173086,-0.047855157,-0.038144495,-0.6681201,-0.0569378,-0.14113137,-0.50806683,-0.050622124,-0.13095538,-0.40643448,-0.023242094,-0.09423037,-0.5039887,-0.21224663,-0.06461711,-0.6597329,-0.231423,-0.121011965,-0.5592971,-0.20725915,-0.09485167,-0.4766341,-0.17157134,-0.056948885
BAD,0.0,0.0,0.0,-0.0906222,0.24967739,-0.08563709,-0.27040908,0.4988478,-0.13420956,-0.4103994,0.69681615,-0.18601395,-0.50570416,0.86270696,-0.22433138,-0.50689673,0.3117138,-0.02617224,-0.6466116,0.31477126,-0.12660131,-0.50058174,0.2813197,-0.190388,-0.39825255,0.27878055,-0.21941163,-0.52826643,0.13509533,-0.027604874,-0.66336304,0.129954,-0.1394872,-0.4774218,0.122347474,-0.18231215,-0.3820214,0.15528302,-0.18584183,-0.52695364,-0.040673744,-0.046469565,-0.6660412,-0.05527969,-0.15247947,-0.50436115,-0.051561568,-0.13991207,-0.41184187,-0.020126875,-0.1023881,-0.5116824,-0.20465246,-0.07189299,-0.6573876,-0.22391227,-0.12945499,-0.5500361,-0.2029699,-0.100212075,-0.4727913,-0.16682717,-0.060541693
BAD,0.0,0.0,0.0,-0.092836775,0.24422458,-0.086791106,-0.27595967,0.49433482,-0.13400164,-0.41847235,0.6944595,-0.18417981,-0.5129712,0.8584058,-0.21979095,-0.50587523,0.31031004,-0.026668232,-0.656563,0.3140726,-0.12814833,-0.50458235,0.2811391,-0.18988328,-0.39687547,0.27945054,-0.21644118,-0.5284981,0.13273999,-0.026388336,-0.6717748,0.12851876,-0.13903323,-0.48364854,0.12287752,-0.18105666,-0.39015457,0.15833467,-0.18379183,-0.5286913,-0.044880323,-0.043832377,-0.67943174,-0.06045961,-0.14978488,-0.51776546,-0.05341302,-0.13665113,-0.42571065,-0.019371042,-0.09865982,-0.51549685,-0.20891133,-0.06794576,-0.66652435,-0.22845592,-0.1255926,-0.5606535,-0.20315747,-0.09757036,-0.4821492,-0.16370682,-0.058701288
BAD,0.0,0.0,0.0,-0.093469605,0.25402793,-0.07720575,-0.27836972,0.5050672,-0.11891327,-0.41800007,0.6990863,-0.16669372,-0.51222557,0.85885096,-0.20179807,-0.51005745,0.31232563,-0.008308113,-0.66280234,0.32337797,-0.10739917,-0.51755553,0.29704243,-0.17283772,-0.4040266,0.29102698,-0.2014856,-0.53101254,0.13665585,-0.013712798,-0.681013,0.13429329,-0.12207549,-0.49896872,0.13261265,-0.16665164,-0.38963234,0.16225334,-0.17035913,-0.5313654,-0.040940307,-0.037337784,-0.6883561,-0.04988871,-0.14001764,-0.5280813,-0.04178535,-0.1313166,-0.42154625,-0.014615918,-0.09529132,-0.51632875,-0.21207653,-0.067448094,-0.6774389,-0.22866827,-0.12562233,-0.5747009,-0.203515,-0.10065593,-0.48713514,-0.16612963,-0.06314252
BAD,0.0,0.0,0.0,-0.09427643,0.26129118,-0.07840511,-0.27755734,0.50683576,-0.11928926,-0.41815144,0.70210975,-0.16592997,-0.5010283,0.86543095,-0.19885075,-0.49188232,0.31918502,-0.014872939,-0.65346503,0.3339361,-0.10064823,-0.5103122,0.3022195,-0.15186182,-0.400824,0.29603645,-0.17343174,-0.516008,0.14369522,-0.014985645,-0.66483,0.13902006,-0.11003349,-0.48830748,0.13240078,-0.14492726,-0.38864028,0.15999198,-0.14791578,-0.5177559,-0.03409106,-0.032076214,-0.6835598,-0.044990335,-0.122294754,-0.5236653,-0.03237988,-0.109567314,-0.41308868,-0.0022176548,-0.0766423,-0.50315243,-0.20330401,-0.056058407,-0.662676,-0.2264397,-0.108152784,-0.5673132,-0.19324379,-0.08618276,-0.4805476,-0.15484905,-0.054455373
BAD,0.0,0.0,0.0,-0.10971419,0.24678795,-0.07092457,-0.301788,0.4932008,-0.10823302,-0.4406284,0.6861118,-0.15330616,-0.5276202,0.8494804,-0.18661936,-0.5266095,0.29558897,0.0027335132,-0.6842753,0.30829895,-0.09279736,-0.5507468,0.28692672,-0.16150276,-0.43174145,0.27377158,-0.19226904,-0.5432321,0.12075642,-0.004032018,-0.7039531,0.12337625,-0.107500896,-0.53468287,0.1288974,-0.15521292,-0.40830895,0.14651258,-0.16182679,-0.53711027,-0.05752425,-0.028943952,-0.7040278,-0.06242302,-0.124225035,-0.5555779,-0.03963086,-0.12231851,-0.43243325,-0.017616497,-0.09168867,-0.5139306,-0.23427626,-0.06046419,-0.6876934,-0.25377885,-0.113239914,-0.604119,-0.21021308,-0.09481295,-0.51054555,-0.16399589,-0.06349509
BAD,0.0,0.0,0.0,-0.1065875,0.25097445,-0.06798615,-0.3058162,0.49397925,-0.10287226,-0.44958338,0.68181044,-0.14698121,-0.5350173,0.84484106,-0.17961192,-0.52658147,0.28273353,0.008660353,-0.6853102,0.30624163,-0.08499967,-0.548112,0.28388447,-0.15051737,-0.4321607,0.26939848,-0.17906007,-0.5442347,0.112950414,0.0005148757,-0.70204175,0.12383008,-0.102847934,-0.52893305,0.12776126,-0.15005076,-0.41029012,0.1435478,-0.15551661,-0.539259,-0.06403496,-0.025605174,-0.7064068,-0.06106669,-0.12109476,-0.5524942,-0.038161125,-0.11916541,-0.43121704,-0.015607898,-0.08790117,-0.5191113,-0.23981456,-0.05818835,-0.6881029,-0.25783935,-0.11128441,-0.60124344,-0.21107088,-0.09284747,-0.5076713,-0.1625684,-0.06095018
BAD,0.0,0.0,0.0,-0.10323539,0.25146624,-0.07380811,-0.3004644,0.49571386,-0.11013245,-0.44438106,0.6855379,-0.15460178,-0.5294202,0.84835976,-0.18623775,-0.5221746,0.29066372,0.0043224813,-0.68216014,0.30251327,-0.09086462,-0.5415886,0.27522764,-0.15377383,-0.42862397,0.2693748,-0.17971577,-0.54147536,0.11938277,0.0005227531,-0.6935335,0.12629925,-0.10602741,-0.5119567,0.12233216,-0.15091151,-0.40245035,0.14301172,-0.15369387,-0.5385912,-0.056476362,-0.021669107,-0.7014479,-0.05757843,-0.12154234,-0.54210424,-0.042852934,-0.11622838,-0.4277511,-0.01900951,-0.081090674,-0.5231746,-0.22717923,-0.05038065,-0.6882299,-0.24879204,-0.10479817,-0.5951196,-0.2093169,-0.08355125,-0.5041475,-0.16471572,-0.04844932
BAD,0.0,0.0,0.0,-0.10226577,0.25481582,-0.070338264,-0.29917875,0.4937327,-0.10645815,-0.44460243,0.678921,-0.15115932,-0.5257402,0.8506452,-0.1848324,-0.5148075,0.2859707,0.0031403576,-0.67390805,0.3003258,-0.09158832,-0.5400307,0.27415827,-0.15643863,-0.42673123,0.26620927,-0.18449832,-0.53372306,0.115579136,-0.0036113898,-0.6864777,0.121333964,-0.1098613,-0.5121903,0.12026109,-0.15786025,-0.39722407,0.14107735,-0.16384196,-0.52892643,-0.05966891,-0.027886122,-0.69021463,-0.06000917,-0.1283498,-0.5340855,-0.04200117,-0.12620424,-0.41504225,-0.015970329,-0.0939029,-0.5098983,-0.23007722,-0.058211967,-0.67372954,-0.25076345,-0.11529503,-0.58322585,-0.20997651,-0.096201025,-0.491062,-0.16317503,-0.06317164
BAD,0.0,0.0,0.0,-0.10486597,0.25286025,-0.07023745,-0.30231303,0.48952857,-0.10507373,-0.4492914,0.6760703,-0.14843386,-0.5308138,0.8474884,-0.17973468,-0.5212638,0.2797109,0.008124473,-0.6749178,0.29647258,-0.08074639,-0.5341698,0.2667528,-0.14108926,-0.42212024,0.25461972,-0.16720259,-0.5411176,0.10923655,0.0035713362,-0.68633306,0.121235386,-0.09757378,-0.5070195,0.11658315,-0.14268748,-0.39578122,0.1341013,-0.14760245,-0.53546864,-0.065519236,-0.018061243,-0.6912553,-0.062223695,-0.11264688,-0.5330167,-0.044782583,-0.10717414,-0.4168026,-0.020299347,-0.07392806,-0.51574254,-0.23647696,-0.045880772,-0.6802232,-0.25679195,-0.096782446,-0.5905536,-0.21379872,-0.07475617,-0.50015634,-0.16656588,-0.040435825
BAD,0.0,0.0,0.0,-0.10113197,0.2649325,-0.06692891,-0.29288226,0.51563346,-0.10264482,-0.43268448,0.6999674,-0.14801085,-0.50596946,0.8625514,-0.18165651,-0.5207802,0.3033692,0.005337073,-0.68299156,0.32236227,-0.087409794,-0.5398252,0.2949504,-0.1494306,-0.42430732,0.27827248,-0.17560218,-0.53871113,0.12799957,-0.0037622366,-0.6981497,0.136408,-0.10489892,-0.51692194,0.13323984,-0.14463504,-0.4015833,0.14511137,-0.14572756,-0.53693724,-0.051028065,-0.030991554,-0.7039196,-0.048739955,-0.12598391,-0.54002404,-0.031478923,-0.11651502,-0.4204771,-0.011605289,-0.081001975,-0.52097714,-0.2276344,-0.06483715,-0.69101655,-0.25002837,-0.11652503,-0.59451795,-0.20418727,-0.09238238,-0.5004031,-0.15628262,-0.057114
BAD,0.0,0.0,0.0,-0.1129389,0.2667052,-0.061810575,-0.31085664,0.51538813,-0.09308772,-0.45164326,0.69420314,-0.13460393,-0.5353283,0.84464407,-0.16501826,-0.54549015,0.29321507,0.012083106,-0.7085432,0.31642517,-0.07810038,-0.5728736,0.2932248,-0.14275037,-0.45381227,0.27869117,-0.17137262,-0.56307524,0.11494385,-0.0002817303,-0.7266823,0.1250149,-0.1019342,-0.5497962,0.13043189,-0.14824682,-0.42436332,0.14820391,-0.15319186,-0.5570198,-0.06680105,-0.029948387,-0.72466767,-0.06787719,-0.12541096,-0.5673302,-0.04451786,-0.12456871,-0.440558,-0.02288707,-0.093972355,-0.5334208,-0.24825215,-0.06545407,-0.7093326,-0.2694517,-0.11897024,-0.62409925,-0.2204739,-0.09974984,-0.52856034,-0.17093486,-0.06728565
BAD,0.0,0.0,0.0,-0.11113775,0.26479343,-0.06882313,-0.30918908,0.5090248,-0.10563518,-0.45213833,0.6872179,-0.1521597,-0.5369533,0.84361196,-0.18672894,-0.5411129,0.28295067,0.0063511063,-0.7051294,0.2967776,-0.090904415,-0.5644077,0.27486792,-0.1581315,-0.4418149,0.26591522,-0.18663853,-0.5571307,0.10517237,-0.0030366632,-0.7181028,0.1105372,-0.11496321,-0.5331877,0.117878966,-0.1651358,-0.40756112,0.14171404,-0.16993335,-0.55153865,-0.074921705,-0.030323703,-0.71929926,-0.07782393,-0.13403471,-0.55549574,-0.053063426,-0.13327311,-0.42750898,-0.027066685,-0.099918276,-0.53180313,-0.25285098,-0.06376514,-0.7035398,-0.2768588,-0.12173598,-0.61190784,-0.22902732,-0.10244218,-0.51667696,-0.1799367,-0.06803062
BAD,0.0,0.0,0.0,-0.1104751,0.26219234,-0.06848871,-0.30868846,0.49820638,-0.10404384,-0.45263058,0.67855436,-0.14931886,-0.5290873,0.8485674,-0.18360956,-0.5314239,0.27707413,0.01302292,-0.6924352,0.28998452,-0.08038695,-0.56008863,0.26397032,-0.1470108,-0.43999153,0.25294068,-0.17585185,-0.5489586,0.10378411,0.0048023383,-0.7030684,0.11307332,-0.10253777,-0.52850604,0.11327522,-0.15461846,-0.40396032,0.13111041,-0.16164738,-0.5433982,-0.07327032,-0.021237157,-0.7017154,-0.0698618,-0.12144013,-0.54523784,-0.049658507,-0.12398451,-0.41855657,-0.026245477,-0.09354205,-0.52326113,-0.24774793,-0.05343641,-0.6864406,-0.26619804,-0.110316515,-0.5972611,-0.222053,-0.09315979,-0.5025621,-0.17667884,-0.060586095
BAD,0.0,0.0,0.0,-0.11543256,0.25403646,-0.061860986,-0.31457525,0.48441482,-0.09201501,-0.45890492,0.6712603,-0.13257587,-0.53711206,0.84351087,-0.16228421,-0.5222342,0.27263117,0.020049278,-0.6772712,0.2838568,-0.06283929,-0.54216933,0.25475964,-0.12286685,-0.42846724,0.24490997,-0.15065886,-0.54254496,0.103164695,0.01325422,-0.6907489,0.10335533,-0.085584104,-0.51782554,0.101136826,-0.13526817,-0.40279928,0.12151204,-0.14439481,-0.5353093,-0.07186536,-0.009074156,-0.69488245,-0.07817694,-0.099355325,-0.543722,-0.062043346,-0.098265044,-0.42621177,-0.037532337,-0.06959968,-0.51169175,-0.23943835,-0.03689854,-0.670024,-0.26804832,-0.086466886,-0.58492875,-0.23215164,-0.06746253,-0.49787077,-0.19438523,-0.036280975
BAD,0.0,0.0,0.0,-0.107657164,0.25085542,-0.06380136,-0.30411768,0.4851342,-0.09886317,-0.45328707,0.67169315,-0.14395605,-0.5370806,0.84353095,-0.17819633,-0.51529074,0.2752305,0.005339001,-0.6831267,0.28477263,-0.08488958,-0.5425495,0.24994245,-0.14694643,-0.42844144,0.24108449,-0.17452386,-0.536889,0.10167531,-0.0024368933,-0.6933966,0.09827396,-0.10418413,-0.5153591,0.09499271,-0.150786,-0.40551424,0.122384585,-0.15790774,-0.5331431,-0.07547673,-0.02558937,-0.6990676,-0.08512026,-0.11663673,-0.54259515,-0.068697736,-0.10848058,-0.4313701,-0.040098373,-0.07582292,-0.51620454,-0.24407834,-0.05442681,-0.67586553,-0.2673182,-0.101472236,-0.57963246,-0.2282159,-0.075159274,-0.49153346,-0.18709546,-0.039264593
BAD,0.0,0.0,0.0,-0.108911425,0.24976602,-0.072831124,-0.3082212,0.48765665,-0.11127532,-0.454157,0.67497706,-0.15797582,-0.5445315,0.8387404,-0.19191496,-0.53087705,0.2801732,-0.0021513787,-0.6932025,0.28452286,-0.0972182,-0.54657495,0.24095638,-0.15951931,-0.43312147,0.23084354,-0.18595457,-0.55081034,0.10021308,-0.0069385916,-0.7050372,0.0924962,-0.11617355,-0.5210189,0.08481469,-0.1637757,-0.4120582,0.11563979,-0.16914384,-0.54600847,-0.08130072,-0.028299041,-0.7065804,-0.09531595,-0.12874898,-0.5445373,-0.08383866,-0.121278755,-0.43345958,-0.053595524,-0.08598072,-0.5287041,-0.25483793,-0.055652183,-0.6890827,-0.28365108,-0.10856936,-0.590102,-0.24854001,-0.08251261,-0.502234,-0.20443852,-0.044827797
BAD,0.0,0.0,0.0,-0.112043954,0.2519981,-0.0735266,-0.30612007,0.48587194,-0.11225222,-0.45321426,0.6736807,-0.1592339,-0.54354626,0.83937925,-0.19413218,-0.52663606,0.27493465,0.008379624,-0.6853359,0.2746893,-0.08635141,-0.549751,0.23900568,-0.15337875,-0.43340614,0.23219156,-0.18268189,-0.54608166,0.100545436,0.003992207,-0.69888943,0.09482584,-0.102862395,-0.525118,0.09008905,-0.15509023,-0.41045672,0.116171196,-0.16378862,-0.54085416,-0.07699624,-0.017831516,-0.69655395,-0.08758303,-0.119548455,-0.5399095,-0.07450472,-0.11929921,-0.42094964,-0.047772903,-0.08764533,-0.5224913,-0.24762498,-0.045660872,-0.6786923,-0.2733943,-0.103501074,-0.5805296,-0.23598444,-0.08289748,-0.48555297,-0.19445948,-0.0477063
BAD,0.0,0.0,0.0,-0.1033171,0.25278533,-0.073489726,-0.2964714,0.49169976,-0.11332766,-0.4433002,0.6807535,-0.1608226,-0.53313446,0.84603053,-0.19502859,-0.5249723,0.28577107,-0.0045903916,-0.6848793,0.28840312,-0.1017004,-0.5363237,0.25231466,-0.16383563,-0.425718,0.24894832,-0.18955098,-0.54431707,0.11152025,-0.009324697,-0.6919934,0.1047754,-0.11627734,-0.5074482,0.10077027,-0.15932056,-0.4093582,0.13412732,-0.16245033,-0.5409662,-0.06673129,-0.031265926,-0.6961382,-0.07967294,-0.13127159,-0.5329277,-0.067219734,-0.12029603,-0.4301034,-0.03499253,-0.08350661,-0.5254383,-0.23730572,-0.059292037,-0.6815535,-0.2634013,-0.11266091,-0.57604456,-0.22536758,-0.08422627,-0.48844323,-0.17911373,-0.04463969
BAD,0.0,0.0,0.0,-0.10988689,0.25308254,-0.077348575,-0.30467427,0.49194428,-0.11837103,-0.4551202,0.67926437,-0.16487736,-0.5518161,0.83396584,-0.19848637,-0.53485423,0.27576092,0.00019545024,-0.67338055,0.26803336,-0.089480475,-0.52897257,0.2396067,-0.1528679,-0.41652226,0.23556446,-0.18133515,-0.5494035,0.09571198,-0.0016418425,-0.6868727,0.091223694,-0.10279421,-0.5090855,0.09241076,-0.14864731,-0.39849606,0.112099856,-0.15507631,-0.541372,-0.08236323,-0.020808564,-0.69188625,-0.10140259,-0.118460245,-0.53599495,-0.084702425,-0.113564484,-0.41987157,-0.063376755,-0.08049645,-0.5196786,-0.24924313,-0.04622567,-0.67484903,-0.2760876,-0.1034261,-0.5782869,-0.24067093,-0.082434036,-0.48440284,-0.20831545,-0.047271814
BAD,0.0,0.0,0.0,-0.10576101,0.24665074,-0.07572137,-0.3032635,0.49117061,-0.11487909,-0.4532773,0.677564,-0.15972312,-0.5566121,0.8307726,-0.19275267,-0.53868604,0.2886339,-0.0009398634,-0.67890644,0.27745706,-0.093908995,-0.5372304,0.25597858,-0.15875,-0.42294267,0.25307494,-0.1870483,-0.552036,0.11078071,-0.0045590834,-0.6940882,0.097650014,-0.10205823,-0.5196746,0.09800274,-0.1428226,-0.40635383,0.11636534,-0.1464861,-0.54385966,-0.06928387,-0.026565805,-0.6944068,-0.09070213,-0.12657146,-0.53220475,-0.07212142,-0.12049243,-0.41187963,-0.0460148,-0.0867447,-0.52015924,-0.24294302,-0.05466126,-0.6792367,-0.27563062,-0.11878141,-0.56648546,-0.23785801,-0.09833014,-0.46059802,-0.19291694,-0.06279735
BAD,0.0,0.0,0.0,-0.10622544,0.253504,-0.072862305,-0.3012233,0.49006757,-0.11199817,-0.45110855,0.6732185,-0.15817215,-0.5437177,0.8392682,-0.19156367,-0.5281041,0.29884443,-0.0044771456,-0.673338,0.2846619,-0.097390175,-0.5263337,0.24645013,-0.15694106,-0.41562566,0.2392148,-0.18147138,-0.54376066,0.12037587,-0.009028242,-0.68343604,0.10963118,-0.107833594,-0.5020519,0.09549609,-0.14486557,-0.39469984,0.11307469,-0.14596163,-0.5386247,-0.05987247,-0.031397235,-0.6886733,-0.077581175,-0.13040143,-0.52526987,-0.066851236,-0.12110007,-0.41014144,-0.0381119,-0.08554897,-0.5193483,-0.23125142,-0.059553742,-0.67960036,-0.26539016,-0.11835759,-0.5767025,-0.23090316,-0.09579198,-0.47907028,-0.18180268,-0.059951387
BAD,0.0,0.0,0.0,-0.10634459,0.24382596,-0.08281129,-0.2979425,0.48637432,-0.12681973,-0.44785842,0.67550325,-0.17529392,-0.5491316,0.8357359,-0.21108475,-0.5361698,0.29022548,-0.012871712,-0.66286,0.27060404,-0.11129017,-0.5140513,0.24372941,-0.17627189,-0.40585658,0.24819516,-0.20520666,-0.5504655,0.10794839,-0.01459138,-0.6822339,0.09807998,-0.123501554,-0.4968897,0.09610288,-0.16725352,-0.3918347,0.124521345,-0.17205478,-0.54236966,-0.07319488,-0.034593116,-0.6881456,-0.09369776,-0.14514025,-0.52140546,-0.07485865,-0.1388978,-0.4093802,-0.036133368,-0.103427365,-0.5202824,-0.2435748,-0.060465377,-0.6761053,-0.2815315,-0.12784731,-0.56602687,-0.24111526,-0.106656596,-0.46988025,-0.18191744,-0.07054198
BAD,0.0,0.0,0.0,-0.10721777,0.25075868,-0.07508796,-0.3047718,0.48712096,-0.11419873,-0.45511308,0.6705338,-0.16059634,-0.5497913,0.83530205,-0.19460338,-0.53284943,0.28141817,-0.004966636,-0.6706299,0.2691595,-0.10302685,-0.5227348,0.24366395,-0.1644435,-0.41466132,0.24809001,-0.18907577,-0.54915506,0.10243229,-0.008893737,-0.684092,0.09475127,-0.11586912,-0.49742687,0.0952135,-0.156351,-0.39968258,0.12200319,-0.15799843,-0.5424055,-0.078153096,-0.030826516,-0.6892252,-0.09635238,-0.13924561,-0.51935977,-0.07622743,-0.13109122,-0.41178724,-0.042065166,-0.0935378,-0.52336574,-0.24790679,-0.058071554,-0.6844889,-0.28322917,-0.11950369,-0.5784764,-0.24303447,-0.09518143,-0.48760962,-0.19318326,-0.0569447
BAD,0.0,0.0,0.0,-0.10029275,0.250205,-0.080014706,-0.2918278,0.49296853,-0.124914214,-0.44069248,0.6784631,-0.17603576,-0.53681505,0.8436999,-0.21365945,-0.53038263,0.28348824,-0.017961131,-0.6761714,0.2762002,-0.11821335,-0.524025,0.24802601,-0.17862584,-0.4160106,0.2501539,-0.20263918,-0.5465508,0.1015524,-0.020755095,-0.6834464,0.093642496,-0.13183844,-0.4911668,0.09310978,-0.17147222,-0.39297268,0.123285115,-0.17210242,-0.54023194,-0.07992956,-0.0411355,-0.6891102,-0.0955894,-0.15110609,-0.51683044,-0.07739244,-0.13982752,-0.4089007,-0.042048875,-0.10071082,-0.5227684,-0.24963501,-0.06727903,-0.68234044,-0.28743568,-0.13073742,-0.5718827,-0.24535397,-0.1049687,-0.47800025,-0.18957277,-0.065538235
BAD,0.0,0.0,0.0,-0.09817824,0.24184003,-0.087786734,-0.28063753,0.48269823,-0.13503976,-0.43447152,0.68139434,-0.18666498,-0.5326761,0.8463192,-0.22405608,-0.5062192,0.2842833,-0.010986525,-0.6519465,0.27047545,-0.10868146,-0.50304484,0.24912864,-0.17072687,-0.39519143,0.2566276,-0.19650441,-0.5240504,0.10826529,-0.0067759226,-0.6618962,0.100426726,-0.11648379,-0.47913286,0.10340981,-0.16080095,-0.3830531,0.13335079,-0.16492279,-0.52150536,-0.065695204,-0.020998618,-0.6722897,-0.08404325,-0.12768717,-0.50987524,-0.06740261,-0.11885486,-0.40337643,-0.037766624,-0.08132098,-0.50987554,-0.22639893,-0.042053696,-0.66294986,-0.2565219,-0.10349745,-0.5563805,-0.21931945,-0.08098015,-0.46337306,-0.17843172,-0.044019405
BAD,0.0,0.0,0.0,-0.100549676,0.24321702,-0.082576916,-0.28530642,0.48727432,-0.12611872,-0.43464437,0.6832694,-0.17452772,-0.52672696,0.85003453,-0.20889242,-0.5080091,0.29330924,-0.0062633827,-0.6479231,0.28461713,-0.10468555,-0.49588394,0.2551231,-0.16696116,-0.39520648,0.25087848,-0.19381884,-0.5248845,0.12173442,-0.0060888436,-0.65528727,0.109163865,-0.11288928,-0.47338554,0.10438734,-0.15498209,-0.38625336,0.13139991,-0.15860797,-0.52100337,-0.05006165,-0.024648968,-0.65944636,-0.067668915,-0.12904376,-0.49858835,-0.057087988,-0.11801068,-0.4041457,-0.02626874,-0.080494925,-0.50439405,-0.21039811,-0.049680274,-0.6536826,-0.23301034,-0.10632473,-0.54717356,-0.2081987,-0.07929178,-0.46340343,-0.17295213,-0.04043392
BAD,0.0,0.0,0.0,-0.10960965,0.24398251,-0.07884928,-0.29453236,0.48135787,-0.12252277,-0.43756345,0.67914456,-0.17198828,-0.527268,0.849699,-0.2094171,-0.5129318,0.2784121,-0.003322493,-0.64955145,0.28437522,-0.100121275,-0.51449955,0.25577444,-0.16735792,-0.41329232,0.25196505,-0.19892779,-0.5302975,0.1092015,-0.0064977803,-0.66744775,0.10031832,-0.11170074,-0.4961494,0.0982182,-0.15862079,-0.39814085,0.12542334,-0.16678146,-0.523643,-0.060900953,-0.027745975,-0.6653382,-0.076180965,-0.12854137,-0.5152023,-0.061806,-0.123221986,-0.4163249,-0.032932844,-0.090899214,-0.5015573,-0.21900392,-0.055319276,-0.64984494,-0.23842293,-0.10778775,-0.55694556,-0.20718645,-0.083241686,-0.47798193,-0.16947688,-0.04810962
BAD,0.0,0.0,0.0,-0.101785004,0.24503215,-0.081866,-0.28890198,0.48842525,-0.12429994,-0.43498784,0.68549466,-0.17181215,-0.52126247,0.8533964,-0.20434488,-0.50634545,0.2875848,-0.002389268,-0.64669555,0.280325,-0.10043424,-0.49686748,0.25393623,-0.16184744,-0.39686304,0.25354677,-0.18775932,-0.5192645,0.115450434,-0.002775494,-0.64947045,0.10175546,-0.107809246,-0.46995825,0.09644612,-0.14738168,-0.3852538,0.12464104,-0.1497696,-0.51386815,-0.055640694,-0.02276914,-0.6504323,-0.07613849,-0.12284164,-0.4931295,-0.062715836,-0.110220104,-0.4042854,-0.029127605,-0.07338815,-0.4962353,-0.21532716,-0.049794506,-0.64301956,-0.24420777,-0.099524446,-0.54372156,-0.21279801,-0.07180524,-0.46843874,-0.17127496,-0.0347132
BAD,0.0,0.0,0.0,-0.1107241,0.2451724,-0.08901661,-0.30563754,0.47754398,-0.13382336,-0.4580707,0.66696334,-0.18117861,-0.5509862,0.8345143,-0.21410735,-0.51700354,0.27179956,-0.018126464,-0.64408326,0.24738406,-0.108646564,-0.5008969,0.22059068,-0.16504836,-0.4040651,0.23126045,-0.19188538,-0.5280145,0.09755515,-0.014715767,-0.6498422,0.06817332,-0.113906346,-0.47746766,0.06843737,-0.15165506,-0.391641,0.10974007,-0.15846786,-0.52039003,-0.07491525,-0.02969934,-0.65893745,-0.112319835,-0.12707108,-0.5073324,-0.095309004,-0.11481028,-0.41247016,-0.052398678,-0.082548596,-0.4956704,-0.23396383,-0.052275684,-0.6419563,-0.26678836,-0.10648688,-0.54728895,-0.23882902,-0.082765214,-0.46878543,-0.19934885,-0.050427612
BAD,0.0,0.0,0.0,-0.11478897,0.24006435,-0.08533129,-0.31057018,0.4739342,-0.12913568,-0.4642618,0.6631616,-0.1771413,-0.5598007,0.82862735,-0.20949806,-0.5147956,0.24858907,-0.0074775363,-0.6650114,0.22958525,-0.103790075,-0.5212782,0.21633834,-0.16762482,-0.4128147,0.22437808,-0.19613843,-0.52034354,0.080894634,-0.005332615,-0.66367865,0.05894034,-0.10733269,-0.49541804,0.06865155,-0.14848372,-0.3956649,0.103730336,-0.15402207,-0.5073398,-0.082586244,-0.022848545,-0.66103446,-0.11200178,-0.117151216,-0.5185509,-0.088443846,-0.1075259,-0.4170697,-0.05009813,-0.07519901,-0.48133862,-0.23723017,-0.048296668,-0.6373202,-0.27755377,-0.098406285,-0.55056536,-0.23386972,-0.07656793,-0.46641147,-0.17936689,-0.04500053
BAD,0.0,0.0,0.0,-0.119299315,0.2500143,-0.08080524,-0.30644318,0.48137736,-0.12821096,-0.4580552,0.66846883,-0.181382,-0.5624503,0.8268311,-0.22121175,-0.5132598,0.24822989,-0.0107564675,-0.6677934,0.2286092,-0.10704991,-0.53738666,0.21572979,-0.17480256,-0.4282791,0.224748,-0.20649819,-0.5187805,0.07578202,-0.012969978,-0.66973996,0.048846122,-0.11530743,-0.50729644,0.05720571,-0.16220304,-0.40061203,0.09308771,-0.17182109,-0.50660545,-0.09283014,-0.03316639,-0.6614153,-0.12063771,-0.1272821,-0.5178333,-0.10211702,-0.12012787,-0.41255814,-0.06933969,-0.088951275,-0.47938582,-0.24981551,-0.060727376,-0.6388056,-0.28556648,-0.10951002,-0.55525,-0.25202528,-0.08461701,-0.47446275,-0.21112509,-0.05073755
BAD,0.0,0.0,0.0,-0.12756777,0.24274962,-0.07768802,-0.32106155,0.46960682,-0.12223562,-0.4682091,0.6597647,-0.17264022,-0.56140655,0.82754004,-0.20919855,-0.52839947,0.24244322,0.0026871965,-0.6658189,0.2248696,-0.08823543,-0.52775514,0.21926501,-0.15380912,-0.42336345,0.23288603,-0.18558577,-0.53367406,0.072846666,0.00024882617,-0.674163,0.05211061,-0.09830024,-0.5097854,0.06704643,-0.14322843,-0.4071989,0.10331627,-0.15178949,-0.51687557,-0.093926676,-0.020527778,-0.66429967,-0.11924612,-0.11198634,-0.52430314,-0.09511308,-0.10574558,-0.4216369,-0.058384243,-0.07580088,-0.48559976,-0.2509479,-0.048362747,-0.6374083,-0.29095778,-0.09516576,-0.5552405,-0.24801484,-0.07207726,-0.47700503,-0.19720761,-0.040090095
BAD,0.0,0.0,0.0,-0.12356041,0.24628964,-0.08140681,-0.31823796,0.47790548,-0.12926023,-0.46784663,0.6623937,-0.18175425,-0.57030857,0.82143056,-0.22032148,-0.52635705,0.24087653,-0.0133558,-0.6724022,0.21825542,-0.11116138,-0.5370492,0.217063,-0.1785036,-0.4289302,0.2336433,-0.20992179,-0.52908796,0.06434264,-0.016685516,-0.67721444,0.03188726,-0.12247654,-0.50988144,0.053105988,-0.16698302,-0.40239844,0.094371475,-0.1734536,-0.5122242,-0.104267135,-0.038438566,-0.6624715,-0.13803588,-0.13488466,-0.51848936,-0.11256439,-0.12607548,-0.41570467,-0.07591824,-0.093103126,-0.4808449,-0.26140162,-0.067613,-0.63577545,-0.30102304,-0.11739819,-0.5508605,-0.26487327,-0.09269822,-0.4739998,-0.22027278,-0.058806848
BAD,0.0,0.0,0.0,-0.12566835,0.24456976,-0.08095776,-0.31837085,0.47825176,-0.12724628,-0.46866292,0.66609675,-0.17770638,-0.56870556,0.8225411,-0.2154917,-0.5234213,0.2405454,-0.008058582,-0.66688865,0.22641872,-0.10012373,-0.54058516,0.22823584,-0.16913751,-0.43083578,0.25155523,-0.20306973,-0.5307077,0.06922516,-0.008776809,-0.6692415,0.041715927,-0.10779982,-0.512874,0.06409247,-0.15689336,-0.4029349,0.111983605,-0.16875961,-0.5165752,-0.09630009,-0.027230341,-0.65903604,-0.1240114,-0.11812714,-0.5224509,-0.10336023,-0.11604921,-0.41667238,-0.067181595,-0.089187294,-0.48666248,-0.24964394,-0.05287373,-0.63581526,-0.28224885,-0.10190229,-0.5529503,-0.25313264,-0.080840774,-0.47457486,-0.21335071,-0.04994188
BAD,0.0,0.0,0.0,-0.1273964,0.24744527,-0.082773656,-0.32389724,0.4807864,-0.12856108,-0.4692102,0.6676176,-0.17961961,-0.5661456,0.82430536,-0.21573065,-0.5337641,0.24177782,-0.0052595227,-0.67506564,0.21355312,-0.10483823,-0.5320169,0.2108089,-0.17171995,-0.42480698,0.22794114,-0.20117493,-0.5364879,0.0657796,-0.0065469085,-0.67294663,0.03509457,-0.113978416,-0.49902457,0.057897978,-0.15753683,-0.40079594,0.099218935,-0.16200699,-0.5188938,-0.103674784,-0.02755185,-0.66494536,-0.13828158,-0.12541485,-0.5157689,-0.107839435,-0.11565262,-0.41609222,-0.06871432,-0.080526024,-0.4878868,-0.25874206,-0.05618947,-0.64230186,-0.2998551,-0.10372168,-0.5559938,-0.25991186,-0.07751244,-0.48024806,-0.21567468,-0.04161704
BAD,0.0,0.0,0.0,-0.11647549,0.23879698,-0.09078199,-0.32999578,0.46459204,-0.13484615,-0.49014398,0.64861786,-0.18132976,-0.5756592,0.8176897,-0.21252292,-0.54427356,0.24130405,-0.017997319,-0.67184293,0.1959474,-0.113023646,-0.5162522,0.17519176,-0.16933845,-0.41653165,0.19944614,-0.19368368,-0.5504644,0.06007455,-0.0150223505,-0.682266,0.018241996,-0.12369692,-0.49358866,0.025597025,-0.1600309,-0.39588234,0.076329224,-0.16053474,-0.5370539,-0.11451449,-0.03126918,-0.67892355,-0.16245244,-0.13807318,-0.51255965,-0.14151925,-0.12501107,-0.40879077,-0.08975742,-0.086769,-0.51044196,-0.26992777,-0.054958973,-0.65654033,-0.3173265,-0.112990186,-0.5531491,-0.28660426,-0.088564694,-0.47273523,-0.24162042,-0.05336735
BAD,0.0,0.0,0.0,-0.14035429,0.24665472,-0.07114677,-0.34975022,0.46783563,-0.11098,-0.50765854,0.6376003,-0.15840691,-0.6074434,0.79436296,-0.19251461,-0.55212,0.22608542,0.00056331063,-0.7083713,0.18000104,-0.092827484,-0.560429,0.16968933,-0.15857635,-0.44190034,0.19272552,-0.18844382,-0.55171657,0.038447995,-0.002812101,-0.70061266,-0.004928045,-0.110364184,-0.5261434,0.01259307,-0.16131748,-0.4153764,0.065580614,-0.17186023,-0.5293333,-0.13752784,-0.0222389,-0.685512,-0.18307766,-0.116261795,-0.5362385,-0.15658998,-0.10894968,-0.4259095,-0.10793029,-0.07721613,-0.49557725,-0.2954317,-0.047772083,-0.65008736,-0.35135344,-0.09436735,-0.56317925,-0.3117187,-0.06872915,-0.48522452,-0.26056612,-0.034351163
BAD,0.0,0.0,0.0,-0.13074206,0.23729427,-0.07370303,-0.3477102,0.4529752,-0.111690246,-0.5094662,0.63371676,-0.15659535,-0.6080697,0.7938836,-0.1883926,-0.53859276,0.22175021,0.0035331817,-0.6952767,0.18562207,-0.08537526,-0.55381364,0.18138792,-0.14836863,-0.44069684,0.20171583,-0.17773408,-0.5425575,0.042339332,0.0022384517,-0.69098806,-0.00023468334,-0.100265354,-0.5197019,0.025200013,-0.14848989,-0.41385987,0.0768276,-0.15742247,-0.5221078,-0.12799293,-0.015455797,-0.67715436,-0.17218484,-0.10469544,-0.53109545,-0.14162993,-0.097849555,-0.42659983,-0.09516684,-0.06739517,-0.49085578,-0.2826289,-0.039797995,-0.6403523,-0.33621767,-0.08360658,-0.55720025,-0.29857814,-0.059692573,-0.48424175,-0.25414637,-0.02729301
BAD,0.0,0.0,0.0,-0.1324766,0.24090333,-0.07813519,-0.3390608,0.46406183,-0.12007927,-0.49717978,0.64616644,-0.16846804,-0.60034204,0.79974335,-0.20217852,-0.5418616,0.22503851,0.0015689436,-0.6939855,0.19268332,-0.092737146,-0.543874,0.19135484,-0.15805544,-0.43121165,0.21537656,-0.18745717,-0.54663306,0.043267414,0.0023499504,-0.68990093,0.0026445985,-0.10910547,-0.5081264,0.029680187,-0.16019951,-0.40468746,0.08460812,-0.16808705,-0.52749234,-0.12808546,-0.0136624025,-0.6788971,-0.17116182,-0.11110823,-0.5244853,-0.14101934,-0.10402027,-0.42094773,-0.09359023,-0.06984607,-0.4977337,-0.2797653,-0.036238067,-0.64462274,-0.32942113,-0.082574,-0.5593696,-0.29359058,-0.056908645,-0.4894187,-0.25262028,-0.021071196
BAD,0.0,0.0,0.0,-0.12447969,0.24291605,-0.084628776,-0.32990715,0.47459793,-0.13070454,-0.4917021,0.65472305,-0.18137442,-0.6039085,0.79705364,-0.21719639,-0.5476403,0.24356964,-0.0148569215,-0.69521016,0.20721874,-0.111252055,-0.54708064,0.18391351,-0.17593108,-0.4343665,0.19607304,-0.20420766,-0.5532187,0.061015423,-0.014185302,-0.6911711,0.010128371,-0.11830289,-0.5089294,0.021684607,-0.16167541,-0.4016959,0.073068865,-0.16670136,-0.5369324,-0.112611845,-0.031331535,-0.68422824,-0.16798204,-0.12823895,-0.5267626,-0.1460617,-0.11893575,-0.42033553,-0.09558619,-0.08425812,-0.5051383,-0.26735628,-0.055475958,-0.65932757,-0.32908624,-0.104998715,-0.57009405,-0.30106646,-0.077975966,-0.49255857,-0.24997453,-0.040888067
BAD,0.0,0.0,0.0,-0.124124095,0.2507021,-0.079762414,-0.32961372,0.47921208,-0.12197427,-0.48967767,0.6549951,-0.16952989,-0.5967728,0.80241036,-0.20295963,-0.5444225,0.24605711,-0.0046142023,-0.6809698,0.20687923,-0.0961585,-0.534483,0.18297432,-0.15834744,-0.42530346,0.19964626,-0.18613122,-0.55191696,0.066261,-0.005832701,-0.68326205,0.021965355,-0.103931434,-0.5019354,0.026413225,-0.14492737,-0.3960358,0.0757932,-0.14965181,-0.5374876,-0.10713639,-0.025025144,-0.6742806,-0.15497208,-0.11913763,-0.5150464,-0.13518912,-0.11059178,-0.41001013,-0.082551606,-0.07739576,-0.5051562,-0.2642912,-0.05065703,-0.65475136,-0.31803644,-0.098298155,-0.5632704,-0.28904656,-0.07156969,-0.4865454,-0.23525198,-0.035629824
BAD,0.0,0.0,0.0,-0.114486195,0.24116023,-0.089527495,-0.31531346,0.47883713,-0.13733104,-0.47507033,0.66037023,-0.18745953,-0.58244616,0.81286925,-0.22158723,-0.54124874,0.24770686,-0.019962797,-0.6690876,0.1856163,-0.11779846,-0.5091044,0.17556114,-0.17827508,-0.4076049,0.2105665,-0.20508826,-0.54539704,0.063862205,-0.018709263,-0.6711017,0.00300846,-0.12544623,-0.4775239,0.01822173,-0.16105492,-0.38613918,0.07806991,-0.16093634,-0.53028005,-0.10924424,-0.036378168,-0.6629318,-0.17108114,-0.1437277,-0.49039108,-0.14570054,-0.12771659,-0.39408717,-0.08373434,-0.08731182,-0.49832353,-0.26384795,-0.06068063,-0.6379416,-0.32641733,-0.120374314,-0.5255619,-0.2954339,-0.09127982,-0.44897982,-0.23572375,-0.051643554
BAD,0.0,0.0,0.0,-0.09643327,0.23091036,-0.091639474,-0.304053,0.47388983,-0.12958854,-0.46531317,0.6689872,-0.16790855,-0.5579115,0.82990044,-0.18787156,-0.5136195,0.27749535,-0.0008907417,-0.65242803,0.22320266,-0.09075193,-0.49737838,0.20841457,-0.1420703,-0.41067883,0.25244573,-0.16328752,-0.5285749,0.11128403,0.0064911246,-0.65456694,0.051613808,-0.0912655,-0.4700157,0.05628842,-0.1208247,-0.39358276,0.1210234,-0.11550909,-0.5232455,-0.05195138,-0.0071614883,-0.65445256,-0.10960256,-0.105318464,-0.48727283,-0.10322301,-0.08676553,-0.4016633,-0.04676261,-0.04521311,-0.5009724,-0.20357896,-0.028916959,-0.623424,-0.2445976,-0.08395568,-0.5133695,-0.2251072,-0.058353078,-0.4426703,-0.17499575,-0.02101544
BAD,0.0,0.0,0.0,-0.10587199,0.24428053,-0.083807096,-0.29736435,0.4851457,-0.12898181,-0.45183796,0.6712193,-0.17828801,-0.55075336,0.83466804,-0.21343969,-0.5200033,0.26340416,-0.011267325,-0.65513873,0.22355482,-0.106009714,-0.5096449,0.20178927,-0.16910307,-0.40740034,0.22435354,-0.19888557,-0.5331655,0.084598094,-0.011751931,-0.66201013,0.042549647,-0.113409705,-0.47891942,0.047942694,-0.15277117,-0.38247612,0.10084133,-0.15729061,-0.52235425,-0.08562068,-0.03050031,-0.65841734,-0.1302833,-0.13061513,-0.49375734,-0.111215584,-0.11807099,-0.39421064,-0.056485318,-0.082246006,-0.4932077,-0.23898393,-0.05572442,-0.6324844,-0.28404546,-0.10882542,-0.5302667,-0.25300157,-0.08106608,-0.45513228,-0.19715582,-0.044472698
BAD,0.0,0.0,0.0,-0.09942766,0.24707282,-0.08826429,-0.28895995,0.49155757,-0.13840367,-0.44164214,0.6776519,-0.1899069,-0.5348715,0.84493333,-0.22663371,-0.503566,0.27140278,-0.039026845,-0.64765954,0.22889352,-0.13141565,-0.49640682,0.20088574,-0.18728685,-0.3927906,0.21860994,-0.212373,-0.51755184,0.09061485,-0.036466513,-0.64994156,0.038857438,-0.13684507,-0.46456414,0.03848454,-0.17129049,-0.37065163,0.09155826,-0.17371628,-0.51034695,-0.07880677,-0.049822193,-0.6476383,-0.12859638,-0.14637777,-0.48382142,-0.116233096,-0.12944534,-0.38953677,-0.061849337,-0.09331773,-0.4879242,-0.22628172,-0.069656886,-0.63062865,-0.27762252,-0.120584264,-0.52556384,-0.25479388,-0.08950638,-0.45073876,-0.20249856,-0.051894724
BAD,0.0,0.0,0.0,-0.105359204,0.2337996,-0.08381518,-0.2981602,0.47693792,-0.13127111,-0.44730592,0.6757343,-0.18176472,-0.54211193,0.84030634,-0.21733472,-0.5131098,0.26144835,-0.029587653,-0.66025585,0.23263879,-0.12004859,-0.50816506,0.2162276,-0.17710498,-0.40047365,0.2331289,-0.20366067,-0.5239663,0.08521916,-0.027573396,-0.66244906,0.047634866,-0.12987348,-0.47991925,0.06102816,-0.16852757,-0.3791853,0.111366384,-0.17301495,-0.5117183,-0.08306449,-0.041199263,-0.6592027,-0.11963041,-0.13457322,-0.50128347,-0.10237355,-0.12013344,-0.40079325,-0.06033355,-0.08540274,-0.48487324,-0.23416999,-0.061569378,-0.63643414,-0.27558804,-0.10928071,-0.54698616,-0.24892208,-0.08219787,-0.47447386,-0.20829892,-0.04795169
BAD,0.0,0.0,0.0,-0.10417369,0.2486035,-0.0774497,-0.29041785,0.49404943,-0.12271408,-0.43956637,0.6863481,-0.17281394,-0.53246593,0.8464514,-0.208942,-0.5061575,0.2639476,-0.021930262,-0.6526845,0.24679488,-0.10908173,-0.5063785,0.22068855,-0.16646203,-0.39298752,0.22735435,-0.1927433,-0.5175443,0.089497395,-0.022357784,-0.6526734,0.060299132,-0.118631974,-0.47707015,0.059999414,-0.15886995,-0.3705991,0.10288871,-0.16582324,-0.507247,-0.078321435,-0.037837546,-0.65477145,-0.108556055,-0.12526587,-0.50474304,-0.098903544,-0.11376642,-0.40024358,-0.05991209,-0.082294755,-0.4812006,-0.22968204,-0.059722573,-0.63758016,-0.26701936,-0.10388704,-0.5540546,-0.2449818,-0.07687579,-0.47774234,-0.20473637,-0.043116376
BAD,0.0,0.0,0.0,-0.099213205,0.23292847,-0.10927373,-0.28849182,0.47519144,-0.16185932,-0.44639918,0.67900294,-0.21095401,-0.5435798,0.83935755,-0.24086657,-0.52416813,0.26238036,-0.03594748,-0.6366529,0.2077217,-0.13338245,-0.47077656,0.18992698,-0.18273261,-0.39529037,0.21947452,-0.20392747,-0.5369828,0.08325649,-0.02187032,-0.6431932,0.032929387,-0.1295938,-0.44677955,0.03506597,-0.15542686,-0.39008808,0.09005083,-0.14992191,-0.5311935,-0.08963375,-0.028178109,-0.64505684,-0.13739677,-0.14028408,-0.46984723,-0.12616302,-0.11525694,-0.39802718,-0.07714225,-0.069155134,-0.50870216,-0.24421088,-0.042766906,-0.6361139,-0.28149185,-0.102241814,-0.5194503,-0.26163387,-0.069766656,-0.45226443,-0.224645,-0.027852712
BAD,0.0,0.0,0.0,-0.09977622,0.24143471,-0.085314125,-0.29075372,0.48409837,-0.13013214,-0.4455899,0.67739594,-0.17802048,-0.5348621,0.8449394,-0.20984946,-0.50538975,0.26195243,-0.029375946,-0.64893544,0.22156982,-0.12029755,-0.49120376,0.19856283,-0.16878706,-0.3911954,0.22832161,-0.18788084,-0.5185977,0.086154684,-0.023647219,-0.64482707,0.040350847,-0.12513024,-0.4572431,0.03780085,-0.15682133,-0.38500968,0.09961004,-0.15716974,-0.51172197,-0.082541294,-0.03379708,-0.6527347,-0.12741865,-0.12893817,-0.48992166,-0.12569146,-0.10712777,-0.4087516,-0.07399812,-0.06806232,-0.49397525,-0.22693327,-0.050612386,-0.6382639,-0.27704498,-0.09618852,-0.5421036,-0.26727384,-0.06369134,-0.48001593,-0.23242442,-0.025844973
BAD,0.0,0.0,0.0,-0.096027866,0.24444222,-0.09305475,-0.28793114,0.48373792,-0.14069827,-0.44304478,0.6756344,-0.18965277,-0.5355462,0.844506,-0.2212347,-0.50517976,0.2698161,-0.033571713,-0.64865375,0.22045498,-0.12829953,-0.48445717,0.19857088,-0.17770082,-0.39060092,0.2316654,-0.19704916,-0.5179891,0.08947747,-0.025363129,-0.64416957,0.042504646,-0.12951458,-0.45249888,0.040568043,-0.16006833,-0.38860735,0.10238608,-0.1590521,-0.5126754,-0.08184703,-0.034303125,-0.65055156,-0.1296497,-0.13261682,-0.4844339,-0.12539944,-0.10867879,-0.4096477,-0.072141975,-0.06774207,-0.49874046,-0.22702026,-0.050470006,-0.6393413,-0.2791515,-0.09608288,-0.5369061,-0.26639563,-0.061411556,-0.47535586,-0.22955076,-0.02191483
BAD,0.0,0.0,0.0,-0.101679586,0.24554427,-0.09133507,-0.2895492,0.48353538,-0.14243846,-0.43880358,0.6774998,-0.19628048,-0.5338233,0.8455961,-0.23423758,-0.51210725,0.2623259,-0.027193125,-0.65707743,0.22148839,-0.12804358,-0.5032704,0.20459606,-0.18669347,-0.4000599,0.22314334,-0.21130838,-0.5214301,0.07856248,-0.023209004,-0.6481262,0.036516175,-0.13515104,-0.46183833,0.04837332,-0.17449845,-0.38195145,0.10054964,-0.17743734,-0.51334435,-0.09430897,-0.037473015,-0.6493945,-0.13813126,-0.14159666,-0.48700547,-0.11929693,-0.12387368,-0.40217584,-0.073112585,-0.08500298,-0.494433,-0.2485555,-0.059232034,-0.6353627,-0.29154333,-0.11191322,-0.53044695,-0.26573884,-0.08130614,-0.46033618,-0.2276528,-0.042902417
BAD,0.0,0.0,0.0,-0.10863413,0.23776156,-0.098224625,-0.2942658,0.47551006,-0.15222959,-0.4463076,0.6724992,-0.20661242,-0.5380733,0.8428981,-0.24303688,-0.5161452,0.2601402,-0.034673113,-0.6572785,0.20874831,-0.13465446,-0.49482667,0.19519725,-0.18857576,-0.39857635,0.22323738,-0.21036515,-0.52473754,0.0786897,-0.025825871,-0.65184444,0.029092606,-0.13924275,-0.46122912,0.0395771,-0.17500836,-0.3889927,0.09870871,-0.17540188,-0.51621556,-0.08982024,-0.03541364,-0.6502148,-0.14242178,-0.14252289,-0.48439032,-0.12386243,-0.12261072,-0.40231368,-0.07024422,-0.08149819,-0.49811167,-0.23638809,-0.05269442,-0.63556135,-0.28941265,-0.1057054,-0.52775496,-0.26318908,-0.07478619,-0.45932612,-0.21869197,-0.036190152
BAD,0.0,0.0,0.0,-0.08637771,0.23635449,-0.11346504,-0.2731785,0.47820044,-0.1734489,-0.42622322,0.67990077,-0.22890496,-0.52018356,0.8540546,-0.26599565,-0.49798852,0.2847594,-0.06743823,-0.6250478,0.22741488,-0.17003788,-0.45547903,0.19234245,-0.2192505,-0.37308502,0.22063546,-0.23921506,-0.5135256,0.097633414,-0.05392193,-0.6290209,0.045721266,-0.16203123,-0.43255505,0.04044463,-0.18645085,-0.3696078,0.1044877,-0.18410061,-0.51505554,-0.07778308,-0.059652347,-0.6404495,-0.13096139,-0.16990061,-0.46646178,-0.1216761,-0.14483672,-0.39389017,-0.061659534,-0.102971286,-0.50459796,-0.23209333,-0.07383121,-0.64091104,-0.27355963,-0.13110545,-0.5224927,-0.25573206,-0.098318666,-0.44961962,-0.21032622,-0.05989004
BAD,0.0,0.0,0.0,-0.107398294,0.23811193,-0.10112689,-0.2968442,0.4702912,-0.1562656,-0.4463872,0.6653472,-0.21129772,-0.54060847,0.8412743,-0.2497384,-0.51600224,0.26048544,-0.0483881,-0.6532794,0.2047101,-0.14757593,-0.49688807,0.17914882,-0.19921139,-0.4053851,0.20567632,-0.22094028,-0.52684027,0.076201715,-0.040489286,-0.6524489,0.019671919,-0.15112776,-0.46545365,0.022989877,-0.18427053,-0.39450538,0.08320557,-0.18571322,-0.52151585,-0.09649969,-0.050440893,-0.66045475,-0.15317057,-0.15959008,-0.49328485,-0.1417228,-0.13877353,-0.40939662,-0.08785995,-0.09839717,-0.50313026,-0.24412969,-0.06798718,-0.64564645,-0.2962125,-0.12661201,-0.5366264,-0.2801848,-0.09622276,-0.46534073,-0.24069028,-0.058176372
BAD,0.0,0.0,0.0,-0.11012859,0.24231349,-0.095017046,-0.2953355,0.4731296,-0.15236586,-0.44246736,0.6681274,-0.21150528,-0.54133826,0.8408048,-0.25531304,-0.5132342,0.25139406,-0.042490754,-0.65341747,0.20193814,-0.1442187,-0.5021189,0.18488674,-0.20456298,-0.4002048,0.20523639,-0.231614,-0.5191221,0.06473947,-0.03838401,-0.6511669,0.016579404,-0.15247536,-0.4696702,0.029315686,-0.19365756,-0.3833523,0.082869284,-0.1991098,-0.5076594,-0.10813687,-0.05164488,-0.64917135,-0.15788813,-0.15664731,-0.49379987,-0.13934647,-0.14120337,-0.40492925,-0.09069158,-0.10470441,-0.48604822,-0.25818112,-0.07249911,-0.63035214,-0.31030798,-0.12723076,-0.5324659,-0.2824106,-0.09899739,-0.4611756,-0.2368791,-0.062933296
BAD,0.0,0.0,0.0,-0.1022088,0.23111962,-0.10300788,-0.29067108,0.46196097,-0.1614929,-0.4432747,0.663281,-0.21924256,-0.5387171,0.8424868,-0.26004082,-0.5078569,0.25509065,-0.050501246,-0.64753705,0.20057082,-0.15045956,-0.4881536,0.18366662,-0.20343502,-0.3923381,0.21163128,-0.22515728,-0.51927245,0.07299899,-0.039566085,-0.64262307,0.022133883,-0.1499978,-0.45482653,0.030541496,-0.18400289,-0.3847149,0.08821594,-0.18497631,-0.51273376,-0.098246306,-0.04609792,-0.6448742,-0.14621127,-0.15042728,-0.4818274,-0.13320862,-0.1288304,-0.40294623,-0.08377146,-0.08854121,-0.49693325,-0.24513072,-0.060563777,-0.635087,-0.29236606,-0.11398956,-0.5289079,-0.27365977,-0.08197821,-0.46067676,-0.23894995,-0.043059874
BAD,0.0,0.0,0.0,-0.09828891,0.2384208,-0.09297329,-0.2900844,0.4744777,-0.14446658,-0.44216552,0.67022353,-0.197256,-0.53663826,0.8438124,-0.23465197,-0.50600654,0.26110598,-0.038880426,-0.64573586,0.21617556,-0.13437818,-0.4895848,0.19569765,-0.18872099,-0.38982627,0.2180694,-0.21182415,-0.51756865,0.07890348,-0.032689687,-0.6446783,0.03425733,-0.13879524,-0.45869756,0.039094366,-0.17469871,-0.37693742,0.09130566,-0.1766203,-0.51083,-0.09360199,-0.04311257,-0.6476901,-0.13573015,-0.14081223,-0.48701796,-0.1271006,-0.12230317,-0.4020355,-0.082244255,-0.08455594,-0.49440295,-0.24366993,-0.060858954,-0.6374641,-0.28744966,-0.10982325,-0.5369134,-0.2722465,-0.07900584,-0.4693192,-0.2389532,-0.041359477
BAD,0.0,0.0,0.0,-0.098728575,0.23510839,-0.09404931,-0.29312477,0.4707191,-0.14355941,-0.44692075,0.6668594,-0.19352658,-0.54259795,0.8399926,-0.22675452,-0.50872433,0.265398,-0.038856488,-0.6511687,0.21758616,-0.13437396,-0.49376583,0.19439699,-0.1849445,-0.3966054,0.22115354,-0.20545185,-0.5222208,0.08210889,-0.03183471,-0.6506178,0.032701265,-0.14002956,-0.45952553,0.03673357,-0.17352498,-0.38497826,0.095176,-0.17335725,-0.5169071,-0.090146676,-0.041606862,-0.6532572,-0.13625509,-0.14158325,-0.4884603,-0.12656981,-0.11941264,-0.40931946,-0.07736968,-0.079418406,-0.50118256,-0.23823442,-0.05876018,-0.63724965,-0.28512153,-0.10815479,-0.5309929,-0.26452774,-0.07518621,-0.46696162,-0.22573444,-0.036525946
BAD,0.0,0.0,0.0,-0.087621786,0.24533401,-0.10533465,-0.27191088,0.47430786,-0.16011265,-0.43298453,0.6702947,-0.2127874,-0.5224466,0.85267204,-0.24630499,-0.50158143,0.28291366,-0.04189183,-0.6291383,0.21698914,-0.13256863,-0.45594707,0.19720668,-0.17357698,-0.37380788,0.24582942,-0.18867916,-0.52002,0.10337736,-0.028689668,-0.62746257,0.047577742,-0.12805608,-0.42513213,0.052158266,-0.15105481,-0.37827644,0.12982598,-0.14638095,-0.5201644,-0.07034856,-0.03349511,-0.64444625,-0.12605518,-0.13347368,-0.4704934,-0.11492852,-0.10436944,-0.40770018,-0.043879125,-0.061306067,-0.5088618,-0.21803293,-0.04608513,-0.6383358,-0.27151558,-0.09609033,-0.5178481,-0.24846739,-0.057845253,-0.45222917,-0.19251582,-0.015334081
BAD,0.0,0.0,0.0,-0.08798336,0.24780105,-0.10628014,-0.2721457,0.4750346,-0.16084084,-0.42941844,0.66934514,-0.2153206,-0.5236595,0.85192764,-0.25266927,-0.50417054,0.28195748,-0.03452594,-0.6340441,0.22483703,-0.13758159,-0.46964812,0.20283258,-0.19238353,-0.38409206,0.23467197,-0.21439518,-0.5203124,0.097851776,-0.022907715,-0.6355574,0.050526537,-0.13705476,-0.440302,0.051413383,-0.17221232,-0.38092923,0.11179819,-0.17163312,-0.51792103,-0.07742376,-0.031066963,-0.64218795,-0.12199168,-0.144919,-0.4703932,-0.112086914,-0.12562504,-0.3976491,-0.05864732,-0.0831119,-0.50711113,-0.2287938,-0.046806656,-0.6428792,-0.27092925,-0.10461169,-0.5291588,-0.25303233,-0.072113074,-0.46047324,-0.21714841,-0.030452022
BAD,0.0,0.0,0.0,-0.089489624,0.24194106,-0.100478455,-0.27751523,0.47288054,-0.15319592,-0.43071008,0.67071366,-0.2066344,-0.5227568,0.8524818,-0.24354069,-0.504689,0.27594644,-0.035031974,-0.6418524,0.2286402,-0.13689545,-0.47820964,0.20595378,-0.19337635,-0.38325176,0.2333215,-0.21689342,-0.5217329,0.091990076,-0.026007183,-0.64049906,0.052258134,-0.13896291,-0.44692832,0.05243039,-0.17675878,-0.37847808,0.110016584,-0.17857006,-0.51875633,-0.08341485,-0.035522453,-0.6481651,-0.12129585,-0.14381522,-0.4796126,-0.113558926,-0.12473844,-0.40338358,-0.06475861,-0.08423662,-0.50685096,-0.23492098,-0.052525952,-0.6417053,-0.27313137,-0.10699322,-0.5316409,-0.254519,-0.07463965,-0.46552575,-0.21995074,-0.03435238
BAD,0.0,0.0,0.0,-0.09602739,0.2443554,-0.09560871,-0.27758157,0.4818378,-0.14662941,-0.42927596,0.68027633,-0.19873948,-0.52197343,0.8529618,-0.23427999,-0.4986505,0.27643526,-0.030100945,-0.63824993,0.23279981,-0.13015194,-0.47796836,0.2095028,-0.18695512,-0.38324046,0.23571706,-0.21092932,-0.5166158,0.09405,-0.02239968,-0.6398527,0.05109444,-0.1338442,-0.44998795,0.052348197,-0.17236412,-0.38052985,0.11186845,-0.17499697,-0.5150579,-0.07686919,-0.032607347,-0.6454791,-0.11865953,-0.13781777,-0.48005697,-0.11164547,-0.11835674,-0.4028637,-0.062279098,-0.078334644,-0.5036449,-0.22425656,-0.050162837,-0.6356933,-0.26739293,-0.10249073,-0.52355176,-0.24885356,-0.06925603,-0.45611352,-0.21263433,-0.028910976
BAD,0.0,0.0,0.0,-0.10101188,0.24766897,-0.09366922,-0.27931753,0.4862947,-0.14338021,-0.4282513,0.6851026,-0.19359817,-0.5179819,0.85539156,-0.2265332,-0.49461967,0.27672806,-0.032959137,-0.6311648,0.22813252,-0.12557526,-0.47260627,0.20294476,-0.17425203,-0.37833095,0.23172985,-0.1942643,-0.5114748,0.093143,-0.02411178,-0.6350037,0.049433537,-0.13090135,-0.4457958,0.049128346,-0.1656753,-0.37645376,0.10844984,-0.16834344,-0.509203,-0.077460445,-0.03179757,-0.6437182,-0.11989589,-0.13320552,-0.4777195,-0.11102987,-0.11209462,-0.3989722,-0.05905069,-0.07316323,-0.49580237,-0.22379667,-0.046381194,-0.63315135,-0.27036017,-0.09540263,-0.52579933,-0.2501403,-0.06187456,-0.46177986,-0.20986655,-0.023377204
BAD,0.0,0.0,0.0,-0.09877578,0.24429211,-0.090579085,-0.2838216,0.48335552,-0.14009455,-0.42886895,0.6798985,-0.19184978,-0.5209046,0.8536149,-0.22994412,-0.496875,0.277553,-0.03297912,-0.6351674,0.23367357,-0.12967166,-0.4890291,0.20704524,-0.18995027,-0.38837832,0.22913228,-0.21777597,-0.5120768,0.09264403,-0.029034955,-0.64611495,0.050359726,-0.13985342,-0.46413323,0.049003027,-0.18441106,-0.37147504,0.10143753,-0.19187242,-0.5095274,-0.07978604,-0.041388843,-0.6506794,-0.119710155,-0.14359659,-0.49224073,-0.11449755,-0.13189772,-0.39915356,-0.06978102,-0.09761803,-0.4967828,-0.22762257,-0.06075006,-0.6388961,-0.26718518,-0.113640785,-0.5378306,-0.25220603,-0.08607261,-0.464951,-0.2187249,-0.050578568
BAD,0.0,0.0,0.0,-0.09421555,0.24354151,-0.09200593,-0.27949342,0.48234868,-0.14346191,-0.42335895,0.6816328,-0.1966259,-0.51536816,0.85696894,-0.23604164,-0.49002862,0.282137,-0.038678385,-0.63233405,0.24154712,-0.13619363,-0.48553517,0.21363924,-0.19682424,-0.38589486,0.23269437,-0.22504571,-0.5054594,0.09909964,-0.034329496,-0.64292455,0.058095355,-0.14377497,-0.46362534,0.053826015,-0.1864493,-0.37224272,0.10391228,-0.19294502,-0.5034899,-0.0736098,-0.046292353,-0.6489845,-0.11130757,-0.14629476,-0.49207246,-0.10928193,-0.13248573,-0.40107098,-0.06520177,-0.097510785,-0.49086326,-0.22305268,-0.0655243,-0.63479024,-0.26165137,-0.117096476,-0.5361325,-0.25054744,-0.088794336,-0.46532822,-0.21710408,-0.053070128
BAD,0.0,0.0,0.0,-0.09677689,0.24706051,-0.09680761,-0.27529567,0.4820998,-0.15115476,-0.42055073,0.682726,-0.20553757,-0.50890815,0.86082083,-0.24394596,-0.48775935,0.28444162,-0.04416915,-0.6252989,0.24196775,-0.13969687,-0.46977395,0.21442656,-0.19245782,-0.37905827,0.23779522,-0.215928,-0.50379777,0.1073867,-0.036548726,-0.6298804,0.06538376,-0.14251849,-0.4472708,0.06274656,-0.17719546,-0.37589875,0.117753536,-0.18077731,-0.50167704,-0.05992923,-0.04565168,-0.63736385,-0.10067522,-0.14847909,-0.47565302,-0.096693024,-0.12929,-0.39458692,-0.050452735,-0.091726646,-0.4883004,-0.20389333,-0.062003367,-0.62795925,-0.2454613,-0.11640422,-0.5215673,-0.23057778,-0.08581916,-0.44998744,-0.19497474,-0.048647076
BAD,0.0,0.0,0.0,-0.09538666,0.2408654,-0.09531856,-0.27734068,0.47921237,-0.14883962,-0.42329562,0.6798353,-0.20361191,-0.51580274,0.8567074,-0.24357305,-0.49523947,0.27573976,-0.03798171,-0.63662475,0.23626596,-0.13707484,-0.48253506,0.20966232,-0.19821501,-0.38368016,0.23060496,-0.22707658,-0.5106867,0.092867136,-0.032819644,-0.6418707,0.052680403,-0.14464459,-0.45619532,0.0515131,-0.18778333,-0.36998355,0.10418913,-0.19474688,-0.5074165,-0.07946427,-0.04460952,-0.6479064,-0.11793981,-0.14813818,-0.48800328,-0.11403211,-0.13387865,-0.4004834,-0.07050166,-0.09840594,-0.49290243,-0.22951506,-0.06379337,-0.6343281,-0.26615974,-0.117701985,-0.5308751,-0.2511734,-0.08897409,-0.4595707,-0.21755137,-0.052557558
BAD,0.0,0.0,0.0,-0.09403703,0.24483901,-0.099734455,-0.27787745,0.47839606,-0.15287127,-0.42704758,0.67863905,-0.2052619,-0.5161928,0.8564724,-0.23971145,-0.49706507,0.28512874,-0.042045444,-0.63089556,0.23716247,-0.13547681,-0.46732566,0.21188588,-0.1830193,-0.38144156,0.24448036,-0.20260233,-0.5135284,0.10495354,-0.03150567,-0.6316091,0.066572994,-0.13604183,-0.44366103,0.06098639,-0.16681753,-0.3842209,0.11853715,-0.16694616,-0.51107603,-0.06684143,-0.038121648,-0.643814,-0.10300892,-0.13842474,-0.48135513,-0.10263147,-0.11530635,-0.408275,-0.055964082,-0.07531643,-0.4991153,-0.21314515,-0.052339967,-0.63544697,-0.24881357,-0.102266386,-0.53292704,-0.23325656,-0.06931572,-0.46875966,-0.20006116,-0.030493375
BAD,0.0,0.0,0.0,-0.09328679,0.24845318,-0.099786215,-0.27631664,0.491343,-0.15053466,-0.4221134,0.6859773,-0.2012416,-0.5113389,0.8593792,-0.23689176,-0.49381778,0.28277284,-0.035618693,-0.62665695,0.23359355,-0.13501358,-0.47250694,0.21281767,-0.19444698,-0.3788092,0.23912193,-0.22125249,-0.50999415,0.097285785,-0.026577909,-0.6341389,0.057882383,-0.13774924,-0.451773,0.05818107,-0.17940769,-0.37474152,0.10887346,-0.185244,-0.5102853,-0.076159455,-0.035660174,-0.64129454,-0.11441199,-0.14086632,-0.48255756,-0.10616047,-0.1277124,-0.40104595,-0.060673427,-0.092367254,-0.5018094,-0.22400506,-0.052404627,-0.6385188,-0.26095206,-0.10620309,-0.53175163,-0.24624257,-0.07777377,-0.46109602,-0.21441624,-0.041259393
BAD,0.0,0.0,0.0,-0.09308334,0.24562898,-0.092735,-0.27834445,0.48696962,-0.14078774,-0.4235554,0.6841674,-0.18976127,-0.51053536,0.8598567,-0.22421873,-0.49127585,0.28627414,-0.034771945,-0.6226869,0.23827326,-0.12766933,-0.46851835,0.21340497,-0.18218808,-0.37969294,0.24151704,-0.20804848,-0.508125,0.10525033,-0.028412465,-0.63323253,0.06413521,-0.13318114,-0.4507502,0.059703056,-0.17071211,-0.37736982,0.11413212,-0.17590879,-0.50615245,-0.06669203,-0.038506575,-0.64115584,-0.10558931,-0.13823365,-0.48072258,-0.104542986,-0.12142635,-0.40007243,-0.057372544,-0.08598436,-0.4938908,-0.21410541,-0.055736665,-0.6293364,-0.25432122,-0.10766448,-0.52423877,-0.24348818,-0.078421935,-0.45669138,-0.20972413,-0.042763744
BAD,0.0,0.0,0.0,-0.09105688,0.24790424,-0.09430648,-0.27734703,0.48561823,-0.14228715,-0.425196,0.681524,-0.19111244,-0.512085,0.8589347,-0.22547472,-0.49581626,0.28402707,-0.03158647,-0.6227426,0.24116586,-0.122118436,-0.47051913,0.21371621,-0.17625955,-0.38700518,0.24091837,-0.20284125,-0.5151271,0.102755666,-0.024800854,-0.6346133,0.06454884,-0.1283617,-0.4504218,0.059634194,-0.16681851,-0.37862295,0.11420308,-0.17286596,-0.51395744,-0.071820356,-0.03455421,-0.64775187,-0.10909801,-0.1348305,-0.48535433,-0.10675578,-0.11899567,-0.40417808,-0.059964284,-0.08396605,-0.5007885,-0.22323182,-0.05144348,-0.63840383,-0.25930607,-0.10462677,-0.5324141,-0.24549113,-0.075550474,-0.46286967,-0.21247287,-0.039466828
BAD,0.0,0.0,0.0,-0.08342594,0.24417435,-0.1032275,-0.2750025,0.4863364,-0.15183409,-0.42579877,0.68202955,-0.19813764,-0.5106738,0.85977453,-0.2269082,-0.4986286,0.30086905,-0.04199401,-0.61948216,0.23627736,-0.13152942,-0.45507437,0.2067975,-0.17421019,-0.37900233,0.24590056,-0.19186077,-0.5165316,0.11684058,-0.02938741,-0.6211895,0.06319203,-0.1306549,-0.43078926,0.058116853,-0.15721342,-0.38078803,0.12713285,-0.15528251,-0.5152632,-0.057412397,-0.034467008,-0.63386804,-0.10803488,-0.13766816,-0.46499145,-0.105013035,-0.11514444,-0.39987722,-0.04468642,-0.075418115,-0.5044505,-0.20385003,-0.046761516,-0.6321891,-0.25158915,-0.099661276,-0.5199828,-0.2385921,-0.06739022,-0.45861483,-0.19667919,-0.028993312
BAD,0.0,0.0,0.0,-0.08737106,0.24193466,-0.10295884,-0.27550012,0.4807422,-0.15285526,-0.42762163,0.67835873,-0.20162013,-0.51891404,0.8548264,-0.23449844,-0.49490744,0.28832832,-0.035350792,-0.6264723,0.23939398,-0.13267514,-0.47467214,0.2091318,-0.18864773,-0.39150587,0.23584251,-0.21408057,-0.5146978,0.10580912,-0.025070801,-0.6373422,0.06210991,-0.13270915,-0.45111975,0.054314267,-0.16995218,-0.38267606,0.1091953,-0.17311414,-0.51662314,-0.066556014,-0.033477433,-0.6462931,-0.109839514,-0.13904205,-0.48467082,-0.10638469,-0.12378993,-0.4098753,-0.056853186,-0.0868328,-0.5096342,-0.21491194,-0.04959294,-0.64383435,-0.24946836,-0.1032458,-0.53656703,-0.23610125,-0.07381279,-0.4699865,-0.20133393,-0.036571886
BAD,0.0,0.0,0.0,-0.08724367,0.2511406,-0.09945459,-0.27442822,0.48408803,-0.14846869,-0.4260193,0.67756784,-0.19720532,-0.5168721,0.85606265,-0.23016593,-0.49095678,0.29478428,-0.03646419,-0.6174955,0.24239355,-0.12989843,-0.46042532,0.21231726,-0.18121038,-0.3823989,0.24618682,-0.2047304,-0.51128113,0.11143137,-0.027292216,-0.6277968,0.071572535,-0.13345209,-0.4374636,0.061362498,-0.16873018,-0.37454462,0.11975505,-0.1716906,-0.5114437,-0.06319439,-0.035330985,-0.643622,-0.099823326,-0.140514,-0.47458702,-0.10164136,-0.12144352,-0.39952347,-0.051500965,-0.08266253,-0.5017089,-0.2115786,-0.05043598,-0.6384301,-0.24647321,-0.10466646,-0.5285081,-0.23325993,-0.072791606,-0.46158952,-0.19742867,-0.03395145
BAD,0.0,0.0,0.0,-0.09031758,0.25320297,-0.09895101,-0.27678174,0.4813972,-0.14962418,-0.42855358,0.67248243,-0.2020892,-0.5193261,0.8545762,-0.23963538,-0.4914564,0.28161585,-0.033055134,-0.6280804,0.23690146,-0.13414504,-0.47366786,0.21139888,-0.1937511,-0.38266754,0.23678179,-0.2203378,-0.5080872,0.095582776,-0.025209967,-0.6400441,0.059645437,-0.14220408,-0.4510976,0.058258016,-0.18662699,-0.37024477,0.11255293,-0.19223568,-0.507006,-0.0784091,-0.03515009,-0.65122414,-0.11226055,-0.14569868,-0.48648906,-0.10505509,-0.13251851,-0.39856505,-0.057915635,-0.094417,-0.49783814,-0.22691986,-0.052498993,-0.6428563,-0.26398465,-0.10894607,-0.54236925,-0.24760233,-0.081209145,-0.47269836,-0.21268132,-0.04390989
BAD,0.0,0.0,0.0,-0.09681951,0.2503458,-0.09358073,-0.28143337,0.48112455,-0.14409342,-0.43092474,0.675228,-0.19747588,-0.5250904,0.8510464,-0.236307,-0.4940606,0.27791035,-0.029864518,-0.6326095,0.24248545,-0.12816285,-0.48007587,0.21551192,-0.18792346,-0.386983,0.23655103,-0.21533912,-0.51068604,0.09554447,-0.024273675,-0.6435083,0.06546104,-0.13776205,-0.45719174,0.06266354,-0.18300046,-0.37416762,0.11260387,-0.19021684,-0.5090896,-0.07729545,-0.035636693,-0.65535194,-0.109299324,-0.1418383,-0.49320695,-0.103589155,-0.12968081,-0.40224487,-0.060203068,-0.09330128,-0.4988144,-0.22732703,-0.054148424,-0.64534724,-0.2625058,-0.108346716,-0.54834646,-0.24539267,-0.08120318,-0.4771256,-0.21217656,-0.0448564
BAD,0.0,0.0,0.0,-0.0879353,0.2481113,-0.10501976,-0.27225858,0.47648028,-0.15840031,-0.43097398,0.67020667,-0.21048805,-0.523029,0.8523149,-0.24521433,-0.5034236,0.2927977,-0.041145314,-0.6299404,0.23671164,-0.13719237,-0.46171582,0.20905566,-0.18851286,-0.3764878,0.24110177,-0.21024008,-0.5236456,0.10763025,-0.028216071,-0.63758594,0.06671704,-0.13765384,-0.43899673,0.05821685,-0.17237401,-0.3741024,0.114555806,-0.17304827,-0.522092,-0.06726821,-0.03283773,-0.64942104,-0.105273806,-0.141157,-0.47998503,-0.1038759,-0.121604554,-0.40265614,-0.05473088,-0.08063761,-0.5121493,-0.21498469,-0.044760905,-0.65012056,-0.25445735,-0.10052369,-0.53892046,-0.23706736,-0.068101496,-0.46702033,-0.1984207,-0.027296288
BAD,0.0,0.0,0.0,-0.08251433,0.2454073,-0.10199082,-0.2684785,0.48165232,-0.15339765,-0.42267716,0.67884225,-0.20426951,-0.5154639,0.85691136,-0.23914337,-0.49316844,0.298901,-0.0363697,-0.62559944,0.24822658,-0.13463147,-0.46507844,0.21750659,-0.19012162,-0.37650138,0.23852399,-0.21429136,-0.512717,0.112863034,-0.026194287,-0.6350572,0.07154711,-0.13829052,-0.43998754,0.06681222,-0.176545,-0.36526862,0.118299015,-0.1781002,-0.5130126,-0.06266948,-0.034098405,-0.645621,-0.10237842,-0.14265998,-0.4772635,-0.09629685,-0.12594578,-0.39646992,-0.04984039,-0.08597507,-0.50494313,-0.21409069,-0.049303956,-0.6429814,-0.25169575,-0.10579496,-0.5316589,-0.2324188,-0.07529983,-0.4598798,-0.1939015,-0.035573594
BAD,0.0,0.0,0.0,-0.085581884,0.24573843,-0.100945614,-0.27345717,0.48231035,-0.15258572,-0.4259479,0.67626244,-0.20415692,-0.51606685,0.8565483,-0.23989011,-0.49374145,0.29169318,-0.040098537,-0.6291387,0.25016,-0.13906342,-0.47091216,0.21701172,-0.19440238,-0.38211662,0.23593535,-0.21875958,-0.512089,0.108878404,-0.031362936,-0.6362684,0.07326532,-0.14376025,-0.44545865,0.06405736,-0.1823103,-0.37068942,0.11210436,-0.18531267,-0.5114557,-0.06421914,-0.040457115,-0.64679575,-0.09888219,-0.14971885,-0.4794237,-0.09698133,-0.13277239,-0.39592114,-0.05251866,-0.09343189,-0.50170904,-0.21337794,-0.05693238,-0.6423529,-0.24817315,-0.11462722,-0.5340331,-0.23382829,-0.084951736,-0.4624322,-0.19838794,-0.046468023
BAD,0.0,0.0,0.0,-0.0909461,0.24328838,-0.09695037,-0.27493352,0.48312613,-0.14676242,-0.42367947,0.6809463,-0.19762273,-0.51576847,0.856728,-0.2332535,-0.49588835,0.28628343,-0.031353716,-0.6277732,0.2498088,-0.12854926,-0.4766599,0.2212634,-0.18651198,-0.38645074,0.24228953,-0.21296829,-0.51430595,0.10619553,-0.023681127,-0.63760614,0.07159338,-0.1338855,-0.4508389,0.06857682,-0.17487785,-0.37272874,0.120520756,-0.18012986,-0.5123375,-0.064923026,-0.033748876,-0.648207,-0.10102487,-0.13932376,-0.4859999,-0.09170241,-0.12572354,-0.40122876,-0.042260487,-0.08952635,-0.5004923,-0.21229026,-0.0509942,-0.6403453,-0.25009522,-0.10555691,-0.536797,-0.22587155,-0.077366315,-0.46554133,-0.18151303,-0.040701345
BAD,0.0,0.0,0.0,-0.098399356,0.24390505,-0.09334208,-0.28224447,0.4873998,-0.14447309,-0.42563987,0.68318075,-0.19728875,-0.5125091,0.85868174,-0.23611188,-0.48988086,0.270898,-0.030871442,-0.6339736,0.24743946,-0.13271561,-0.49279907,0.22693852,-0.1980546,-0.38689896,0.24123628,-0.22836077,-0.5061767,0.09331419,-0.027518349,-0.6463358,0.06522279,-0.1390048,-0.46666202,0.063531004,-0.1827289,-0.3717861,0.10425981,-0.18887326,-0.5036245,-0.07553509,-0.042571913,-0.65161926,-0.110156596,-0.14527655,-0.49986717,-0.103355326,-0.13386516,-0.40814915,-0.06355106,-0.0994446,-0.4892537,-0.22433956,-0.065381415,-0.63438714,-0.25707722,-0.11902497,-0.53653437,-0.23794667,-0.09265475,-0.46285257,-0.19981682,-0.057839565
BAD,0.0,0.0,0.0,-0.0980663,0.24150664,-0.093302116,-0.2849568,0.48106652,-0.14277825,-0.43252748,0.6799898,-0.19276792,-0.51975226,0.854317,-0.22659186,-0.4947281,0.27959052,-0.03903352,-0.63178116,0.24477565,-0.13026713,-0.47445518,0.2162581,-0.17985572,-0.3844699,0.2393005,-0.20195872,-0.51093626,0.10258428,-0.031825636,-0.6356609,0.06904862,-0.13660483,-0.44921306,0.06337628,-0.17134066,-0.37636384,0.11604832,-0.17438649,-0.50810534,-0.06580779,-0.040812347,-0.64561105,-0.1043755,-0.14156406,-0.4843173,-0.100036226,-0.12418117,-0.4023974,-0.049390968,-0.087817654,-0.49523768,-0.2091233,-0.056755602,-0.6334211,-0.25618222,-0.11083972,-0.5306808,-0.23866843,-0.08311372,-0.46099585,-0.19356583,-0.047871638
BAD,0.0,0.0,0.0,-0.09376174,0.24519743,-0.09226685,-0.2823898,0.48259798,-0.14072882,-0.43169415,0.67787504,-0.19109204,-0.5242065,0.85159117,-0.2263617,-0.49442726,0.2859307,-0.033648252,-0.63648474,0.2519212,-0.1316667,-0.48097438,0.22204857,-0.18873355,-0.3906089,0.24102317,-0.21482405,-0.51035535,0.1069273,-0.029503807,-0.6420696,0.07156539,-0.1382621,-0.457333,0.06485542,-0.17669764,-0.3838086,0.115380585,-0.18125628,-0.5074141,-0.06473687,-0.042656746,-0.6502583,-0.09858605,-0.14763474,-0.48728976,-0.09642377,-0.13088502,-0.40660518,-0.05113886,-0.093612775,-0.49478203,-0.21451971,-0.0628314,-0.63795257,-0.25208935,-0.119069435,-0.53232956,-0.23888779,-0.089931145,-0.4621186,-0.20400515,-0.052877538
BAD,0.0,0.0,0.0,-0.09839645,0.24387191,-0.095771424,-0.28594744,0.47938147,-0.1470467,-0.43533242,0.67431283,-0.199905,-0.5294167,0.84836197,-0.23678644,-0.4973838,0.27983463,-0.034698334,-0.6422233,0.24365081,-0.13375477,-0.487642,0.2156868,-0.19285713,-0.39294237,0.23633428,-0.21982238,-0.5126751,0.100190505,-0.02839705,-0.6457787,0.06532465,-0.14073628,-0.4622951,0.061373856,-0.18327205,-0.38249975,0.11265099,-0.18949321,-0.5084894,-0.06978371,-0.039498042,-0.6522955,-0.10514936,-0.14397152,-0.49311134,-0.101579644,-0.12929654,-0.40768197,-0.05666058,-0.092855364,-0.49479327,-0.2164369,-0.058115892,-0.63728726,-0.25678802,-0.111023344,-0.540101,-0.23832256,-0.08296537,-0.47207838,-0.1985652,-0.04710492
BAD,0.0,0.0,0.0,-0.10180925,0.24402428,-0.09743969,-0.28935406,0.47626993,-0.14987904,-0.43867248,0.67084783,-0.20300162,-0.5318037,0.8468677,-0.23948792,-0.50174433,0.276798,-0.03811611,-0.64324385,0.23328398,-0.13382936,-0.4849002,0.20589352,-0.1880513,-0.39106306,0.23120815,-0.21205154,-0.5152825,0.09516258,-0.029766852,-0.6437558,0.058839872,-0.13979767,-0.4564783,0.054727532,-0.17949496,-0.37959233,0.10847046,-0.18449846,-0.50922465,-0.0765664,-0.038197566,-0.653939,-0.11341729,-0.1417498,-0.49256536,-0.1092928,-0.12450977,-0.40571013,-0.06231484,-0.0869278,-0.49422356,-0.22366592,-0.05395208,-0.63705087,-0.26316953,-0.10766877,-0.5370503,-0.24206515,-0.07819582,-0.46603608,-0.20097274,-0.041054633
BAD,0.0,0.0,0.0,-0.10228316,0.24412155,-0.09890026,-0.2883053,0.47511232,-0.15116592,-0.44075942,0.66923845,-0.20443974,-0.5364992,0.84390086,-0.24112764,-0.497002,0.27652657,-0.035552874,-0.6442652,0.23149486,-0.13316284,-0.48543108,0.20020565,-0.1891191,-0.39194357,0.22124901,-0.21361336,-0.51206803,0.09250898,-0.02654446,-0.6477637,0.053727813,-0.13896231,-0.4601358,0.04465945,-0.18062514,-0.38088593,0.096926644,-0.18561235,-0.50916,-0.08000948,-0.034841593,-0.65511817,-0.1158034,-0.13934073,-0.49307704,-0.115174666,-0.12327527,-0.4062223,-0.06946412,-0.08524611,-0.4980531,-0.22696076,-0.050761413,-0.64230734,-0.26669788,-0.103273705,-0.5431968,-0.2506459,-0.07402128,-0.47331733,-0.21350476,-0.03676744
BAD,0.0,0.0,0.0,-0.10047682,0.246654,-0.10009359,-0.28318605,0.4795457,-0.15263624,-0.43717518,0.674788,-0.20515415,-0.5310816,0.8473208,-0.23963581,-0.49451908,0.28272384,-0.0390826,-0.63728577,0.23175873,-0.13446051,-0.47251704,0.20035516,-0.1842394,-0.38482332,0.22598822,-0.20473242,-0.5085677,0.10025488,-0.028935306,-0.63893235,0.055860095,-0.13788693,-0.44947731,0.045759346,-0.17246176,-0.38107163,0.10094431,-0.17390437,-0.50489724,-0.07190362,-0.03623453,-0.64647907,-0.11288242,-0.14077957,-0.48053792,-0.11276977,-0.12037503,-0.39787433,-0.0643909,-0.080161564,-0.49304396,-0.21936944,-0.051031586,-0.63533086,-0.26206306,-0.103715554,-0.5330172,-0.24684042,-0.0727026,-0.4641243,-0.20993714,-0.03444514
BAD,0.0,0.0,0.0,-0.095262274,0.24437156,-0.09393661,-0.27970377,0.47843266,-0.14587395,-0.43115398,0.67527,-0.19940013,-0.525587,0.8507399,-0.23727041,-0.49257204,0.2841779,-0.03725441,-0.6327201,0.24600676,-0.13512935,-0.47574142,0.21538971,-0.19116722,-0.38441235,0.23647663,-0.21646516,-0.5096898,0.10230495,-0.031276863,-0.6386444,0.066710904,-0.14123824,-0.450735,0.06079764,-0.17956391,-0.3773545,0.11420983,-0.18391371,-0.5073675,-0.070324704,-0.042111192,-0.6490027,-0.10721842,-0.14596112,-0.48775095,-0.105729304,-0.12777975,-0.40686956,-0.059979238,-0.08981624,-0.4957197,-0.21979032,-0.06000136,-0.6374702,-0.2586468,-0.11279467,-0.5370414,-0.24318701,-0.08206901,-0.47086486,-0.20635876,-0.04451759
BAD,0.0,0.0,0.0,-0.087735154,0.24764909,-0.1043157,-0.26884907,0.48621565,-0.15861905,-0.4214299,0.68103653,-0.21182585,-0.5165676,0.85624635,-0.2480684,-0.49079263,0.2942011,-0.047191814,-0.6243798,0.2464287,-0.14549161,-0.4614904,0.21516837,-0.19760916,-0.3800584,0.24275093,-0.22035505,-0.5082642,0.10996491,-0.036235243,-0.6280095,0.07048117,-0.14661193,-0.43831173,0.05982135,-0.18126805,-0.37558356,0.115083575,-0.18322314,-0.50716835,-0.06632506,-0.042872626,-0.64182067,-0.102923416,-0.15104084,-0.47397935,-0.10538354,-0.13032398,-0.39803106,-0.057304397,-0.08980996,-0.49716532,-0.21862043,-0.057059117,-0.636923,-0.25573644,-0.11368873,-0.5296605,-0.2453265,-0.08205712,-0.46289068,-0.21149255,-0.042642053
BAD,0.0,0.0,0.0,-0.095795415,0.24775279,-0.09510321,-0.27713606,0.48753366,-0.14495116,-0.42481157,0.6828754,-0.19611375,-0.5159053,0.85664564,-0.23072657,-0.492769,0.28539804,-0.034530096,-0.62538743,0.24776007,-0.12948966,-0.46452674,0.21644796,-0.18262815,-0.37684527,0.23811474,-0.20649429,-0.5117263,0.10447802,-0.027184445,-0.6318036,0.0682415,-0.13520375,-0.4435027,0.057902977,-0.1718222,-0.3740783,0.1081236,-0.1752827,-0.50971705,-0.06795435,-0.03687196,-0.643401,-0.10168012,-0.14000629,-0.4814202,-0.104233734,-0.122258924,-0.4035243,-0.061046902,-0.084576,-0.4971709,-0.21587424,-0.053698346,-0.6354274,-0.25495368,-0.10567208,-0.53719074,-0.24123304,-0.07591261,-0.47328326,-0.20551825,-0.038966667
BAD,0.0,0.0,0.0,-0.08928904,0.24569583,-0.09827836,-0.27485713,0.48277122,-0.14995188,-0.42677623,0.67829,-0.20162582,-0.5190188,0.8547628,-0.23688328,-0.495044,0.2847269,-0.04117538,-0.62811166,0.2452632,-0.13698451,-0.4668632,0.2056167,-0.19042012,-0.37900922,0.22568674,-0.21482594,-0.5172387,0.10553821,-0.0334517,-0.6340401,0.069844864,-0.13893254,-0.44660494,0.050959434,-0.17441252,-0.37930858,0.103933476,-0.17847995,-0.5174727,-0.06714734,-0.042890113,-0.6442733,-0.10041685,-0.14506929,-0.48265243,-0.11008555,-0.12587383,-0.4100533,-0.06266761,-0.08888437,-0.50653106,-0.21617122,-0.05969294,-0.6430856,-0.2542211,-0.11257879,-0.5358984,-0.24879877,-0.080563486,-0.46894476,-0.21341494,-0.042487096
BAD,0.0,0.0,0.0,-0.09051302,0.24345733,-0.1029989,-0.27170536,0.4831995,-0.1571594,-0.4190635,0.68230045,-0.21012208,-0.51051414,0.85986936,-0.24528803,-0.49019158,0.28461564,-0.045190275,-0.6232372,0.24523024,-0.1416641,-0.45857134,0.21317418,-0.19103141,-0.3739551,0.24418758,-0.21181946,-0.5114319,0.10534575,-0.0353135,-0.62882286,0.06490065,-0.14334387,-0.43740568,0.05440242,-0.1753131,-0.3743445,0.11774809,-0.17538257,-0.5124944,-0.065170206,-0.04315337,-0.6436108,-0.10328543,-0.149936,-0.47629872,-0.110694006,-0.12795092,-0.4034666,-0.05846882,-0.08712265,-0.501986,-0.21083668,-0.05847167,-0.63638985,-0.2509195,-0.11493912,-0.5252111,-0.24411434,-0.082433335,-0.4581899,-0.20589414,-0.042679492
BAD,0.0,0.0,0.0,-0.08618033,0.24232446,-0.10319427,-0.26620117,0.4899698,-0.15488659,-0.41799855,0.69290376,-0.20416565,-0.5010533,0.86541635,-0.23591723,-0.47949454,0.282557,-0.040098224,-0.6150845,0.24764247,-0.13040692,-0.4572989,0.22159864,-0.1766132,-0.36617818,0.24687904,-0.19562867,-0.50324106,0.10680541,-0.027386924,-0.62553006,0.06247578,-0.12851454,-0.43947017,0.05126129,-0.15741718,-0.37136874,0.10671124,-0.15562084,-0.5064232,-0.058992088,-0.032464884,-0.63572997,-0.104187556,-0.13536248,-0.47139463,-0.103356704,-0.115502924,-0.39416605,-0.04621136,-0.07582434,-0.49457917,-0.20342655,-0.044836503,-0.62798136,-0.24718764,-0.09976213,-0.51742524,-0.23647882,-0.06939492,-0.44926703,-0.18887162,-0.031297408
BAD,0.0,0.0,0.0,-0.08016917,0.25002074,-0.095462635,-0.26634657,0.49921823,-0.14300437,-0.4147941,0.69377774,-0.1898836,-0.5003284,0.86583567,-0.21994019,-0.4785896,0.2931881,-0.050834533,-0.6138828,0.25005728,-0.14600761,-0.44857416,0.22099648,-0.19202098,-0.36336446,0.24829601,-0.21063177,-0.50078136,0.111728825,-0.04393051,-0.62046707,0.06784017,-0.14863189,-0.42837098,0.059063375,-0.17501478,-0.3667028,0.11574627,-0.17254291,-0.5059281,-0.059597623,-0.05346858,-0.6354786,-0.09994679,-0.15952909,-0.4623187,-0.10097044,-0.13540949,-0.39107236,-0.048752036,-0.09372164,-0.49801084,-0.20586218,-0.06953752,-0.6381221,-0.24877058,-0.124989495,-0.5232014,-0.24091783,-0.09086928,-0.45545295,-0.20111185,-0.050766453
BAD,0.0,0.0,0.0,-0.08222889,0.25347763,-0.09225141,-0.26981077,0.4967871,-0.13817398,-0.41962114,0.68907464,-0.18511789,-0.5076734,0.8615496,-0.21568416,-0.4862917,0.28972578,-0.03390248,-0.61703706,0.25308478,-0.12870957,-0.45358717,0.21968713,-0.17713085,-0.37119558,0.24253993,-0.19780226,-0.5090593,0.106700316,-0.030309482,-0.62451947,0.067188,-0.13552998,-0.43195248,0.055936247,-0.16519165,-0.37258646,0.11085042,-0.16393267,-0.51248556,-0.06805225,-0.044196367,-0.6375942,-0.10257424,-0.15014042,-0.46542123,-0.10656772,-0.12686184,-0.39880434,-0.057562,-0.085465856,-0.50336546,-0.22105184,-0.064650305,-0.6400322,-0.25431153,-0.118240006,-0.5233568,-0.24586558,-0.08222645,-0.4597446,-0.2104097,-0.040820688
BAD,0.0,0.0,0.0,-0.085893005,0.24934359,-0.09787334,-0.2723996,0.4906902,-0.14713594,-0.4212282,0.68552846,-0.19584101,-0.5080795,0.8613102,-0.22794789,-0.49361494,0.29375374,-0.040898316,-0.6100901,0.23921445,-0.13677272,-0.44745728,0.20974626,-0.18587081,-0.37113765,0.24289523,-0.20742585,-0.51329356,0.10944269,-0.034252267,-0.6227476,0.06529673,-0.14120188,-0.4298086,0.055392303,-0.17060329,-0.3725897,0.11284962,-0.1692884,-0.51346827,-0.066726744,-0.045235835,-0.6350442,-0.106519304,-0.15262572,-0.46328497,-0.108137675,-0.1298297,-0.3947109,-0.056431763,-0.08832744,-0.502393,-0.21846545,-0.06318782,-0.6375454,-0.25822452,-0.11792231,-0.5254644,-0.24893834,-0.084016904,-0.4631026,-0.21384445,-0.04371915
BAD,0.0,0.0,0.0,-0.08680075,0.24795385,-0.10274135,-0.2735924,0.48462826,-0.15433677,-0.42474917,0.6795036,-0.2046413,-0.5172545,0.85583174,-0.23849459,-0.49654406,0.29593402,-0.04585238,-0.6196032,0.23715957,-0.14225289,-0.45504013,0.20631298,-0.19344854,-0.37417236,0.24082065,-0.21656899,-0.5169512,0.11001235,-0.035966225,-0.63253826,0.06343627,-0.14525023,-0.43877903,0.054076545,-0.17876501,-0.3765844,0.11545752,-0.18005474,-0.51777697,-0.065403916,-0.04347823,-0.645261,-0.10986144,-0.15056925,-0.47540337,-0.10976774,-0.13040362,-0.40409622,-0.05440897,-0.090953775,-0.5089269,-0.21273315,-0.058340568,-0.6426931,-0.25341666,-0.113069735,-0.53110594,-0.24256927,-0.08109937,-0.46728766,-0.2053449,-0.04240575
BAD,0.0,0.0,0.0,-0.0892103,0.24596728,-0.10202743,-0.2714014,0.48660108,-0.15497854,-0.41652015,0.6840361,-0.20704138,-0.50839317,0.8611251,-0.24444781,-0.49034607,0.29120058,-0.04536053,-0.6174575,0.23896892,-0.1428795,-0.46721923,0.20334356,-0.20000899,-0.37996617,0.22725111,-0.22707583,-0.5080711,0.10377206,-0.03702305,-0.63350755,0.05896567,-0.14804874,-0.44965345,0.04673024,-0.1891756,-0.3712944,0.100142375,-0.19549769,-0.5080421,-0.071197405,-0.04584308,-0.6397512,-0.11358248,-0.15293367,-0.4761619,-0.11391895,-0.139263,-0.39341107,-0.06331935,-0.10392801,-0.49745157,-0.21989785,-0.062109157,-0.6331735,-0.25908926,-0.118766874,-0.52634984,-0.24948151,-0.09067086,-0.458125,-0.21348682,-0.05487356
BAD,0.0,0.0,0.0,-0.093101084,0.24931931,-0.09981454,-0.27090555,0.4878483,-0.15330525,-0.4151535,0.68450636,-0.2068761,-0.5063922,0.8623033,-0.24585323,-0.490884,0.2890117,-0.041579522,-0.6152734,0.23908886,-0.1379648,-0.4644323,0.20738794,-0.19595611,-0.37434956,0.22981486,-0.22345655,-0.5084903,0.10382647,-0.033023726,-0.63053924,0.0654974,-0.14497347,-0.44585267,0.054497164,-0.1881027,-0.3626621,0.10111661,-0.19519372,-0.50760555,-0.06942367,-0.041124295,-0.6403543,-0.10646234,-0.14655107,-0.4813192,-0.107079454,-0.13387613,-0.3943785,-0.06464697,-0.098864794,-0.49706694,-0.21551158,-0.056677192,-0.63503927,-0.25177902,-0.11144367,-0.53434944,-0.23825337,-0.08372061,-0.46361774,-0.20626101,-0.04779883
BAD,0.0,0.0,0.0,-0.09152512,0.24675204,-0.098737806,-0.27213895,0.48466736,-0.15260524,-0.41730386,0.68259394,-0.20645896,-0.5104625,0.85990006,-0.24561265,-0.48883903,0.28346553,-0.046300557,-0.6189604,0.24057049,-0.14226173,-0.46784008,0.21263541,-0.19936378,-0.37683424,0.23667793,-0.2265667,-0.50803995,0.10014732,-0.038747452,-0.6334144,0.06260932,-0.14802827,-0.44984803,0.055849716,-0.18879744,-0.36720443,0.10490069,-0.19544387,-0.509086,-0.07215362,-0.04750434,-0.64689463,-0.108249925,-0.1509894,-0.48789352,-0.10854288,-0.13719769,-0.4002872,-0.06555912,-0.102448955,-0.49957523,-0.2179428,-0.063726634,-0.6404164,-0.2536836,-0.11936017,-0.54023033,-0.24207066,-0.09239255,-0.4685346,-0.2092854,-0.057213943
BAD,0.0,0.0,0.0,-0.09273704,0.2471497,-0.09880369,-0.27672315,0.4854991,-0.1498823,-0.42300588,0.68230337,-0.20021339,-0.5121003,0.8589257,-0.23514107,-0.49348685,0.29132047,-0.042771835,-0.6164745,0.23533058,-0.13531342,-0.46116677,0.20503451,-0.18742622,-0.3799098,0.23550983,-0.2121666,-0.51312315,0.10669037,-0.034045875,-0.62936354,0.061652247,-0.1383936,-0.44339192,0.051574904,-0.17356113,-0.3764862,0.10649087,-0.17766923,-0.5126815,-0.068753146,-0.041914355,-0.6406834,-0.11032573,-0.14311051,-0.47747278,-0.11217583,-0.12506273,-0.40143508,-0.0642727,-0.08876239,-0.5014694,-0.21689163,-0.057046853,-0.6366533,-0.25377345,-0.1086002,-0.531451,-0.24432552,-0.07750426,-0.4663446,-0.21386041,-0.040410873
BAD,0.0,0.0,0.0,-0.08530608,0.25068122,-0.10046576,-0.26621774,0.48951408,-0.15268192,-0.41246054,0.68636656,-0.20407517,-0.50180805,0.86497897,-0.24092382,-0.48502576,0.29626817,-0.044207707,-0.6080328,0.24087547,-0.13842697,-0.45426756,0.21271516,-0.19324484,-0.3710527,0.24064416,-0.2197115,-0.50448686,0.109262235,-0.035188172,-0.6227992,0.06657812,-0.14214538,-0.437566,0.058202237,-0.18002114,-0.36469615,0.109236114,-0.18543305,-0.5051435,-0.06729769,-0.042876963,-0.63386214,-0.106620125,-0.14709188,-0.47086608,-0.1055222,-0.13124564,-0.39073816,-0.05913298,-0.095622905,-0.49587706,-0.21700074,-0.05780192,-0.63231575,-0.25235096,-0.11258945,-0.52401173,-0.23972987,-0.08286464,-0.4540169,-0.20649675,-0.046309683
BAD,0.0,0.0,0.0,-0.085045695,0.24499309,-0.102034226,-0.26323217,0.4854851,-0.15655452,-0.4078447,0.6878027,-0.21026066,-0.49859604,0.8668344,-0.24914216,-0.48093274,0.28873366,-0.04880235,-0.60981345,0.24482776,-0.14544956,-0.45605338,0.21532945,-0.20157243,-0.37063226,0.23862946,-0.2288281,-0.5007975,0.104596555,-0.04062383,-0.6242086,0.064973846,-0.14993864,-0.43871242,0.056941666,-0.18858178,-0.3633896,0.10903265,-0.1944294,-0.5018906,-0.06870659,-0.04933227,-0.63440883,-0.10746229,-0.15512688,-0.4721623,-0.10783459,-0.13928486,-0.39157996,-0.06101366,-0.10360798,-0.49147284,-0.2169034,-0.06556935,-0.6306678,-0.252885,-0.1220307,-0.52435565,-0.24330415,-0.0929245,-0.45416468,-0.20991915,-0.05682136
BAD,0.0,0.0,0.0,-0.08665878,0.24642663,-0.09535217,-0.2701858,0.48509735,-0.14538409,-0.41723073,0.6830929,-0.1962599,-0.50969183,0.8603569,-0.23282865,-0.49398008,0.29142848,-0.03701524,-0.617038,0.25073418,-0.1318244,-0.46646678,0.21951127,-0.18672985,-0.38133812,0.23876938,-0.2125512,-0.51320744,0.10804699,-0.031111613,-0.62933296,0.06963678,-0.13687396,-0.44432396,0.06106074,-0.17409953,-0.37164658,0.110538945,-0.17903647,-0.5128373,-0.06763914,-0.042182818,-0.64223987,-0.10407037,-0.145911,-0.4782478,-0.10430748,-0.12963143,-0.397712,-0.060263727,-0.093632996,-0.5010805,-0.22051248,-0.060300477,-0.6411243,-0.25446022,-0.11596717,-0.5339363,-0.24369398,-0.08631273,-0.46458584,-0.21299584,-0.049263135
BAD,0.0,0.0,0.0,-0.08662749,0.24546471,-0.10219902,-0.27011058,0.48272696,-0.15388678,-0.42180786,0.680948,-0.20464163,-0.5122377,0.85884374,-0.23902556,-0.49820933,0.29869226,-0.040080685,-0.618762,0.2450658,-0.133819,-0.46056277,0.21420906,-0.18182187,-0.38294655,0.24525936,-0.20249178,-0.5183892,0.11704648,-0.029940106,-0.6264832,0.06931911,-0.13237022,-0.43600103,0.059949145,-0.1609671,-0.3804601,0.11914895,-0.16011548,-0.5188181,-0.058512345,-0.037905607,-0.6423988,-0.10225293,-0.14256234,-0.47267017,-0.10352956,-0.1201263,-0.40121743,-0.05179345,-0.07959962,-0.50789624,-0.21026419,-0.05335511,-0.6436918,-0.24844958,-0.109072365,-0.5313054,-0.23923683,-0.076564044,-0.46466273,-0.20586838,-0.036883727
BAD,0.0,0.0,0.0,-0.08761587,0.25074467,-0.10346343,-0.27074623,0.4860479,-0.15448518,-0.4222734,0.6796543,-0.20489427,-0.511573,0.8592398,-0.23867464,-0.4985214,0.29793015,-0.03588588,-0.6161494,0.2389117,-0.13230841,-0.45509642,0.20780194,-0.1840414,-0.38039684,0.24258554,-0.20726505,-0.520454,0.112427294,-0.02532385,-0.62543523,0.06724471,-0.13180238,-0.43625298,0.05605432,-0.16403557,-0.38319692,0.11508447,-0.16501455,-0.5211794,-0.0645949,-0.033544265,-0.64129937,-0.10567525,-0.14022805,-0.47534165,-0.10897613,-0.11974828,-0.4083837,-0.057899736,-0.0799402,-0.51192504,-0.21546972,-0.049463518,-0.64515364,-0.25275943,-0.10338251,-0.53715295,-0.24422237,-0.07099131,-0.47505665,-0.21150446,-0.03158338
BAD,0.0,0.0,0.0,-0.08596115,0.25058597,-0.10782218,-0.27498123,0.48533186,-0.15662006,-0.42614928,0.6800418,-0.20242131,-0.51284015,0.8584841,-0.22954805,-0.501298,0.30618027,-0.03743086,-0.6084212,0.24029532,-0.13091911,-0.44268733,0.2116282,-0.17747404,-0.3773487,0.25258735,-0.1978338,-0.52441245,0.12187413,-0.023415366,-0.6180784,0.07160952,-0.12755577,-0.42858434,0.06015614,-0.15597868,-0.38472486,0.12386477,-0.15449786,-0.5251487,-0.05371487,-0.028530566,-0.63553935,-0.09619589,-0.1355099,-0.46708903,-0.10030236,-0.114156924,-0.40593836,-0.046149857,-0.07374107,-0.5166396,-0.20212562,-0.041504797,-0.6415336,-0.24216804,-0.09641849,-0.5304237,-0.23306303,-0.06502203,-0.46961606,-0.19811413,-0.02594043
BAD,0.0,0.0,0.0,-0.08486696,0.2517055,-0.10144283,-0.27000093,0.48637047,-0.15128914,-0.41950586,0.68146175,-0.20049587,-0.50746274,0.8616737,-0.2335696,-0.49245214,0.2979466,-0.039781902,-0.6166049,0.2424321,-0.13457292,-0.45568946,0.21400952,-0.18578255,-0.37319246,0.24539532,-0.20848231,-0.515601,0.11179773,-0.029718693,-0.6244672,0.06920404,-0.13489781,-0.43228593,0.05972224,-0.16819929,-0.36782342,0.115660794,-0.16986409,-0.5183809,-0.065230496,-0.037392233,-0.64046717,-0.101570904,-0.14251544,-0.47195867,-0.10308546,-0.12405037,-0.3979083,-0.052777044,-0.085815,-0.5116332,-0.21534902,-0.052336354,-0.64750373,-0.2513814,-0.10703781,-0.53620666,-0.24107735,-0.07562067,-0.46754718,-0.20464198,-0.0368376
BAD,0.0,0.0,0.0,-0.0911024,0.24891478,-0.097271286,-0.27648395,0.48746803,-0.14659789,-0.42532474,0.6825803,-0.196373,-0.5127367,0.85854596,-0.22937651,-0.49648684,0.2950228,-0.032378737,-0.62771684,0.24204597,-0.1279148,-0.4646001,0.21684021,-0.17925318,-0.37956116,0.24910516,-0.20138115,-0.5178431,0.11124906,-0.024628023,-0.6346802,0.06928793,-0.1303778,-0.44341353,0.06476029,-0.16286728,-0.38094515,0.12291909,-0.16307682,-0.51987135,-0.064312495,-0.035101574,-0.64912564,-0.101497374,-0.13874672,-0.48250508,-0.10195524,-0.11844776,-0.40809277,-0.053227525,-0.078875475,-0.511853,-0.214528,-0.052988376,-0.6482471,-0.24739024,-0.10694868,-0.5376715,-0.23773998,-0.07553591,-0.46954575,-0.20648682,-0.036537763
BAD,0.0,0.0,0.0,-0.08602074,0.24910021,-0.094894715,-0.275422,0.489692,-0.14163718,-0.42386052,0.6845394,-0.18850298,-0.5081527,0.861267,-0.21864794,-0.49612096,0.29733235,-0.031215932,-0.62103444,0.24613152,-0.122763224,-0.45865452,0.21667558,-0.17203593,-0.37759644,0.24903075,-0.1939468,-0.5182753,0.11564436,-0.024423746,-0.62894654,0.07252075,-0.12662035,-0.44075274,0.06252283,-0.15828113,-0.38091573,0.12205567,-0.1589809,-0.51999277,-0.058143303,-0.035177458,-0.64125025,-0.096087955,-0.13433804,-0.4766429,-0.09995318,-0.11378442,-0.40819255,-0.048068535,-0.07612623,-0.5118398,-0.20673224,-0.053201873,-0.6421356,-0.24322791,-0.10260331,-0.5302881,-0.23339488,-0.06959723,-0.4657993,-0.19799234,-0.031100899
BAD,0.0,0.0,0.0,-0.084178425,0.25081483,-0.100442834,-0.2687677,0.49189392,-0.1511285,-0.41525453,0.6874945,-0.20025137,-0.50358844,0.86394364,-0.23174372,-0.48614976,0.30194348,-0.046880193,-0.6095996,0.25084373,-0.13904664,-0.4456254,0.21518196,-0.18209514,-0.3690691,0.24841492,-0.19986837,-0.51188,0.1178191,-0.03825669,-0.61722773,0.07562613,-0.14018482,-0.42717946,0.059050962,-0.16570587,-0.37586153,0.11991106,-0.16340047,-0.51660484,-0.05893537,-0.04691494,-0.636351,-0.09579159,-0.15030314,-0.46754357,-0.10718303,-0.12486975,-0.40286154,-0.055632506,-0.084047034,-0.50910455,-0.2093382,-0.06289292,-0.6396051,-0.24398077,-0.11860729,-0.52392715,-0.2400336,-0.084731385,-0.45854813,-0.20575012,-0.044940405
BAD,0.0,0.0,0.0,-0.08019349,0.25354898,-0.1005434,-0.26893485,0.48878255,-0.14840916,-0.41941833,0.68191606,-0.19521087,-0.5017375,0.8650199,-0.22407581,-0.484113,0.30487394,-0.041126356,-0.6169006,0.24790423,-0.13127618,-0.44629097,0.21319225,-0.17338736,-0.3675374,0.2496794,-0.19073015,-0.50990003,0.122414924,-0.031218076,-0.6225756,0.07690727,-0.13297057,-0.42799488,0.059409395,-0.15842475,-0.37419206,0.122664146,-0.15576246,-0.5157606,-0.051601678,-0.038890254,-0.642997,-0.09157246,-0.14104731,-0.4717524,-0.102448225,-0.115339085,-0.4043066,-0.045531023,-0.074353114,-0.5115009,-0.19841972,-0.0540896,-0.64482874,-0.24116273,-0.10693875,-0.5293178,-0.23815331,-0.0728516,-0.46430743,-0.19919829,-0.03357912
BAD,0.0,0.0,0.0,-0.08795948,0.24917671,-0.10653534,-0.26792216,0.4863356,-0.16174215,-0.4145227,0.6838117,-0.21605302,-0.5099735,0.86019003,-0.2537923,-0.49506494,0.29346684,-0.043916676,-0.61902386,0.23958376,-0.14570637,-0.45971054,0.20714319,-0.20242606,-0.37353596,0.23709214,-0.22759745,-0.51562685,0.10587669,-0.033138815,-0.63113356,0.065847404,-0.14591902,-0.44192734,0.053632017,-0.18358113,-0.37574324,0.11045118,-0.18672687,-0.51719946,-0.07115952,-0.041006915,-0.64618874,-0.10803857,-0.1495839,-0.4825431,-0.11282272,-0.13155037,-0.40845406,-0.064894356,-0.092654794,-0.50882363,-0.22006994,-0.0569106,-0.6474447,-0.25393644,-0.11189099,-0.5433658,-0.24765487,-0.08097812,-0.47854277,-0.21866803,-0.042350113
BAD,0.0,0.0,0.0,-0.08776175,0.24650306,-0.10342621,-0.26668197,0.48226827,-0.15771171,-0.41337,0.6837613,-0.21099763,-0.504473,0.86342746,-0.24801967,-0.48635757,0.29457387,-0.04396514,-0.6169293,0.24652788,-0.13913542,-0.45938373,0.2149893,-0.19123352,-0.3754661,0.24468137,-0.21470784,-0.50825226,0.112373285,-0.032757275,-0.6258617,0.07821728,-0.13960741,-0.4386138,0.06363512,-0.17505941,-0.37260696,0.11718758,-0.17783321,-0.5112048,-0.062400162,-0.038971663,-0.64343995,-0.09242529,-0.14096461,-0.48129222,-0.10036697,-0.121716596,-0.40582335,-0.05451287,-0.08372751,-0.5050637,-0.21120916,-0.053079,-0.6422401,-0.24156308,-0.10571917,-0.5362952,-0.23548007,-0.07499802,-0.46909687,-0.20623606,-0.037170205
BAD,0.0,0.0,0.0,-0.08344542,0.24518326,-0.10247227,-0.2646065,0.47909254,-0.15613393,-0.4119907,0.6816803,-0.20915858,-0.50438994,0.863476,-0.24611384,-0.48963797,0.2968643,-0.044585284,-0.62162274,0.252909,-0.14064865,-0.4657777,0.22234578,-0.19299708,-0.37958634,0.24948636,-0.21623518,-0.5124371,0.112390354,-0.034485213,-0.62968385,0.08025322,-0.14048526,-0.44414964,0.06685419,-0.1756744,-0.37603033,0.11768659,-0.17866497,-0.51623446,-0.064845316,-0.04194192,-0.64579344,-0.09369492,-0.145285,-0.48477966,-0.1002356,-0.12769905,-0.40776032,-0.05641521,-0.09061865,-0.51047707,-0.21779265,-0.05712512,-0.64965445,-0.24724035,-0.11262964,-0.54553163,-0.24053685,-0.08363693,-0.4764642,-0.21110323,-0.046533696
BAD,0.0,0.0,0.0,-0.08744534,0.24949749,-0.10157523,-0.26660982,0.4877864,-0.15421888,-0.4103692,0.68776315,-0.20705263,-0.5032374,0.8641482,-0.24423862,-0.487468,0.30111253,-0.03653332,-0.6160088,0.24930693,-0.13609214,-0.46338323,0.2194514,-0.19418827,-0.37789392,0.24685493,-0.22090237,-0.5075564,0.11656714,-0.028026296,-0.6273198,0.07600958,-0.13764702,-0.44657806,0.0652103,-0.17764886,-0.37854457,0.11810037,-0.18299681,-0.5102043,-0.058328103,-0.038094983,-0.6391172,-0.09350019,-0.1436375,-0.48030722,-0.09712531,-0.12953116,-0.40501943,-0.051568482,-0.09386686,-0.5039364,-0.20872135,-0.056095503,-0.6397697,-0.24064605,-0.11061279,-0.5387088,-0.2334586,-0.08286167,-0.47395703,-0.20536901,-0.04695053
BAD,0.0,0.0,0.0,-0.088559106,0.24583049,-0.10278164,-0.2649154,0.48271385,-0.15833856,-0.41026837,0.68391395,-0.21386628,-0.50266826,0.86447936,-0.25353888,-0.48541376,0.29471117,-0.043933325,-0.6192359,0.24523672,-0.14497277,-0.46443123,0.21567029,-0.20217542,-0.37479377,0.24099706,-0.22784987,-0.50609267,0.11212203,-0.034937315,-0.6300427,0.07156398,-0.14619455,-0.44498342,0.060942538,-0.18457136,-0.3729323,0.11222773,-0.18882506,-0.50907606,-0.061623927,-0.044118196,-0.64361453,-0.099688016,-0.15180817,-0.48158765,-0.101059034,-0.13602468,-0.40173388,-0.055030454,-0.09873486,-0.5018908,-0.21077466,-0.061062124,-0.64295584,-0.2452361,-0.11755962,-0.5418633,-0.23708065,-0.08943537,-0.47524235,-0.20674345,-0.052892793
BAD,0.0,0.0,0.0,-0.099828795,0.2495453,-0.097296126,-0.27556208,0.48205066,-0.14800099,-0.42465174,0.6837253,-0.19845974,-0.50973314,0.86033255,-0.23086877,-0.49760228,0.28282005,-0.03104835,-0.61980957,0.23668998,-0.12120323,-0.46052372,0.2060472,-0.16712733,-0.3752658,0.22838429,-0.18654136,-0.5185416,0.10175927,-0.021262914,-0.62694055,0.062278017,-0.123235874,-0.44068027,0.05708089,-0.15395232,-0.38294888,0.109112404,-0.1555246,-0.51688254,-0.069222644,-0.029045982,-0.63675356,-0.11007686,-0.12965135,-0.47494575,-0.10292985,-0.10781291,-0.4021384,-0.056637872,-0.06922067,-0.50149846,-0.21484657,-0.04432939,-0.63250726,-0.2520206,-0.095619954,-0.52841043,-0.23312071,-0.06407653,-0.46338156,-0.2013367,-0.026429733
BAD,0.0,0.0,0.0,-0.08149503,0.2491394,-0.10507782,-0.25846,0.48631352,-0.16067633,-0.4087765,0.68526375,-0.21511164,-0.49983847,0.8661186,-0.2539121,-0.47888833,0.2977165,-0.045389287,-0.60685617,0.2416851,-0.14323981,-0.4528805,0.2120152,-0.19750977,-0.36813086,0.24059519,-0.22166051,-0.5003143,0.113343194,-0.03438542,-0.615932,0.06696622,-0.14017534,-0.4309427,0.054671038,-0.17418918,-0.3659987,0.10805064,-0.17671357,-0.5043128,-0.06085324,-0.041523147,-0.6283834,-0.10165684,-0.14762717,-0.46382022,-0.106862396,-0.12940925,-0.3891085,-0.06069175,-0.09138918,-0.49875414,-0.20919068,-0.05642477,-0.63497454,-0.24495123,-0.113001995,-0.5245859,-0.24014793,-0.0821172,-0.4547564,-0.2122552,-0.043735698
BAD,0.0,0.0,0.0,-0.08952356,0.25047907,-0.09645838,-0.2697228,0.48797074,-0.14819798,-0.4156365,0.68471915,-0.20099813,-0.5082936,0.8611839,-0.23945214,-0.48893476,0.28365022,-0.03892195,-0.6170681,0.2449696,-0.13571812,-0.46805978,0.21723653,-0.19412799,-0.3752929,0.23521237,-0.22160976,-0.5102688,0.099569924,-0.033067778,-0.6340465,0.06693724,-0.14170946,-0.45238754,0.06116607,-0.18298411,-0.36818945,0.103252895,-0.18983133,-0.5125846,-0.07377217,-0.044189606,-0.648554,-0.104454726,-0.14820047,-0.49068514,-0.10306899,-0.13550183,-0.4005668,-0.066345245,-0.101033874,-0.5037206,-0.22251405,-0.06279518,-0.6483594,-0.2516445,-0.11961123,-0.5500848,-0.24149631,-0.0933679,-0.4765431,-0.2170535,-0.058147587
BAD,0.0,0.0,0.0,-0.087075286,0.24759613,-0.1057708,-0.27173376,0.48259398,-0.15836956,-0.42067635,0.68127024,-0.20873646,-0.5116434,0.85919785,-0.24279343,-0.49299183,0.29924327,-0.04463082,-0.6113676,0.23673436,-0.13715422,-0.45132568,0.20846786,-0.18730018,-0.3728081,0.24077572,-0.2103141,-0.514672,0.11474175,-0.032253455,-0.6240082,0.06916662,-0.13513847,-0.4366603,0.059351146,-0.16758315,-0.37405008,0.11343146,-0.1695304,-0.5172909,-0.0599186,-0.037725177,-0.6408209,-0.100822546,-0.14110303,-0.47642237,-0.10241769,-0.12319691,-0.40165466,-0.054727096,-0.0859867,-0.51044685,-0.20807898,-0.05087959,-0.6464427,-0.23807059,-0.105302125,-0.5379976,-0.22845878,-0.07510325,-0.46832308,-0.19861065,-0.037558835
BAD,0.0,0.0,0.0,-0.0784674,0.2359694,-0.10861894,-0.26902217,0.47239208,-0.16138297,-0.42199984,0.67285144,-0.21212004,-0.5112777,0.8594156,-0.24643771,-0.49702334,0.29581213,-0.045058656,-0.6142929,0.23434496,-0.14596197,-0.4547017,0.20750563,-0.19996917,-0.37691107,0.23991117,-0.22417077,-0.52208346,0.10926017,-0.03423036,-0.62819284,0.058175977,-0.14655344,-0.43420056,0.05289136,-0.18048844,-0.37253305,0.11113618,-0.18061745,-0.5258364,-0.06793858,-0.042593643,-0.64131373,-0.112792805,-0.15472418,-0.47092706,-0.10903056,-0.13611336,-0.4023523,-0.05556785,-0.096099526,-0.51994556,-0.2198095,-0.05900325,-0.6477682,-0.2564695,-0.117866926,-0.53196025,-0.2430813,-0.08715759,-0.46665272,-0.20632683,-0.04820753
BAD,0.0,0.0,0.0,-0.083198294,0.24464862,-0.111906864,-0.2654172,0.4795399,-0.16760778,-0.4159566,0.67925686,-0.22009395,-0.5071773,0.86184174,-0.2549112,-0.50421226,0.31036568,-0.044864554,-0.6131765,0.2393378,-0.14160107,-0.44828045,0.20660353,-0.1925313,-0.37376714,0.24221127,-0.2151613,-0.5273349,0.1225038,-0.030405771,-0.6234474,0.06902506,-0.13758557,-0.43091998,0.05454855,-0.16943346,-0.37703878,0.1152703,-0.16937321,-0.5277455,-0.05661422,-0.034973565,-0.63849515,-0.10152335,-0.14444551,-0.4689922,-0.10794429,-0.124929346,-0.40149084,-0.05529358,-0.08470211,-0.5182461,-0.20833592,-0.04749103,-0.6462121,-0.24774712,-0.10505845,-0.53424114,-0.24096315,-0.07357861,-0.46932802,-0.20637484,-0.03356648
BAD,0.0,0.0,0.0,-0.08641779,0.2446031,-0.111436084,-0.27012637,0.4783758,-0.16611065,-0.41958725,0.6775019,-0.21867985,-0.51273185,0.8585488,-0.2537311,-0.49966168,0.3009812,-0.04167072,-0.61930263,0.24205512,-0.14360681,-0.45647144,0.20737372,-0.1983326,-0.3796813,0.24022435,-0.22204007,-0.5221137,0.113862924,-0.027490793,-0.6298158,0.06831473,-0.14055093,-0.43837413,0.05358926,-0.1759338,-0.38183227,0.11383717,-0.17702323,-0.5236817,-0.06384704,-0.03295502,-0.6454391,-0.10357032,-0.14383523,-0.47645837,-0.107832365,-0.12367823,-0.40797386,-0.056085717,-0.08255826,-0.5162343,-0.21300402,-0.04665594,-0.6476547,-0.24920584,-0.10109528,-0.53712,-0.24025853,-0.06824799,-0.47410008,-0.20813878,-0.027964322
BAD,0.0,0.0,0.0,-0.08622535,0.2470423,-0.109140225,-0.27068314,0.48249188,-0.16171877,-0.42201543,0.679855,-0.21253763,-0.51534325,0.8569839,-0.24544628,-0.4949362,0.2989266,-0.03844115,-0.62278205,0.24035338,-0.13948646,-0.45771348,0.20672646,-0.19253142,-0.3759918,0.23703848,-0.21468276,-0.5175458,0.109851465,-0.024953403,-0.632919,0.06579255,-0.13888554,-0.43851778,0.05308685,-0.17341438,-0.37745592,0.11069719,-0.1728275,-0.51981306,-0.066592306,-0.031108763,-0.6459561,-0.105627984,-0.142022,-0.4754406,-0.10849085,-0.12047924,-0.40429056,-0.058057927,-0.0779088,-0.51269513,-0.21600471,-0.04549801,-0.6449681,-0.25307214,-0.100826174,-0.5316436,-0.24256755,-0.067794465,-0.46725264,-0.20900889,-0.027067855
BAD,0.0,0.0,0.0,-0.08446292,0.24234572,-0.10418084,-0.26533902,0.48073557,-0.15909043,-0.4157621,0.68109226,-0.21305326,-0.50839376,0.86112475,-0.25076708,-0.4897971,0.29248568,-0.046584614,-0.6190952,0.24532822,-0.1466505,-0.46184406,0.21167856,-0.20050527,-0.37529004,0.23680438,-0.22377303,-0.5117033,0.10687762,-0.03616502,-0.62647116,0.067097865,-0.14708707,-0.43780503,0.053920586,-0.18246044,-0.37155113,0.10741372,-0.18456371,-0.51489055,-0.06877072,-0.04369972,-0.6393873,-0.1064853,-0.15169138,-0.47411203,-0.1094624,-0.13294925,-0.3994055,-0.060435314,-0.09406743,-0.50937074,-0.21703623,-0.058917098,-0.64126605,-0.25564015,-0.11537917,-0.5310192,-0.24697015,-0.08476891,-0.4644741,-0.21321312,-0.046404347
BAD,0.0,0.0,0.0,-0.08672933,0.24235626,-0.10030045,-0.26878625,0.48215604,-0.15323539,-0.4167007,0.68367213,-0.20589516,-0.5101209,0.8601027,-0.24301167,-0.48873374,0.29449305,-0.045260753,-0.6234457,0.2567464,-0.1415978,-0.4704759,0.22341211,-0.19444054,-0.3786864,0.24314697,-0.21729378,-0.51081,0.112408586,-0.03566367,-0.6315454,0.07707662,-0.14459853,-0.44265705,0.06519885,-0.18115957,-0.36608744,0.11356203,-0.18365498,-0.51396394,-0.061294463,-0.04302341,-0.64710426,-0.095035054,-0.14773668,-0.4824201,-0.09988132,-0.13054116,-0.39830276,-0.0585849,-0.09247643,-0.5072665,-0.21056029,-0.05787614,-0.64716697,-0.24423684,-0.11499894,-0.5411211,-0.23754579,-0.08678476,-0.4703431,-0.20902392,-0.049535904
BAD,0.0,0.0,0.0,-0.08292664,0.24765702,-0.09810328,-0.26853725,0.48565713,-0.14888617,-0.41865513,0.6813019,-0.19969517,-0.5096716,0.860369,-0.23493746,-0.4881634,0.3008643,-0.044102423,-0.6190236,0.25567567,-0.14101301,-0.46373498,0.22006458,-0.19314203,-0.37815487,0.24321757,-0.21607675,-0.5103482,0.11590305,-0.036851376,-0.628747,0.07506534,-0.14466068,-0.43913412,0.06132144,-0.17846473,-0.3697571,0.11359793,-0.18010508,-0.5142874,-0.06012974,-0.046823557,-0.64565146,-0.09813427,-0.15221234,-0.47828737,-0.10281222,-0.13259001,-0.3997847,-0.055980716,-0.09371856,-0.5082845,-0.21106051,-0.06407946,-0.64741504,-0.24765986,-0.12037175,-0.5391124,-0.2402799,-0.08985293,-0.471831,-0.20749305,-0.051789984
BAD,0.0,0.0,0.0,-0.08288089,0.24739969,-0.097938165,-0.26733488,0.4832901,-0.14885984,-0.4168683,0.6814627,-0.2003675,-0.5097999,0.86029303,-0.23693155,-0.49237612,0.29441264,-0.04091492,-0.622221,0.2555949,-0.13594976,-0.47019702,0.22090106,-0.18928361,-0.3801636,0.2400553,-0.21292223,-0.5139811,0.111070916,-0.032889158,-0.62963307,0.07730253,-0.1398697,-0.44402888,0.0659113,-0.17799139,-0.3699935,0.11378318,-0.1824407,-0.5166748,-0.06416452,-0.041678723,-0.6463234,-0.09716113,-0.14545122,-0.4840641,-0.100036345,-0.13016152,-0.40253964,-0.05847604,-0.09398168,-0.509985,-0.21592352,-0.05769208,-0.6524865,-0.24761596,-0.112882994,-0.5502099,-0.23864838,-0.08417074,-0.4807442,-0.2106305,-0.047042634
BAD,0.0,0.0,0.0,-0.088998325,0.24779946,-0.09769358,-0.27030095,0.48354128,-0.1496541,-0.4177387,0.6824241,-0.20284183,-0.5119742,0.8590008,-0.24096094,-0.49442062,0.28466257,-0.034278344,-0.62089825,0.2497952,-0.1316379,-0.4699448,0.21765818,-0.18825716,-0.38002682,0.23425353,-0.2139066,-0.51521647,0.102212474,-0.027105674,-0.6301101,0.073693514,-0.13723977,-0.44538617,0.064717904,-0.17804779,-0.37106535,0.10906039,-0.1836096,-0.51740587,-0.072055615,-0.03747445,-0.649744,-0.10089824,-0.14279795,-0.48875347,-0.10256102,-0.12807651,-0.405511,-0.0632877,-0.0916685,-0.5097823,-0.2229011,-0.05546455,-0.6499916,-0.25310105,-0.11251476,-0.54711795,-0.24319234,-0.08507793,-0.47725502,-0.21648997,-0.04830352
BAD,0.0,0.0,0.0,-0.09031583,0.24111277,-0.100322165,-0.26997012,0.4765009,-0.15617052,-0.41753286,0.680187,-0.2122614,-0.51188713,0.8590527,-0.25265512,-0.49275172,0.28137863,-0.045634173,-0.6239715,0.2439422,-0.14356911,-0.47209266,0.21527146,-0.19767977,-0.37966347,0.23899034,-0.22126603,-0.5132496,0.09809697,-0.036533006,-0.6305862,0.06713151,-0.1463931,-0.44315267,0.060388263,-0.18349141,-0.37073267,0.11065417,-0.18698439,-0.51502514,-0.076962784,-0.04445348,-0.64956737,-0.10717347,-0.14833653,-0.48717007,-0.10671599,-0.12981388,-0.40476322,-0.06276499,-0.09189416,-0.50744885,-0.22638313,-0.06010897,-0.64759034,-0.26060414,-0.11521759,-0.5443109,-0.2475162,-0.0857411,-0.47607768,-0.21609056,-0.048362195
BAD,0.0,0.0,0.0,-0.087848365,0.24447611,-0.09622815,-0.26813006,0.48510286,-0.15015027,-0.412615,0.6863697,-0.20482503,-0.507105,0.8618843,-0.24455638,-0.48399815,0.28237116,-0.04500434,-0.6184915,0.2479778,-0.14331256,-0.4685677,0.22139603,-0.1992013,-0.3767154,0.24303672,-0.22399549,-0.5046261,0.09808504,-0.03850404,-0.62773186,0.067555375,-0.1488469,-0.44262174,0.063237995,-0.18747774,-0.36537236,0.11097556,-0.19181122,-0.5082088,-0.07687305,-0.04854821,-0.6456605,-0.10749918,-0.15199833,-0.48287255,-0.10500874,-0.13487236,-0.39871138,-0.06272453,-0.09787053,-0.50254625,-0.22662587,-0.065998,-0.6421268,-0.2602053,-0.12114216,-0.5357038,-0.24493665,-0.09197635,-0.46494073,-0.2127893,-0.054972902
BAD,0.0,0.0,0.0,-0.09111523,0.244562,-0.10647457,-0.27404636,0.4825506,-0.1606843,-0.4194887,0.68372536,-0.21279708,-0.51181203,0.8590975,-0.24858803,-0.48882428,0.29541796,-0.053356294,-0.61880624,0.24270773,-0.14696784,-0.46028897,0.20497783,-0.19402349,-0.37617716,0.23372445,-0.21384801,-0.5111046,0.11060667,-0.04034321,-0.63367,0.071337424,-0.14902976,-0.4429322,0.050973088,-0.18280266,-0.372771,0.10420252,-0.18386285,-0.5169866,-0.064906895,-0.044256926,-0.6523064,-0.10028831,-0.15049203,-0.48429844,-0.10940055,-0.1317595,-0.4022891,-0.0623339,-0.09283813,-0.513872,-0.21377851,-0.05582583,-0.6550704,-0.24585564,-0.11279065,-0.5447193,-0.24007413,-0.08338272,-0.47117501,-0.20897147,-0.045831632
BAD,0.0,0.0,0.0,-0.086797856,0.25108263,-0.10148926,-0.26764444,0.48586607,-0.15507357,-0.41698924,0.6814706,-0.20853671,-0.5102046,0.86005306,-0.2464274,-0.48492944,0.29243562,-0.04835724,-0.62118745,0.24989803,-0.14436333,-0.47008795,0.21607736,-0.19732854,-0.37910864,0.23901106,-0.22050828,-0.50775474,0.106356055,-0.038590644,-0.6323739,0.075069375,-0.14815095,-0.44775948,0.06187534,-0.18690142,-0.3701019,0.10928371,-0.19150823,-0.512071,-0.07033869,-0.045388106,-0.65232587,-0.09980234,-0.14934903,-0.49252757,-0.10303799,-0.1335555,-0.40675983,-0.060562115,-0.097117215,-0.50651276,-0.2204761,-0.059855692,-0.6523892,-0.25294554,-0.11545953,-0.55189,-0.24158086,-0.08761552,-0.47935748,-0.20966893,-0.051313348
BAD,0.0,0.0,0.0,-0.08509297,0.24364635,-0.10253825,-0.26610425,0.4829664,-0.1564374,-0.4126273,0.68456495,-0.21003257,-0.50739723,0.8617122,-0.24851148,-0.48696178,0.2953841,-0.045523874,-0.6196949,0.25469172,-0.14258443,-0.47095028,0.21973598,-0.19807461,-0.38278583,0.23883782,-0.22337225,-0.50943947,0.111332774,-0.036224443,-0.6321355,0.075841315,-0.14697112,-0.44764367,0.061438624,-0.18715262,-0.36956397,0.10736271,-0.19210275,-0.514382,-0.06360289,-0.04421279,-0.6514965,-0.09699385,-0.14998789,-0.49137712,-0.10282268,-0.13584034,-0.40625802,-0.062361058,-0.09984101,-0.5093193,-0.21387985,-0.060056567,-0.65234715,-0.24518642,-0.118244864,-0.54891765,-0.23693265,-0.09163657,-0.47518316,-0.20814179,-0.055619963
BAD,0.0,0.0,0.0,-0.079583615,0.24414289,-0.10582183,-0.26404846,0.48122483,-0.16010706,-0.4129128,0.6811362,-0.21326128,-0.5056382,0.86274564,-0.25104058,-0.49618196,0.29636043,-0.04868407,-0.6189545,0.2521869,-0.1469604,-0.46659106,0.21942927,-0.20260236,-0.37959224,0.23975547,-0.2281391,-0.5177617,0.11199936,-0.038542192,-0.6341906,0.07411205,-0.1496677,-0.4464439,0.06327855,-0.18851706,-0.36856434,0.110523105,-0.19242753,-0.51958805,-0.064535774,-0.046162553,-0.65448415,-0.098378904,-0.15461516,-0.4896627,-0.10143187,-0.13984299,-0.40260574,-0.059502747,-0.10268391,-0.5100903,-0.2180098,-0.061817627,-0.65309125,-0.24778879,-0.123379506,-0.5490478,-0.23849325,-0.097813256,-0.47543925,-0.20825593,-0.06170066
BAD,0.0,0.0,0.0,-0.079786316,0.24532829,-0.1040259,-0.2635889,0.48487657,-0.1583619,-0.41078287,0.6840834,-0.21159595,-0.50508994,0.8630667,-0.24957694,-0.48960534,0.29964802,-0.049624357,-0.6148328,0.25585493,-0.14850686,-0.46141055,0.22129905,-0.20394066,-0.37317532,0.24149576,-0.22890846,-0.5112752,0.11395864,-0.040024273,-0.63069415,0.0784261,-0.15243135,-0.4422716,0.066513486,-0.1910792,-0.3654385,0.113956906,-0.19452494,-0.5137483,-0.061601408,-0.047871463,-0.64801204,-0.09595682,-0.15612674,-0.48392716,-0.09913974,-0.14047281,-0.4012525,-0.057680845,-0.10288274,-0.50694364,-0.21185906,-0.063325055,-0.6472965,-0.244183,-0.1220881,-0.54149574,-0.23318148,-0.09426527,-0.4710879,-0.20201215,-0.057225913
BAD,0.0,0.0,0.0,-0.07778349,0.2501929,-0.10578932,-0.2572294,0.48927832,-0.16000901,-0.4044829,0.688467,-0.21222109,-0.49838766,0.86695427,-0.2487589,-0.4831294,0.30839655,-0.05005241,-0.608122,0.2626389,-0.14541167,-0.453516,0.22573376,-0.19831447,-0.36965987,0.24877341,-0.22294044,-0.5063393,0.123036094,-0.0388932,-0.62263894,0.08957911,-0.1474564,-0.43543416,0.07149018,-0.18454835,-0.36385888,0.12001039,-0.18859488,-0.51025087,-0.053118374,-0.04487151,-0.64390945,-0.08378825,-0.15084016,-0.47958404,-0.09278381,-0.13322608,-0.39872435,-0.049901493,-0.095732935,-0.5042536,-0.2036589,-0.05863616,-0.6425585,-0.23331437,-0.11762459,-0.5344846,-0.22736968,-0.088933475,-0.46370795,-0.1979165,-0.051623803
BAD,0.0,0.0,0.0,-0.0811815,0.2446052,-0.11260494,-0.2622179,0.4803038,-0.16935721,-0.41212508,0.68044025,-0.22278264,-0.5051877,0.86300945,-0.25906807,-0.4960678,0.30470932,-0.055375885,-0.6197998,0.24850297,-0.15427732,-0.45697278,0.2148735,-0.20529571,-0.3732811,0.24658409,-0.22737561,-0.519314,0.11897573,-0.04075395,-0.6304542,0.076137505,-0.15124117,-0.4371053,0.06257395,-0.18461819,-0.37288627,0.120387524,-0.18561001,-0.5224433,-0.05832129,-0.04435157,-0.6501638,-0.09526662,-0.15423143,-0.48042366,-0.099520385,-0.13425419,-0.40378448,-0.04925102,-0.09421206,-0.51509917,-0.20894901,-0.05601251,-0.6524935,-0.24153796,-0.11590704,-0.5417051,-0.23410372,-0.0859229,-0.47270826,-0.20186532,-0.047090072
BAD,0.0,0.0,0.0,-0.08320495,0.24707247,-0.106146336,-0.26471692,0.48554483,-0.16031367,-0.41063616,0.6862152,-0.2127456,-0.5038464,0.8637933,-0.2484704,-0.49642792,0.3072502,-0.042504758,-0.61691666,0.2558809,-0.1365301,-0.4596336,0.2185695,-0.18823418,-0.3757447,0.24370936,-0.21139091,-0.5203428,0.121954985,-0.030625029,-0.6297624,0.08260217,-0.13651316,-0.4404594,0.0649303,-0.17205092,-0.37148932,0.11620724,-0.17435008,-0.52385813,-0.055637904,-0.03661638,-0.65038735,-0.088777535,-0.13972414,-0.48560622,-0.09797782,-0.1221005,-0.40638283,-0.05430746,-0.08435402,-0.51673263,-0.20750219,-0.0505829,-0.6513318,-0.23728666,-0.10564972,-0.546388,-0.23136383,-0.0764587,-0.47896218,-0.20177555,-0.038636763
BAD,0.0,0.0,0.0,-0.079186946,0.2475411,-0.10326633,-0.26250747,0.4848888,-0.15642959,-0.41027072,0.68416864,-0.20839414,-0.5042692,0.86354655,-0.24465676,-0.49249825,0.30579215,-0.045041565,-0.6139592,0.26232645,-0.13943118,-0.45618472,0.22037557,-0.19241552,-0.37108546,0.24036172,-0.21720283,-0.5190183,0.120749496,-0.03606361,-0.62865067,0.08487394,-0.14233933,-0.43896705,0.0649542,-0.17901042,-0.36704248,0.11479293,-0.18313457,-0.5243228,-0.05716088,-0.04431539,-0.6521054,-0.08923433,-0.14753363,-0.4852752,-0.09705824,-0.1294654,-0.40544352,-0.0515112,-0.09258968,-0.51774395,-0.21009387,-0.060385272,-0.653512,-0.236945,-0.116375305,-0.54445857,-0.23021315,-0.0863278,-0.47564358,-0.19977675,-0.048700836
BAD,0.0,0.0,0.0,-0.07867097,0.25093699,-0.10477105,-0.2584225,0.48850495,-0.15826166,-0.4057137,0.68782717,-0.20991577,-0.5003029,0.86585045,-0.24522698,-0.49693662,0.3175895,-0.04185841,-0.60778886,0.26230332,-0.13495773,-0.4491705,0.22193004,-0.18583493,-0.3702415,0.24633428,-0.20941946,-0.5225381,0.13148308,-0.032029487,-0.6225474,0.08950577,-0.1360427,-0.43076313,0.068760835,-0.16977069,-0.36663887,0.11965811,-0.17195886,-0.5254834,-0.04814847,-0.03995544,-0.6437079,-0.08365776,-0.14482826,-0.47394472,-0.092632756,-0.12566188,-0.3982131,-0.04687428,-0.08720668,-0.5163765,-0.20356455,-0.055501565,-0.6490861,-0.23367345,-0.11289991,-0.5373994,-0.22713938,-0.08176413,-0.46884418,-0.19556627,-0.042518076
BAD,0.0,0.0,0.0,-0.07890496,0.24760528,-0.11045003,-0.26044422,0.48349115,-0.16546743,-0.40852147,0.6847046,-0.2175221,-0.50218767,0.8647587,-0.25215688,-0.49892542,0.31414652,-0.04754453,-0.6159054,0.2521753,-0.14335081,-0.4512532,0.21220225,-0.19420823,-0.36795142,0.24051091,-0.21683492,-0.52380335,0.12795675,-0.03411757,-0.6265309,0.083084136,-0.14094883,-0.4312328,0.06411761,-0.17484738,-0.36684096,0.12015409,-0.17652585,-0.5270232,-0.050186444,-0.038985763,-0.6472593,-0.0882016,-0.14662755,-0.47637698,-0.09538979,-0.12794314,-0.40160847,-0.04513011,-0.08888517,-0.519421,-0.20194972,-0.051634435,-0.6546307,-0.23376416,-0.10938693,-0.5429356,-0.22805627,-0.07846496,-0.47469342,-0.1947327,-0.038964685
BAD,0.0,0.0,0.0,-0.0778285,0.24525462,-0.10845962,-0.2593714,0.48330638,-0.16396561,-0.4078761,0.68359095,-0.21779907,-0.501325,0.86525905,-0.25541747,-0.49358055,0.30596963,-0.04784202,-0.61805725,0.25134236,-0.1457523,-0.45840585,0.21460505,-0.2007506,-0.37074056,0.2382761,-0.22585464,-0.51778823,0.12086652,-0.03656324,-0.6344362,0.07976429,-0.1483682,-0.43966165,0.06426529,-0.18702736,-0.3613223,0.11467395,-0.190082,-0.52268106,-0.05508695,-0.043343443,-0.6542117,-0.09397755,-0.15240164,-0.48476413,-0.09684057,-0.13762061,-0.39876786,-0.049311325,-0.099803306,-0.5171778,-0.20592044,-0.058088742,-0.65739036,-0.23846671,-0.117177635,-0.5505362,-0.22788668,-0.08983733,-0.4778021,-0.19274722,-0.052578405
BAD,0.0,0.0,0.0,-0.078947246,0.24592522,-0.10625977,-0.25963423,0.4843421,-0.16037548,-0.40617752,0.68709177,-0.21184342,-0.49888676,0.86666715,-0.24739759,-0.49121153,0.31200662,-0.05065688,-0.61080843,0.26497206,-0.14194675,-0.45462978,0.22393587,-0.19209127,-0.37005094,0.24622071,-0.21569385,-0.5174181,0.12965631,-0.039201073,-0.63080364,0.09577341,-0.14462465,-0.44093907,0.07491487,-0.18128978,-0.3643074,0.124142446,-0.185293,-0.5230808,-0.04615959,-0.044341054,-0.650286,-0.075930946,-0.14964615,-0.48340577,-0.08653578,-0.13439529,-0.39722866,-0.043142423,-0.09810698,-0.5175431,-0.19847853,-0.057018083,-0.6557805,-0.22612387,-0.11735492,-0.5469158,-0.22043163,-0.090297036,-0.47120282,-0.18784197,-0.05360626
BAD,0.0,0.0,0.0,-0.07985384,0.24912372,-0.10829275,-0.2618749,0.48346242,-0.1623338,-0.40998387,0.6824802,-0.2144961,-0.4991505,0.8665153,-0.24996738,-0.49859434,0.3112986,-0.04323301,-0.6187546,0.25650495,-0.1398463,-0.45689353,0.21799552,-0.19294633,-0.37376666,0.24338168,-0.21706694,-0.525845,0.12370659,-0.03061514,-0.6334584,0.0834942,-0.13878813,-0.439662,0.06462174,-0.17405811,-0.37360844,0.117832154,-0.1762535,-0.5308555,-0.055390026,-0.036376137,-0.6552462,-0.09076415,-0.14207304,-0.48713633,-0.09739706,-0.12247612,-0.41154823,-0.050057266,-0.08334296,-0.525198,-0.20772043,-0.05026674,-0.660497,-0.23785478,-0.10485653,-0.55066395,-0.23083676,-0.07302984,-0.483313,-0.20055796,-0.033671502
BAD,0.0,0.0,0.0,-0.079039596,0.24580072,-0.11064339,-0.26462573,0.48281968,-0.16409375,-0.41492754,0.6829108,-0.21463613,-0.5082039,0.8612368,-0.24712619,-0.50280595,0.3099063,-0.04369163,-0.6194283,0.24872209,-0.13926516,-0.45511037,0.20962267,-0.18820547,-0.37470454,0.23951958,-0.2090036,-0.529281,0.1248649,-0.029864881,-0.6315227,0.07480101,-0.13517597,-0.43572795,0.057200998,-0.16515735,-0.37645265,0.11665152,-0.16359843,-0.5341651,-0.05265807,-0.03519789,-0.6554206,-0.0957673,-0.14010938,-0.48395777,-0.10201391,-0.11772643,-0.41191697,-0.048140932,-0.07660719,-0.5277178,-0.2035458,-0.048881598,-0.6608262,-0.23896009,-0.10350185,-0.54811335,-0.23468255,-0.070882306,-0.48267952,-0.20156276,-0.030574393
BAD,0.0,0.0,0.0,-0.07780083,0.24515516,-0.10988396,-0.26454026,0.48036376,-0.16094536,-0.4152885,0.68316275,-0.20822276,-0.5034197,0.86404204,-0.23705183,-0.5008065,0.32190996,-0.044300783,-0.61131096,0.25392812,-0.13220976,-0.4455089,0.2145778,-0.17435175,-0.3694372,0.2477666,-0.19201942,-0.52962434,0.13830844,-0.029061195,-0.6220852,0.086988844,-0.12681024,-0.42839628,0.06716993,-0.15284581,-0.37439546,0.12788567,-0.15028723,-0.5342353,-0.039942518,-0.03209434,-0.64633465,-0.08139405,-0.13373694,-0.47786772,-0.09144779,-0.1125201,-0.40827814,-0.03854689,-0.07305905,-0.52721477,-0.1912997,-0.042984374,-0.6572457,-0.22742608,-0.09852661,-0.5463337,-0.22397113,-0.068071246,-0.4787711,-0.18916652,-0.029091625
BAD,0.0,0.0,0.0,-0.07700381,0.24075018,-0.11966944,-0.25666842,0.4771831,-0.1766376,-0.40779957,0.68320405,-0.2281348,-0.50155,0.86512864,-0.2604686,-0.49859402,0.3197385,-0.054821968,-0.61025244,0.25102386,-0.15469684,-0.4381731,0.20977294,-0.20408633,-0.3632841,0.24339853,-0.22510907,-0.52728313,0.13215074,-0.03655418,-0.6264837,0.08287886,-0.14735675,-0.42834693,0.061150234,-0.17815462,-0.37570876,0.12313135,-0.17674488,-0.5328297,-0.047278274,-0.037830107,-0.648261,-0.088041335,-0.14953442,-0.4754135,-0.096730866,-0.12742628,-0.4101695,-0.041606963,-0.085317574,-0.52787596,-0.19842039,-0.047606036,-0.6574233,-0.2279891,-0.10546865,-0.54132503,-0.22342278,-0.07286618,-0.4763595,-0.1910977,-0.03197005
BAD,0.0,0.0,0.0,-0.07801751,0.23524696,-0.12409065,-0.26453775,0.47137403,-0.1830871,-0.41303876,0.67758477,-0.23614232,-0.50451064,0.86340547,-0.2697385,-0.50315833,0.3141438,-0.05864251,-0.62126565,0.24378847,-0.16439697,-0.44850174,0.20665617,-0.21520792,-0.3696128,0.2421703,-0.23531862,-0.5301796,0.12737565,-0.039667625,-0.6327416,0.074758686,-0.15818542,-0.43510604,0.05695568,-0.19094355,-0.38226047,0.12129505,-0.18816718,-0.53694093,-0.051209956,-0.041401062,-0.64819914,-0.09221002,-0.16100453,-0.47423995,-0.101821125,-0.14095394,-0.41055283,-0.046538897,-0.09777528,-0.5355954,-0.20237036,-0.051934004,-0.6611187,-0.23772292,-0.116416804,-0.5407055,-0.23560545,-0.08606954,-0.4747266,-0.20079386,-0.04515459
BAD,0.0,0.0,0.0,-0.075105414,0.24212687,-0.11273216,-0.25814024,0.47902828,-0.16803013,-0.40737146,0.682062,-0.22028576,-0.49893558,0.866639,-0.25521636,-0.49878657,0.31768635,-0.04741877,-0.6131219,0.25268784,-0.14373761,-0.45271,0.21536626,-0.19415769,-0.36764714,0.241907,-0.21527141,-0.52694273,0.13194558,-0.032777626,-0.62835735,0.08185966,-0.14035808,-0.43424198,0.06407376,-0.17368309,-0.36699682,0.117880024,-0.1730457,-0.5325093,-0.04666907,-0.037011977,-0.64838123,-0.086457886,-0.14487259,-0.47988796,-0.09447297,-0.1273575,-0.40241054,-0.04784201,-0.08767947,-0.5267745,-0.19825758,-0.04947425,-0.6600119,-0.23132697,-0.10774484,-0.5508465,-0.22599488,-0.07847975,-0.48048392,-0.19403435,-0.039251953
BAD,0.0,0.0,0.0,-0.075203285,0.2399181,-0.111209,-0.25990295,0.47899768,-0.16511062,-0.40777233,0.6837694,-0.21537693,-0.4985553,0.8668579,-0.24796835,-0.49887013,0.32200795,-0.0481241,-0.61351776,0.25754514,-0.14116262,-0.4493981,0.21468702,-0.1889165,-0.36873332,0.24438648,-0.20969357,-0.5275932,0.13800488,-0.033903696,-0.6281503,0.08773965,-0.13765806,-0.433288,0.06441576,-0.16850442,-0.37063065,0.12383711,-0.16792837,-0.53365505,-0.040166974,-0.038075633,-0.6498409,-0.08058481,-0.14194027,-0.48031402,-0.093557365,-0.121853575,-0.40781766,-0.042705808,-0.08259767,-0.52801955,-0.19143902,-0.050325833,-0.65842247,-0.22206073,-0.105197504,-0.5478587,-0.22062343,-0.07403886,-0.48180416,-0.18875657,-0.034888357
BAD,0.0,0.0,0.0,-0.07357648,0.24455422,-0.11546623,-0.254014,0.4834999,-0.17087555,-0.40298438,0.68706036,-0.22158027,-0.4917208,0.87075293,-0.25412443,-0.49197423,0.3276674,-0.051550683,-0.6051286,0.2603686,-0.14512758,-0.43822682,0.21898425,-0.19281499,-0.36149073,0.2502861,-0.21391626,-0.5210642,0.14385785,-0.034564376,-0.62105227,0.09557058,-0.13962197,-0.42732805,0.072359346,-0.1704146,-0.36873344,0.13057478,-0.17016958,-0.52706593,-0.03338996,-0.03620402,-0.6436572,-0.0753448,-0.14301507,-0.4747913,-0.085213244,-0.12344936,-0.4032077,-0.033139557,-0.08406424,-0.5228963,-0.1840615,-0.04602801,-0.65400517,-0.21590154,-0.103038736,-0.54308057,-0.21123543,-0.07307123,-0.47544712,-0.1786065,-0.03454991
BAD,0.0,0.0,0.0,-0.07545217,0.24692807,-0.11045142,-0.25153446,0.48576605,-0.1662834,-0.39764965,0.6890762,-0.2193592,-0.48755994,0.87308943,-0.25540817,-0.49090278,0.31921896,-0.046748046,-0.6088644,0.2620612,-0.14394219,-0.44674692,0.22451481,-0.19686003,-0.36223432,0.2509053,-0.22077715,-0.517975,0.1342028,-0.03383467,-0.62331015,0.094840184,-0.14108463,-0.43298578,0.07571348,-0.17622353,-0.36791068,0.12908639,-0.17896438,-0.52351546,-0.04398392,-0.03954582,-0.6466029,-0.07645374,-0.14673916,-0.48017722,-0.08598181,-0.12886867,-0.40467778,-0.039288055,-0.09086294,-0.5174854,-0.19661511,-0.053328518,-0.6517275,-0.2233236,-0.11208422,-0.5421016,-0.22048724,-0.08296569,-0.47399575,-0.19153446,-0.0449504
BAD,0.0,0.0,0.0,-0.079471976,0.24417986,-0.10632477,-0.26185104,0.48071936,-0.16016299,-0.40784907,0.68297356,-0.21270524,-0.49713272,0.86767447,-0.24895738,-0.49516654,0.30634984,-0.0421837,-0.61868286,0.26117814,-0.14038444,-0.45964435,0.22458357,-0.19650695,-0.37370276,0.24757154,-0.22272234,-0.52130705,0.12369965,-0.031660996,-0.63341755,0.08990746,-0.14168975,-0.44555187,0.07364083,-0.18051043,-0.37494203,0.12400446,-0.18498227,-0.5269622,-0.052564405,-0.03955977,-0.65702665,-0.08253539,-0.14537096,-0.4940271,-0.08925492,-0.12890948,-0.41470802,-0.044266243,-0.09183799,-0.5222978,-0.20507766,-0.055825815,-0.65906864,-0.23238452,-0.11319799,-0.5535832,-0.22679663,-0.08540158,-0.48548162,-0.19757397,-0.048619658
BAD,0.0,0.0,0.0,-0.075913146,0.24369492,-0.10892032,-0.2579565,0.48128656,-0.16337812,-0.40399128,0.68464684,-0.21508683,-0.49416602,0.8693675,-0.25012222,-0.49723715,0.31840795,-0.045660663,-0.60932505,0.2586695,-0.13831262,-0.45199248,0.22258104,-0.18827733,-0.3725415,0.25417933,-0.21101892,-0.52442837,0.13492402,-0.03304867,-0.6230197,0.08930909,-0.13662471,-0.43295598,0.07215938,-0.16977055,-0.36987725,0.12844177,-0.17111789,-0.52965134,-0.042832363,-0.038515713,-0.648545,-0.08072097,-0.1419807,-0.4833493,-0.08949195,-0.123263344,-0.4089286,-0.041066017,-0.08514878,-0.5240091,-0.19524497,-0.052110575,-0.6553693,-0.225053,-0.10878397,-0.54609644,-0.22036916,-0.078777455,-0.47811362,-0.19007583,-0.040182948
BAD,0.0,0.0,0.0,-0.07935861,0.2467546,-0.10730338,-0.2568544,0.48513615,-0.16225271,-0.4027734,0.68761486,-0.21553273,-0.49492612,0.86893505,-0.25236997,-0.49496534,0.32023522,-0.04137673,-0.61408067,0.26038364,-0.13716201,-0.46052274,0.2218109,-0.19084395,-0.37520093,0.24935456,-0.21508156,-0.5216651,0.1352711,-0.029700272,-0.63086474,0.09236598,-0.13551472,-0.44083473,0.07144564,-0.17072292,-0.37161466,0.12383706,-0.17277096,-0.52700967,-0.042363215,-0.03647646,-0.65253794,-0.0773589,-0.14066191,-0.48795465,-0.08772756,-0.12242496,-0.40908974,-0.042194765,-0.08403455,-0.5205077,-0.19420448,-0.05138612,-0.6564598,-0.22238217,-0.10716431,-0.5509532,-0.21846515,-0.07694059,-0.48280331,-0.18951078,-0.03824651
BAD,0.0,0.0,0.0,-0.07313994,0.2500689,-0.11034263,-0.249603,0.4911726,-0.16478889,-0.39886415,0.6918181,-0.2160478,-0.4890671,0.87224615,-0.25011584,-0.48356697,0.32679096,-0.046887152,-0.6057974,0.27092496,-0.14153102,-0.44550326,0.23125577,-0.19136466,-0.36117086,0.25805002,-0.21302222,-0.51231337,0.14418936,-0.03241124,-0.62329614,0.103951156,-0.13729382,-0.43027565,0.08107887,-0.16888264,-0.3637968,0.1328374,-0.16856962,-0.5204265,-0.031422105,-0.036351338,-0.64605236,-0.06422446,-0.14121757,-0.47756267,-0.07673864,-0.12109911,-0.4004958,-0.031635296,-0.081264235,-0.516752,-0.18198197,-0.04839653,-0.65204597,-0.20858335,-0.10503824,-0.5409596,-0.20733024,-0.07458235,-0.471716,-0.17871729,-0.035635926
BAD,0.0,0.0,0.0,-0.07251944,0.2478097,-0.10547735,-0.253039,0.49000296,-0.15627228,-0.4004405,0.6901488,-0.20531507,-0.48765996,0.87303364,-0.23826317,-0.48748446,0.32634974,-0.03754838,-0.6094749,0.27122918,-0.13247523,-0.45423803,0.23250358,-0.18767935,-0.36655098,0.256869,-0.21344131,-0.5146031,0.1428595,-0.026437627,-0.62704605,0.10067057,-0.13215218,-0.4396755,0.077968575,-0.17023468,-0.36409628,0.12683198,-0.17425075,-0.5211861,-0.03293687,-0.033648465,-0.6469726,-0.06622569,-0.1389465,-0.48315746,-0.080615595,-0.12455166,-0.4003542,-0.038458247,-0.08814082,-0.5155066,-0.18472853,-0.048766796,-0.65283567,-0.21233393,-0.10809379,-0.54796815,-0.21417628,-0.08148195,-0.4773062,-0.18771562,-0.04472551
BAD,0.0,0.0,0.0,-0.07310737,0.24997534,-0.108758636,-0.24842954,0.4910442,-0.16271484,-0.39609605,0.6920052,-0.21446599,-0.48838875,0.8726262,-0.24961539,-0.48329923,0.32242987,-0.0410085,-0.60635626,0.27069196,-0.1391879,-0.44749275,0.22836372,-0.1953002,-0.36151338,0.25075254,-0.22120954,-0.51141745,0.13852087,-0.028521696,-0.6237857,0.10013111,-0.13624908,-0.43602222,0.07521011,-0.17418495,-0.3671547,0.12477341,-0.17862478,-0.5189153,-0.03748781,-0.034875657,-0.6447778,-0.070559405,-0.14140794,-0.4801249,-0.08241159,-0.12530987,-0.4030493,-0.035976764,-0.08838501,-0.51503336,-0.18857875,-0.049379945,-0.64907813,-0.21781068,-0.10763535,-0.54017085,-0.21600866,-0.07947393,-0.47184753,-0.18541545,-0.042320445
BAD,0.0,0.0,0.0,-0.07318827,0.24408631,-0.10799935,-0.25404188,0.48338,-0.16041802,-0.40090948,0.68732435,-0.21035711,-0.4899583,0.8717459,-0.24372396,-0.4899195,0.32455653,-0.042221453,-0.60535425,0.26743394,-0.13809094,-0.4481665,0.22594887,-0.19178623,-0.36523148,0.2517715,-0.21692762,-0.5194251,0.14249735,-0.030570913,-0.62274903,0.097219795,-0.13638492,-0.43553776,0.07257554,-0.17285809,-0.36967602,0.12594621,-0.17674062,-0.5266093,-0.03409386,-0.03743267,-0.6418425,-0.07183227,-0.14368585,-0.4775166,-0.084899224,-0.12835845,-0.40358636,-0.036198027,-0.0923304,-0.5214406,-0.18655968,-0.05235389,-0.6507972,-0.21749623,-0.111254916,-0.5429851,-0.21629082,-0.083981,-0.47641706,-0.1843179,-0.047561835
BAD,0.0,0.0,0.0,-0.06884404,0.24972275,-0.110411406,-0.25208664,0.48872125,-0.16255441,-0.40069038,0.68838215,-0.21073696,-0.48659405,0.8736282,-0.24207732,-0.48833114,0.33235002,-0.04833064,-0.6002045,0.26760527,-0.14067568,-0.43849626,0.22273472,-0.18988031,-0.3570863,0.25150773,-0.21242204,-0.51647514,0.1489577,-0.03449198,-0.6180949,0.10168511,-0.13692033,-0.4268424,0.073216945,-0.16937955,-0.3623541,0.12753706,-0.1712757,-0.52172935,-0.028175684,-0.038585067,-0.6392447,-0.06708007,-0.14351386,-0.46986538,-0.08221004,-0.12486542,-0.39491877,-0.03188886,-0.087060995,-0.5147124,-0.17873806,-0.05047423,-0.64716893,-0.21061301,-0.108327605,-0.5359464,-0.21098614,-0.07840705,-0.46864936,-0.17825748,-0.040361997
BAD,0.0,0.0,0.0,-0.07391316,0.2456938,-0.11491553,-0.25199944,0.4846307,-0.1699719,-0.39823294,0.68782926,-0.2212194,-0.48604032,0.87393636,-0.25580946,-0.4945258,0.32377267,-0.045789815,-0.6068608,0.26467538,-0.1419817,-0.44745553,0.22042005,-0.19662817,-0.36492583,0.24857244,-0.22256385,-0.52288955,0.13876039,-0.030439189,-0.62694776,0.09621386,-0.13937578,-0.43665922,0.0692163,-0.1785223,-0.36697072,0.12239641,-0.1835601,-0.5283129,-0.03832595,-0.033815775,-0.64825284,-0.072850555,-0.1434615,-0.48118538,-0.08723343,-0.12925172,-0.40199816,-0.040229905,-0.09258651,-0.52182686,-0.1894989,-0.045499664,-0.65591496,-0.21655945,-0.10615078,-0.54707587,-0.21594828,-0.078850135,-0.47748843,-0.18690796,-0.041663278
BAD,0.0,0.0,0.0,-0.07970947,0.24902624,-0.116819054,-0.2574293,0.4845543,-0.17470305,-0.40367252,0.68386084,-0.22934301,-0.49457708,0.8691337,-0.2660518,-0.4906906,0.31458163,-0.053142406,-0.61427575,0.25640056,-0.15347674,-0.45174104,0.2143306,-0.20480666,-0.36701602,0.24447303,-0.2263894,-0.517739,0.12854157,-0.0369172,-0.6309629,0.088627726,-0.15153793,-0.43732098,0.06352617,-0.18683478,-0.3709165,0.11850117,-0.18709053,-0.52491575,-0.048467454,-0.03991024,-0.6542662,-0.08164753,-0.15052453,-0.4876644,-0.09516302,-0.13088436,-0.41106787,-0.046027273,-0.08995284,-0.52174884,-0.19642626,-0.051835865,-0.65927386,-0.22710516,-0.10957789,-0.55447423,-0.22650321,-0.0800224,-0.48841304,-0.19635433,-0.04145494
BAD,0.0,0.0,0.0,-0.07760358,0.25009298,-0.110937186,-0.2592947,0.4835945,-0.16484678,-0.40822676,0.6838973,-0.21497771,-0.49712166,0.86768085,-0.24702077,-0.49174795,0.32132474,-0.05234794,-0.6123964,0.26009598,-0.14264488,-0.446725,0.21795245,-0.18591885,-0.36623043,0.24898283,-0.20403951,-0.5207038,0.13753311,-0.036917936,-0.62218094,0.09124824,-0.13915664,-0.4286725,0.0689354,-0.1683221,-0.3711848,0.12758483,-0.16790907,-0.52750015,-0.04010972,-0.03902065,-0.6476071,-0.0802816,-0.14236692,-0.47929966,-0.09057503,-0.12118226,-0.40810555,-0.038083974,-0.08219477,-0.5233812,-0.18967682,-0.049022052,-0.6566464,-0.2244482,-0.10524088,-0.54511434,-0.22203286,-0.07439941,-0.4769973,-0.1901887,-0.03569365
BAD,0.0,0.0,0.0,-0.06956455,0.24855694,-0.10989976,-0.25120026,0.48709476,-0.16242014,-0.40050873,0.6886201,-0.21143866,-0.48782718,0.87294024,-0.24306601,-0.48294032,0.32514462,-0.04948435,-0.6020708,0.26437202,-0.14238407,-0.43831182,0.22093901,-0.18894354,-0.35964167,0.25031233,-0.20929547,-0.5131564,0.14233896,-0.035415947,-0.61570203,0.09590239,-0.1379745,-0.42368057,0.071165465,-0.1673007,-0.3663824,0.1284371,-0.16707402,-0.52144825,-0.034444124,-0.03945415,-0.6415282,-0.07410361,-0.14356068,-0.4719139,-0.086838715,-0.1217891,-0.4022257,-0.035814762,-0.08234501,-0.5182436,-0.1845481,-0.051447924,-0.6492875,-0.21625516,-0.10755235,-0.53649455,-0.21601613,-0.076190256,-0.47150183,-0.18584847,-0.037402734
BAD,0.0,0.0,0.0,-0.075518295,0.24923043,-0.11104031,-0.25629714,0.48644394,-0.16434656,-0.40449664,0.6853575,-0.21487805,-0.49157664,0.87083435,-0.24815494,-0.49521783,0.31959468,-0.041925214,-0.61069524,0.2576304,-0.13625327,-0.45036408,0.2155381,-0.18690586,-0.36943576,0.24668305,-0.20977339,-0.52360016,0.13642195,-0.028194267,-0.6256888,0.09035775,-0.13451968,-0.43475446,0.066129476,-0.16922347,-0.37283564,0.12250253,-0.17114034,-0.52950805,-0.039630737,-0.033226803,-0.6488577,-0.07692548,-0.13995622,-0.48139948,-0.090572596,-0.1217729,-0.40749693,-0.04253398,-0.08305064,-0.523754,-0.18949208,-0.046510737,-0.6557576,-0.21918094,-0.10357978,-0.547285,-0.21803619,-0.07372761,-0.48183024,-0.18906938,-0.035211265
BAD,0.0,0.0,0.0,-0.07499632,0.24618141,-0.11097611,-0.25117728,0.48516196,-0.16753681,-0.3985256,0.6878745,-0.22191575,-0.49198008,0.8706064,-0.25969315,-0.48926365,0.31990495,-0.047471628,-0.61232,0.26189116,-0.14833963,-0.45303446,0.22555122,-0.20482978,-0.36440128,0.24887592,-0.23000933,-0.5182067,0.13449726,-0.034528892,-0.62819135,0.09254919,-0.1454638,-0.43682188,0.07467972,-0.18315025,-0.3660434,0.1244166,-0.1861279,-0.5262593,-0.04358398,-0.040495522,-0.6497623,-0.07911255,-0.14932843,-0.48344934,-0.085803404,-0.13320857,-0.4053441,-0.041053336,-0.09503514,-0.522928,-0.19699605,-0.054786567,-0.6605674,-0.22631955,-0.113691464,-0.5519469,-0.22211091,-0.08517233,-0.48173493,-0.19379638,-0.046963762
BAD,0.0,0.0,0.0,-0.074198246,0.249062,-0.102979295,-0.25658348,0.49130982,-0.15192099,-0.4032337,0.6911892,-0.19931765,-0.49236295,0.87039,-0.23059204,-0.4947613,0.32671452,-0.033638008,-0.59840506,0.27005872,-0.12614211,-0.44354945,0.2304251,-0.17802803,-0.365192,0.2551231,-0.20235416,-0.52357596,0.14497176,-0.024135722,-0.61697644,0.097562455,-0.1251648,-0.42975065,0.07824936,-0.15826611,-0.36831596,0.13035737,-0.16025683,-0.5294095,-0.032817334,-0.033220083,-0.63888234,-0.072073795,-0.13600492,-0.47394556,-0.0817812,-0.11822852,-0.40256983,-0.036470577,-0.081120476,-0.5216471,-0.18805371,-0.050206847,-0.6483377,-0.2154052,-0.106776774,-0.53868544,-0.21237597,-0.07727718,-0.47367543,-0.18525423,-0.039376423
BAD,0.0,0.0,0.0,-0.07364691,0.24817742,-0.10588389,-0.2526809,0.4893846,-0.15760057,-0.39719394,0.6915821,-0.20739092,-0.4849295,0.8745532,-0.24158472,-0.4913423,0.32746527,-0.03863319,-0.6005062,0.26960057,-0.13372813,-0.44455963,0.23044595,-0.19005144,-0.36037356,0.25356334,-0.21700479,-0.5197982,0.1451277,-0.027518919,-0.6188192,0.10006744,-0.13262154,-0.43197018,0.07907395,-0.17151451,-0.36111763,0.12757587,-0.17709157,-0.5251147,-0.031995323,-0.03454682,-0.64056224,-0.07045791,-0.1403898,-0.47539732,-0.080405,-0.12660706,-0.39543623,-0.037357092,-0.091205515,-0.5173557,-0.1847928,-0.049382634,-0.64836854,-0.21351282,-0.10909351,-0.5392511,-0.21144067,-0.08220931,-0.4680988,-0.18548466,-0.045475498
BAD,0.0,0.0,0.0,-0.07510166,0.24910678,-0.10173982,-0.25260407,0.49058157,-0.15219755,-0.39660892,0.6921589,-0.20202017,-0.48305634,0.8755893,-0.23699129,-0.4891962,0.32316163,-0.0331428,-0.6036903,0.27142066,-0.12742777,-0.45449787,0.2357315,-0.18625692,-0.3647101,0.25713113,-0.21479787,-0.51594085,0.1423378,-0.023541331,-0.6216305,0.102187224,-0.12899993,-0.43864867,0.08349207,-0.1715635,-0.35820964,0.12896438,-0.17909636,-0.52044386,-0.033020496,-0.031700965,-0.64193237,-0.06672071,-0.13455409,-0.48276648,-0.077033736,-0.123693936,-0.3971718,-0.037550986,-0.09034493,-0.511886,-0.18522358,-0.04764755,-0.64619154,-0.2114739,-0.10513273,-0.54532534,-0.21026468,-0.08020335,-0.47493753,-0.1862456,-0.04515653
BAD,0.0,0.0,0.0,-0.07382986,0.24548604,-0.10886308,-0.2534468,0.49026036,-0.16207178,-0.40041098,0.69112194,-0.21212642,-0.4895247,0.8719894,-0.24577788,-0.4915371,0.32506245,-0.04793138,-0.60501045,0.26560473,-0.14348167,-0.44760275,0.22688192,-0.19680972,-0.3619391,0.25490478,-0.22152422,-0.51958007,0.14085308,-0.035154648,-0.6236933,0.0948982,-0.14109237,-0.43570817,0.074396536,-0.1766927,-0.3649953,0.12810911,-0.17999403,-0.525498,-0.036375053,-0.04042193,-0.6459309,-0.07632975,-0.1462219,-0.48085716,-0.08658388,-0.13005812,-0.4013724,-0.03857055,-0.093508385,-0.51819617,-0.1878855,-0.053747673,-0.6500961,-0.22029732,-0.1138994,-0.5417457,-0.2198786,-0.087224446,-0.47313052,-0.1895306,-0.050961863
BAD,0.0,0.0,0.0,-0.0720825,0.25054437,-0.10808561,-0.2534179,0.49024808,-0.15914814,-0.4015164,0.68894655,-0.20742388,-0.4881402,0.87276524,-0.23949318,-0.48588052,0.32884616,-0.043875165,-0.6020506,0.26918617,-0.13775963,-0.4447437,0.22899015,-0.18975754,-0.3611357,0.25961068,-0.21423548,-0.51607597,0.14549142,-0.03153047,-0.6213124,0.10260516,-0.13499983,-0.43309063,0.07559717,-0.16977705,-0.3659446,0.12946285,-0.17334448,-0.523817,-0.032008056,-0.03730115,-0.6424453,-0.06700902,-0.14270458,-0.4759844,-0.08508817,-0.12573494,-0.39957318,-0.037773166,-0.08911849,-0.51786613,-0.18443607,-0.05108525,-0.6484713,-0.21466736,-0.111493126,-0.5374514,-0.21998768,-0.08375278,-0.46795985,-0.1922486,-0.046936654
BAD,0.0,0.0,0.0,-0.075319104,0.2488384,-0.116965964,-0.25365907,0.48816624,-0.17465836,-0.40254736,0.6863161,-0.22828595,-0.49407333,0.8694202,-0.2650207,-0.49552533,0.31939608,-0.055034064,-0.6165869,0.25178483,-0.15352406,-0.4564912,0.21412683,-0.20754243,-0.3662376,0.24549,-0.23167148,-0.52255607,0.12894104,-0.038490213,-0.6324824,0.081257835,-0.15068264,-0.43768397,0.062071417,-0.18950972,-0.36157337,0.11832776,-0.19308165,-0.5272108,-0.051004987,-0.040285707,-0.6535128,-0.091356404,-0.15171908,-0.4836758,-0.10107674,-0.13687222,-0.3984231,-0.052975494,-0.0988271,-0.51962984,-0.203314,-0.050406657,-0.65836024,-0.2368803,-0.11297448,-0.5501269,-0.23573141,-0.08627296,-0.4777536,-0.20515044,-0.048725493
BAD,0.0,0.0,0.0,-0.081529416,0.24888888,-0.10869976,-0.2590167,0.48450732,-0.16419925,-0.40688354,0.68433696,-0.21729049,-0.4993531,0.8663986,-0.25352943,-0.4958174,0.3246229,-0.04478384,-0.6128372,0.26079634,-0.13757533,-0.45582056,0.22412187,-0.18626887,-0.37352777,0.2574183,-0.2078308,-0.5230106,0.14145336,-0.031636287,-0.6275655,0.0952287,-0.13532807,-0.4360846,0.0749038,-0.16791221,-0.3739607,0.13289165,-0.1687208,-0.5287452,-0.036194697,-0.036388867,-0.64904207,-0.07268456,-0.14089444,-0.48222235,-0.08527055,-0.121382296,-0.40685222,-0.03663666,-0.08229856,-0.52196217,-0.18892111,-0.04910848,-0.6554887,-0.21763617,-0.10743023,-0.5456051,-0.21713614,-0.07738215,-0.47623643,-0.18812253,-0.038260583
BAD,0.0,0.0,0.0,-0.072738804,0.24471724,-0.11129209,-0.25089785,0.49031958,-0.16525514,-0.3974954,0.69334126,-0.215493,-0.48728383,0.8732437,-0.24910673,-0.49367663,0.3310016,-0.043501228,-0.6037436,0.26178738,-0.13880928,-0.44124845,0.22153579,-0.19221398,-0.3587337,0.25040385,-0.21726252,-0.5218615,0.14389221,-0.030122152,-0.6246123,0.095619895,-0.13703011,-0.4301867,0.07444868,-0.17266223,-0.3623435,0.12928618,-0.1747788,-0.5259302,-0.03619654,-0.035363175,-0.64394826,-0.07509247,-0.14297485,-0.47301677,-0.08503667,-0.1251467,-0.39655325,-0.037054654,-0.08624884,-0.5172847,-0.1912168,-0.048554495,-0.6474013,-0.21964456,-0.10754325,-0.53188014,-0.21578558,-0.07725595,-0.46212566,-0.18458818,-0.03795236
BAD,0.0,0.0,0.0,-0.07897204,0.24401785,-0.107907966,-0.2558488,0.4866959,-0.16246143,-0.40146202,0.689245,-0.21470377,-0.48948163,0.87201357,-0.25065234,-0.4879007,0.3193607,-0.044534918,-0.6118554,0.2606678,-0.14078997,-0.45323655,0.22247495,-0.1947406,-0.36364722,0.24971086,-0.21938546,-0.51545036,0.13634917,-0.032218255,-0.6300782,0.09490284,-0.13993742,-0.43857852,0.072738014,-0.1765775,-0.3652377,0.12411567,-0.17954049,-0.5214611,-0.039151028,-0.03811276,-0.6489221,-0.07409006,-0.14449552,-0.4837095,-0.086386316,-0.12850995,-0.4031816,-0.041132286,-0.09133029,-0.51543283,-0.1892333,-0.051888745,-0.6504893,-0.21761787,-0.11049671,-0.5425499,-0.21603593,-0.082763,-0.47257194,-0.18577728,-0.045822915
BAD,0.0,0.0,0.0,-0.0716923,0.23889941,-0.110072695,-0.25612408,0.48001936,-0.16115344,-0.40668488,0.68528515,-0.20873216,-0.49278298,0.87015224,-0.2378361,-0.48772243,0.32813787,-0.04294547,-0.6098162,0.2640959,-0.13481979,-0.44159597,0.22284545,-0.17965949,-0.36256304,0.25675732,-0.19867234,-0.51789916,0.14523886,-0.02775923,-0.62311345,0.09829956,-0.12968233,-0.427691,0.07297967,-0.1565484,-0.37252808,0.13380253,-0.15367474,-0.5255127,-0.03234028,-0.03142557,-0.6434843,-0.07067612,-0.13394469,-0.47418818,-0.086835414,-0.11053795,-0.40800354,-0.0347358,-0.06990183,-0.5218158,-0.18423308,-0.04323846,-0.6492803,-0.21631035,-0.09674656,-0.53772604,-0.21783392,-0.065006375,-0.4760212,-0.1867454,-0.02625316
BAD,0.0,0.0,0.0,-0.07513358,0.24735808,-0.11331904,-0.24945529,0.48747748,-0.16888641,-0.39768913,0.6903475,-0.22085504,-0.4893224,0.872103,-0.25545043,-0.49688792,0.33483988,-0.04296415,-0.6056498,0.26880938,-0.1348043,-0.4433694,0.22668687,-0.1862444,-0.36455283,0.25691804,-0.21088994,-0.5273942,0.15144718,-0.027821627,-0.6241821,0.10289942,-0.13190557,-0.4329696,0.07929208,-0.1681584,-0.3681022,0.13551892,-0.17176248,-0.5322549,-0.026824452,-0.031058302,-0.645412,-0.065958604,-0.13680157,-0.47960034,-0.07907591,-0.12223045,-0.40430838,-0.030878665,-0.08591084,-0.5232676,-0.18015012,-0.04233976,-0.65455174,-0.20991907,-0.100522436,-0.54867303,-0.20829691,-0.07292511,-0.47977933,-0.17733245,-0.0354683
BAD,0.0,0.0,0.0,-0.071359105,0.2474221,-0.117245086,-0.24411316,0.49031034,-0.17333212,-0.39326456,0.6925435,-0.22438791,-0.48586568,0.87403345,-0.25685787,-0.4871077,0.3383202,-0.048993997,-0.60018516,0.26579452,-0.14267683,-0.43551594,0.2234829,-0.19068915,-0.35936883,0.26295784,-0.21232359,-0.5184105,0.15384156,-0.031959046,-0.6189556,0.10211543,-0.1370519,-0.42560324,0.07433197,-0.16840032,-0.36752373,0.13851792,-0.16858093,-0.5265119,-0.02371138,-0.03389054,-0.6421927,-0.06541441,-0.14139396,-0.47349054,-0.08277184,-0.12186271,-0.40332866,-0.02646905,-0.08258265,-0.5216842,-0.17425172,-0.044190116,-0.6501919,-0.20715791,-0.10292696,-0.5381893,-0.20795883,-0.072977714,-0.47074902,-0.1716877,-0.03420515
BAD,0.0,0.0,0.0,-0.07021777,0.24531448,-0.11584025,-0.24724847,0.48829678,-0.17044304,-0.39433852,0.6910648,-0.22002715,-0.48312858,0.8755494,-0.2512855,-0.48984495,0.33978426,-0.048399005,-0.59424347,0.26682964,-0.14079377,-0.42823485,0.22439325,-0.18785833,-0.3562235,0.26459414,-0.20969395,-0.52078736,0.15514058,-0.03235294,-0.6150121,0.10338906,-0.13686869,-0.42131892,0.07576223,-0.16735415,-0.36509573,0.13977998,-0.16733819,-0.52701974,-0.023201238,-0.03502262,-0.63848853,-0.06357081,-0.1431559,-0.4693504,-0.083587,-0.12336974,-0.4010721,-0.029566636,-0.08397627,-0.52048904,-0.17570055,-0.045776095,-0.64993346,-0.20621012,-0.105252184,-0.53836,-0.20978262,-0.07509813,-0.4720063,-0.1769131,-0.036184378
BAD,0.0,0.0,0.0,-0.069821395,0.24750966,-0.11903099,-0.24871716,0.4880185,-0.17172737,-0.3974718,0.6910983,-0.2186724,-0.48683268,0.87349516,-0.24669127,-0.4870822,0.3422042,-0.04724812,-0.59517086,0.26478368,-0.13976102,-0.43118024,0.21833229,-0.18648012,-0.36259228,0.25830743,-0.20797852,-0.51993704,0.15738869,-0.029169038,-0.618281,0.10201979,-0.13241865,-0.4262467,0.0691716,-0.16224995,-0.37188566,0.13383481,-0.1616984,-0.5277945,-0.020843837,-0.030557754,-0.6401557,-0.062178623,-0.13867688,-0.47017717,-0.08405344,-0.119181275,-0.4027377,-0.027845098,-0.07940011,-0.5211258,-0.17121187,-0.04036044,-0.6504497,-0.20381083,-0.09966159,-0.53993434,-0.21084884,-0.07028903,-0.47387865,-0.1776573,-0.03163511
BAD,0.0,0.0,0.0,-0.06892156,0.24726823,-0.1160927,-0.24971183,0.49282765,-0.1675416,-0.40159953,0.6912218,-0.21380332,-0.48427656,0.874915,-0.24189001,-0.47939008,0.32418478,-0.05249717,-0.59785306,0.26771963,-0.13808422,-0.43394497,0.22613162,-0.17827506,-0.3574167,0.26151487,-0.196366,-0.51177686,0.1421152,-0.034835864,-0.6185386,0.10137743,-0.13461724,-0.42584944,0.076015934,-0.1625204,-0.36222607,0.13607438,-0.16204306,-0.5215366,-0.033133876,-0.03501735,-0.6467646,-0.06577541,-0.13956465,-0.47752902,-0.081293896,-0.11866114,-0.39875686,-0.028360417,-0.07952162,-0.5166322,-0.1832458,-0.043486364,-0.65418816,-0.21091338,-0.10297099,-0.54480034,-0.21109936,-0.07418805,-0.473082,-0.17451367,-0.037144475
BAD,0.0,0.0,0.0,-0.07345433,0.25141644,-0.112264626,-0.24960178,0.4945597,-0.1657501,-0.39807236,0.6928041,-0.21470281,-0.48596781,0.87397665,-0.2458983,-0.48143232,0.3324008,-0.048705593,-0.59683037,0.27113867,-0.13758217,-0.43663365,0.2258757,-0.18320878,-0.35692653,0.257318,-0.20405173,-0.5131852,0.14915448,-0.033147275,-0.61967283,0.1065285,-0.13440081,-0.42950797,0.07462084,-0.16597885,-0.3640097,0.1275675,-0.16731545,-0.52244854,-0.026022105,-0.035225198,-0.64281857,-0.06009492,-0.1384193,-0.47589523,-0.08184839,-0.119407065,-0.3989389,-0.03569346,-0.081420854,-0.5181131,-0.1737305,-0.045333575,-0.64995444,-0.20506842,-0.102469556,-0.5421181,-0.20945436,-0.073294334,-0.47430524,-0.17818275,-0.035862792
BAD,0.0,0.0,0.0,-0.07640366,0.25236183,-0.11025941,-0.25323287,0.49349958,-0.16184813,-0.40210533,0.6901487,-0.21001042,-0.49085897,0.87123907,-0.24149323,-0.48654214,0.32521302,-0.04380656,-0.6008282,0.26244462,-0.13654806,-0.44158632,0.21684447,-0.18662873,-0.35521543,0.24533698,-0.20930551,-0.5164753,0.13742425,-0.029217351,-0.6276487,0.096440464,-0.13547087,-0.436153,0.06557165,-0.1714074,-0.36346412,0.115513265,-0.17440242,-0.52315605,-0.04035038,-0.03243621,-0.6465764,-0.07334673,-0.1397191,-0.478881,-0.091255516,-0.12281717,-0.3981141,-0.045970425,-0.08473074,-0.515691,-0.18933351,-0.04336299,-0.65025496,-0.22191952,-0.10178808,-0.54150313,-0.22288336,-0.07263803,-0.47213545,-0.19146933,-0.03476219
BAD,0.0,0.0,0.0,-0.078563765,0.24778895,-0.109255604,-0.2552239,0.4889591,-0.1626298,-0.4026002,0.68833834,-0.21286027,-0.49213052,0.8705214,-0.24677627,-0.4864214,0.32326826,-0.044631083,-0.6048709,0.26351878,-0.13875245,-0.44656128,0.21864761,-0.19134626,-0.36039552,0.24465151,-0.21590203,-0.51648366,0.13656828,-0.031212287,-0.63084793,0.095996365,-0.13792457,-0.43924195,0.066120215,-0.1751123,-0.36541435,0.11601261,-0.179007,-0.5238902,-0.041624486,-0.03549685,-0.6496055,-0.073876835,-0.14054742,-0.48205084,-0.09045945,-0.12318357,-0.40157855,-0.044608857,-0.085607864,-0.51750976,-0.19166732,-0.04767974,-0.6503175,-0.22180247,-0.10390648,-0.5404872,-0.22233306,-0.07400818,-0.472255,-0.19112033,-0.03624556
BAD,0.0,0.0,0.0,-0.079548724,0.25107288,-0.10906282,-0.25498483,0.49054542,-0.16198473,-0.40186703,0.6897152,-0.2124039,-0.49258283,0.8702656,-0.24575837,-0.4864967,0.32778716,-0.041023698,-0.60340196,0.26349232,-0.13551797,-0.44297087,0.21815068,-0.18576531,-0.36151433,0.24953052,-0.2085257,-0.51700664,0.14259043,-0.02815372,-0.62617725,0.09779964,-0.13327204,-0.43537283,0.0652584,-0.16692819,-0.37314063,0.119409904,-0.16901986,-0.52573204,-0.034400396,-0.033870757,-0.64600813,-0.070707195,-0.14029719,-0.47885337,-0.09006285,-0.12144332,-0.40711486,-0.040597964,-0.082904056,-0.5216872,-0.18496113,-0.047558036,-0.6547179,-0.21741523,-0.10418679,-0.5442857,-0.22064255,-0.07329406,-0.47804534,-0.18925597,-0.034758728
BAD,0.0,0.0,0.0,-0.078359805,0.25809184,-0.111967884,-0.24805139,0.49801776,-0.16626208,-0.39244458,0.69596845,-0.21665336,-0.48018897,0.8771651,-0.2486245,-0.47849146,0.34107012,-0.045856055,-0.5929187,0.2637919,-0.13926052,-0.43133146,0.21971922,-0.1842797,-0.35363317,0.25849974,-0.20293503,-0.50750774,0.15361613,-0.030588547,-0.6141623,0.101813346,-0.13594209,-0.42182237,0.069036074,-0.16502687,-0.3656929,0.12780818,-0.16345987,-0.5171595,-0.023278454,-0.033932753,-0.6351689,-0.064340055,-0.14154842,-0.46769726,-0.08365566,-0.11923493,-0.39937612,-0.029806575,-0.07785606,-0.51500636,-0.17038687,-0.045175113,-0.64580053,-0.20769222,-0.1009737,-0.53406215,-0.21179849,-0.06758627,-0.46952385,-0.17797124,-0.027044764
BAD,0.0,0.0,0.0,-0.07041714,0.25410613,-0.11885717,-0.24088266,0.49418214,-0.17581941,-0.38750958,0.6938826,-0.22731824,-0.47843108,0.87812513,-0.26114926,-0.4833692,0.3367863,-0.05108508,-0.59026384,0.26247954,-0.14574076,-0.43007278,0.21952195,-0.19525738,-0.35103852,0.25691482,-0.2175378,-0.5147194,0.14887175,-0.032843776,-0.614295,0.09789675,-0.13902713,-0.4212735,0.0690074,-0.17199871,-0.35948884,0.12817015,-0.1733866,-0.52404296,-0.028572483,-0.03334275,-0.63842875,-0.06899432,-0.14152007,-0.47044381,-0.085315615,-0.12226627,-0.3997209,-0.031656757,-0.08314004,-0.51955897,-0.1761926,-0.042172424,-0.64762944,-0.21136077,-0.09957465,-0.5345026,-0.21423985,-0.067963906,-0.46919358,-0.18041244,-0.028515581
BAD,0.0,0.0,0.0,-0.07176764,0.26039544,-0.11251456,-0.24363671,0.49911556,-0.165005,-0.39195085,0.694731,-0.21399008,-0.48114324,0.876642,-0.24524958,-0.48301518,0.3407271,-0.03735143,-0.59238994,0.26715624,-0.12991653,-0.43385246,0.22620465,-0.17840263,-0.3563084,0.26609078,-0.19996299,-0.5125872,0.15455657,-0.022191131,-0.6122554,0.1058856,-0.1253483,-0.42380998,0.076183505,-0.15777409,-0.3663034,0.13445961,-0.15909919,-0.5209835,-0.022914829,-0.026286762,-0.63616496,-0.058710836,-0.13370022,-0.47019044,-0.07933827,-0.11486744,-0.39946043,-0.029390357,-0.0759325,-0.51632786,-0.17307247,-0.03850029,-0.64542085,-0.2066251,-0.097612225,-0.5342921,-0.21038821,-0.067362286,-0.46691805,-0.17813154,-0.028312717
BAD,0.0,0.0,0.0,-0.07363335,0.24771516,-0.1196291,-0.2470282,0.48839286,-0.17557433,-0.39458832,0.6897557,-0.226358,-0.487575,0.87308115,-0.25919485,-0.49346325,0.33493975,-0.043278698,-0.59901994,0.25643763,-0.13828176,-0.4372609,0.21615244,-0.19013153,-0.35721472,0.25694764,-0.21437407,-0.52419454,0.14765728,-0.025272727,-0.621918,0.09678454,-0.132108,-0.42926583,0.06932019,-0.16763063,-0.36619088,0.12939362,-0.17039327,-0.5311551,-0.030753981,-0.026974438,-0.64242995,-0.06771651,-0.13783203,-0.47402894,-0.08694558,-0.12133848,-0.4007942,-0.03649661,-0.08295745,-0.524384,-0.18125834,-0.03712846,-0.65104955,-0.2128184,-0.09886713,-0.5392301,-0.21580401,-0.07025488,-0.47141233,-0.18325664,-0.03177646
BAD,0.0,0.0,0.0,-0.072878495,0.24979877,-0.11779952,-0.24914221,0.48986787,-0.17089207,-0.3984147,0.69064385,-0.2192992,-0.49032348,0.87154055,-0.24962807,-0.4939551,0.33597326,-0.03526596,-0.5966995,0.2537462,-0.13372596,-0.4321304,0.22156152,-0.18793991,-0.35400978,0.26161444,-0.21231769,-0.52362156,0.1481515,-0.01730217,-0.62383133,0.09670307,-0.12831028,-0.42865884,0.07776649,-0.16413367,-0.36901987,0.13662085,-0.16453822,-0.53001136,-0.030436765,-0.019905088,-0.6386723,-0.069916725,-0.13275893,-0.46917093,-0.08049057,-0.1148422,-0.40136817,-0.029553948,-0.07377848,-0.5245981,-0.18153967,-0.030989366,-0.65040344,-0.21377407,-0.089682154,-0.5351465,-0.21049729,-0.058176212,-0.46966255,-0.17836533,-0.017296694
BAD,0.0,0.0,0.0,-0.07142425,0.23899122,-0.11722577,-0.2537068,0.48331377,-0.17033038,-0.4041656,0.6873113,-0.2184292,-0.49589613,0.8683818,-0.24784888,-0.4955801,0.33095476,-0.044191454,-0.6025881,0.25638205,-0.13845046,-0.43555143,0.21943879,-0.1858655,-0.35845634,0.25636718,-0.20609066,-0.5272315,0.14416198,-0.026163623,-0.624747,0.090825096,-0.13128202,-0.42668617,0.07151101,-0.16024044,-0.36877573,0.1326042,-0.1575626,-0.5345844,-0.034459755,-0.027970988,-0.64795184,-0.07902113,-0.13589443,-0.4764561,-0.08752794,-0.11513321,-0.40774378,-0.034356497,-0.073905356,-0.52956474,-0.18664713,-0.038150568,-0.6585305,-0.22018085,-0.094980136,-0.54462886,-0.21481876,-0.06399315,-0.47857392,-0.18009534,-0.024239238
BAD,0.0,0.0,0.0,-0.06983252,0.24440965,-0.11855452,-0.24620014,0.4902532,-0.17333189,-0.39745986,0.69316036,-0.22235529,-0.4898716,0.8717946,-0.25260514,-0.49299085,0.34083223,-0.045036178,-0.59914935,0.26444402,-0.13799635,-0.4322276,0.22331856,-0.18535446,-0.35372368,0.25567186,-0.20523442,-0.52378285,0.15488262,-0.025207419,-0.6172653,0.09945791,-0.12879194,-0.42301375,0.076729886,-0.1594642,-0.36522788,0.13526075,-0.15829709,-0.53120744,-0.023523604,-0.024914587,-0.63988507,-0.06986223,-0.13115421,-0.47089326,-0.07888082,-0.11189322,-0.4018127,-0.026458517,-0.071938306,-0.5262218,-0.17547815,-0.032936186,-0.65445644,-0.20775619,-0.088358775,-0.5395457,-0.20273133,-0.057025872,-0.47087184,-0.16873135,-0.017038304
BAD,0.0,0.0,0.0,-0.07324802,0.24340034,-0.123874694,-0.2503313,0.48586372,-0.1796565,-0.40309635,0.6881097,-0.22703373,-0.49317056,0.8699326,-0.25467488,-0.49439737,0.34019768,-0.056160793,-0.6016219,0.2600325,-0.14509831,-0.4324698,0.21026954,-0.18668991,-0.35819468,0.2507356,-0.20509462,-0.52634495,0.1564698,-0.033193238,-0.6212246,0.09862117,-0.13544294,-0.42484114,0.06598355,-0.16307634,-0.37179834,0.13382299,-0.16186507,-0.53364253,-0.01921507,-0.028885607,-0.6426315,-0.06711866,-0.13585514,-0.4710438,-0.085211836,-0.11404954,-0.4056107,-0.02546127,-0.07421468,-0.52703655,-0.16598551,-0.03292648,-0.64659816,-0.20396926,-0.09153762,-0.5285951,-0.20653285,-0.060789306,-0.46477574,-0.16836329,-0.02209254
BAD,0.0,0.0,0.0,-0.07119143,0.24416706,-0.12201591,-0.24718472,0.49062505,-0.17774555,-0.39800146,0.6933736,-0.22600023,-0.48653105,0.8736633,-0.25529593,-0.4867656,0.33949983,-0.054441955,-0.59684086,0.26805478,-0.1445424,-0.4315537,0.22022401,-0.18946593,-0.3547232,0.25388473,-0.20979701,-0.5167939,0.15815036,-0.032765057,-0.614105,0.10524996,-0.13334921,-0.4228267,0.0745528,-0.16208552,-0.36498073,0.13541307,-0.162142,-0.52339417,-0.015742272,-0.030113399,-0.63559836,-0.060808834,-0.13557644,-0.4678896,-0.07756421,-0.11625244,-0.3981551,-0.022964997,-0.07811659,-0.516427,-0.1635204,-0.03591567,-0.64148617,-0.19907854,-0.09461895,-0.5296131,-0.20056398,-0.06640564,-0.46355414,-0.16298908,-0.02953939
BAD,0.0,0.0,0.0,-0.07244424,0.23840016,-0.117074125,-0.24835987,0.48782587,-0.17200576,-0.39781433,0.69142145,-0.22155954,-0.4883533,0.87264603,-0.254175,-0.49095845,0.32966405,-0.042924847,-0.6019521,0.2633367,-0.13736704,-0.4439412,0.22104329,-0.19394137,-0.35956973,0.24838078,-0.22223587,-0.5210196,0.14391795,-0.02546881,-0.6231255,0.094042435,-0.13076822,-0.43679664,0.06916703,-0.16973945,-0.3643155,0.122290656,-0.17592986,-0.52644193,-0.031641178,-0.027320556,-0.63956994,-0.0749757,-0.13416651,-0.47677794,-0.08633924,-0.121012665,-0.39860976,-0.037817005,-0.08633788,-0.517912,-0.1811785,-0.037599277,-0.64269483,-0.21421933,-0.09663172,-0.5329831,-0.21135174,-0.07027413,-0.4642494,-0.17639153,-0.03481025
BAD,0.0,0.0,0.0,-0.07749459,0.25245172,-0.10825505,-0.25436145,0.4941118,-0.16078563,-0.4039305,0.69143915,-0.21004109,-0.49468473,0.8690725,-0.24232017,-0.49059266,0.33242258,-0.041380312,-0.60649157,0.2684372,-0.13278897,-0.44585535,0.22339563,-0.18290791,-0.3624989,0.25189397,-0.206112,-0.5195934,0.14925791,-0.027863361,-0.62264824,0.100277215,-0.129474,-0.43402869,0.07395195,-0.16364633,-0.37006965,0.13043955,-0.16713168,-0.5262098,-0.026118759,-0.032362238,-0.6413986,-0.070250146,-0.13642083,-0.47606593,-0.083020896,-0.11957176,-0.40253747,-0.032905802,-0.083062574,-0.5201592,-0.17561963,-0.04444502,-0.65099853,-0.21172027,-0.10051191,-0.5407642,-0.2101994,-0.070342384,-0.4729067,-0.17582513,-0.032320596
BAD,0.0,0.0,0.0,-0.075511545,0.25232092,-0.11459748,-0.24986961,0.49331495,-0.16956714,-0.39952245,0.6917172,-0.21994118,-0.48964858,0.8719199,-0.2527496,-0.49362612,0.33456546,-0.04436108,-0.60078037,0.2613226,-0.13609986,-0.44311926,0.22168377,-0.18705346,-0.3635227,0.25718692,-0.211444,-0.5229161,0.15023838,-0.028238142,-0.62299913,0.09945295,-0.13099599,-0.43466145,0.0756594,-0.16541384,-0.37063283,0.13315602,-0.16858713,-0.5283018,-0.026067803,-0.030765826,-0.6423802,-0.06752633,-0.1363258,-0.4784911,-0.08052779,-0.120548256,-0.4041661,-0.030044261,-0.08414216,-0.519986,-0.17585766,-0.041479412,-0.6493846,-0.21054459,-0.09941764,-0.5430273,-0.20878236,-0.071342275,-0.4763151,-0.17384931,-0.0343501
BAD,0.0,0.0,0.0,-0.06905169,0.251041,-0.11120633,-0.24666098,0.49515137,-0.16360722,-0.3986223,0.69263923,-0.21227993,-0.48914877,0.8722003,-0.24412628,-0.48624545,0.33226147,-0.041457042,-0.5994551,0.27037686,-0.13303259,-0.44219667,0.22511676,-0.18460153,-0.3577388,0.25047013,-0.20883435,-0.51618385,0.14921542,-0.02705845,-0.6193332,0.10213374,-0.12903091,-0.4336514,0.07433029,-0.16477102,-0.36432162,0.12590328,-0.16892613,-0.52312255,-0.025766525,-0.031132296,-0.63866407,-0.06554716,-0.13660115,-0.47555575,-0.08235596,-0.12231053,-0.3979981,-0.03684465,-0.08690254,-0.516671,-0.17574874,-0.043194488,-0.64838374,-0.2090251,-0.10375914,-0.5405063,-0.21119183,-0.07730589,-0.4696033,-0.18017545,-0.041044172
BAD,0.0,0.0,0.0,-0.080035895,0.24544665,-0.1092299,-0.25789827,0.4860805,-0.16337201,-0.41070223,0.68469876,-0.21483637,-0.5040149,0.8636949,-0.24917203,-0.49900064,0.31744286,-0.040296305,-0.6194278,0.25787786,-0.13555391,-0.4595125,0.21727541,-0.18905409,-0.36627975,0.24228974,-0.21327056,-0.52664083,0.1335421,-0.027181614,-0.6404232,0.08870847,-0.13440579,-0.4482598,0.066423535,-0.17171904,-0.3733226,0.11794199,-0.17515296,-0.5310929,-0.041287214,-0.03246154,-0.65505594,-0.08155297,-0.14045803,-0.4894289,-0.09283013,-0.12467162,-0.40669978,-0.048327725,-0.086931236,-0.5213281,-0.19132906,-0.045615718,-0.6571643,-0.22605409,-0.10633845,-0.54914325,-0.2244147,-0.07843392,-0.47782394,-0.19379078,-0.040565033
BAD,0.0,0.0,0.0,-0.07766445,0.25259393,-0.1070003,-0.25678343,0.48882937,-0.16104086,-0.4100644,0.68272984,-0.21316314,-0.49966177,0.8662206,-0.24854343,-0.49147862,0.31844795,-0.040045746,-0.61063856,0.25735304,-0.13337803,-0.4522928,0.21935429,-0.18545881,-0.3651101,0.24614777,-0.20921311,-0.5187784,0.13355914,-0.027519565,-0.62834436,0.090701155,-0.13277197,-0.4371227,0.06998443,-0.16816634,-0.36745316,0.12035142,-0.17048846,-0.5233708,-0.042860683,-0.032972403,-0.6484944,-0.08029685,-0.13590686,-0.48589224,-0.09157321,-0.117501415,-0.40808964,-0.046461817,-0.07929033,-0.51544505,-0.19228174,-0.04648418,-0.650917,-0.22726564,-0.1013606,-0.547493,-0.22301327,-0.07139652,-0.48177445,-0.19077276,-0.033215385
BAD,0.0,0.0,0.0,-0.07667335,0.24570309,-0.11331238,-0.2557114,0.48432088,-0.16840474,-0.40740532,0.6828676,-0.22023258,-0.5017122,0.8650346,-0.2550638,-0.49511024,0.3190366,-0.039843366,-0.60754126,0.2540104,-0.13527913,-0.44600165,0.21791999,-0.19066255,-0.362615,0.24819118,-0.21722823,-0.52454376,0.132917,-0.024583505,-0.62769175,0.08727601,-0.13256599,-0.43528363,0.068962246,-0.17104003,-0.3668134,0.123628624,-0.17535496,-0.5291727,-0.044348102,-0.028265558,-0.64875,-0.083421156,-0.1349323,-0.48358062,-0.09243236,-0.11908695,-0.40738222,-0.044496804,-0.08192606,-0.5213951,-0.19357759,-0.040397912,-0.6506402,-0.22900318,-0.098343946,-0.54224825,-0.2238397,-0.070275486,-0.4754225,-0.19134612,-0.032964174
BAD,0.0,0.0,0.0,-0.07627371,0.24527526,-0.1150141,-0.25515303,0.48499104,-0.17037584,-0.40697277,0.6844404,-0.22160405,-0.5005508,0.86570716,-0.2550688,-0.4966746,0.32360125,-0.042433944,-0.606948,0.25259018,-0.13814606,-0.44327143,0.21470976,-0.19036032,-0.36439952,0.248518,-0.21446802,-0.52586526,0.13602163,-0.026241856,-0.6258772,0.08540316,-0.13505536,-0.4308302,0.0658381,-0.17047395,-0.36933365,0.12563302,-0.17215978,-0.53048015,-0.042359687,-0.029208576,-0.645956,-0.08543449,-0.13694279,-0.47721413,-0.09366505,-0.118427575,-0.40694687,-0.040267695,-0.079264626,-0.5228504,-0.19252867,-0.0405771,-0.64844096,-0.22971614,-0.0972187,-0.5367282,-0.22434495,-0.06692654,-0.4737287,-0.18975195,-0.02812546
BAD,0.0,0.0,0.0,-0.07771549,0.2424719,-0.11808274,-0.260611,0.4793535,-0.17340939,-0.41079056,0.6801603,-0.22452079,-0.5051497,0.8630318,-0.25816652,-0.5007331,0.32076082,-0.04529568,-0.60942936,0.24428959,-0.14426914,-0.4443547,0.21045278,-0.19826154,-0.36796877,0.24476591,-0.22339153,-0.52931625,0.13211331,-0.028475804,-0.6294072,0.07830074,-0.1410182,-0.43504858,0.06320586,-0.17749777,-0.37392387,0.122447535,-0.17933205,-0.5341404,-0.047201052,-0.03153965,-0.6452914,-0.091193095,-0.14454238,-0.47575948,-0.09613561,-0.12781449,-0.40465745,-0.043754503,-0.08855231,-0.5285908,-0.19919294,-0.043216135,-0.6540648,-0.23605357,-0.103623115,-0.54112333,-0.22945124,-0.07492444,-0.475206,-0.19517818,-0.03661284
BAD,0.0,0.0,0.0,-0.08201709,0.23872495,-0.113705315,-0.26295248,0.47621322,-0.16828701,-0.4131169,0.6799181,-0.21980092,-0.507679,0.86154634,-0.25405723,-0.4990269,0.31643265,-0.040735725,-0.6138273,0.24579223,-0.13793613,-0.45004123,0.21267273,-0.19175792,-0.36850873,0.24315877,-0.21630102,-0.52794695,0.12916134,-0.024766117,-0.6320303,0.079237066,-0.13503018,-0.4376237,0.06614693,-0.17131454,-0.37220436,0.122359954,-0.17306356,-0.5332599,-0.04926599,-0.028241275,-0.64907783,-0.091139056,-0.1366976,-0.48190537,-0.09297987,-0.11992372,-0.40799534,-0.04270745,-0.0812171,-0.5280196,-0.20000122,-0.040108982,-0.65745705,-0.23555285,-0.095995985,-0.5480497,-0.22592938,-0.06663482,-0.48146594,-0.19206187,-0.028492816
BAD,0.0,0.0,0.0,-0.08062657,0.23976137,-0.11327238,-0.26298314,0.4784989,-0.167702,-0.41359684,0.6813426,-0.21844487,-0.506384,0.8623081,-0.25136587,-0.4979393,0.31966415,-0.04526965,-0.6157268,0.2527844,-0.14179128,-0.44953388,0.21451578,-0.19247515,-0.3692841,0.24611475,-0.21486507,-0.52805835,0.1349249,-0.029409869,-0.6322782,0.08611963,-0.13843745,-0.43674868,0.06696382,-0.17159627,-0.37573004,0.12521279,-0.17166232,-0.53452057,-0.04266264,-0.032673635,-0.6507878,-0.084722355,-0.1404418,-0.48138046,-0.091156945,-0.120983526,-0.41058215,-0.039178777,-0.08117367,-0.52997315,-0.19340333,-0.04417112,-0.6581008,-0.22838867,-0.099981755,-0.5456336,-0.22174193,-0.06925099,-0.48008505,-0.18798952,-0.03029414
BAD,0.0,0.0,0.0,-0.07806289,0.24415419,-0.1172647,-0.25887126,0.47924057,-0.17214563,-0.40935448,0.68100345,-0.22297493,-0.5024476,0.8646077,-0.2556347,-0.5022509,0.32842782,-0.04210507,-0.60867697,0.2502022,-0.13756697,-0.44325456,0.2105785,-0.18764271,-0.3728922,0.24634354,-0.21069172,-0.53239053,0.1430757,-0.025353322,-0.6264133,0.08839348,-0.13324274,-0.43181834,0.06540584,-0.16617586,-0.37844625,0.12343428,-0.1664084,-0.5379442,-0.035842996,-0.028579954,-0.6454969,-0.080924466,-0.13970359,-0.4757689,-0.092068434,-0.12181289,-0.40843022,-0.04047349,-0.082085334,-0.53234994,-0.18786462,-0.040339313,-0.65822667,-0.22470167,-0.10051615,-0.5470058,-0.22199933,-0.07157893,-0.4809462,-0.19043815,-0.03270512
BAD,0.0,0.0,0.0,-0.07536504,0.24426825,-0.12156375,-0.25459975,0.48116332,-0.17861688,-0.4103933,0.68150425,-0.2299462,-0.5071979,0.8618296,-0.2616315,-0.50802815,0.32801446,-0.047829982,-0.6127831,0.24772364,-0.14248928,-0.44078234,0.20731655,-0.19032462,-0.36953077,0.24506761,-0.2117842,-0.5375512,0.14113936,-0.028232096,-0.6264087,0.084523834,-0.13533595,-0.42829984,0.06413572,-0.16656978,-0.37838873,0.1276723,-0.16605097,-0.54162526,-0.03802021,-0.028500168,-0.6485939,-0.0865189,-0.13848493,-0.47810754,-0.0933972,-0.118720174,-0.41398233,-0.036397964,-0.078252584,-0.5341759,-0.18997931,-0.037399363,-0.66168594,-0.22786339,-0.09550118,-0.5492919,-0.22196794,-0.0647436,-0.48485166,-0.18616864,-0.024750438
BAD,0.0,0.0,0.0,-0.079766385,0.24706513,-0.11647528,-0.2557186,0.4849515,-0.17196812,-0.40888736,0.68576324,-0.22219701,-0.5016629,0.8650632,-0.25271308,-0.50337565,0.3287637,-0.04339633,-0.6117718,0.25715423,-0.13446657,-0.4429476,0.21484183,-0.17988247,-0.3672664,0.2525362,-0.19973658,-0.53402334,0.1452924,-0.024950234,-0.6265279,0.093495525,-0.1270879,-0.4307663,0.070054784,-0.15609038,-0.379634,0.13370281,-0.1553149,-0.5389714,-0.030734394,-0.025743363,-0.6479826,-0.07701347,-0.13013935,-0.47927952,-0.0865712,-0.10815188,-0.41339222,-0.030146275,-0.06814263,-0.5303906,-0.17934535,-0.03494259,-0.65461135,-0.21819553,-0.08946614,-0.5413944,-0.21269934,-0.05707302,-0.4773958,-0.17615494,-0.017178003
BAD,0.0,0.0,0.0,-0.075572915,0.24183486,-0.11774187,-0.25549105,0.4819215,-0.17359455,-0.4092936,0.68319243,-0.22464278,-0.5047067,0.8632909,-0.25709718,-0.5021879,0.32214427,-0.044779003,-0.615267,0.25086915,-0.14106056,-0.44867334,0.21318962,-0.19178328,-0.36603424,0.24740271,-0.2141346,-0.5308228,0.13632815,-0.027119108,-0.62845373,0.08469602,-0.13412945,-0.43227193,0.0662038,-0.16736634,-0.37152773,0.12526803,-0.16808774,-0.5353646,-0.041608017,-0.029185127,-0.65004337,-0.08473753,-0.13882308,-0.4783799,-0.092387185,-0.119852744,-0.40492114,-0.041216057,-0.07988399,-0.52747864,-0.19391543,-0.03970511,-0.6564765,-0.22906648,-0.10030193,-0.5413616,-0.2235808,-0.0707476,-0.47295344,-0.18946834,-0.03139916
BAD,0.0,0.0,0.0,-0.076701485,0.25046602,-0.11192453,-0.25757006,0.48699304,-0.16421716,-0.41070008,0.6846314,-0.21219102,-0.50049746,0.865738,-0.24216206,-0.4967615,0.33087376,-0.0427297,-0.6113479,0.26312363,-0.13188691,-0.44768956,0.2217973,-0.17827997,-0.36707217,0.2549126,-0.19919057,-0.5270043,0.14791267,-0.026206337,-0.6279222,0.09869433,-0.12818362,-0.4340065,0.07498439,-0.1602078,-0.37225094,0.1321745,-0.16116495,-0.5325775,-0.028505689,-0.027812034,-0.6488233,-0.070103504,-0.13141796,-0.48075116,-0.08207848,-0.112485446,-0.4072842,-0.03201471,-0.07423881,-0.5251672,-0.17861047,-0.03741669,-0.65427667,-0.21439101,-0.094238766,-0.54291946,-0.21213607,-0.06462205,-0.47544613,-0.18042572,-0.026353585
BAD,0.0,0.0,0.0,-0.07179259,0.24632776,-0.11165052,-0.25421354,0.48940566,-0.16285025,-0.40773523,0.6876135,-0.20997573,-0.49905637,0.8665695,-0.23953938,-0.49186385,0.33102608,-0.042008366,-0.6103268,0.26309407,-0.13366531,-0.44819888,0.22350614,-0.18322507,-0.36076188,0.2541008,-0.20540728,-0.5210553,0.14719164,-0.026416942,-0.628154,0.098257355,-0.13086732,-0.4343912,0.07794954,-0.16553195,-0.36274627,0.13369451,-0.1671235,-0.5267683,-0.028035626,-0.029291017,-0.6477563,-0.06898926,-0.13452691,-0.47992438,-0.07833794,-0.11820395,-0.40063262,-0.02922363,-0.080499895,-0.5200519,-0.17728539,-0.040112805,-0.65240717,-0.21154033,-0.09818658,-0.54269487,-0.20910443,-0.070281975,-0.4734836,-0.17593895,-0.032777555
BAD,0.0,0.0,0.0,-0.07320047,0.24663685,-0.11022223,-0.25529814,0.4884622,-0.16127968,-0.40754765,0.6868377,-0.20913151,-0.4996713,0.8662151,-0.24013525,-0.49511594,0.32578442,-0.03747291,-0.6093786,0.26594153,-0.12939452,-0.45103446,0.2257287,-0.18184829,-0.364183,0.25099948,-0.20634261,-0.5244715,0.14290555,-0.023464058,-0.6278627,0.09999426,-0.12821656,-0.43821037,0.07915358,-0.16629422,-0.3637466,0.12912515,-0.1704032,-0.5298869,-0.032437056,-0.028091893,-0.64988834,-0.068504244,-0.13410304,-0.4846623,-0.07840396,-0.12051162,-0.40219185,-0.03446479,-0.08432134,-0.5226482,-0.18384661,-0.040719453,-0.6572501,-0.21400724,-0.10060654,-0.54958653,-0.21064179,-0.074171185,-0.47762316,-0.17968622,-0.03724422
BAD,0.0,0.0,0.0,-0.074105375,0.24997501,-0.10881324,-0.25640085,0.48987767,-0.15932152,-0.4079293,0.6868998,-0.20677033,-0.4989388,0.86663723,-0.23741978,-0.49638775,0.3272158,-0.039099887,-0.6070618,0.2626368,-0.1298844,-0.4500091,0.22307163,-0.18022674,-0.36649892,0.25205767,-0.20353523,-0.52540267,0.14245741,-0.025551243,-0.62504417,0.09641731,-0.12914775,-0.43498552,0.07613307,-0.16475262,-0.3640498,0.1281765,-0.16755797,-0.5304365,-0.034957465,-0.030257922,-0.6485336,-0.07247526,-0.13496453,-0.48346996,-0.08239691,-0.11941571,-0.4034489,-0.0375339,-0.08256188,-0.5227461,-0.18756466,-0.04287465,-0.6561214,-0.21968146,-0.10140243,-0.5494674,-0.21564728,-0.07377994,-0.47962117,-0.18461844,-0.036366258
BAD,0.0,0.0,0.0,-0.07602702,0.24099246,-0.11296763,-0.25909618,0.4815542,-0.16614726,-0.41042668,0.6836168,-0.21518107,-0.5015089,0.8651525,-0.24687842,-0.49898267,0.3248481,-0.043715708,-0.6134008,0.25665417,-0.13426596,-0.4522489,0.21546435,-0.18311866,-0.37016165,0.2473046,-0.2054702,-0.5289911,0.14273812,-0.02741245,-0.6282404,0.09213477,-0.12922914,-0.43588507,0.07179527,-0.16251878,-0.3709989,0.13107546,-0.16422452,-0.5347988,-0.03313082,-0.02951701,-0.6501598,-0.075510025,-0.13278596,-0.4827354,-0.084139,-0.11540732,-0.4081032,-0.03290168,-0.07792073,-0.5282037,-0.18355608,-0.03963774,-0.65769255,-0.21581373,-0.09526248,-0.5467873,-0.21189632,-0.06547314,-0.4787052,-0.17812619,-0.027149297
BAD,0.0,0.0,0.0,-0.07735119,0.23999871,-0.112281114,-0.2560398,0.47871423,-0.16692628,-0.40881357,0.68286085,-0.21874717,-0.5003121,0.8658452,-0.2524323,-0.4957237,0.32326326,-0.03865993,-0.6113986,0.26193902,-0.1327606,-0.44722262,0.22259216,-0.18191223,-0.36415705,0.2503102,-0.20299585,-0.52709436,0.14039482,-0.023117974,-0.6294641,0.0954611,-0.12787706,-0.43361315,0.0744321,-0.15906051,-0.37234688,0.12783642,-0.15803629,-0.533276,-0.036439866,-0.027015412,-0.6495405,-0.07331655,-0.13170707,-0.4823091,-0.083822146,-0.11125273,-0.4092042,-0.037089135,-0.070877,-0.5263449,-0.18746416,-0.039343465,-0.6585881,-0.22023185,-0.09388362,-0.55081165,-0.2146209,-0.06301214,-0.48365507,-0.1815399,-0.023731159
BAD,0.0,0.0,0.0,-0.07773208,0.24212986,-0.11967153,-0.2539091,0.4778061,-0.17732081,-0.4067828,0.6813225,-0.23027158,-0.50151765,0.8651475,-0.26327926,-0.49254736,0.32990956,-0.05000761,-0.61027867,0.2576822,-0.14664891,-0.44166583,0.2180335,-0.19186741,-0.36710346,0.2554911,-0.20988123,-0.52287483,0.14527418,-0.030770892,-0.6254904,0.09609301,-0.13920559,-0.42699954,0.074230194,-0.1677516,-0.37740824,0.13637556,-0.16461712,-0.5313304,-0.032277446,-0.03129447,-0.64889276,-0.075183615,-0.14122579,-0.4787872,-0.085906304,-0.11917576,-0.41418082,-0.03128412,-0.07691517,-0.5290631,-0.18241511,-0.040451128,-0.66232,-0.21651398,-0.097931415,-0.55199945,-0.21273647,-0.066890076,-0.4856364,-0.17840579,-0.026861431
BAD,0.0,0.0,0.0,-0.06482751,0.25072375,-0.12788062,-0.23822822,0.48738876,-0.18680613,-0.39311895,0.6858462,-0.23724188,-0.4857485,0.8740986,-0.2661769,-0.48702848,0.35171923,-0.06670868,-0.57642573,0.25118437,-0.15347706,-0.4150128,0.20412956,-0.18286955,-0.35900867,0.26232994,-0.19289503,-0.52122086,0.16291216,-0.043719992,-0.6011534,0.092530444,-0.14457153,-0.405598,0.06557993,-0.1610848,-0.37378588,0.14706889,-0.15279558,-0.53079486,-0.01680197,-0.03952026,-0.63348657,-0.06905718,-0.14923188,-0.4630456,-0.089027755,-0.119277716,-0.40835866,-0.021865126,-0.07398127,-0.5268527,-0.16667035,-0.044278733,-0.651081,-0.21693756,-0.10499996,-0.53724766,-0.21906109,-0.07126582,-0.47521788,-0.1719902,-0.03030539
BAD,0.0,0.0,0.0,-0.06460319,0.2503648,-0.12654364,-0.2413062,0.48742253,-0.18411024,-0.3968239,0.68616295,-0.23379308,-0.4886886,0.8724582,-0.2615535,-0.4885232,0.35715142,-0.05909778,-0.5910083,0.26532796,-0.15137981,-0.41472834,0.21961085,-0.18772095,-0.35744926,0.26943204,-0.20148687,-0.5224561,0.16975506,-0.036278985,-0.60488373,0.10466335,-0.13978861,-0.406059,0.07826544,-0.1593016,-0.37773213,0.15355356,-0.15205768,-0.53111106,-0.009922432,-0.033495553,-0.6326096,-0.060763977,-0.14603695,-0.4591285,-0.07852174,-0.11925153,-0.40870047,-0.017631428,-0.074465215,-0.52877814,-0.16252515,-0.039285485,-0.655516,-0.19965062,-0.10047908,-0.53952605,-0.20136929,-0.06804055,-0.4757202,-0.16591614,-0.026667153
BAD,0.0,0.0,0.0,-0.06482076,0.24642858,-0.12097503,-0.23989993,0.4888708,-0.17421502,-0.39357474,0.69466066,-0.22017442,-0.48697463,0.87341607,-0.24294469,-0.48899102,0.3623551,-0.051452972,-0.59384483,0.28128034,-0.13969931,-0.41591722,0.23590475,-0.1714482,-0.3503279,0.28110906,-0.18116389,-0.52515566,0.17503293,-0.030026173,-0.61128384,0.113549486,-0.12920074,-0.4080779,0.08838807,-0.14515185,-0.37249714,0.1609158,-0.1346453,-0.53558546,-0.0038277018,-0.02838278,-0.63720155,-0.051211704,-0.13428898,-0.4623821,-0.06626671,-0.10497866,-0.40752122,-0.006818195,-0.05918029,-0.5323165,-0.15532103,-0.035182472,-0.65878713,-0.19033971,-0.08961911,-0.54382586,-0.18789974,-0.054749317,-0.48198706,-0.15019517,-0.012413475
BAD,0.0,0.0,0.0,-0.063529655,0.24214634,-0.122438036,-0.24411282,0.48737216,-0.17705539,-0.39516723,0.692059,-0.22532044,-0.49182212,0.8706957,-0.25258622,-0.4946513,0.35081258,-0.04823765,-0.6050311,0.27344486,-0.14430231,-0.43155506,0.22861494,-0.19004299,-0.35552502,0.26655638,-0.20833872,-0.52822065,0.1636543,-0.027801432,-0.6245916,0.104281746,-0.1345788,-0.4227959,0.07735182,-0.16112538,-0.36975974,0.1412664,-0.15581077,-0.53829134,-0.013603835,-0.028015738,-0.64894587,-0.06094618,-0.13885002,-0.474937,-0.07672839,-0.116299845,-0.4102008,-0.023480492,-0.07257254,-0.5352692,-0.16464901,-0.036859997,-0.6649779,-0.19944654,-0.09482212,-0.5529291,-0.19767366,-0.063167505,-0.48965663,-0.16010869,-0.021942249
