label,f0,f1,f2,f3,f4,f5,f6,f7,f8,f9,f10,f11,f12,f13,f14,f15,f16,f17,f18,f19,f20,f21,f22,f23,f24,f25,f26,f27,f28,f29,f30,f31,f32,f33,f34,f35,f36,f37,f38,f39,f40,f41,f42,f43,f44,f45,f46,f47,f48,f49,f50,f51,f52,f53,f54,f55,f56,f57,f58,f59,f60,f61,f62
GOOD,0.0,0.0,0.0,-0.026853172,-0.1898247,-0.016898392,-0.1111292,-0.37562466,-0.049647674,-0.20795374,-0.47859943,-0.077951185,-0.29514763,-0.50253105,-0.1114733,-0.09066703,-0.49250656,-0.11084541,-0.1410829,-0.7083867,-0.17786282,-0.16304682,-0.86355764,-0.22323044,-0.16825458,-0.9857436,-0.25143126,-0.12081243,-0.41502577,-0.12827757,-0.29098558,-0.483431,-0.18532425,-0.42180973,-0.4520287,-0.21262226,-0.50699997,-0.3959531,-0.2337441,-0.1587197,-0.29077005,-0.1432346,-0.3375106,-0.3404777,-0.1879844,-0.4636423,-0.3209963,-0.19373685,-0.5489659,-0.284434,-0.19721457,-0.19618788,-0.15160505,-0.1568068,-0.34554973,-0.1775898,-0.19719113,-0.43979743,-0.16910659,-0.20156142,-0.510727,-0.15235604,-0.20003814
GOOD,0.0,0.0,0.0,-0.06976955,-0.268434,-0.0554653,-0.14863236,-0.56416553,-0.13186091,-0.16037199,-0.7938797,-0.198853,-0.124997266,-0.9921571,-0.27023125,-0.21240798,-0.53666383,-0.24362509,-0.5316385,-0.4199894,-0.35327852,-0.512188,-0.3602317,-0.38425314,-0.44984147,-0.3732945,-0.39543417,-0.20703614,-0.31672332,-0.27133927,-0.5534186,-0.21900767,-0.37172416,-0.49429184,-0.17964198,-0.36068317,-0.4054907,-0.19600247,-0.3553235,-0.21527295,-0.09000781,-0.29870418,-0.53216404,-0.027934983,-0.4018851,-0.46652815,0.0032662912,-0.3538313,-0.37187383,-0.015727209,-0.31483668,-0.22683501,0.11803194,-0.32591042,-0.46857128,0.14917238,-0.40446615,-0.40983626,0.16827106,-0.37455407,-0.31815642,0.15746598,-0.3445338
GOOD,0.0,0.0,0.0,-0.04826812,-0.26464525,-0.008820247,-0.15689294,-0.56960505,-0.0633512,-0.19186407,-0.7980723,-0.1146253,-0.17036249,-0.9853814,-0.1703182,-0.20085189,-0.5857562,-0.20640372,-0.54402846,-0.54691935,-0.28477314,-0.4786323,-0.4903123,-0.30269733,-0.37495202,-0.47479394,-0.30523443,-0.21107893,-0.39362815,-0.24086067,-0.5687165,-0.37661576,-0.3029321,-0.48447844,-0.33130988,-0.28080273,-0.36894786,-0.31200606,-0.2702333,-0.23402001,-0.18468186,-0.26722932,-0.5527302,-0.19307846,-0.3193983,-0.46280977,-0.15895694,-0.26201484,-0.34884,-0.14013614,-0.22553025,-0.26596987,0.029523179,-0.29095316,-0.50493777,-0.012703802,-0.34127256,-0.42264184,0.0058852187,-0.30104104,-0.3244337,0.03421415,-0.2669519
GOOD,0.0,0.0,0.0,-0.06172883,-0.26190364,0.0048614736,-0.18386546,-0.5674012,-0.040334743,-0.22379217,-0.7948793,-0.086198576,-0.19168971,-0.98145556,-0.1345298,-0.22212012,-0.61797273,-0.1784372,-0.56539863,-0.5824204,-0.2596672,-0.494665,-0.5164809,-0.27947834,-0.39159676,-0.5015844,-0.28285512,-0.23059812,-0.43232733,-0.2196341,-0.5868901,-0.4060819,-0.28296578,-0.49849024,-0.36255062,-0.25955468,-0.39062837,-0.3536229,-0.2486156,-0.25223112,-0.22636625,-0.2536689,-0.57543176,-0.23782037,-0.3065588,-0.48029557,-0.197174,-0.24638785,-0.37118977,-0.18027464,-0.20844461,-0.28355482,-0.0150134275,-0.28457704,-0.5264381,-0.057525523,-0.3339582,-0.44129872,-0.03598539,-0.29526892,-0.34559706,-0.01664636,-0.26206136
GOOD,0.0,0.0,0.0,-0.053270284,-0.27103826,0.021175858,-0.15384357,-0.5822152,-0.018418172,-0.18413547,-0.8047034,-0.064224504,-0.15381457,-0.98809975,-0.112892665,-0.20458445,-0.6622581,-0.14627053,-0.53434104,-0.6307945,-0.22352389,-0.46933898,-0.5455446,-0.24181071,-0.36881915,-0.5341128,-0.24449548,-0.21145311,-0.4895382,-0.19523013,-0.5549789,-0.45869783,-0.25570774,-0.4702456,-0.39457172,-0.23176159,-0.3666767,-0.38987094,-0.21936561,-0.23103641,-0.29328707,-0.2374965,-0.5486554,-0.29835033,-0.28434348,-0.4564703,-0.23955603,-0.22394311,-0.34910494,-0.22742952,-0.18639676,-0.25533167,-0.089572795,-0.27590016,-0.50513566,-0.12694177,-0.31210673,-0.4294992,-0.08910428,-0.26910502,-0.33450004,-0.067452095,-0.23468933
GOOD,0.0,0.0,0.0,-0.039989054,-0.26346508,0.022474889,-0.14195701,-0.5728312,-0.0096377395,-0.17285664,-0.8064008,-0.047650363,-0.13822788,-0.9904005,-0.08621997,-0.17884934,-0.6830621,-0.12918155,-0.49738792,-0.64747643,-0.20383844,-0.43448249,-0.53909594,-0.21710224,-0.33764625,-0.52908874,-0.21751016,-0.18655871,-0.5243969,-0.17812644,-0.5221257,-0.482243,-0.24140194,-0.44147307,-0.4001501,-0.214298,-0.34186256,-0.40136427,-0.19820867,-0.20931995,-0.3388709,-0.22229855,-0.5164889,-0.32658926,-0.27534086,-0.43068743,-0.2529025,-0.21516535,-0.32862017,-0.24792103,-0.17650431,-0.2367727,-0.14389656,-0.26255167,-0.47754648,-0.16755758,-0.30571878,-0.40321144,-0.110736944,-0.26805902,-0.30879974,-0.09317113,-0.23607522
GOOD,0.0,0.0,0.0,-0.044496298,-0.26967165,0.02102772,-0.13476507,-0.57511085,-0.020518411,-0.16300048,-0.80940175,-0.06526007,-0.116282314,-0.9932162,-0.110415034,-0.16799632,-0.6809037,-0.17117928,-0.48708627,-0.6411243,-0.23864634,-0.43368083,-0.533076,-0.23128797,-0.34157282,-0.5289537,-0.21858603,-0.17618294,-0.5281523,-0.22106902,-0.5147337,-0.48667407,-0.28141415,-0.4401327,-0.40144688,-0.23695008,-0.34573963,-0.40350813,-0.21192123,-0.19685072,-0.34706545,-0.26329762,-0.50705576,-0.33460173,-0.31435338,-0.42601725,-0.25988975,-0.2478184,-0.32743654,-0.24841337,-0.2085837,-0.2216123,-0.15842795,-0.30070117,-0.46243653,-0.17782022,-0.34629506,-0.39661422,-0.12993577,-0.31383094,-0.3066805,-0.11854428,-0.2875291
GOOD,0.0,0.0,0.0,-0.075485714,-0.29006442,0.10267782,-0.15249643,-0.5785142,0.05099201,-0.16871068,-0.8031648,-0.016321497,-0.11380425,-0.99350315,-0.09065514,-0.1794234,-0.68296355,-0.22859426,-0.474656,-0.64898133,-0.26190057,-0.42302233,-0.5223838,-0.202191,-0.33769205,-0.515868,-0.16035254,-0.1768042,-0.5356951,-0.32562056,-0.50054026,-0.5030356,-0.34822908,-0.42703182,-0.39854544,-0.2438493,-0.33165163,-0.3891279,-0.18940397,-0.19321562,-0.3494579,-0.3992977,-0.489146,-0.33485758,-0.39654782,-0.40737408,-0.24584438,-0.28232595,-0.3044767,-0.2232693,-0.23397578,-0.21186885,-0.16308789,-0.46138537,-0.44150394,-0.17452694,-0.46091923,-0.38075858,-0.12860945,-0.3983705,-0.2914916,-0.10690624,-0.366877
GOOD,0.0,0.0,0.0,-0.05351362,-0.27060577,0.021164078,-0.13872014,-0.5742799,-0.021335095,-0.16257238,-0.807094,-0.064837426,-0.11755908,-0.9930659,-0.108472094,-0.16951936,-0.6667734,-0.18056718,-0.47438177,-0.6266562,-0.2381776,-0.41684732,-0.51860076,-0.22276872,-0.32779005,-0.5172553,-0.20697056,-0.16887395,-0.51643485,-0.22838503,-0.4975161,-0.47556952,-0.28158572,-0.42340004,-0.3921778,-0.23424542,-0.33340293,-0.38936073,-0.20953165,-0.18463473,-0.3392469,-0.26678756,-0.48152667,-0.31678647,-0.30909547,-0.4025198,-0.24560115,-0.24347351,-0.30772027,-0.23426583,-0.2078301,-0.20718801,-0.1574251,-0.30002692,-0.44049063,-0.16723102,-0.33679506,-0.3759844,-0.12410839,-0.30389518,-0.28962865,-0.11574977,-0.2801481
GOOD,0.0,0.0,0.0,-0.059907082,-0.2750119,0.030674966,-0.14480922,-0.5736205,-0.014497836,-0.16948612,-0.8051632,-0.06253605,-0.12281306,-0.99242985,-0.11167191,-0.1766936,-0.6585452,-0.1878178,-0.47932434,-0.6201516,-0.23998898,-0.42135274,-0.5140035,-0.21719359,-0.33554742,-0.5134953,-0.19703004,-0.17824858,-0.5085493,-0.24066535,-0.50093824,-0.46430448,-0.28890193,-0.4253779,-0.3829251,-0.23415142,-0.33643174,-0.37844792,-0.20611179,-0.19710465,-0.33308944,-0.2820439,-0.48513308,-0.30903652,-0.3155589,-0.40540686,-0.23967351,-0.24417627,-0.31204805,-0.22561257,-0.20831971,-0.22297129,-0.15532154,-0.31785533,-0.44516057,-0.16228522,-0.34698224,-0.37931538,-0.11960263,-0.3110201,-0.29567742,-0.10902889,-0.28753048
GOOD,0.0,0.0,0.0,-0.070668854,-0.27800006,0.061410952,-0.15318593,-0.5732518,0.012889457,-0.17540559,-0.8036013,-0.0449918,-0.1292253,-0.99161524,-0.10658179,-0.18011802,-0.6583191,-0.19419292,-0.47667384,-0.62134904,-0.23272751,-0.41967654,-0.5070439,-0.19057405,-0.33565795,-0.50199586,-0.15874748,-0.1804143,-0.51037294,-0.26477003,-0.49583638,-0.46359196,-0.29779658,-0.42122585,-0.374743,-0.22247739,-0.33224916,-0.36982504,-0.18384911,-0.20065865,-0.33438525,-0.3190627,-0.4771822,-0.30344272,-0.32985264,-0.40103537,-0.23061608,-0.24113303,-0.3076084,-0.21705514,-0.20257117,-0.22883663,-0.16056082,-0.36582056,-0.44417214,-0.16317394,-0.37579873,-0.38188595,-0.115901545,-0.32801402,-0.2983814,-0.10081641,-0.30206442
GOOD,0.0,0.0,0.0,-0.10184903,-0.3151708,0.14569308,-0.16394508,-0.58868384,0.08424107,-0.18042287,-0.8036442,-0.0015243344,-0.12287948,-0.99242157,-0.09620231,-0.19868083,-0.6753997,-0.2296209,-0.46396738,-0.646263,-0.22800036,-0.41729504,-0.51578486,-0.12489303,-0.33829835,-0.49676794,-0.054061193,-0.19818576,-0.5172454,-0.34404603,-0.48109552,-0.4862788,-0.33256346,-0.40248016,-0.37643698,-0.18685177,-0.3110978,-0.37508166,-0.1064454,-0.21596846,-0.33768302,-0.4277099,-0.457558,-0.31643665,-0.37903506,-0.37813464,-0.23252176,-0.23692533,-0.2859467,-0.2124329,-0.18178138,-0.23952475,-0.17078881,-0.49763578,-0.42693916,-0.16564852,-0.44947436,-0.36222747,-0.13090684,-0.3657398,-0.27865565,-0.106658794,-0.32898593
GOOD,0.0,0.0,0.0,-0.09023789,-0.30069143,0.14098944,-0.16885068,-0.57576466,0.07446129,-0.17519964,-0.80635005,-0.013770392,-0.10755883,-0.9941987,-0.10778665,-0.1949793,-0.6576112,-0.26007262,-0.4635362,-0.6260299,-0.2962062,-0.40870962,-0.5041271,-0.21342863,-0.32426003,-0.48828858,-0.14810206,-0.18643749,-0.4924062,-0.37081426,-0.4824448,-0.45720592,-0.38276252,-0.39320523,-0.35438216,-0.22615731,-0.29559153,-0.35765758,-0.13077939,-0.2031446,-0.30643576,-0.45459273,-0.4566709,-0.28994432,-0.43681446,-0.37151462,-0.20907797,-0.28405252,-0.26847732,-0.18117303,-0.20867532,-0.2279073,-0.1435604,-0.5234521,-0.42573643,-0.14096296,-0.4954638,-0.3617863,-0.106098495,-0.40976596,-0.27245384,-0.07619611,-0.36409438
GOOD,0.0,0.0,0.0,-0.09423511,-0.2917823,0.119052,-0.17349377,-0.57641983,0.04793522,-0.18664996,-0.80375594,-0.04310795,-0.12473205,-0.9921905,-0.14327066,-0.19919714,-0.66232127,-0.25031206,-0.48388433,-0.6154873,-0.28834412,-0.42510822,-0.49306607,-0.22225507,-0.3365811,-0.48288333,-0.17161185,-0.1921742,-0.50768113,-0.3525228,-0.49895662,-0.4579769,-0.36354595,-0.41519868,-0.3541811,-0.23222937,-0.318766,-0.35286912,-0.16017391,-0.20865114,-0.32001778,-0.42936984,-0.48104933,-0.29053277,-0.4128719,-0.3973038,-0.20726499,-0.2834179,-0.29165995,-0.18202803,-0.22912039,-0.23332682,-0.14749587,-0.4926262,-0.44299012,-0.14417037,-0.47431847,-0.37519935,-0.09457275,-0.40020713,-0.28177005,-0.0660237,-0.36486644
GOOD,0.0,0.0,0.0,-0.05650762,-0.26274824,0.0010000716,-0.16350102,-0.56698906,-0.034347977,-0.19525753,-0.7947003,-0.07167534,-0.16018291,-0.98708737,-0.10940554,-0.20102039,-0.6313602,-0.11335344,-0.496432,-0.57825375,-0.18977222,-0.43199596,-0.4891538,-0.21711746,-0.33615616,-0.49564254,-0.22749223,-0.20217237,-0.46793103,-0.14925405,-0.51560205,-0.40122503,-0.21041113,-0.43459168,-0.34536725,-0.19370426,-0.3392421,-0.35819045,-0.18503317,-0.21525685,-0.28324446,-0.18450025,-0.49576154,-0.25111145,-0.2439803,-0.41564974,-0.20363808,-0.19812322,-0.3217417,-0.20680729,-0.1652286,-0.23388432,-0.09761515,-0.21729577,-0.45354715,-0.10331679,-0.2628045,-0.37880892,-0.07189937,-0.2332412,-0.28834224,-0.06854218,-0.20519188
GOOD,0.0,0.0,0.0,-0.045156863,-0.25802472,0.006525316,-0.15179797,-0.56463283,-0.033256423,-0.17974369,-0.8018986,-0.07453002,-0.1401623,-0.99012864,-0.116709106,-0.19038127,-0.6183713,-0.1420734,-0.48833203,-0.5748136,-0.2180262,-0.41861412,-0.488566,-0.2402106,-0.32404333,-0.49009487,-0.24797356,-0.19328173,-0.45359054,-0.18142271,-0.5157383,-0.3981153,-0.23973851,-0.42591742,-0.34058288,-0.21472472,-0.3294593,-0.34116507,-0.20312852,-0.20723367,-0.26824284,-0.21732558,-0.49725094,-0.24260618,-0.2703185,-0.40678754,-0.19188206,-0.21637167,-0.30897194,-0.18447459,-0.18195112,-0.22650334,-0.08362152,-0.25000608,-0.45701674,-0.09183005,-0.2935429,-0.37759683,-0.058938425,-0.26131552,-0.28504774,-0.05228762,-0.2341107
GOOD,0.0,0.0,0.0,-0.053237576,-0.25644806,0.0028608537,-0.16348164,-0.5635614,-0.037061073,-0.19446442,-0.7985442,-0.078030095,-0.1569379,-0.98760843,-0.11883532,-0.2154415,-0.621698,-0.13468744,-0.50597376,-0.5619971,-0.21045226,-0.4316174,-0.4735449,-0.23212384,-0.3357226,-0.48499846,-0.239585,-0.22180504,-0.4607574,-0.17297733,-0.5328896,-0.39662156,-0.23138419,-0.44343296,-0.33307818,-0.20619161,-0.34996217,-0.3370848,-0.19310525,-0.23722753,-0.2759087,-0.20911792,-0.51662034,-0.23804179,-0.2617275,-0.42528373,-0.18376045,-0.20716082,-0.32859626,-0.17899406,-0.17179886,-0.2553917,-0.08949797,-0.24271788,-0.47537172,-0.087108366,-0.28436264,-0.39423344,-0.053170774,-0.25112587,-0.30380738,-0.051539727,-0.22254103
GOOD,0.0,0.0,0.0,-0.053851385,-0.26397043,0.008124182,-0.171805,-0.5655957,-0.030313013,-0.20673554,-0.7965867,-0.07349678,-0.16754031,-0.9858653,-0.11881375,-0.22833942,-0.6223022,-0.123550914,-0.52553123,-0.56546503,-0.19942164,-0.448911,-0.48062775,-0.22625183,-0.34869635,-0.49292555,-0.23756465,-0.2348772,-0.45450777,-0.16624294,-0.5488313,-0.39575055,-0.22518617,-0.46065372,-0.33945015,-0.20508474,-0.3605399,-0.34647518,-0.1950789,-0.24817386,-0.26258588,-0.20642886,-0.5357815,-0.23371941,-0.2575999,-0.44549978,-0.18514344,-0.20283179,-0.34246522,-0.18295185,-0.16656233,-0.26231942,-0.068990305,-0.24436665,-0.4903505,-0.07198116,-0.28454408,-0.41101786,-0.04698639,-0.24858922,-0.3137993,-0.046140566,-0.21729712
GOOD,0.0,0.0,0.0,-0.05879616,-0.2676243,0.008437299,-0.17334044,-0.5641085,-0.030927641,-0.20436822,-0.7954792,-0.07386743,-0.17378427,-0.9847837,-0.1203745,-0.22890624,-0.59966755,-0.13785547,-0.5282496,-0.54907703,-0.20904045,-0.45434913,-0.47177628,-0.2316633,-0.35572135,-0.48068127,-0.24066576,-0.23497437,-0.42909512,-0.17896691,-0.5485453,-0.37949616,-0.23246248,-0.46259886,-0.32989514,-0.2099383,-0.36140716,-0.3342132,-0.20031543,-0.2461267,-0.23858872,-0.21565966,-0.5324078,-0.21699996,-0.261961,-0.44505453,-0.1749194,-0.20718472,-0.34200495,-0.17056523,-0.1728377,-0.2585073,-0.045879412,-0.24962822,-0.483156,-0.052908834,-0.2877277,-0.40618825,-0.033321533,-0.25116894,-0.31020668,-0.031872354,-0.22071923
GOOD,0.0,0.0,0.0,-0.0673602,-0.2697149,0.0074877734,-0.18556353,-0.56226176,-0.034079276,-0.21632369,-0.793396,-0.07880821,-0.1786169,-0.9839187,-0.1282003,-0.23827943,-0.5907961,-0.14445792,-0.5316255,-0.53211313,-0.21064839,-0.45996404,-0.45683667,-0.2295175,-0.36436093,-0.46890998,-0.23745398,-0.2451102,-0.42087704,-0.18508987,-0.5529919,-0.36640573,-0.23400898,-0.46807593,-0.31466183,-0.2096625,-0.3691123,-0.3188447,-0.20026453,-0.2554766,-0.23057382,-0.22037262,-0.53884023,-0.20484217,-0.2606025,-0.45281908,-0.16487756,-0.2050912,-0.35179234,-0.16116756,-0.1725707,-0.2671525,-0.037657578,-0.25315687,-0.49102303,-0.04088499,-0.2873356,-0.41788864,-0.026868636,-0.25048706,-0.32510436,-0.028544199,-0.22148949
GOOD,0.0,0.0,0.0,-0.068609424,-0.2700485,0.008186236,-0.19064392,-0.56428397,-0.033398964,-0.22989635,-0.79289347,-0.077445745,-0.19493288,-0.98081654,-0.12548518,-0.25862297,-0.57589066,-0.14282134,-0.54829216,-0.5139292,-0.20817629,-0.4719174,-0.45047787,-0.2281611,-0.3741307,-0.462456,-0.2361561,-0.26692876,-0.39658716,-0.18187158,-0.5726225,-0.34461725,-0.23084956,-0.4823901,-0.3018225,-0.20790502,-0.37827715,-0.30618262,-0.19801825,-0.27419862,-0.20524882,-0.21480922,-0.55382884,-0.18303151,-0.25439814,-0.46556878,-0.15149893,-0.19907789,-0.36203018,-0.15079303,-0.16532956,-0.28087857,-0.016796323,-0.24513547,-0.49571502,-0.023921661,-0.2778076,-0.41965014,-0.01376818,-0.23967652,-0.32778642,-0.015203144,-0.2089311
GOOD,0.0,0.0,0.0,-0.09562383,-0.28200626,0.030944325,-0.2110966,-0.56153816,-0.030622948,-0.24636273,-0.7835875,-0.08906523,-0.21373035,-0.9768927,-0.15113686,-0.27643657,-0.55802643,-0.24421138,-0.5619417,-0.46757215,-0.26590076,-0.48146474,-0.38826203,-0.2163073,-0.39406118,-0.4082563,-0.18480885,-0.271049,-0.38682365,-0.29319295,-0.5712862,-0.30253118,-0.31194812,-0.47641367,-0.2520841,-0.23767643,-0.3771357,-0.26448825,-0.20465444,-0.27413493,-0.19752574,-0.32145014,-0.53228766,-0.14544447,-0.31427094,-0.43678296,-0.111100726,-0.22036476,-0.34187898,-0.12323066,-0.1829623,-0.27551922,-0.016222045,-0.34418848,-0.4820303,-0.0070640408,-0.34345466,-0.3995014,0.009717682,-0.28430143,-0.31147337,0.0075373617,-0.25210834
GOOD,0.0,0.0,0.0,-0.07076427,-0.26121694,0.019389363,-0.19464609,-0.5455645,-0.040814344,-0.24154297,-0.7819584,-0.09735884,-0.21144243,-0.9773905,-0.1563737,-0.275332,-0.5267881,-0.2345119,-0.5448429,-0.44372636,-0.2708654,-0.46678743,-0.3851921,-0.23109606,-0.38170755,-0.40279832,-0.20072971,-0.27103347,-0.35695323,-0.27566853,-0.5621429,-0.26866913,-0.30530456,-0.46663496,-0.23388842,-0.23609005,-0.37095538,-0.25012827,-0.20059106,-0.2740766,-0.17125726,-0.300659,-0.5314607,-0.118437916,-0.31422496,-0.43376437,-0.09472236,-0.23679732,-0.33350265,-0.104400754,-0.20232446,-0.28025922,0.003620874,-0.3199461,-0.4749093,0.01763144,-0.33353117,-0.38814425,0.026139472,-0.2897386,-0.30021128,0.019396225,-0.265145
GOOD,0.0,0.0,0.0,-0.07107438,-0.26200622,0.006514951,-0.20228338,-0.5502323,-0.0434175,-0.2493311,-0.7847757,-0.090925045,-0.22410807,-0.9745643,-0.14040981,-0.2782484,-0.5344607,-0.1919544,-0.55112636,-0.449138,-0.24176322,-0.4750468,-0.39280567,-0.22992639,-0.38587728,-0.41167906,-0.21726114,-0.27406588,-0.353462,-0.22936244,-0.5696261,-0.27597192,-0.27323318,-0.47818136,-0.24597034,-0.23104955,-0.37861714,-0.26336047,-0.20900032,-0.2752611,-0.16422974,-0.2558765,-0.54084456,-0.117215835,-0.2877046,-0.4456148,-0.098680295,-0.22310129,-0.34632277,-0.1117255,-0.18789667,-0.2785007,0.017830372,-0.27872673,-0.48264697,0.01947417,-0.3060521,-0.39742756,0.026005266,-0.26465404,-0.3080367,0.018288638,-0.23512012
GOOD,0.0,0.0,0.0,-0.07339147,-0.25975627,0.008542354,-0.20586792,-0.5466103,-0.036675215,-0.24960984,-0.7849351,-0.08098171,-0.22430517,-0.97451895,-0.12693417,-0.28524444,-0.54081017,-0.17002162,-0.54752076,-0.4528618,-0.22485568,-0.46676743,-0.39391917,-0.22326665,-0.378948,-0.42003196,-0.21729171,-0.28202435,-0.36501777,-0.20766193,-0.5674044,-0.2892507,-0.2524137,-0.47604948,-0.25540775,-0.2154806,-0.3806269,-0.2758133,-0.19584586,-0.28333813,-0.17801094,-0.23657024,-0.5413479,-0.1333014,-0.27083257,-0.44549417,-0.11190792,-0.2099316,-0.3479459,-0.12800677,-0.17512976,-0.28577527,0.0031022541,-0.26203474,-0.4803798,0.0037786623,-0.28990766,-0.39569852,0.013942799,-0.25026336,-0.3096401,0.0043461616,-0.22073063
GOOD,0.0,0.0,0.0,-0.07142841,-0.2612436,0.004293052,-0.20044264,-0.546289,-0.043036602,-0.24242471,-0.7821638,-0.09027045,-0.2185138,-0.97583383,-0.1390356,-0.28302813,-0.54991484,-0.16284454,-0.55051655,-0.46325034,-0.22612351,-0.46897632,-0.4037238,-0.23290007,-0.3777063,-0.42867044,-0.23088327,-0.2837479,-0.37585485,-0.20001015,-0.5684818,-0.29681477,-0.25274563,-0.47581145,-0.25998908,-0.22166169,-0.3782558,-0.28064445,-0.20367077,-0.2864387,-0.1902697,-0.23032162,-0.54162174,-0.14034528,-0.27176413,-0.44671434,-0.116330154,-0.21337639,-0.34948444,-0.13395631,-0.17751183,-0.28864124,-0.009218409,-0.2577322,-0.4855702,-0.0012817334,-0.28959352,-0.39769545,0.011652169,-0.24978474,-0.30820793,0.0017447757,-0.21821146
GOOD,0.0,0.0,0.0,-0.06633463,-0.25921595,0.004759236,-0.1986588,-0.54591244,-0.039813258,-0.24057575,-0.7834829,-0.08548631,-0.21604303,-0.97638386,-0.13353166,-0.27690205,-0.55292726,-0.14716288,-0.547974,-0.4667586,-0.2176018,-0.46787408,-0.40455073,-0.23491475,-0.37465295,-0.43155995,-0.23881367,-0.27789772,-0.3827228,-0.18292966,-0.5643221,-0.30009347,-0.23784934,-0.473452,-0.26146638,-0.2117617,-0.37621278,-0.2839055,-0.19610377,-0.28214738,-0.1972502,-0.21361713,-0.53748584,-0.14216359,-0.25808877,-0.44410038,-0.11586649,-0.20430034,-0.34801504,-0.1352078,-0.16951971,-0.28755918,-0.013301323,-0.24139747,-0.48844892,6.334768e-05,-0.2741937,-0.39877045,0.01382373,-0.23613736,-0.30606595,0.0027214163,-0.20460348
GOOD,0.0,0.0,0.0,-0.06754088,-0.25605202,0.0053633414,-0.19652829,-0.54602367,-0.03899031,-0.23800503,-0.7840586,-0.08394465,-0.21435471,-0.97675586,-0.1308473,-0.2697848,-0.56218773,-0.1535793,-0.5468648,-0.4822816,-0.22304948,-0.4653174,-0.41117904,-0.23761608,-0.36982653,-0.43323278,-0.24017939,-0.2697872,-0.3969034,-0.1897799,-0.56193346,-0.31697455,-0.24309273,-0.47152022,-0.26982933,-0.21381567,-0.374198,-0.2902129,-0.19734214,-0.27415085,-0.21396223,-0.22053666,-0.5358266,-0.15934815,-0.26305234,-0.44484955,-0.12514019,-0.2064938,-0.34708676,-0.14107195,-0.17135327,-0.27999637,-0.031619173,-0.24832848,-0.48611537,-0.01813824,-0.28039744,-0.4009346,0.00089290336,-0.24165824,-0.3082281,-0.007843021,-0.2105341
GOOD,0.0,0.0,0.0,-0.06084011,-0.2647513,0.005691612,-0.187262,-0.5628986,-0.04155442,-0.22463313,-0.7977937,-0.088442184,-0.19340093,-0.98111975,-0.13783507,-0.23777424,-0.56574893,-0.17894523,-0.5319251,-0.5140004,-0.25260457,-0.45715806,-0.44618046,-0.27145508,-0.3644068,-0.45718536,-0.27828124,-0.2415606,-0.3875324,-0.21610665,-0.5490136,-0.34380272,-0.2753774,-0.46587175,-0.2929824,-0.24820456,-0.36388552,-0.30078557,-0.2350126,-0.25447658,-0.20239846,-0.24569097,-0.5275815,-0.18411598,-0.29127553,-0.44479552,-0.14614607,-0.23121607,-0.34358805,-0.1497991,-0.19440584,-0.27137107,-0.022817152,-0.2723554,-0.48010615,-0.034423795,-0.30803296,-0.40129524,-0.011255141,-0.26751098,-0.30893162,-0.007187232,-0.23609611
GOOD,0.0,0.0,0.0,-0.06279749,-0.26371026,0.014353322,-0.18804008,-0.5588701,-0.031576704,-0.22911623,-0.7892346,-0.07908979,-0.19808903,-0.98018396,-0.12868589,-0.22737134,-0.5790045,-0.17331696,-0.5290498,-0.5248379,-0.2461072,-0.44918403,-0.45470613,-0.25844374,-0.35196725,-0.46398845,-0.2587619,-0.22970742,-0.4011174,-0.21559641,-0.54735434,-0.3585276,-0.2724949,-0.45966503,-0.31105584,-0.23952936,-0.35885575,-0.31757563,-0.22238585,-0.24253604,-0.2139912,-0.24987242,-0.5237387,-0.19492176,-0.29297504,-0.43640485,-0.1570039,-0.23083232,-0.33526868,-0.15873498,-0.1939006,-0.26045012,-0.03392442,-0.2801283,-0.47756273,-0.047117576,-0.3124046,-0.3972848,-0.025838178,-0.27089465,-0.3034982,-0.022440508,-0.239643
GOOD,0.0,0.0,0.0,-0.073461376,-0.2696119,0.01050949,-0.20104164,-0.5580432,-0.029470863,-0.24271001,-0.7825671,-0.07427743,-0.21116863,-0.9774496,-0.12108091,-0.2554979,-0.58368653,-0.12658364,-0.54376143,-0.53200793,-0.2032046,-0.46315667,-0.46696863,-0.22927187,-0.36213094,-0.47801316,-0.23767784,-0.256774,-0.41115084,-0.16719304,-0.55102557,-0.36242265,-0.22465427,-0.46653953,-0.31830946,-0.2060324,-0.36854514,-0.32535765,-0.19612812,-0.2652387,-0.2206232,-0.20428294,-0.52729315,-0.19170702,-0.25216162,-0.44647115,-0.1571441,-0.20257078,-0.34866512,-0.1599408,-0.16947873,-0.27902132,-0.031517975,-0.23831505,-0.4931059,-0.036145367,-0.271782,-0.41493228,-0.02169938,-0.23407702,-0.3199865,-0.022041108,-0.20204815
GOOD,0.0,0.0,0.0,-0.065132454,-0.25771055,0.009232169,-0.19987164,-0.5561401,-0.027415438,-0.24510977,-0.7880138,-0.06889238,-0.22234079,-0.97496897,-0.112170406,-0.23265602,-0.5788336,-0.12724635,-0.5274482,-0.53162503,-0.20514467,-0.45421997,-0.4624429,-0.2329092,-0.35669217,-0.46883142,-0.24209647,-0.23479547,-0.4081399,-0.16599923,-0.54028815,-0.36225313,-0.22671537,-0.45710206,-0.3137607,-0.20958604,-0.35837227,-0.32184765,-0.19979823,-0.24913731,-0.22001192,-0.20155817,-0.5254065,-0.20193361,-0.25289288,-0.44188678,-0.16291176,-0.20517687,-0.34192702,-0.16209738,-0.17225559,-0.27354568,-0.032698654,-0.23433338,-0.4903903,-0.050568037,-0.27150685,-0.4151267,-0.02874869,-0.23746628,-0.3212077,-0.021708984,-0.20829143
GOOD,0.0,0.0,0.0,-0.05667283,-0.2554797,0.0069995816,-0.18873924,-0.5549766,-0.029887743,-0.24011624,-0.7868895,-0.07099987,-0.21624972,-0.9763381,-0.11353841,-0.22873309,-0.5864192,-0.1274274,-0.523144,-0.54501975,-0.20957986,-0.44947106,-0.47682306,-0.23923802,-0.35099408,-0.47926447,-0.2485408,-0.23044585,-0.41551596,-0.1663554,-0.5384811,-0.37476677,-0.23059134,-0.45379156,-0.32995808,-0.21398532,-0.35346603,-0.33688268,-0.20308556,-0.24172993,-0.22603321,-0.20283951,-0.51640475,-0.21116965,-0.25975186,-0.43136716,-0.17497969,-0.21291448,-0.32998112,-0.1757874,-0.17883262,-0.26082304,-0.037357837,-0.2362803,-0.47767282,-0.058170408,-0.27799433,-0.39892033,-0.035086043,-0.24418601,-0.30272114,-0.025645576,-0.21388866
GOOD,0.0,0.0,0.0,-0.07410208,-0.28588268,-0.04529678,-0.1122078,-0.5814493,-0.14239652,-0.10105451,-0.79361206,-0.22323321,-0.046753213,-0.9989065,-0.3064006,-0.050124813,-0.5644722,-0.3419346,-0.35018393,-0.5568234,-0.41723323,-0.3271286,-0.47966155,-0.387102,-0.24239942,-0.4640724,-0.3558923,-0.042611293,-0.3588989,-0.36763158,-0.36664692,-0.40199852,-0.42601913,-0.32906353,-0.3350556,-0.35008302,-0.23828863,-0.30461192,-0.30950537,-0.064544745,-0.16235289,-0.3832167,-0.35706198,-0.22925802,-0.43378058,-0.3153872,-0.17288609,-0.34327713,-0.22656912,-0.13116239,-0.29479077,-0.10069578,0.0016848055,-0.39819282,-0.32150468,-0.067968346,-0.44299838,-0.28538033,-0.03840866,-0.39924973,-0.21095142,0.0018513347,-0.37051463
GOOD,0.0,0.0,0.0,-0.08614755,-0.28636166,-0.04677798,-0.12399055,-0.5971917,-0.118239276,-0.10029136,-0.8147167,-0.177379,-0.03487202,-0.9993918,-0.23663177,-0.03657717,-0.5616987,-0.25973824,-0.34298018,-0.5723706,-0.34501144,-0.30573657,-0.48994288,-0.3509274,-0.215621,-0.4843048,-0.34677428,-0.022293065,-0.36170983,-0.280869,-0.35761765,-0.4097316,-0.35962573,-0.30033675,-0.3676156,-0.3273583,-0.2083218,-0.3490532,-0.31307077,-0.040691998,-0.17485306,-0.29704776,-0.3492705,-0.25014853,-0.37366214,-0.2914303,-0.2100483,-0.31552014,-0.20134458,-0.18187365,-0.27820852,-0.079609744,-0.0117906965,-0.3126895,-0.31181547,-0.105125815,-0.37412477,-0.25758025,-0.079297535,-0.34327486,-0.17209785,-0.04698632,-0.31796968
GOOD,0.0,0.0,0.0,-0.077196434,-0.2809517,-0.039458737,-0.11772899,-0.5964018,-0.085047565,-0.10465178,-0.82551336,-0.12339687,-0.037416317,-0.99929976,-0.16034807,-0.012871115,-0.5873061,-0.15607907,-0.30898714,-0.58891296,-0.2324612,-0.2781194,-0.47877836,-0.2556668,-0.19227062,-0.46903157,-0.2644733,-0.003880967,-0.3862473,-0.17460634,-0.32979348,-0.422274,-0.24384502,-0.27591994,-0.3611835,-0.2317603,-0.18511805,-0.34032965,-0.2276723,-0.022334062,-0.20267154,-0.19398588,-0.3185168,-0.26203614,-0.26643157,-0.27120677,-0.20899394,-0.22572409,-0.18466052,-0.18655878,-0.19454354,-0.057961397,-0.043166973,-0.2135967,-0.28991374,-0.12560478,-0.26741493,-0.24997184,-0.08696546,-0.24108748,-0.16834605,-0.05099146,-0.21537596
GOOD,0.0,0.0,0.0,-0.07895132,-0.29849193,-0.032791536,-0.10471698,-0.60484993,-0.08387042,-0.08482363,-0.8263116,-0.12975892,-0.022062406,-0.99975663,-0.17405266,-0.0039071846,-0.60226893,-0.16671102,-0.29079136,-0.6146425,-0.23846501,-0.272063,-0.49635792,-0.24598186,-0.19118838,-0.48409167,-0.24391516,0.01067666,-0.41429597,-0.19111797,-0.30807853,-0.4607135,-0.2584967,-0.27165693,-0.38340402,-0.23483777,-0.18787779,-0.3588061,-0.22294995,-0.0039387117,-0.2378141,-0.21523514,-0.30297616,-0.304449,-0.28473246,-0.26839772,-0.23738867,-0.23673576,-0.18292084,-0.20932442,-0.20318948,-0.03810775,-0.08438657,-0.2388783,-0.27576557,-0.17424245,-0.2882456,-0.2487533,-0.12607534,-0.25879252,-0.17114244,-0.083848454,-0.23324138
GOOD,0.0,0.0,0.0,-0.08391295,-0.32765806,-0.0145276915,-0.09514795,-0.6170849,-0.09705364,-0.063270085,-0.8208576,-0.17247413,0.017599866,-0.9998451,-0.24705622,0.025763933,-0.58532155,-0.29760468,-0.26744235,-0.5984356,-0.36058643,-0.25429317,-0.47162348,-0.32278636,-0.17994894,-0.45573094,-0.2921321,0.040757418,-0.3961964,-0.3421341,-0.2899011,-0.44097266,-0.39694726,-0.26491106,-0.36313894,-0.31979886,-0.18790473,-0.32221454,-0.2820637,0.016524374,-0.21925892,-0.3765381,-0.28568608,-0.2863973,-0.42037168,-0.25798625,-0.21984829,-0.32808858,-0.17464735,-0.18245631,-0.28348312,-0.020473082,-0.076689936,-0.40953267,-0.24952781,-0.16242456,-0.448539,-0.22767173,-0.119401254,-0.40660486,-0.157483,-0.07259939,-0.38329723
GOOD,0.0,0.0,0.0,-0.06709182,-0.32360947,-0.0356523,-0.061436456,-0.6196772,-0.112256534,-0.023884768,-0.82394356,-0.17552698,0.05323938,-0.99858177,-0.23760185,0.046733454,-0.5845499,-0.27573907,-0.24835213,-0.5932297,-0.33707082,-0.23596057,-0.47548705,-0.317581,-0.15157664,-0.45475194,-0.30123028,0.05397177,-0.37701604,-0.3022582,-0.2645969,-0.42947373,-0.35025108,-0.23314908,-0.36349827,-0.29684812,-0.15464687,-0.32562256,-0.27765286,0.028399086,-0.1871997,-0.31975833,-0.2651799,-0.250934,-0.35712543,-0.23442183,-0.19705172,-0.2862161,-0.151951,-0.16421783,-0.25639975,-0.013286952,-0.030323913,-0.33755013,-0.2430581,-0.10172525,-0.36669925,-0.20940262,-0.068648934,-0.32978374,-0.13080107,-0.030861571,-0.3114921
GOOD,0.0,0.0,0.0,-0.04434814,-0.31527987,-0.055012867,-0.040039852,-0.61160946,-0.104543254,-0.0077160606,-0.82693464,-0.14588305,0.053832155,-0.99855006,-0.18409464,0.06143455,-0.5984031,-0.13631749,-0.22203594,-0.6011882,-0.21285608,-0.22397947,-0.50422174,-0.24292797,-0.14699322,-0.48548093,-0.25835195,0.064470604,-0.3936138,-0.15111223,-0.24696214,-0.42639366,-0.21899576,-0.21732287,-0.36371863,-0.21797581,-0.13582438,-0.33629316,-0.22181101,0.046552915,-0.20186397,-0.17011896,-0.24553734,-0.25142074,-0.24612758,-0.21458085,-0.20296618,-0.21454512,-0.13307382,-0.18149813,-0.1888924,0.0133049395,-0.03241266,-0.19185618,-0.21684994,-0.09165784,-0.2490871,-0.18459396,-0.06400541,-0.22844747,-0.10151226,-0.04148907,-0.20628521
GOOD,0.0,0.0,0.0,-0.052863356,-0.31482333,-0.054977205,-0.04738352,-0.61418617,-0.103474796,-0.009426262,-0.83050245,-0.14299332,0.05311389,-0.99858844,-0.17800528,0.050081294,-0.60616195,-0.14337362,-0.2377424,-0.5895034,-0.2216538,-0.23445177,-0.4943873,-0.24990784,-0.15662478,-0.48080185,-0.26332098,0.057952147,-0.40818265,-0.15750962,-0.25937614,-0.41494295,-0.2268098,-0.22337005,-0.35412753,-0.22347835,-0.14391576,-0.33629653,-0.22567067,0.04490887,-0.2194427,-0.1758274,-0.25318,-0.24256742,-0.2497068,-0.21576162,-0.2007937,-0.21797875,-0.1332758,-0.18829335,-0.19312862,0.014550856,-0.050023675,-0.19741774,-0.22461031,-0.09468779,-0.25108722,-0.19012932,-0.076637864,-0.23339036,-0.10563599,-0.06402414,-0.21467146
GOOD,0.0,0.0,0.0,-0.060797684,-0.31727192,-0.040363487,-0.06491092,-0.62329835,-0.09288216,-0.03644577,-0.8362569,-0.1366428,0.027563611,-0.99962,-0.1772852,0.035502814,-0.61499804,-0.17159863,-0.25371882,-0.59914166,-0.23953626,-0.24211487,-0.5008836,-0.2508089,-0.1584496,-0.48911792,-0.2542535,0.039707806,-0.41230038,-0.19256411,-0.28172526,-0.42968503,-0.24893183,-0.2386108,-0.36669004,-0.22932506,-0.1549982,-0.34665102,-0.22492498,0.0240523,-0.22135313,-0.21274987,-0.279538,-0.25528097,-0.26603276,-0.23563185,-0.20708108,-0.22174528,-0.14914997,-0.1882527,-0.19713683,-0.005568577,-0.05052547,-0.23505606,-0.2503211,-0.098016724,-0.2737122,-0.21028869,-0.07265118,-0.2484731,-0.124104284,-0.04989281,-0.22964394
GOOD,0.0,0.0,0.0,-0.070251785,-0.32212085,-0.042694032,-0.08714325,-0.6234613,-0.098500624,-0.0662781,-0.8356044,-0.14360149,0.0016732883,-0.9999986,-0.1853128,0.0055915816,-0.6186279,-0.17926662,-0.27819124,-0.59897184,-0.23797475,-0.2647094,-0.49708414,-0.24109797,-0.18464942,-0.48263612,-0.23996258,0.008265626,-0.4208113,-0.19496082,-0.29824245,-0.42902088,-0.2398766,-0.2632062,-0.3723553,-0.21389063,-0.18701178,-0.34972465,-0.20804107,-0.009495525,-0.23476206,-0.20846067,-0.2930476,-0.25829384,-0.25007537,-0.2563565,-0.2142127,-0.20184085,-0.17736325,-0.19336757,-0.17833823,-0.038706273,-0.07328001,-0.22433552,-0.26164436,-0.11014326,-0.25394535,-0.22455862,-0.08298128,-0.22502087,-0.14762722,-0.059543908,-0.20592171
GOOD,0.0,0.0,0.0,-0.08762314,-0.28869066,-0.040157255,-0.12219612,-0.60965323,-0.0903833,-0.09354599,-0.83491135,-0.12947173,-0.02071841,-0.99978536,-0.1665628,-0.037370328,-0.6103691,-0.1848113,-0.3145218,-0.5921982,-0.24466157,-0.2875907,-0.48282936,-0.24650516,-0.21021606,-0.46903,-0.24302031,-0.026843956,-0.42119387,-0.19770846,-0.33161366,-0.4389824,-0.2488086,-0.29354724,-0.37276778,-0.21927126,-0.21822941,-0.342708,-0.20831549,-0.04605719,-0.24270597,-0.20865496,-0.3255348,-0.29023796,-0.2651585,-0.29362407,-0.23338117,-0.21919756,-0.21701363,-0.20329459,-0.19113351,-0.08079192,-0.09457695,-0.21942933,-0.29763028,-0.17734414,-0.26273578,-0.27391064,-0.1383387,-0.23753165,-0.20798683,-0.10175254,-0.21780954
GOOD,0.0,0.0,0.0,-0.087037414,-0.28924084,-0.022684963,-0.12424713,-0.60344136,-0.06615733,-0.10262388,-0.8288162,-0.10458692,-0.02909701,-0.9995766,-0.14319427,-0.04277269,-0.6201192,-0.15233308,-0.315443,-0.6129243,-0.2093509,-0.28834862,-0.50513005,-0.21370858,-0.20923573,-0.49317873,-0.21321109,-0.029424407,-0.42631388,-0.17665778,-0.3420506,-0.4541685,-0.23014913,-0.29990867,-0.3856685,-0.20521192,-0.21353363,-0.35810116,-0.19569474,-0.044645365,-0.24385266,-0.19874777,-0.33640403,-0.30231047,-0.2580206,-0.29700643,-0.24744412,-0.21087629,-0.21279225,-0.22331621,-0.18008424,-0.07747169,-0.08289007,-0.21921253,-0.31038415,-0.17261109,-0.26552692,-0.27542487,-0.1405302,-0.23669647,-0.19712217,-0.11093749,-0.21266732
GOOD,0.0,0.0,0.0,-0.08574692,-0.29134986,-0.011538365,-0.122748,-0.60017407,-0.060199227,-0.106460884,-0.82080966,-0.10465087,-0.039692298,-0.9992119,-0.15042645,-0.050543558,-0.6163764,-0.18814221,-0.3218586,-0.62417084,-0.23665908,-0.29660368,-0.5143143,-0.22297165,-0.21726854,-0.4949898,-0.21159814,-0.037797544,-0.4233957,-0.2209537,-0.3456632,-0.458727,-0.2662106,-0.30467057,-0.38975883,-0.22568248,-0.21877216,-0.35707495,-0.20939681,-0.05378499,-0.23836868,-0.24718767,-0.3427142,-0.2921701,-0.29093537,-0.29832506,-0.23757918,-0.23150435,-0.21152988,-0.2088357,-0.20056152,-0.08739114,-0.0740094,-0.27118203,-0.3165248,-0.14551987,-0.3072168,-0.27335325,-0.114946164,-0.27363676,-0.19131815,-0.08488398,-0.251254
GOOD,0.0,0.0,0.0,-0.08749489,-0.29079664,-0.023258958,-0.124466,-0.60523826,-0.06565782,-0.1026052,-0.8287365,-0.10379621,-0.03293248,-0.9994576,-0.14289485,-0.05220072,-0.60838497,-0.14848116,-0.32931572,-0.6238568,-0.20753713,-0.30748057,-0.52732676,-0.21533893,-0.22927952,-0.51200026,-0.21533664,-0.040489174,-0.41577435,-0.1711156,-0.3497687,-0.45375872,-0.22414261,-0.3079881,-0.39760357,-0.20268203,-0.21984613,-0.3745107,-0.1946252,-0.057179175,-0.23562029,-0.19188799,-0.3449255,-0.29736766,-0.24806988,-0.30276543,-0.2552718,-0.20547724,-0.21475469,-0.23498777,-0.17696153,-0.09329269,-0.07660886,-0.2114973,-0.32146397,-0.15850201,-0.25385842,-0.28190774,-0.13835034,-0.22787884,-0.19821362,-0.11478502,-0.20541206
GOOD,0.0,0.0,0.0,-0.08717306,-0.28603402,-0.027877934,-0.13265984,-0.60351974,-0.07794042,-0.11281004,-0.828917,-0.12136417,-0.037967462,-0.999279,-0.16615216,-0.047536854,-0.5968044,-0.17826547,-0.34470177,-0.59492195,-0.24396509,-0.32161438,-0.5113761,-0.2506757,-0.23961395,-0.51032007,-0.2495474,-0.03416227,-0.39695856,-0.20130879,-0.36512288,-0.41690716,-0.26132295,-0.3240464,-0.37041783,-0.2375388,-0.23199716,-0.35644177,-0.2292293,-0.049785867,-0.20963995,-0.22147174,-0.3554747,-0.2547407,-0.2824246,-0.31622258,-0.21402237,-0.23911892,-0.2232899,-0.19619986,-0.21144904,-0.082351,-0.045053024,-0.2407001,-0.3277272,-0.113544114,-0.2893733,-0.28955013,-0.09137103,-0.26715302,-0.20097686,-0.067764856,-0.24809116
GOOD,0.0,0.0,0.0,-0.09537463,-0.29488462,-0.032143492,-0.1343282,-0.60325056,-0.08399509,-0.11739477,-0.8223451,-0.12517826,-0.052420128,-0.99862516,-0.16493677,-0.052625824,-0.5869638,-0.19669546,-0.33605817,-0.5748536,-0.24893893,-0.3026268,-0.482724,-0.23875758,-0.22213033,-0.47616106,-0.22766303,-0.038862247,-0.3894559,-0.21602738,-0.35585162,-0.41313288,-0.2649731,-0.30399367,-0.36352652,-0.23143868,-0.22135495,-0.3394873,-0.21857816,-0.05145387,-0.2116929,-0.23014623,-0.3420272,-0.25524822,-0.28089643,-0.28893125,-0.21420479,-0.23021257,-0.2071806,-0.19360337,-0.20178124,-0.082105756,-0.05728357,-0.24327512,-0.30697253,-0.12530974,-0.2856389,-0.26002234,-0.09781905,-0.25687766,-0.18304253,-0.07320301,-0.23508917
GOOD,0.0,0.0,0.0,-0.09227563,-0.29117632,-0.028286781,-0.13393393,-0.6001972,-0.082299165,-0.121731274,-0.82063967,-0.12509088,-0.056954592,-0.9983767,-0.16681091,-0.055198763,-0.5873651,-0.21307729,-0.3361494,-0.5736318,-0.26081604,-0.29949054,-0.47703904,-0.24271026,-0.2204008,-0.47142857,-0.22767594,-0.04310294,-0.39364332,-0.23462667,-0.35925466,-0.41799304,-0.27959517,-0.30699173,-0.36683434,-0.23784356,-0.22448748,-0.34046343,-0.22157806,-0.05735715,-0.2185844,-0.24938765,-0.34883124,-0.26647896,-0.29335508,-0.2964935,-0.22463879,-0.23595743,-0.21398051,-0.20235303,-0.20645717,-0.08847091,-0.067774855,-0.2632165,-0.3163568,-0.1384465,-0.30298388,-0.27058256,-0.11594172,-0.27465263,-0.19353677,-0.093848534,-0.25548756
GOOD,0.0,0.0,0.0,-0.09312748,-0.27768388,-0.028343765,-0.13845582,-0.59103835,-0.07934841,-0.124337554,-0.8197222,-0.12121498,-0.06192902,-0.99808055,-0.16232647,-0.059959646,-0.59581584,-0.19351727,-0.33437547,-0.57525796,-0.25039494,-0.29895398,-0.474865,-0.24342908,-0.22147061,-0.4715588,-0.23496392,-0.044734083,-0.40799165,-0.21543187,-0.35867733,-0.42422092,-0.27160388,-0.30777478,-0.36386353,-0.23744209,-0.22472215,-0.34181243,-0.22244868,-0.05589488,-0.23375718,-0.23288016,-0.34801763,-0.2714575,-0.2894365,-0.29705217,-0.22254814,-0.23686437,-0.21277314,-0.2028081,-0.20530392,-0.08388196,-0.08266887,-0.24929415,-0.3144899,-0.14450336,-0.29587004,-0.27005148,-0.11811886,-0.27029335,-0.19048756,-0.09994762,-0.25023898
GOOD,0.0,0.0,0.0,-0.093741395,-0.27708226,-0.022785183,-0.141679,-0.5923891,-0.07533574,-0.12763542,-0.8204522,-0.11852291,-0.06538622,-0.99786,-0.16066098,-0.06504776,-0.5966837,-0.20500317,-0.33736637,-0.5734273,-0.25852516,-0.29749948,-0.47608465,-0.24566552,-0.21871646,-0.47387102,-0.2335167,-0.051567353,-0.41270608,-0.22923394,-0.36188555,-0.42069995,-0.28029263,-0.30705464,-0.36500332,-0.2395979,-0.22363766,-0.34405157,-0.22193168,-0.06456394,-0.2418177,-0.24741325,-0.35210204,-0.2724369,-0.29678577,-0.29831964,-0.22336277,-0.24011075,-0.21380566,-0.2044561,-0.20899072,-0.092304744,-0.09434412,-0.2643459,-0.318943,-0.14686225,-0.3058067,-0.2723808,-0.11883647,-0.27905622,-0.1929171,-0.100350715,-0.26033446
GOOD,0.0,0.0,0.0,-0.11096123,-0.28930932,-0.019885238,-0.1547659,-0.5952496,-0.077470616,-0.13438638,-0.8152093,-0.12420005,-0.071467854,-0.9974429,-0.17068668,-0.065029174,-0.5958945,-0.23579162,-0.33837906,-0.5766502,-0.27988264,-0.29987186,-0.4824641,-0.2548085,-0.22294335,-0.472842,-0.2359318,-0.041335505,-0.41369873,-0.2601077,-0.3512129,-0.41974157,-0.301239,-0.3053453,-0.37204137,-0.25321284,-0.22785199,-0.34788966,-0.2350685,-0.049097586,-0.24004634,-0.27411073,-0.33694983,-0.26415318,-0.31171268,-0.29137656,-0.21893978,-0.25069156,-0.21007189,-0.19437373,-0.2224193,-0.076337785,-0.08437244,-0.2857312,-0.3066214,-0.13518575,-0.31802934,-0.2644757,-0.10827621,-0.28510773,-0.18704338,-0.08441199,-0.26585338
GOOD,0.0,0.0,0.0,-0.099194326,-0.29462233,-0.010148158,-0.14000681,-0.59630007,-0.07289992,-0.1268984,-0.8135747,-0.12711033,-0.06423231,-0.99793494,-0.18238088,-0.06585161,-0.60364974,-0.24929702,-0.33236915,-0.57553583,-0.28725967,-0.30558175,-0.4648059,-0.24832723,-0.23291641,-0.45471978,-0.22215927,-0.04555429,-0.41845977,-0.2829762,-0.35163584,-0.4270212,-0.31757304,-0.31465918,-0.35810882,-0.2530064,-0.23794137,-0.32775214,-0.22604474,-0.055252556,-0.24190485,-0.30499548,-0.34383923,-0.2687696,-0.33380657,-0.29993838,-0.20726378,-0.2573306,-0.21597442,-0.17906144,-0.22412467,-0.08089933,-0.08889901,-0.32478592,-0.31196132,-0.1336523,-0.35490513,-0.2757179,-0.102271385,-0.31951633,-0.20185514,-0.0770948,-0.3014766
GOOD,0.0,0.0,0.0,-0.09474368,-0.28538513,-0.026228607,-0.14194778,-0.5958972,-0.08399538,-0.13268942,-0.8190982,-0.1318964,-0.0695481,-0.9975786,-0.17935456,-0.064725555,-0.5954474,-0.21862441,-0.34371492,-0.5703126,-0.27167606,-0.3138706,-0.46646854,-0.25361598,-0.23727845,-0.46392968,-0.2380332,-0.047482308,-0.4050458,-0.24259718,-0.36406144,-0.4128859,-0.29298815,-0.3187391,-0.34872046,-0.24745281,-0.23634547,-0.3273012,-0.22770162,-0.05977089,-0.22833396,-0.26011243,-0.35464844,-0.2583025,-0.3078572,-0.30741924,-0.2038163,-0.24686545,-0.22270817,-0.18374525,-0.21476904,-0.08808599,-0.07661991,-0.27652448,-0.3224929,-0.12942871,-0.31538638,-0.2830558,-0.0966941,-0.28526586,-0.20738782,-0.071934484,-0.2657017
GOOD,0.0,0.0,0.0,-0.09891243,-0.2815899,-0.01791519,-0.1471254,-0.58860534,-0.07955315,-0.137683,-0.81198806,-0.13212496,-0.07673464,-0.99705154,-0.18436804,-0.06504883,-0.60042393,-0.23411176,-0.33771902,-0.5723031,-0.28146338,-0.3061114,-0.46543097,-0.2540244,-0.23113284,-0.45830134,-0.23334369,-0.045142245,-0.41950217,-0.2632649,-0.35900187,-0.41941607,-0.30863416,-0.31229496,-0.3527806,-0.25451732,-0.23057893,-0.32734743,-0.23059712,-0.055019505,-0.24569124,-0.28331754,-0.34605083,-0.2646498,-0.32297903,-0.29701188,-0.20726152,-0.2555522,-0.21295267,-0.18451983,-0.22327249,-0.08137547,-0.094398245,-0.30151814,-0.3123382,-0.13507414,-0.33663824,-0.2695657,-0.10179537,-0.30474246,-0.19226559,-0.07932283,-0.28612024
GOOD,0.0,0.0,0.0,-0.10094281,-0.29356942,-0.013209023,-0.14599888,-0.59814125,-0.07776,-0.13539945,-0.81570506,-0.13357948,-0.07054069,-0.99750894,-0.19001576,-0.06986506,-0.59869677,-0.24866807,-0.34355834,-0.57310486,-0.2937017,-0.31217146,-0.46729395,-0.26199812,-0.23536071,-0.46143648,-0.23927034,-0.051669337,-0.41074082,-0.28128228,-0.36187944,-0.4165865,-0.32153466,-0.3175634,-0.35513866,-0.26066026,-0.23711832,-0.3281544,-0.23479868,-0.061969157,-0.23360167,-0.30323794,-0.3498572,-0.2560829,-0.33520782,-0.30249566,-0.2037583,-0.2603192,-0.22004203,-0.18093053,-0.22658965,-0.08655209,-0.08204877,-0.32345414,-0.3158794,-0.12692887,-0.35293233,-0.2745986,-0.09950311,-0.31724733,-0.19980377,-0.07723001,-0.2982854
GOOD,0.0,0.0,0.0,-0.10108481,-0.29347402,-0.010591623,-0.14423488,-0.59683865,-0.077135466,-0.13218077,-0.81334734,-0.13538693,-0.06739332,-0.9977265,-0.19361472,-0.0659153,-0.60673314,-0.25385293,-0.3368966,-0.5824835,-0.29372248,-0.3096821,-0.4728359,-0.25258029,-0.23629849,-0.46623015,-0.2235864,-0.04587795,-0.42390603,-0.28863055,-0.35636187,-0.4248156,-0.32629555,-0.31459007,-0.35731483,-0.2579551,-0.23444891,-0.33210316,-0.22614951,-0.056635726,-0.2504182,-0.31208423,-0.34358406,-0.26698732,-0.33932632,-0.2968095,-0.20949414,-0.2589944,-0.21350646,-0.18779156,-0.22262195,-0.08373799,-0.10130605,-0.3340593,-0.31360635,-0.13741225,-0.36228174,-0.2754662,-0.10410208,-0.3265806,-0.20140582,-0.080486484,-0.3075749
GOOD,0.0,0.0,0.0,-0.10025425,-0.30077735,-0.027035004,-0.14199556,-0.60339105,-0.09360799,-0.12933065,-0.81566936,-0.14712334,-0.06459921,-0.9979113,-0.19966486,-0.06115902,-0.577564,-0.26591077,-0.33772355,-0.5562722,-0.31446534,-0.3067443,-0.45968208,-0.2813501,-0.23029102,-0.45707133,-0.2560114,-0.042189844,-0.37912107,-0.29181352,-0.3581914,-0.39504895,-0.33458337,-0.31823188,-0.34373847,-0.2729955,-0.24019724,-0.32084116,-0.2457926,-0.053686816,-0.2002761,-0.30823976,-0.34731784,-0.23449253,-0.34441486,-0.30137858,-0.18965372,-0.269777,-0.21831071,-0.16891475,-0.23412769,-0.08163559,-0.05018065,-0.32391503,-0.3110497,-0.09597107,-0.35852772,-0.27063525,-0.07589695,-0.32502377,-0.19549514,-0.05679155,-0.30570054
GOOD,0.0,0.0,0.0,-0.10656637,-0.2964145,-0.030791482,-0.14936452,-0.6016812,-0.096993044,-0.13558576,-0.81524044,-0.1491867,-0.07093585,-0.9974809,-0.19947347,-0.06173623,-0.5830982,-0.26462355,-0.35021535,-0.5583886,-0.3148178,-0.316264,-0.45929554,-0.28563666,-0.23486462,-0.45198074,-0.26235285,-0.037960026,-0.3857278,-0.28807056,-0.36366132,-0.39014328,-0.3327884,-0.31416458,-0.34451935,-0.27586523,-0.23123544,-0.32356435,-0.2513061,-0.046140708,-0.2054773,-0.3021733,-0.344615,-0.23310126,-0.3423802,-0.2932855,-0.1873455,-0.27198187,-0.2096501,-0.16492353,-0.23776184,-0.071745455,-0.0520224,-0.31536087,-0.3061058,-0.10291609,-0.3520518,-0.26016206,-0.07843473,-0.3177166,-0.1817922,-0.054495975,-0.29677975
GOOD,0.0,0.0,0.0,-0.09492467,-0.2867633,-0.03475363,-0.14284034,-0.5949744,-0.08691859,-0.13415895,-0.816972,-0.12860547,-0.07506935,-0.99717826,-0.16927737,-0.057680774,-0.5846957,-0.20081171,-0.34256193,-0.57233095,-0.25853363,-0.31238785,-0.47112915,-0.25068918,-0.23098029,-0.45767358,-0.23952788,-0.03846517,-0.38593778,-0.21924765,-0.35966867,-0.40236372,-0.26981348,-0.31415093,-0.34464142,-0.23447257,-0.2298429,-0.32277736,-0.21885943,-0.048529007,-0.20049529,-0.23350058,-0.34634092,-0.23638904,-0.28730604,-0.30225044,-0.18385153,-0.23570924,-0.21716255,-0.16144061,-0.20456557,-0.07845494,-0.03823128,-0.24687602,-0.3175601,-0.09073529,-0.28911924,-0.28020734,-0.060314763,-0.2599791,-0.20156354,-0.033354323,-0.23708113
GOOD,0.0,0.0,0.0,-0.097709745,-0.28231496,-0.035687406,-0.14504097,-0.5919593,-0.08278889,-0.12975991,-0.81834936,-0.122678645,-0.067603104,-0.99771225,-0.1621866,-0.05061413,-0.59095955,-0.1664236,-0.3312164,-0.5863567,-0.23150343,-0.30506837,-0.4860568,-0.23860697,-0.22354077,-0.4757645,-0.23747946,-0.030716594,-0.39447513,-0.18590932,-0.34947687,-0.4175012,-0.24496,-0.30635154,-0.3563052,-0.22173215,-0.22032784,-0.33776766,-0.21135472,-0.039687864,-0.21085016,-0.20444581,-0.337623,-0.24914362,-0.26634228,-0.2956175,-0.19286506,-0.22077054,-0.20942926,-0.1735077,-0.18981963,-0.06863571,-0.046420403,-0.22304991,-0.30908474,-0.09648101,-0.26996636,-0.2718974,-0.060912162,-0.24310385,-0.19012168,-0.03531478,-0.21932968
GOOD,0.0,0.0,0.0,-0.08962905,-0.295676,-0.04326643,-0.12274366,-0.60247844,-0.100966655,-0.10369267,-0.82039404,-0.14878765,-0.043116458,-0.99907005,-0.19612566,-0.012538238,-0.58428144,-0.20640564,-0.29483235,-0.5743559,-0.27318618,-0.2666594,-0.47326353,-0.27121326,-0.1861901,-0.4657152,-0.26378936,0.009487193,-0.37641293,-0.22667201,-0.3063156,-0.40548414,-0.2858666,-0.26185167,-0.34643412,-0.25419554,-0.17594591,-0.32720017,-0.24017672,0.0022096953,-0.18165416,-0.24424006,-0.2937792,-0.22356081,-0.30714282,-0.25076136,-0.16693896,-0.25544116,-0.16299964,-0.14460233,-0.22321469,-0.025076127,-0.010757492,-0.26206696,-0.25361308,-0.052921858,-0.3115418,-0.2136831,-0.017703999,-0.28221828,-0.13076454,0.01153415,-0.25872788
GOOD,0.0,0.0,0.0,-0.083230734,-0.31659606,-0.05080896,-0.07670721,-0.61666673,-0.10404031,-0.02717882,-0.82795286,-0.14770724,0.041542154,-0.99913675,-0.18935196,0.056152835,-0.6006735,-0.16456266,-0.22053568,-0.57366025,-0.23158102,-0.20504977,-0.4622767,-0.24878982,-0.13033876,-0.45952013,-0.25629824,0.08296955,-0.40389168,-0.17942458,-0.22208352,-0.4003828,-0.23829389,-0.19198039,-0.33322817,-0.22697315,-0.11112274,-0.3187297,-0.22699891,0.076265134,-0.21438445,-0.19507958,-0.20305581,-0.23565404,-0.25617188,-0.18249649,-0.18369885,-0.2151435,-0.103191085,-0.17192072,-0.18846989,0.044314437,-0.052182596,-0.21323794,-0.16722172,-0.09041338,-0.25670266,-0.14779744,-0.060743064,-0.22982274,-0.07588562,-0.037746347,-0.20712435
GOOD,0.0,0.0,0.0,-0.06806931,-0.32735544,-0.067189045,-0.04539258,-0.6249783,-0.10786801,0.018052159,-0.8364249,-0.13706799,0.08906302,-0.996026,-0.15845475,0.10334735,-0.5962764,-0.10935318,-0.17055948,-0.5586172,-0.1727316,-0.16597503,-0.45566782,-0.19923803,-0.08869671,-0.44492185,-0.21341813,0.12423209,-0.40165287,-0.11256316,-0.18362626,-0.3896481,-0.16955653,-0.1549313,-0.33155406,-0.17137164,-0.075811915,-0.32306015,-0.17769225,0.11268478,-0.21862909,-0.12317315,-0.17214975,-0.23147805,-0.18742278,-0.14617819,-0.19748625,-0.16186452,-0.066500284,-0.19089475,-0.14093663,0.079669245,-0.06176934,-0.13943249,-0.13877012,-0.09815999,-0.18543316,-0.12107024,-0.08341933,-0.17074038,-0.05144932,-0.07091461,-0.15402155
GOOD,0.0,0.0,0.0,-0.06297772,-0.31873563,-0.08734988,-0.026131002,-0.62573826,-0.12552872,0.055489168,-0.83233434,-0.15142463,0.12409474,-0.9922704,-0.16399093,0.13635294,-0.5977731,-0.09533473,-0.14051902,-0.5663258,-0.18339823,-0.15118927,-0.45485845,-0.22377509,-0.07034255,-0.44942078,-0.24200591,0.16398871,-0.4204264,-0.093165115,-0.15323049,-0.4037435,-0.18079403,-0.14047776,-0.3323027,-0.19022086,-0.0528453,-0.33937767,-0.19009653,0.16149673,-0.24691606,-0.10598563,-0.12906149,-0.25617656,-0.20287867,-0.12014051,-0.20460664,-0.18320504,-0.03600177,-0.19865741,-0.15293612,0.14017665,-0.09297158,-0.12723432,-0.07573142,-0.12854946,-0.19142227,-0.08422901,-0.114379935,-0.18517564,-0.024293195,-0.10536931,-0.16681933
GOOD,0.0,0.0,0.0,-0.053839747,-0.32387674,-0.07221415,-0.0150753,-0.62095505,-0.1320044,0.061548855,-0.82241374,-0.17522842,0.12878615,-0.9916724,-0.20503157,0.14016196,-0.56552804,-0.21211901,-0.14463565,-0.5329758,-0.2836406,-0.15096533,-0.43580288,-0.2791183,-0.070970096,-0.44253224,-0.27205867,0.1635893,-0.38425258,-0.22276166,-0.1615387,-0.38055518,-0.29499295,-0.13695697,-0.31791925,-0.2628862,-0.046833664,-0.33009917,-0.24741107,0.16265114,-0.21128353,-0.2370128,-0.14803508,-0.22156678,-0.30062234,-0.13351908,-0.17379333,-0.24423155,-0.050270848,-0.1691236,-0.21197005,0.14305073,-0.06342348,-0.259843,-0.10900958,-0.0956995,-0.30699253,-0.10935174,-0.08183007,-0.29460472,-0.04011837,-0.077536866,-0.28725004
GOOD,0.0,0.0,0.0,-0.04781044,-0.32485396,-0.09753207,-0.011033651,-0.6000339,-0.18001206,0.056231044,-0.7947719,-0.23830107,0.12423198,-0.9922532,-0.2841385,0.14178695,-0.5366885,-0.29311472,-0.17183788,-0.5084502,-0.38026494,-0.17943767,-0.41638398,-0.37510756,-0.090910465,-0.42356777,-0.3647826,0.16949728,-0.3369936,-0.29375657,-0.18269788,-0.33322105,-0.36888713,-0.16363974,-0.2811129,-0.3219716,-0.07200937,-0.28494805,-0.29935327,0.16417123,-0.14374417,-0.29696715,-0.16592462,-0.15938042,-0.36071932,-0.16369253,-0.12868747,-0.28731838,-0.07856918,-0.11933315,-0.2462233,0.14022833,0.018242044,-0.31062257,-0.11932972,-0.02522998,-0.36327913,-0.12741153,-0.032852687,-0.34742483,-0.05965448,-0.0245411,-0.33758056
GOOD,0.0,0.0,0.0,-0.050807018,-0.31383014,-0.104524404,-0.018159654,-0.59738284,-0.19173223,0.058206283,-0.79076874,-0.25363585,0.13160197,-0.99130267,-0.3017596,0.13754115,-0.5322612,-0.3122388,-0.17228635,-0.5096045,-0.4021188,-0.19234398,-0.40269944,-0.38966784,-0.10830793,-0.3974324,-0.3747945,0.17234214,-0.33948502,-0.3126135,-0.17666519,-0.34261772,-0.39330804,-0.17885748,-0.26734212,-0.33695373,-0.086772874,-0.265572,-0.30573398,0.17260309,-0.15005888,-0.31606245,-0.15400106,-0.1659615,-0.38330132,-0.17162025,-0.12175793,-0.3011551,-0.09155024,-0.10460437,-0.2547572,0.15754758,0.0075912857,-0.3311732,-0.10109773,-0.03495691,-0.3877924,-0.12600675,-0.0325048,-0.37093297,-0.06577401,-0.017361999,-0.36041507
GOOD,0.0,0.0,0.0,-0.040211152,-0.32155788,-0.13150758,-0.0059542134,-0.59539765,-0.24350308,0.07047771,-0.78014237,-0.32230863,0.14523302,-0.98939747,-0.3882753,0.14622569,-0.5084289,-0.40851155,-0.17717682,-0.47984684,-0.5262111,-0.20018052,-0.39217758,-0.5197452,-0.11458312,-0.39527446,-0.5045214,0.1823751,-0.30056536,-0.40236765,-0.16774069,-0.3007181,-0.50315005,-0.17129412,-0.24981326,-0.43429437,-0.08072955,-0.25405186,-0.39205432,0.17682627,-0.0973219,-0.39822704,-0.14122683,-0.11175046,-0.4854864,-0.17089349,-0.08982008,-0.38157663,-0.099485256,-0.07186858,-0.31495163,0.1556496,0.07300734,-0.40774915,-0.08344215,0.03619695,-0.4834036,-0.12302111,0.019713273,-0.45814544,-0.077554025,0.03702825,-0.4360727
GOOD,0.0,0.0,0.0,-0.035816263,-0.32025245,-0.14260414,0.0015531519,-0.59747726,-0.2593527,0.0685828,-0.77521074,-0.3398265,0.14220078,-0.9898378,-0.40646705,0.15173014,-0.4902775,-0.4279964,-0.1825841,-0.4791739,-0.53272384,-0.20739427,-0.39469078,-0.5121346,-0.120087326,-0.38603315,-0.488878,0.1817305,-0.2702268,-0.41465327,-0.18893759,-0.28221875,-0.501768,-0.18352307,-0.23634964,-0.4209734,-0.08753838,-0.23070976,-0.3721294,0.17182511,-0.05592242,-0.4025551,-0.1699322,-0.07642933,-0.47264108,-0.18797337,-0.06441979,-0.36174884,-0.10848483,-0.048450753,-0.29508764,0.14964624,0.120368846,-0.40578437,-0.11013687,0.08264993,-0.4742253,-0.13771895,0.06703509,-0.44967452,-0.08234923,0.09163617,-0.43007138
GOOD,0.0,0.0,0.0,-0.040796507,-0.31159806,-0.14686966,0.0032343268,-0.5928949,-0.24770999,0.07356762,-0.7769359,-0.3113109,0.14990151,-0.988701,-0.35811764,0.15701999,-0.5239747,-0.37244192,-0.16869296,-0.50581145,-0.4772972,-0.17835389,-0.4186705,-0.47379234,-0.0852557,-0.4212598,-0.46270007,0.18641165,-0.32297322,-0.3520942,-0.17168356,-0.31042954,-0.44236973,-0.15878887,-0.26683053,-0.38957193,-0.06725553,-0.2658184,-0.35936663,0.1805224,-0.11827318,-0.3371042,-0.15311247,-0.11143506,-0.4168817,-0.16085015,-0.09801654,-0.33927143,-0.074947186,-0.09459483,-0.29171726,0.16387841,0.05650468,-0.33722004,-0.09069455,0.03601585,-0.41035685,-0.11186729,0.018583449,-0.40343758,-0.04693724,0.023028225,-0.3960466
GOOD,0.0,0.0,0.0,-0.04624698,-0.31313056,-0.12723039,-0.0025400494,-0.60355735,-0.21022998,0.06975675,-0.79040205,-0.26140106,0.1413993,-0.9899527,-0.29678965,0.14269945,-0.5392609,-0.31820256,-0.1712141,-0.5089266,-0.40753278,-0.19027762,-0.40165615,-0.40092486,-0.10550456,-0.39158472,-0.3905157,0.17866711,-0.34481186,-0.30298463,-0.17455177,-0.33906516,-0.3859349,-0.17175892,-0.27358273,-0.33935687,-0.08352524,-0.26134416,-0.31335923,0.18033859,-0.15318789,-0.29307204,-0.15224619,-0.15883616,-0.3663166,-0.17030966,-0.12405867,-0.29595786,-0.0905493,-0.105189584,-0.2528154,0.16909839,0.009599158,-0.29671732,-0.08497384,-0.027011704,-0.36093542,-0.12648061,-0.038248483,-0.35371047,-0.08207905,-0.02966364,-0.3466381
GOOD,0.0,0.0,0.0,-0.040936776,-0.3280988,-0.13115983,-0.0022385004,-0.60250896,-0.24688563,0.07396684,-0.78236747,-0.32929245,0.14646614,-0.98921573,-0.400553,0.1541898,-0.50581163,-0.4146466,-0.1617415,-0.47524664,-0.52547395,-0.18799551,-0.39453322,-0.514223,-0.11068361,-0.39691198,-0.49637672,0.18546672,-0.294388,-0.4078771,-0.1598998,-0.30417606,-0.5009769,-0.15962093,-0.259315,-0.42455736,-0.07786296,-0.25478074,-0.37700263,0.17802133,-0.09533839,-0.40244555,-0.13984583,-0.12376945,-0.4805003,-0.1670487,-0.10250675,-0.36973736,-0.099177234,-0.08179609,-0.29975185,0.15784883,0.06448863,-0.41106322,-0.0828392,0.015788145,-0.48258618,-0.123577416,0.0068325126,-0.45450392,-0.078687444,0.031795736,-0.43037954
GOOD,0.0,0.0,0.0,-0.030620454,-0.31397688,-0.14868511,0.014142505,-0.5898337,-0.2610254,0.087656826,-0.7756237,-0.33676976,0.16467956,-0.98634714,-0.39761797,0.17595127,-0.5118224,-0.3982816,-0.14039913,-0.48862922,-0.51358634,-0.16406444,-0.39977115,-0.51241183,-0.07988192,-0.39685956,-0.50270325,0.21339734,-0.3102216,-0.38087127,-0.14151001,-0.30344516,-0.48313493,-0.1466035,-0.2551912,-0.42761296,-0.06415179,-0.25701693,-0.3938224,0.20807844,-0.108356506,-0.36766183,-0.1220759,-0.1074419,-0.45516318,-0.14988951,-0.09355013,-0.3690022,-0.080676444,-0.08613097,-0.31388053,0.18783282,0.062305905,-0.36942917,-0.0605575,0.031037966,-0.44580632,-0.10539505,0.009771599,-0.4326327,-0.063243195,0.016184071,-0.41928154
GOOD,0.0,0.0,0.0,-0.040309414,-0.31372118,-0.17852186,-0.0045419238,-0.58720946,-0.31810346,0.06419653,-0.7676687,-0.41351694,0.14231895,-0.9898209,-0.4931084,0.16456845,-0.47834662,-0.489771,-0.18112151,-0.45720574,-0.62697804,-0.19793725,-0.38180655,-0.6249402,-0.103342764,-0.3810756,-0.6123854,0.19902891,-0.26998454,-0.4678733,-0.17867036,-0.25875163,-0.58875936,-0.17424434,-0.21303417,-0.5204895,-0.0777214,-0.2087144,-0.47769067,0.18964356,-0.057622764,-0.44943333,-0.15694228,-0.048693493,-0.5491161,-0.18411967,-0.045548562,-0.4390497,-0.10667739,-0.040035594,-0.36913064,0.16678011,0.124699205,-0.44946298,-0.09280209,0.10446202,-0.5393174,-0.13333705,0.07265582,-0.5203888,-0.08058509,0.07925642,-0.50268745
GOOD,0.0,0.0,0.0,-0.040509287,-0.29246154,-0.18413505,-0.009156795,-0.57654,-0.32039618,0.065109454,-0.75977844,-0.41141942,0.14803699,-0.98898184,-0.48679608,0.1610228,-0.48177195,-0.49005106,-0.17048942,-0.45414042,-0.6235632,-0.20633906,-0.36902493,-0.61825657,-0.11602877,-0.36315277,-0.6033615,0.20515858,-0.2634796,-0.4609014,-0.15983596,-0.23953246,-0.56871223,-0.19259782,-0.186121,-0.48785058,-0.10119114,-0.19232735,-0.43588167,0.193964,-0.043507904,-0.4361814,-0.13699155,-0.01607194,-0.52910596,-0.18783154,-0.019875307,-0.41711074,-0.12451461,-0.016938752,-0.34487543,0.1689585,0.14476302,-0.42938787,-0.06992941,0.13763876,-0.51452905,-0.12947515,0.09200682,-0.49280378,-0.10301462,0.093681745,-0.47220343
GOOD,0.0,0.0,0.0,-0.04239162,-0.28686732,-0.20367742,-0.009165747,-0.57721364,-0.34047085,0.0673642,-0.7650765,-0.42984784,0.15114684,-0.98851126,-0.50004965,0.16593073,-0.47240713,-0.48226973,-0.18630292,-0.449902,-0.6376455,-0.21345955,-0.35909554,-0.6517256,-0.1192248,-0.34355778,-0.6489356,0.2089729,-0.25571442,-0.44895005,-0.17810382,-0.23187575,-0.5932279,-0.19674097,-0.18053724,-0.544147,-0.09968622,-0.1809383,-0.5098213,0.20060019,-0.034317713,-0.42367256,-0.15477669,-0.006122937,-0.549145,-0.19981569,-0.019292837,-0.45421642,-0.13319094,-0.01911199,-0.38687786,0.17387457,0.1547494,-0.41851777,-0.090615876,0.15111233,-0.52627134,-0.15046942,0.10280507,-0.51554084,-0.11694107,0.09835486,-0.498747
GOOD,0.0,0.0,0.0,-0.043091934,-0.30000472,-0.20266496,-0.022764005,-0.57594335,-0.36102158,0.03723313,-0.7580391,-0.4696564,0.12048103,-0.99271566,-0.5608437,0.14388484,-0.4619889,-0.5414514,-0.21249788,-0.4624649,-0.69907326,-0.2224937,-0.38903373,-0.7046582,-0.12245552,-0.38141546,-0.6950749,0.17478874,-0.2430432,-0.51156956,-0.21050875,-0.24259874,-0.6441904,-0.20474713,-0.20629726,-0.57133865,-0.106058024,-0.20865597,-0.52476746,0.15613183,-0.02186409,-0.4863992,-0.19670352,-0.015180165,-0.5940603,-0.21462002,-0.037152845,-0.4757475,-0.13421619,-0.04266447,-0.3997713,0.12418013,0.16687183,-0.48167744,-0.14303109,0.14442433,-0.578825,-0.17003186,0.095028795,-0.5587934,-0.112034835,0.09347348,-0.539565
GOOD,0.0,0.0,0.0,-0.04926835,-0.2896815,-0.164903,-0.013890093,-0.5775252,-0.24838533,0.059015468,-0.77793026,-0.2973811,0.12296625,-0.99241084,-0.32661763,0.15154156,-0.47671998,-0.292888,-0.1918366,-0.4732604,-0.40768865,-0.21413723,-0.3806666,-0.4273347,-0.118929714,-0.36763284,-0.43144584,0.18524913,-0.27734125,-0.26472414,-0.20157178,-0.27904674,-0.37923002,-0.20282376,-0.22111428,-0.36642727,-0.09965131,-0.21277285,-0.3576537,0.17836627,-0.078236766,-0.24928156,-0.18262616,-0.08906735,-0.36631146,-0.19395536,-0.06913576,-0.3258295,-0.1071344,-0.05266344,-0.2903032,0.15308012,0.09707132,-0.24947943,-0.118046686,0.05666187,-0.3447046,-0.15735747,0.027588135,-0.35105503,-0.10963869,0.02531146,-0.34619686
GOOD,0.0,0.0,0.0,-0.049825694,-0.2946209,-0.14997408,-0.018115213,-0.58006567,-0.23174646,0.050134342,-0.7818045,-0.2800541,0.118359484,-0.9929708,-0.31031013,0.1497367,-0.48965192,-0.2923742,-0.19159643,-0.48163083,-0.39879122,-0.20023301,-0.39267313,-0.41452003,-0.10609243,-0.38151503,-0.41637266,0.18392336,-0.2918645,-0.26882657,-0.20204192,-0.2861046,-0.3704765,-0.18362406,-0.23764698,-0.35301715,-0.08470467,-0.23020753,-0.34443256,0.17761621,-0.092142336,-0.25533226,-0.17942922,-0.10075681,-0.35720757,-0.1728681,-0.08447675,-0.31409112,-0.084663264,-0.07059853,-0.2806113,0.15186574,0.086928114,-0.2560967,-0.11321048,0.0448191,-0.34255424,-0.13060635,0.021567736,-0.34660715,-0.07160658,0.024640135,-0.34174272
GOOD,0.0,0.0,0.0,-0.053242452,-0.2922118,-0.1347585,-0.02402049,-0.5842259,-0.19681543,0.043985404,-0.7919956,-0.23202367,0.11296062,-0.9935994,-0.248351,0.13788016,-0.51104516,-0.21352696,-0.1939508,-0.4987079,-0.31427485,-0.20062691,-0.40062633,-0.33973578,-0.10269424,-0.38524187,-0.34774494,0.17340454,-0.318341,-0.1937539,-0.20990238,-0.30867836,-0.2926332,-0.18604828,-0.2508386,-0.29055563,-0.083645955,-0.2479601,-0.2887445,0.17508385,-0.12599245,-0.187192,-0.18905036,-0.13240157,-0.29041868,-0.1706246,-0.10056184,-0.26108852,-0.078313656,-0.08675949,-0.2318446,0.1558718,0.048483457,-0.19415742,-0.12306655,0.007767128,-0.27569503,-0.13622002,-0.0021675383,-0.28074875,-0.07826378,0.0010522059,-0.27424496
GOOD,0.0,0.0,0.0,-0.04965286,-0.3074732,-0.13751051,-0.022828495,-0.59068716,-0.23797017,0.04763065,-0.78354377,-0.30584174,0.12066862,-0.9926928,-0.3584795,0.13188629,-0.49552375,-0.3656393,-0.21111307,-0.464583,-0.48468882,-0.21906374,-0.379144,-0.4905274,-0.12487563,-0.3803519,-0.48372418,0.16757208,-0.28765965,-0.35619545,-0.20582697,-0.2746375,-0.46495175,-0.19216238,-0.23099059,-0.4212821,-0.09222763,-0.23861125,-0.39551154,0.16595423,-0.08258548,-0.35215956,-0.1782553,-0.08361861,-0.45190957,-0.19190158,-0.06629687,-0.37327,-0.1083481,-0.054155782,-0.31982553,0.14732048,0.09296521,-0.3623378,-0.11604952,0.061526682,-0.44354823,-0.15317245,0.04100313,-0.42977715,-0.10216107,0.050645594,-0.41510412
GOOD,0.0,0.0,0.0,-0.05039011,-0.3194159,-0.13529384,-0.018755838,-0.6047068,-0.22939362,0.054384965,-0.7910289,-0.29111105,0.13346465,-0.9910535,-0.33614892,0.13684045,-0.50564086,-0.34944376,-0.19383137,-0.4796145,-0.45110533,-0.20967214,-0.3889579,-0.44330224,-0.12166308,-0.38519087,-0.4289045,0.17174472,-0.3049647,-0.3355812,-0.19695762,-0.29706314,-0.43150952,-0.19042286,-0.2491569,-0.3811876,-0.092641965,-0.25129724,-0.35104817,0.17327476,-0.10951707,-0.32698023,-0.16943912,-0.11251114,-0.41506168,-0.18703955,-0.09327633,-0.33993384,-0.102013834,-0.07924586,-0.29049048,0.16171777,0.05602193,-0.33268362,-0.09569776,0.022848748,-0.40685034,-0.14226373,-0.0033861867,-0.39882693,-0.100014545,0.0021734799,-0.3895646
GOOD,0.0,0.0,0.0,-0.048265476,-0.32174063,-0.12490041,-0.022949016,-0.6004905,-0.24021338,0.04638328,-0.78651446,-0.3259746,0.119096085,-0.9928828,-0.39711598,0.13231112,-0.51294184,-0.4047082,-0.19266064,-0.49034142,-0.5274222,-0.20474079,-0.3907827,-0.5216955,-0.11620304,-0.38137358,-0.50707585,0.16915862,-0.31046453,-0.40615013,-0.19623421,-0.31480217,-0.51837367,-0.18282704,-0.24851523,-0.45134088,-0.08036551,-0.24912663,-0.4070619,0.16864984,-0.11039253,-0.4097933,-0.17181551,-0.1263337,-0.5037462,-0.18817408,-0.09293969,-0.39849457,-0.10459108,-0.07396777,-0.32902193,0.15359116,0.059422307,-0.42754105,-0.108711794,0.017288662,-0.5102203,-0.15059547,-0.0014169905,-0.48995116,-0.10192354,0.007828968,-0.46963325
GOOD,0.0,0.0,0.0,-0.04835052,-0.31795573,-0.1484948,-0.0212333,-0.59164286,-0.27102575,0.047177028,-0.77612823,-0.35725248,0.12110119,-0.99264014,-0.42978948,0.13977069,-0.48329672,-0.43523833,-0.1994772,-0.46689484,-0.54879093,-0.21908909,-0.37280947,-0.53236747,-0.13046934,-0.36481017,-0.51055837,0.17346992,-0.2691752,-0.4217316,-0.19858861,-0.27752894,-0.5195499,-0.1904087,-0.22186628,-0.44153738,-0.0971925,-0.22309926,-0.39275345,0.16845232,-0.06387723,-0.4106015,-0.1757026,-0.08011639,-0.4918564,-0.18972908,-0.054558683,-0.3823606,-0.1097946,-0.03947989,-0.31412968,0.15068689,0.105449565,-0.41516444,-0.1147243,0.065312654,-0.48863554,-0.14452837,0.058851935,-0.46385238,-0.08840496,0.0828147,-0.4431291
GOOD,0.0,0.0,0.0,-0.038368903,-0.3149251,-0.14066553,-0.004772929,-0.5851936,-0.2541435,0.060825393,-0.76971257,-0.33218527,0.13885345,-0.99031293,-0.3941001,0.15081176,-0.5063049,-0.40841576,-0.18084723,-0.48333606,-0.50994664,-0.19166018,-0.38656723,-0.4907423,-0.09804867,-0.376614,-0.46896303,0.18779542,-0.30286953,-0.39540836,-0.18877295,-0.28513706,-0.4802384,-0.16929765,-0.2263993,-0.40473878,-0.06859824,-0.2227298,-0.3597972,0.18450925,-0.09655253,-0.3849589,-0.1695296,-0.08384335,-0.4534086,-0.17066815,-0.059248995,-0.35418507,-0.08046547,-0.05112625,-0.29622614,0.1695349,0.0802308,-0.3900233,-0.10089221,0.059948895,-0.45762902,-0.12547176,0.043991096,-0.44248053,-0.067060426,0.05063823,-0.43069324
GOOD,0.0,0.0,0.0,-0.06090991,-0.30644116,-0.14703032,-0.033538908,-0.58646816,-0.24665089,0.03622544,-0.7759444,-0.3100545,0.10960294,-0.9939754,-0.35694745,0.121138975,-0.49581438,-0.3780224,-0.21320042,-0.47585323,-0.47944522,-0.23168407,-0.38051215,-0.46896338,-0.13967474,-0.37167796,-0.4538337,0.16064075,-0.29248184,-0.35861608,-0.2251736,-0.27585936,-0.44848555,-0.2129278,-0.22400655,-0.3888578,-0.11357771,-0.2223351,-0.3535325,0.16002226,-0.09091292,-0.34393868,-0.20481902,-0.079551265,-0.42431837,-0.20692152,-0.06534073,-0.34034282,-0.11688547,-0.06011899,-0.28770918,0.1430682,0.08031647,-0.3446478,-0.1363572,0.056691222,-0.42279965,-0.16263431,0.03063386,-0.41493258,-0.106062986,0.027964605,-0.4049467
GOOD,0.0,0.0,0.0,-0.062226254,-0.3097601,-0.13422698,-0.02974264,-0.59864056,-0.21986976,0.042978667,-0.7916971,-0.27188346,0.11664607,-0.9931735,-0.3053143,0.12323434,-0.55590886,-0.3182844,-0.18695639,-0.5084931,-0.4048283,-0.19677742,-0.39168027,-0.39431062,-0.1046776,-0.3789564,-0.3814058,0.17011754,-0.3720318,-0.29967,-0.1913681,-0.33707938,-0.38069442,-0.17518066,-0.26702464,-0.3317186,-0.07892726,-0.26560423,-0.30371556,0.1806361,-0.18362369,-0.28728902,-0.16306743,-0.16093662,-0.36020356,-0.17241555,-0.11678503,-0.29103017,-0.08681118,-0.10983556,-0.2488573,0.17686409,-0.01989607,-0.2893446,-0.091197595,-0.03237352,-0.35541052,-0.12733816,-0.039661467,-0.35283747,-0.07740387,-0.04634472,-0.34900585
GOOD,0.0,0.0,0.0,-0.063238084,-0.3171532,-0.11300795,-0.0431682,-0.59060913,-0.2208474,0.02967079,-0.78076893,-0.30145183,0.102878764,-0.9946938,-0.367641,0.10287463,-0.52955216,-0.3862444,-0.203019,-0.48521307,-0.4881838,-0.22081672,-0.37550187,-0.46419752,-0.14037728,-0.3698693,-0.4385133,0.15229478,-0.34108314,-0.38820955,-0.19621149,-0.31135404,-0.4754223,-0.19198589,-0.22931927,-0.38809186,-0.10337324,-0.22579049,-0.33196947,0.1638395,-0.15149584,-0.3923448,-0.15540929,-0.13315977,-0.46481895,-0.18145947,-0.08277903,-0.35262105,-0.11248631,-0.06431352,-0.28273803,0.16318448,0.013373097,-0.40976954,-0.07551664,0.0014991864,-0.47928134,-0.13437867,-0.00891681,-0.45778388,-0.11338085,-0.006161932,-0.43917543
GOOD,0.0,0.0,0.0,-0.06935369,-0.32269725,-0.12537777,-0.05765093,-0.5930347,-0.24697627,0.008763742,-0.77918893,-0.3361345,0.08451355,-0.9964223,-0.41082215,0.08198117,-0.52032214,-0.4330626,-0.22752559,-0.45734802,-0.53710705,-0.23535012,-0.35496232,-0.5085656,-0.15029448,-0.35650623,-0.47862315,0.13250193,-0.32336816,-0.42967996,-0.21242642,-0.27832562,-0.50970626,-0.19716004,-0.21382445,-0.40911484,-0.10739577,-0.22133024,-0.34708902,0.14565682,-0.12787321,-0.42729995,-0.17091575,-0.08843763,-0.49027205,-0.18903281,-0.053168606,-0.36637765,-0.11832311,-0.048733674,-0.29294172,0.15036204,0.03831337,-0.43942547,-0.08520905,0.042223595,-0.50129926,-0.13234821,0.02602435,-0.47292718,-0.104756154,0.022536024,-0.4524787
GOOD,0.0,0.0,0.0,-0.07476869,-0.32684222,-0.10495891,-0.05762729,-0.59492296,-0.21433486,0.012854102,-0.7824506,-0.2959346,0.0877294,-0.99614435,-0.36562502,0.08624803,-0.527204,-0.39819548,-0.22376733,-0.4684263,-0.48428228,-0.23873039,-0.36234704,-0.44709504,-0.15748383,-0.3586437,-0.4131226,0.13082407,-0.331916,-0.40076047,-0.21420723,-0.29675886,-0.46491218,-0.2107546,-0.2265458,-0.364433,-0.12690902,-0.22070485,-0.30491683,0.14149824,-0.14296344,-0.40175232,-0.1752612,-0.119823284,-0.45145765,-0.19987585,-0.07530733,-0.33097115,-0.13061585,-0.054734122,-0.26256627,0.14256366,0.017457038,-0.4152732,-0.095532864,0.008284307,-0.46595532,-0.14886074,0.00050470483,-0.43522173,-0.1252515,0.013800424,-0.41499847
GOOD,0.0,0.0,0.0,-0.068121634,-0.33653048,-0.11054971,-0.048229106,-0.59846574,-0.23255733,0.022672577,-0.7850988,-0.3264703,0.100559555,-0.994931,-0.4081301,0.09280703,-0.5261034,-0.4254467,-0.21733783,-0.4681918,-0.52314794,-0.23787974,-0.3570171,-0.48604897,-0.15939522,-0.350126,-0.45038885,0.13613512,-0.32620144,-0.4292618,-0.20959601,-0.29912603,-0.5070495,-0.20881242,-0.22067134,-0.39992788,-0.123888135,-0.21091923,-0.332707,0.14446586,-0.1355004,-0.43171144,-0.17049688,-0.123663604,-0.49296144,-0.19907305,-0.07533505,-0.36145556,-0.13037738,-0.04898127,-0.28233343,0.14128569,0.023707036,-0.44703716,-0.09458471,0.007096475,-0.50540334,-0.1493307,-0.0032654924,-0.47136462,-0.12341977,0.010103631,-0.4462969
GOOD,0.0,0.0,0.0,-0.056760743,-0.32883206,-0.11810445,-0.03270763,-0.5913671,-0.23173921,0.03280041,-0.7824692,-0.31425217,0.10931738,-0.99400693,-0.38460824,0.11639961,-0.5105618,-0.40417656,-0.20542958,-0.45551407,-0.48982024,-0.22774601,-0.35310557,-0.4572068,-0.14646363,-0.35288787,-0.42756197,0.15652321,-0.30993772,-0.40125832,-0.19308686,-0.27704242,-0.46531302,-0.19689101,-0.21725617,-0.37374327,-0.12307392,-0.2078416,-0.32326487,0.15945071,-0.11499213,-0.3974612,-0.15722314,-0.09403635,-0.44808248,-0.18643774,-0.062632434,-0.33536682,-0.12616202,-0.044838954,-0.27401873,0.14980766,0.050098978,-0.40700072,-0.08931249,0.039089955,-0.4589279,-0.13408369,0.030565483,-0.430385,-0.10402587,0.045733992,-0.4127769
GOOD,0.0,0.0,0.0,-0.054217912,-0.30396873,-0.13950445,-0.027454743,-0.5832457,-0.23337646,0.038656123,-0.7846418,-0.29719478,0.11026792,-0.9939019,-0.34533155,0.12468889,-0.5115017,-0.3259932,-0.19399977,-0.48065725,-0.43391317,-0.21479031,-0.3719635,-0.43745798,-0.12621133,-0.3659436,-0.43162662,0.17048259,-0.31332564,-0.31218967,-0.17677158,-0.2919318,-0.41665253,-0.19359185,-0.22691175,-0.38114807,-0.11202656,-0.22397214,-0.36120012,0.17358413,-0.11102227,-0.30589417,-0.13107705,-0.09808154,-0.4046812,-0.17726932,-0.07278426,-0.34230438,-0.119331464,-0.060086135,-0.3003058,0.15753314,0.06866706,-0.31269714,-0.06597383,0.057166114,-0.39139047,-0.12648727,0.03467368,-0.385841,-0.103423,0.035077352,-0.37820062
GOOD,0.0,0.0,0.0,-0.041735373,-0.29458547,-0.116104275,0.0019436602,-0.58847743,-0.17772065,0.075546674,-0.7978638,-0.21647316,0.13735038,-0.99052244,-0.23805027,0.1600097,-0.5646577,-0.1970939,-0.14283791,-0.5393684,-0.2862417,-0.16182122,-0.42446196,-0.3018369,-0.07538647,-0.4073529,-0.30531138,0.19733739,-0.39090258,-0.1855109,-0.15165594,-0.3764205,-0.27515748,-0.14917444,-0.28886634,-0.26263043,-0.05797226,-0.27666217,-0.2526081,0.19722904,-0.20836751,-0.18523806,-0.12609619,-0.21680233,-0.2773087,-0.13731392,-0.16350909,-0.23902652,-0.059615403,-0.14154083,-0.20567712,0.17785715,-0.041937042,-0.19641107,-0.06677489,-0.09050238,-0.2690588,-0.09790571,-0.08512357,-0.2682609,-0.049817994,-0.072401226,-0.25818068
GOOD,0.0,0.0,0.0,-0.052080426,-0.29350293,-0.1261057,-0.011286594,-0.584119,-0.19447811,0.06508255,-0.7909755,-0.23830867,0.12700371,-0.9919023,-0.26477814,0.14759953,-0.558095,-0.2236395,-0.15200241,-0.52631253,-0.31889826,-0.175636,-0.40113458,-0.33077222,-0.09303547,-0.38583457,-0.33064163,0.19358905,-0.38792887,-0.20900221,-0.14982319,-0.36471018,-0.30490482,-0.159748,-0.2683894,-0.28577656,-0.07374675,-0.25911763,-0.2704717,0.19848984,-0.2069709,-0.20615162,-0.12252078,-0.19732772,-0.30248857,-0.14566824,-0.13611671,-0.25812167,-0.076830074,-0.10955887,-0.22078404,0.18363176,-0.04146923,-0.21579944,-0.06184675,-0.066489704,-0.2898183,-0.100034475,-0.05160736,-0.28711236,-0.0584327,-0.033955693,-0.2763848
GOOD,0.0,0.0,0.0,-0.058886666,-0.30441695,-0.13634618,-0.027790554,-0.5910075,-0.22342871,0.04377879,-0.79272413,-0.2815441,0.10664748,-0.9942969,-0.32297593,0.12961824,-0.53816557,-0.2999584,-0.18362217,-0.49793562,-0.4101585,-0.20111948,-0.38761964,-0.41859576,-0.11606991,-0.3816453,-0.4143887,0.16707157,-0.36024436,-0.2864449,-0.17494509,-0.33788383,-0.39288718,-0.18156432,-0.26363742,-0.36020237,-0.097025864,-0.26185027,-0.33781382,0.16585737,-0.17542258,-0.28244662,-0.14611635,-0.16244243,-0.38634983,-0.1737509,-0.12068612,-0.3262474,-0.10750159,-0.09861092,-0.2801526,0.14814182,-0.0081442185,-0.29184434,-0.083009705,-0.028771391,-0.37467456,-0.12712951,-0.036531813,-0.370275,-0.09157298,-0.02909051,-0.35935995
GOOD,0.0,0.0,0.0,-0.05564307,-0.28899828,-0.12670447,-0.03323233,-0.5805722,-0.20281123,0.032320984,-0.79095656,-0.2547311,0.08426636,-0.9964433,-0.29019335,0.120137155,-0.5370143,-0.24317122,-0.19752541,-0.49610132,-0.35279268,-0.20853804,-0.38640174,-0.3711017,-0.11952868,-0.382091,-0.3721768,0.16151354,-0.3530107,-0.23233627,-0.18938573,-0.32389322,-0.33762035,-0.18904486,-0.2466813,-0.3180327,-0.09639291,-0.25094208,-0.30072552,0.16180775,-0.15666933,-0.23307283,-0.15219638,-0.1476377,-0.34053725,-0.17067659,-0.10365275,-0.2948562,-0.0965952,-0.086677745,-0.25325975,0.14181015,0.026448134,-0.24534161,-0.08909235,0.008004552,-0.32795182,-0.11877282,0.0064315423,-0.32415637,-0.069187544,0.013946374,-0.31020683
GOOD,0.0,0.0,0.0,-0.043982875,-0.29267013,-0.11368975,-0.005776653,-0.5895636,-0.15850928,0.06493228,-0.8013472,-0.18446486,0.12063069,-0.9926974,-0.19548461,0.15760724,-0.54340684,-0.1281584,-0.14450495,-0.5196454,-0.20861053,-0.17039472,-0.40127283,-0.23058638,-0.08810833,-0.38563588,-0.23559424,0.19306979,-0.3654347,-0.11134186,-0.14932998,-0.35442474,-0.19019534,-0.16245073,-0.2668748,-0.18884623,-0.0760109,-0.25756723,-0.18230659,0.19105755,-0.18268088,-0.109152876,-0.120789826,-0.19669363,-0.19959408,-0.14373223,-0.14393574,-0.17823195,-0.0702183,-0.12347508,-0.1496515,0.1688373,-0.01932006,-0.1171828,-0.066459596,-0.059728686,-0.18180546,-0.09764228,-0.047107935,-0.17976403,-0.04665477,-0.026744908,-0.16532116
GOOD,0.0,0.0,0.0,-0.051431272,-0.29282662,-0.13312294,-0.029542707,-0.58622754,-0.21200998,0.028541973,-0.7970997,-0.26392454,0.0888266,-0.9960471,-0.29831052,0.12160632,-0.5239957,-0.24928577,-0.20742382,-0.49182945,-0.35448864,-0.20687713,-0.3997365,-0.37309435,-0.11088183,-0.40318766,-0.37592062,0.16183555,-0.32998702,-0.23174065,-0.20310229,-0.30786613,-0.32681936,-0.18387601,-0.24599569,-0.30978113,-0.08580256,-0.25468168,-0.2990976,0.16039702,-0.123599954,-0.22477084,-0.16564977,-0.117866114,-0.31986636,-0.167457,-0.08654298,-0.27957556,-0.087967925,-0.07918332,-0.24718322,0.13700558,0.06955581,-0.22998407,-0.1024553,0.060371216,-0.30115065,-0.11425606,0.05020334,-0.2998747,-0.05542365,0.048409645,-0.29236308
GOOD,0.0,0.0,0.0,-0.065382436,-0.30269077,-0.12448038,-0.045502014,-0.59527403,-0.19085127,0.015933843,-0.80031633,-0.2324699,0.07266271,-0.9973566,-0.2553258,0.10547656,-0.5305779,-0.21005756,-0.21544148,-0.48805574,-0.3058072,-0.21869947,-0.3936078,-0.32164666,-0.1251406,-0.39751983,-0.3224192,0.1435706,-0.3349137,-0.19476639,-0.21346405,-0.30285975,-0.28078705,-0.1973164,-0.25245723,-0.26523563,-0.09459852,-0.27951673,-0.25453606,0.14490923,-0.13202663,-0.19132616,-0.1818318,-0.1219826,-0.28025147,-0.18065052,-0.10040818,-0.24093978,-0.092423424,-0.108747385,-0.20825866,0.12394137,0.048811175,-0.20007356,-0.12878795,0.044177696,-0.26543558,-0.12820216,0.032317303,-0.26132312,-0.05319388,0.025381038,-0.2510737
GOOD,0.0,0.0,0.0,-0.07491433,-0.30322412,-0.11516793,-0.059817668,-0.5998924,-0.17832154,0.0012921125,-0.80773014,-0.21862592,0.05831783,-0.9982981,-0.24139394,0.09929593,-0.53763366,-0.21231994,-0.21880504,-0.49431595,-0.3124674,-0.22218627,-0.3934136,-0.33205563,-0.13118732,-0.3974437,-0.33481953,0.13681383,-0.34245726,-0.20251721,-0.21617219,-0.31604788,-0.29426447,-0.20362902,-0.25954393,-0.27837443,-0.10350143,-0.27815568,-0.26626146,0.1380782,-0.13893288,-0.20367312,-0.1788987,-0.1348044,-0.29767597,-0.18058807,-0.11589397,-0.25609925,-0.09403289,-0.12512933,-0.21951464,0.11772666,0.04351299,-0.21575844,-0.12303953,0.034151018,-0.28427547,-0.12581094,0.008452391,-0.27883586,-0.053325925,-0.009349738,-0.26617506
GOOD,0.0,0.0,0.0,-0.087822564,-0.2971825,-0.11667799,-0.07409156,-0.6027634,-0.16868383,-0.012452428,-0.8115045,-0.19983207,0.042971812,-0.99907625,-0.21296369,0.08350838,-0.55424416,-0.17485118,-0.22214183,-0.5094556,-0.2703162,-0.22789009,-0.39965326,-0.29413763,-0.13713035,-0.40095472,-0.30068326,0.12494613,-0.36748007,-0.16225782,-0.21146001,-0.3333739,-0.2520578,-0.20526215,-0.2651778,-0.24393323,-0.107258715,-0.28249228,-0.23488149,0.13161215,-0.17062296,-0.16331935,-0.16934893,-0.15468253,-0.25778866,-0.18085875,-0.12640084,-0.22251508,-0.102209225,-0.13522549,-0.18739285,0.11882738,0.007757342,-0.1760624,-0.09837897,0.007811122,-0.24469046,-0.11505198,-0.011496096,-0.24023692,-0.060550448,-0.027510809,-0.22614679
GOOD,0.0,0.0,0.0,-0.0762467,-0.30010524,-0.09783086,-0.07512292,-0.60470235,-0.14080065,-0.034804452,-0.8203835,-0.1674931,0.019643284,-0.999807,-0.18065664,0.06469602,-0.5596556,-0.12728669,-0.23439421,-0.5165355,-0.20952938,-0.22535305,-0.42693153,-0.24259064,-0.13521168,-0.42980358,-0.2577219,0.096746184,-0.36335987,-0.11937881,-0.23082292,-0.34112597,-0.19288142,-0.19743098,-0.29907656,-0.19901736,-0.10480896,-0.31318924,-0.2039982,0.100331835,-0.1644438,-0.12383142,-0.19658205,-0.16964619,-0.20765947,-0.17823297,-0.15455341,-0.18838276,-0.09888319,-0.1650201,-0.16539171,0.08558057,0.017881213,-0.13705583,-0.13222502,-0.010638208,-0.19973366,-0.122564286,-0.034257747,-0.19729145,-0.05896303,-0.049723268,-0.18519881
GOOD,0.0,0.0,0.0,-0.07182725,-0.3108534,-0.086770885,-0.06782802,-0.6056885,-0.12989572,-0.024245866,-0.8210928,-0.15869018,0.03158684,-0.999501,-0.17621043,0.07165048,-0.5704089,-0.12088612,-0.2199816,-0.5367248,-0.2004552,-0.21444309,-0.44799712,-0.2328284,-0.1309036,-0.4528382,-0.24740763,0.1062198,-0.3783867,-0.11664168,-0.21515892,-0.3577157,-0.18622278,-0.1917884,-0.31330368,-0.19269456,-0.1081822,-0.32517388,-0.19845194,0.11070707,-0.18214543,-0.12331655,-0.17589283,-0.18713863,-0.20423006,-0.16638471,-0.16999829,-0.18955982,-0.094399415,-0.1811187,-0.17074102,0.094929904,-0.0031168486,-0.13702619,-0.110886194,-0.024345798,-0.19667575,-0.106061794,-0.038207054,-0.1946582,-0.048561763,-0.04711234,-0.18368068
GOOD,0.0,0.0,0.0,-0.087029874,-0.30749208,-0.09911342,-0.087794565,-0.6014817,-0.14677708,-0.042577207,-0.81596124,-0.17755677,0.008101669,-0.99996716,-0.19728516,0.048999082,-0.55274725,-0.1396623,-0.24678285,-0.5104028,-0.22233798,-0.24537344,-0.43239504,-0.25601313,-0.16397665,-0.44274095,-0.27208775,0.08572486,-0.35119706,-0.1302167,-0.23842302,-0.32879522,-0.20426996,-0.2206805,-0.29725492,-0.2101603,-0.13773601,-0.31481424,-0.21632703,0.09123582,-0.15380603,-0.13222791,-0.1992643,-0.15827772,-0.21515782,-0.1956602,-0.16079125,-0.19568013,-0.12684362,-0.1797997,-0.17338948,0.078148685,0.022831231,-0.14281495,-0.12948664,-0.014190464,-0.2037664,-0.13843031,-0.056033004,-0.19985333,-0.094672784,-0.08121561,-0.18752627
GOOD,0.0,0.0,0.0,-0.09173461,-0.30940008,-0.09163404,-0.100868456,-0.6014662,-0.1398234,-0.062155828,-0.81648505,-0.17240454,-0.008294472,-0.9999656,-0.19652264,0.036156334,-0.5602519,-0.14978755,-0.25506848,-0.52898985,-0.22968388,-0.25681332,-0.4415437,-0.2602642,-0.18119998,-0.43917704,-0.2754105,0.07183174,-0.36464858,-0.1450699,-0.23750404,-0.3476287,-0.21763974,-0.233488,-0.30522302,-0.2232535,-0.16029222,-0.3075784,-0.23088264,0.07741589,-0.16709544,-0.14960147,-0.18765107,-0.18062617,-0.237363,-0.20212948,-0.17186931,-0.22217374,-0.14628497,-0.17962082,-0.20345683,0.06529847,0.012059442,-0.16049883,-0.12493616,-0.02847759,-0.22943403,-0.14361443,-0.05479116,-0.22789773,-0.108700834,-0.06611842,-0.21739168
GOOD,0.0,0.0,0.0,-0.10072439,-0.31733003,-0.09036596,-0.10979489,-0.61089647,-0.14505525,-0.0723856,-0.8220561,-0.18376493,-0.015671648,-0.9998772,-0.21353456,0.024556048,-0.57312655,-0.16606224,-0.2775109,-0.5239215,-0.24746467,-0.27485105,-0.4283188,-0.2735449,-0.19476983,-0.43061724,-0.2849443,0.060060725,-0.3663067,-0.16318727,-0.2618232,-0.34035817,-0.23697484,-0.25013134,-0.2945185,-0.23508243,-0.17198949,-0.2954253,-0.23806697,0.064768046,-0.16381627,-0.16845807,-0.22071652,-0.16729677,-0.25168523,-0.22601375,-0.15136385,-0.2240329,-0.1609852,-0.15214796,-0.1983013,0.050514486,0.016087715,-0.18049066,-0.15299407,-0.027390916,-0.24431844,-0.16580051,-0.05667161,-0.23539756,-0.12497308,-0.06758356,-0.2201261
GOOD,0.0,0.0,0.0,-0.11782794,-0.31218687,-0.07144328,-0.15024918,-0.6043727,-0.11319911,-0.13006425,-0.82147986,-0.14287786,-0.08429365,-0.99644095,-0.16375801,-0.03480168,-0.59078664,-0.11909878,-0.32110628,-0.53632814,-0.1881568,-0.3089415,-0.4378685,-0.21055573,-0.22604936,-0.43665603,-0.21849577,-0.0063725887,-0.39653322,-0.11919647,-0.3191748,-0.3655552,-0.17995141,-0.2929269,-0.3182037,-0.1755382,-0.21002528,-0.3234161,-0.17517635,-0.0076774233,-0.21343985,-0.12749533,-0.29546988,-0.20586212,-0.19675,-0.27362102,-0.18757837,-0.17158078,-0.1921874,-0.19763166,-0.14831865,-0.029325152,-0.05369669,-0.14124659,-0.24323818,-0.085573986,-0.18928011,-0.22790527,-0.10319658,-0.17777865,-0.16078995,-0.11422574,-0.16232339
GOOD,0.0,0.0,0.0,-0.12935725,-0.29435205,-0.047241576,-0.16166274,-0.6014641,-0.09250023,-0.13468285,-0.8259152,-0.12870134,-0.075332925,-0.99715847,-0.16194072,-0.040333323,-0.6025834,-0.1466682,-0.3039811,-0.54013294,-0.2107695,-0.29152226,-0.44004428,-0.22569242,-0.22256538,-0.44939893,-0.23060362,-0.0019999354,-0.4226227,-0.15776093,-0.29681706,-0.38657656,-0.21534035,-0.2799524,-0.33363557,-0.20180525,-0.20995596,-0.33072004,-0.19796655,0.0041803145,-0.24924336,-0.17068464,-0.2731934,-0.2356781,-0.23363948,-0.26119778,-0.20115381,-0.19851218,-0.18932092,-0.20253234,-0.17240673,-0.01766657,-0.098697156,-0.18568604,-0.22981118,-0.12394925,-0.23181245,-0.21904776,-0.12504254,-0.2153369,-0.15487775,-0.132015,-0.19827242
GOOD,0.0,0.0,0.0,-0.118299074,-0.31017837,-0.051150255,-0.14342116,-0.6112098,-0.09306748,-0.11474082,-0.83210415,-0.12661806,-0.056062985,-0.9984272,-0.15652877,-0.032099497,-0.6043088,-0.11784721,-0.28331003,-0.54140294,-0.18009804,-0.27525952,-0.44533363,-0.20102388,-0.20835872,-0.45389432,-0.20972826,0.0063438118,-0.4309292,-0.123509556,-0.27508304,-0.3865946,-0.17755242,-0.26760677,-0.33816874,-0.16960265,-0.20280458,-0.33643824,-0.16795626,0.014113518,-0.26522276,-0.13354069,-0.2513061,-0.24315827,-0.19302844,-0.24960385,-0.21779348,-0.16090381,-0.18437766,-0.22485092,-0.13481249,-0.0045602317,-0.12089359,-0.14709479,-0.21009408,-0.13947003,-0.18760613,-0.2151474,-0.1484469,-0.17104082,-0.16489683,-0.16321091,-0.15275635
GOOD,0.0,0.0,0.0,-0.11489407,-0.31472313,-0.04763132,-0.14555857,-0.6168976,-0.09172617,-0.123805076,-0.8322846,-0.12720868,-0.06826307,-0.9976673,-0.15914835,-0.03266778,-0.6127267,-0.13842691,-0.29706722,-0.54823947,-0.206376,-0.2852702,-0.4503731,-0.22614609,-0.21223168,-0.4559493,-0.23336655,0.00046443372,-0.43374577,-0.14867064,-0.29169452,-0.39195898,-0.20568232,-0.27470395,-0.34221044,-0.19260521,-0.20519497,-0.33892727,-0.18832593,0.0052243,-0.25900143,-0.16177708,-0.2688682,-0.24090047,-0.2229779,-0.2545447,-0.2109195,-0.1851092,-0.18238047,-0.21421242,-0.15638198,-0.01326657,-0.10607243,-0.17788759,-0.22295429,-0.12525107,-0.22048561,-0.21030137,-0.12765315,-0.20065095,-0.1452192,-0.1353778,-0.18050432
GOOD,0.0,0.0,0.0,-0.11557539,-0.31613508,-0.047509342,-0.14321208,-0.61914253,-0.08492718,-0.115499325,-0.8372475,-0.1162151,-0.05442559,-0.9985178,-0.14353769,-0.029268265,-0.6156675,-0.09994995,-0.27983823,-0.5548667,-0.1637875,-0.27387315,-0.4544677,-0.18830232,-0.20589599,-0.4619,-0.19962677,0.011236927,-0.44510964,-0.10847935,-0.27637088,-0.39451265,-0.16701305,-0.26425564,-0.3407858,-0.16332881,-0.19484682,-0.34202948,-0.16267058,0.020434298,-0.27952185,-0.12264127,-0.25000104,-0.25333625,-0.18734464,-0.2444725,-0.2220815,-0.15873489,-0.17430478,-0.23177643,-0.13255677,0.0039189947,-0.1326923,-0.14022925,-0.20108733,-0.14843693,-0.18408656,-0.20614684,-0.15095453,-0.16968107,-0.15394486,-0.16121818,-0.1511861
GOOD,0.0,0.0,0.0,-0.11312939,-0.31995657,-0.049130913,-0.13964467,-0.62583375,-0.08793284,-0.11452334,-0.83890957,-0.119440794,-0.05563984,-0.99845093,-0.14677745,-0.019792154,-0.6170775,-0.1081498,-0.28230414,-0.5517063,-0.1776714,-0.26778516,-0.45881844,-0.20846029,-0.19073611,-0.46818212,-0.22325087,0.01623844,-0.4360798,-0.11728145,-0.2780471,-0.3919747,-0.17532697,-0.2551083,-0.34673628,-0.17257264,-0.18300086,-0.34754574,-0.17381045,0.023995021,-0.26044688,-0.1317696,-0.2499697,-0.24396922,-0.19587532,-0.23088667,-0.21785066,-0.16546795,-0.15749335,-0.22511466,-0.13909648,0.010921132,-0.10422964,-0.14978237,-0.19163328,-0.12527117,-0.1918233,-0.17338443,-0.12569033,-0.17245992,-0.10579235,-0.13232632,-0.15113807
GOOD,0.0,0.0,0.0,-0.091169566,-0.32912424,-0.040368184,-0.11456825,-0.62379897,-0.08656847,-0.096298166,-0.8308887,-0.12607785,-0.045817263,-0.9989498,-0.16044341,0.010556711,-0.6175478,-0.1500038,-0.26833984,-0.57282424,-0.22006881,-0.24286368,-0.47284096,-0.23393825,-0.15767056,-0.46883586,-0.23701933,0.040513072,-0.4363318,-0.16948445,-0.2689164,-0.39993027,-0.23501435,-0.21962121,-0.35217842,-0.22079387,-0.1285918,-0.35590854,-0.21578783,0.0455897,-0.2576953,-0.19060831,-0.24313736,-0.2475141,-0.2570009,-0.19826616,-0.21725178,-0.21709338,-0.1069936,-0.22160348,-0.18854277,0.035090726,-0.09617832,-0.21472663,-0.18254378,-0.11211326,-0.26284492,-0.15221174,-0.10679028,-0.24463215,-0.07422371,-0.10950345,-0.22644053
GOOD,0.0,0.0,0.0,-0.105659686,-0.32504365,-0.04314867,-0.129239,-0.61342955,-0.103286855,-0.1046773,-0.8228669,-0.1546048,-0.05576426,-0.9984439,-0.20094696,0.00047467262,-0.6136881,-0.19195168,-0.2735903,-0.56385225,-0.26459506,-0.26065207,-0.46437982,-0.26864216,-0.18263134,-0.47049254,-0.26510292,0.032019548,-0.43811658,-0.21294016,-0.27312925,-0.40144488,-0.27768874,-0.23931774,-0.3487531,-0.24865803,-0.15964483,-0.35212418,-0.23550849,0.03613828,-0.26090977,-0.23352893,-0.25077435,-0.24588726,-0.29065505,-0.22061573,-0.2115153,-0.23744838,-0.13757315,-0.20961289,-0.20559824,0.020922162,-0.10418248,-0.25756297,-0.2049595,-0.12193384,-0.2968626,-0.17962037,-0.12123705,-0.2746541,-0.102113746,-0.12639438,-0.25799575
GOOD,0.0,0.0,0.0,-0.098643094,-0.3303141,-0.040794298,-0.11481471,-0.614543,-0.11444609,-0.08505475,-0.8221594,-0.17790745,-0.028444203,-0.9995954,-0.23709174,0.026583148,-0.59729034,-0.24665925,-0.25445297,-0.55753195,-0.3233753,-0.24105069,-0.44935456,-0.31381625,-0.16190185,-0.4536242,-0.30077073,0.060929805,-0.4226022,-0.272283,-0.24988104,-0.39808202,-0.3410413,-0.21963643,-0.33936185,-0.2941319,-0.14313716,-0.33833963,-0.27009025,0.06340631,-0.24771066,-0.29408467,-0.2278195,-0.2389898,-0.34775427,-0.2002992,-0.20040447,-0.2762603,-0.11928298,-0.19417213,-0.23650905,0.045025107,-0.09441954,-0.31913748,-0.18331549,-0.109737985,-0.3585305,-0.16033125,-0.10445591,-0.33122885,-0.08470266,-0.10607529,-0.31310654
GOOD,0.0,0.0,0.0,-0.09982599,-0.33341813,-0.03778678,-0.11755325,-0.60708416,-0.12036575,-0.094770715,-0.8074282,-0.19173951,-0.05025228,-0.99873656,-0.25809667,0.019072196,-0.6040466,-0.29006472,-0.26656008,-0.56946504,-0.36258346,-0.27129433,-0.44974983,-0.33365482,-0.19451106,-0.44216865,-0.30720147,0.04848213,-0.41774458,-0.3218852,-0.2648538,-0.40524867,-0.38260427,-0.2568282,-0.33593512,-0.31025556,-0.18469922,-0.3240293,-0.27067444,0.042602412,-0.23128845,-0.34735215,-0.25173038,-0.2295077,-0.38943514,-0.2389388,-0.18796252,-0.2931893,-0.1582981,-0.17343666,-0.2420679,0.019762,-0.072541125,-0.3766776,-0.21063241,-0.0967073,-0.40983537,-0.195265,-0.09608693,-0.37166893,-0.12152681,-0.09283042,-0.34820297
GOOD,0.0,0.0,0.0,-0.10245025,-0.32405525,-0.05263671,-0.118493706,-0.6006408,-0.12967145,-0.09122081,-0.80839586,-0.19524035,-0.043524627,-0.99905235,-0.25668433,0.03050549,-0.6032202,-0.25358725,-0.2590236,-0.5746472,-0.33819208,-0.2601529,-0.45939234,-0.33308,-0.18153003,-0.45190597,-0.32098842,0.059684,-0.4218949,-0.27609485,-0.2566217,-0.41031054,-0.34988034,-0.24470788,-0.34182152,-0.30158833,-0.17009607,-0.32912162,-0.27351883,0.054115303,-0.23751321,-0.297055,-0.24455641,-0.2391293,-0.35708126,-0.22811764,-0.19756989,-0.2806576,-0.14440301,-0.18233691,-0.23393334,0.028428482,-0.07455677,-0.32250613,-0.20959052,-0.10300321,-0.36795083,-0.19518708,-0.10465036,-0.33886388,-0.11870695,-0.104333885,-0.31604245
GOOD,0.0,0.0,0.0,-0.09915457,-0.3386583,-0.032504708,-0.11464427,-0.60592157,-0.13001056,-0.090060115,-0.80553526,-0.21810208,-0.043495204,-0.99905366,-0.3010468,0.03359233,-0.6085914,-0.33146304,-0.24728711,-0.57446736,-0.4238129,-0.25823396,-0.45168883,-0.39715078,-0.18545541,-0.4404886,-0.37036216,0.06510471,-0.42686298,-0.3749167,-0.24699575,-0.41274482,-0.45668748,-0.2406056,-0.32969815,-0.37490377,-0.16321464,-0.31358746,-0.3256055,0.059031524,-0.23926462,-0.4111771,-0.23028612,-0.23939537,-0.4716419,-0.21946165,-0.18564607,-0.36301994,-0.13546497,-0.16286428,-0.30096394,0.039258037,-0.07556029,-0.45040214,-0.1847884,-0.10062576,-0.49992502,-0.17764583,-0.09689425,-0.46095732,-0.106036395,-0.090524614,-0.43448326
GOOD,0.0,0.0,0.0,-0.10061321,-0.33275378,-0.043707285,-0.111449495,-0.6008609,-0.13494685,-0.082408205,-0.8033593,-0.21541342,-0.036127023,-0.9993472,-0.29027304,0.043993022,-0.6110861,-0.30950877,-0.23646232,-0.58925605,-0.40506998,-0.25186574,-0.46350825,-0.38857365,-0.17936413,-0.4529024,-0.36781782,0.075608864,-0.43188706,-0.34450144,-0.23278555,-0.42252943,-0.42890936,-0.23358354,-0.33710253,-0.35631478,-0.16075394,-0.3182607,-0.3107355,0.06780726,-0.24341105,-0.37538052,-0.2198681,-0.24537213,-0.4418266,-0.21448503,-0.19130076,-0.34000844,-0.1328798,-0.16812019,-0.27778235,0.04316609,-0.07680025,-0.41002288,-0.18288697,-0.1055669,-0.4623164,-0.17745169,-0.10133933,-0.42481858,-0.10426435,-0.094528675,-0.39622906
GOOD,0.0,0.0,0.0,-0.09954906,-0.34271875,-0.039876185,-0.10757758,-0.60463923,-0.13652018,-0.0763106,-0.80321944,-0.22150376,-0.027339218,-0.9996262,-0.29974306,0.04678283,-0.6073697,-0.33948487,-0.22840856,-0.587532,-0.4318412,-0.24942493,-0.45452467,-0.4036368,-0.18079504,-0.4421818,-0.37643176,0.083378345,-0.42923576,-0.37759864,-0.22271301,-0.4148553,-0.46113655,-0.2311769,-0.32786256,-0.3764748,-0.16078196,-0.31332344,-0.3242543,0.07815406,-0.24191453,-0.40912032,-0.20713848,-0.23498349,-0.46901768,-0.2107203,-0.18249795,-0.3564481,-0.13068825,-0.16228013,-0.29099593,0.056615934,-0.077533275,-0.444559,-0.16383116,-0.09338898,-0.49265346,-0.16798349,-0.09444868,-0.4527188,-0.10058932,-0.09172469,-0.424903
GOOD,0.0,0.0,0.0,-0.1078155,-0.35745484,-0.022917788,-0.11904434,-0.6048392,-0.14529882,-0.087255836,-0.793261,-0.259694,-0.03295068,-0.999457,-0.36851805,0.040358808,-0.6033992,-0.408718,-0.24415952,-0.58097625,-0.51232755,-0.26318482,-0.44439137,-0.4707462,-0.18931264,-0.42881665,-0.43318126,0.07388302,-0.4176597,-0.4668531,-0.2387356,-0.4060242,-0.5503832,-0.23632298,-0.30969563,-0.43272743,-0.15767857,-0.29007325,-0.36060008,0.06798115,-0.22361548,-0.51401794,-0.2206654,-0.21420243,-0.5652043,-0.21675329,-0.15151213,-0.41704643,-0.13199879,-0.12818147,-0.33582592,0.052360773,-0.053735938,-0.5646413,-0.17459562,-0.06750962,-0.6101981,-0.16884522,-0.06368265,-0.55601984,-0.092341535,-0.05524628,-0.52191097
GOOD,0.0,0.0,0.0,-0.1041288,-0.3566245,-0.045715008,-0.10945743,-0.6053598,-0.18126868,-0.07439669,-0.7910384,-0.30132964,-0.015425617,-0.999881,-0.4162009,0.054675363,-0.5962702,-0.4683337,-0.22962295,-0.5769756,-0.5738512,-0.25832868,-0.4399855,-0.52365476,-0.18559276,-0.42247206,-0.4797756,0.09380898,-0.40155527,-0.5140322,-0.21682784,-0.3913649,-0.5996275,-0.22848773,-0.29787734,-0.46813065,-0.15514474,-0.27052775,-0.38581294,0.086774334,-0.19588244,-0.54764986,-0.20098811,-0.18484205,-0.5986037,-0.21175031,-0.1271286,-0.43770456,-0.13120654,-0.09905222,-0.34787998,0.066461995,-0.019112539,-0.5862849,-0.15824401,-0.023682795,-0.633694,-0.16035318,-0.026111495,-0.5761731,-0.08466187,-0.0148149375,-0.53923994
GOOD,0.0,0.0,0.0,-0.10779799,-0.3540511,-0.051194895,-0.124019556,-0.605833,-0.19131152,-0.087223224,-0.791212,-0.31486005,-0.020155936,-0.9997968,-0.43156442,0.03738046,-0.5750802,-0.4846622,-0.2566506,-0.5542965,-0.60140574,-0.2791002,-0.41700044,-0.5563397,-0.19811296,-0.3973255,-0.51552355,0.072513685,-0.37752274,-0.5315457,-0.24876703,-0.37091824,-0.6245552,-0.24838299,-0.27219397,-0.49121335,-0.16597392,-0.24651729,-0.40801597,0.06400941,-0.17157373,-0.56752956,-0.22854404,-0.16452183,-0.627996,-0.22953725,-0.10047919,-0.46551973,-0.14424028,-0.071942456,-0.3740679,0.04506728,0.008894884,-0.60897404,-0.18521194,-0.004667791,-0.6662946,-0.17503333,-0.003780777,-0.6121671,-0.093560815,0.010357424,-0.57722384
GOOD,0.0,0.0,0.0,-0.10976365,-0.34971464,-0.056825783,-0.11552607,-0.6059177,-0.17692055,-0.0754132,-0.8005967,-0.28054738,-0.009527856,-0.99995464,-0.37742063,0.058534313,-0.60340303,-0.4135742,-0.22951926,-0.5697683,-0.5199051,-0.2580716,-0.44015956,-0.48607954,-0.18488565,-0.431026,-0.4534107,0.1004696,-0.40995258,-0.45057768,-0.21985853,-0.38540694,-0.53910756,-0.23158836,-0.30174682,-0.4331944,-0.15569782,-0.28544047,-0.36704013,0.09359224,-0.20527543,-0.48025006,-0.20246124,-0.18631549,-0.5435339,-0.21200863,-0.136287,-0.40961486,-0.12962809,-0.113601826,-0.33197927,0.069577344,-0.025870405,-0.51546866,-0.16087328,-0.030690521,-0.5725453,-0.16594547,-0.036634963,-0.5284446,-0.09255337,-0.031565927,-0.4974604
GOOD,0.0,0.0,0.0,-0.113925144,-0.35254198,-0.04478595,-0.12578118,-0.6047022,-0.16535006,-0.08262942,-0.796475,-0.27294096,-0.017562272,-0.99984586,-0.37201205,0.039535727,-0.6022873,-0.39815873,-0.24962796,-0.5658362,-0.5069655,-0.26654327,-0.43454862,-0.47487167,-0.18665887,-0.4284648,-0.44322088,0.08135738,-0.41648874,-0.4435051,-0.24266131,-0.38972867,-0.53241825,-0.24198876,-0.29556528,-0.42678156,-0.15702732,-0.28801656,-0.36129946,0.079182655,-0.21992661,-0.48161206,-0.21978815,-0.19682175,-0.5414774,-0.22338213,-0.13658735,-0.40563676,-0.13796361,-0.1181595,-0.32935637,0.061817944,-0.046921596,-0.5251365,-0.17633055,-0.05309842,-0.5773598,-0.17463161,-0.04899646,-0.5324517,-0.09663487,-0.04268713,-0.5031919
GOOD,0.0,0.0,0.0,-0.095533706,-0.3304342,-0.065365836,-0.099712506,-0.5963554,-0.16820268,-0.06432053,-0.80085355,-0.25391608,-0.0061528715,-0.99998116,-0.33302817,0.07272525,-0.5998261,-0.35636473,-0.21816364,-0.57732165,-0.46168745,-0.24129319,-0.44520554,-0.44592056,-0.16699515,-0.42993963,-0.42591313,0.11279625,-0.40792018,-0.38291797,-0.21784182,-0.39148995,-0.47517505,-0.22078352,-0.29990822,-0.39940074,-0.14478637,-0.27841502,-0.35228312,0.10367469,-0.20368461,-0.4054848,-0.2028213,-0.20018797,-0.47960272,-0.19954723,-0.14686812,-0.3764174,-0.11777201,-0.12107696,-0.31363633,0.074319646,-0.021301717,-0.43287003,-0.16457406,-0.043014433,-0.49711856,-0.15980643,-0.044857647,-0.46547312,-0.08532168,-0.03976931,-0.43989664
GOOD,0.0,0.0,0.0,-0.10338068,-0.35159692,-0.04732397,-0.11493925,-0.60065645,-0.16426782,-0.07261378,-0.7910579,-0.26974723,-0.012390804,-0.99992317,-0.36636984,0.048281293,-0.59540975,-0.3796822,-0.23962434,-0.56792265,-0.48826513,-0.26023167,-0.43071455,-0.45823085,-0.18085703,-0.41633487,-0.42826718,0.08967951,-0.40651745,-0.42554712,-0.23145598,-0.39092925,-0.5167239,-0.24007134,-0.2833115,-0.4162505,-0.15507784,-0.2701716,-0.3532497,0.0870821,-0.20719239,-0.46602857,-0.20763548,-0.19510426,-0.5328385,-0.21882656,-0.12721513,-0.40376142,-0.13366626,-0.10432716,-0.32987612,0.070556745,-0.03171588,-0.5118625,-0.16375682,-0.0389435,-0.569133,-0.16785832,-0.030748582,-0.52764213,-0.092420064,-0.022371832,-0.49997696
GOOD,0.0,0.0,0.0,-0.10068538,-0.36462584,-0.049586583,-0.1092244,-0.6173494,-0.18870522,-0.07150233,-0.79365134,-0.31015986,-0.007929807,-0.9999685,-0.42467833,0.05880154,-0.59793,-0.48368928,-0.22360098,-0.567191,-0.5922676,-0.24772681,-0.4364127,-0.54159254,-0.17423366,-0.42070413,-0.49729475,0.094811544,-0.39998397,-0.5284291,-0.21674228,-0.38994718,-0.6132016,-0.21918155,-0.29754624,-0.47682717,-0.14027858,-0.27705407,-0.39242426,0.08862609,-0.19517447,-0.56138194,-0.19730178,-0.18707512,-0.6141019,-0.20436253,-0.12517603,-0.4509762,-0.12298057,-0.10059243,-0.36065295,0.07145733,-0.019338299,-0.5997049,-0.15730394,-0.03206937,-0.6506504,-0.15781125,-0.033187658,-0.5958357,-0.08184685,-0.022189038,-0.56187403
GOOD,0.0,0.0,0.0,-0.10261731,-0.3528372,-0.047034856,-0.110969834,-0.60757565,-0.17714864,-0.070373,-0.797479,-0.29159614,-0.0053619007,-0.99998564,-0.3991804,0.056466036,-0.5903655,-0.45242143,-0.22974294,-0.56662446,-0.55985457,-0.25195968,-0.4327361,-0.5155619,-0.17411993,-0.41410935,-0.4764507,0.09061136,-0.39894268,-0.4980057,-0.22621734,-0.38818756,-0.5862448,-0.22387841,-0.29423636,-0.4645431,-0.1437941,-0.27053547,-0.38956854,0.082161866,-0.19859514,-0.53297853,-0.20683607,-0.18986921,-0.59040546,-0.20690466,-0.12414681,-0.44235742,-0.1256346,-0.09420088,-0.36040992,0.062744975,-0.022205276,-0.57289964,-0.16474085,-0.036887556,-0.62645906,-0.15804574,-0.029646836,-0.57821405,-0.08118162,-0.012634869,-0.5479238
GOOD,0.0,0.0,0.0,-0.10546391,-0.35241207,-0.054952506,-0.11334051,-0.6102314,-0.18493232,-0.07065206,-0.79773027,-0.29801148,-0.00457499,-0.9999895,-0.40366867,0.057892863,-0.5975446,-0.44718495,-0.23311451,-0.5656438,-0.56408286,-0.25055236,-0.44104323,-0.5315458,-0.1720517,-0.42958254,-0.4986024,0.094718784,-0.40912837,-0.48923442,-0.2241182,-0.3861096,-0.5844265,-0.21943069,-0.30422604,-0.47210813,-0.13811244,-0.28558576,-0.40200502,0.08738326,-0.20810401,-0.5227231,-0.20285264,-0.19117619,-0.58917415,-0.20307127,-0.13806081,-0.44713724,-0.120717406,-0.112645686,-0.36559704,0.0666767,-0.028170353,-0.561891,-0.16144793,-0.039194953,-0.62330294,-0.15238208,-0.04261793,-0.578819,-0.07207629,-0.033917874,-0.54843277
GOOD,0.0,0.0,0.0,-0.10526674,-0.3452485,-0.05281933,-0.10705484,-0.6076662,-0.16735943,-0.058975395,-0.8036309,-0.26630068,0.0073219948,-0.9999732,-0.35755312,0.06529369,-0.6032263,-0.39099255,-0.22080566,-0.5752153,-0.49480614,-0.23965147,-0.4422408,-0.46614957,-0.1619089,-0.42930752,-0.4379067,0.10340562,-0.41739622,-0.42842123,-0.21525554,-0.39955315,-0.5146164,-0.21700175,-0.3092421,-0.41786143,-0.13711151,-0.29239476,-0.3595507,0.09626467,-0.2175874,-0.45898867,-0.19386673,-0.20798823,-0.5186041,-0.19987258,-0.15204075,-0.39384535,-0.11892611,-0.12732841,-0.32438847,0.07520053,-0.04023115,-0.4948347,-0.15132847,-0.06272501,-0.54521173,-0.15173823,-0.06188104,-0.50335014,-0.07731504,-0.051490977,-0.47669312
GOOD,0.0,0.0,0.0,-0.09529437,-0.35471892,-0.046801057,-0.10531808,-0.60740536,-0.17788187,-0.069505535,-0.78976244,-0.29314977,-0.008235093,-0.9999661,-0.40047988,0.05513012,-0.59627914,-0.4529764,-0.22678494,-0.5636467,-0.5587071,-0.24427237,-0.43067986,-0.51194245,-0.1664774,-0.41499075,-0.47108603,0.091945656,-0.40334755,-0.49811566,-0.22285926,-0.38153112,-0.58273846,-0.21501756,-0.2920218,-0.4572419,-0.1338198,-0.2785386,-0.379872,0.08696911,-0.20227395,-0.5327644,-0.20256335,-0.1822629,-0.5850427,-0.19829352,-0.123778045,-0.43317983,-0.115772836,-0.105827846,-0.34983727,0.07060437,-0.0276021,-0.5729328,-0.16069938,-0.030704614,-0.6239568,-0.1526378,-0.029543964,-0.57594705,-0.07513932,-0.023614429,-0.546423
GOOD,0.0,0.0,0.0,-0.08879389,-0.3120132,-0.08367087,-0.07951437,-0.5926852,-0.15610214,-0.025002632,-0.8068524,-0.210577,0.02724426,-0.9996288,-0.25665653,0.10373502,-0.5992087,-0.24535711,-0.1820422,-0.5810199,-0.3362974,-0.20135151,-0.44897965,-0.3388046,-0.12372674,-0.43508476,-0.33215132,0.15068583,-0.4151949,-0.25158206,-0.17458732,-0.39997706,-0.3359185,-0.17943357,-0.30912015,-0.29837766,-0.101808034,-0.29904124,-0.273201,0.1500753,-0.22050883,-0.2617679,-0.1529776,-0.2211428,-0.34090856,-0.1549411,-0.16499583,-0.28143045,-0.07635322,-0.14343216,-0.23901811,0.12328072,-0.04412197,-0.27803397,-0.11224935,-0.068640485,-0.33926737,-0.10867864,-0.058739092,-0.3227226,-0.033899065,-0.049549595,-0.3042288
GOOD,0.0,0.0,0.0,-0.07383412,-0.31683922,-0.0916815,-0.07177277,-0.59920937,-0.15657672,-0.027192185,-0.8086734,-0.20319842,0.01951776,-0.99980944,-0.23632182,0.1065231,-0.5855032,-0.20577914,-0.18914285,-0.5726202,-0.29654956,-0.20399839,-0.44677252,-0.30799812,-0.12168354,-0.4311562,-0.3072033,0.14940266,-0.40202466,-0.20751165,-0.19506046,-0.39554873,-0.29141498,-0.18986152,-0.30455074,-0.26915544,-0.103969514,-0.30225608,-0.2534255,0.14665806,-0.20646027,-0.21680214,-0.17175245,-0.214811,-0.29859936,-0.17066278,-0.16030492,-0.25593522,-0.09289696,-0.14657378,-0.222774,0.11969551,-0.029440429,-0.23350766,-0.12946925,-0.051744007,-0.29404554,-0.12992238,-0.046030927,-0.28589153,-0.06151623,-0.04582592,-0.27284282
GOOD,0.0,0.0,0.0,-0.07015624,-0.32146677,-0.092952326,-0.06437055,-0.598827,-0.15229876,-0.020999622,-0.8074074,-0.1943119,0.015790047,-0.99987537,-0.22257386,0.11077676,-0.57888,-0.181233,-0.18228352,-0.5747638,-0.2680933,-0.19885565,-0.44917464,-0.2818309,-0.11505098,-0.43124592,-0.2826677,0.15505835,-0.39188126,-0.18052228,-0.1849963,-0.39595386,-0.262518,-0.18323885,-0.3024522,-0.24637555,-0.095375836,-0.2992556,-0.23364761,0.15455143,-0.19635536,-0.1883947,-0.16026695,-0.21773805,-0.2713885,-0.16173317,-0.16351748,-0.23473144,-0.08140529,-0.15082614,-0.20360994,0.12715916,-0.02227224,-0.20381746,-0.123689935,-0.048313618,-0.2627953,-0.12220976,-0.04370365,-0.2552613,-0.047673084,-0.043412507,-0.24214758
GOOD,0.0,0.0,0.0,-0.08444808,-0.33912712,-0.07385321,-0.08680725,-0.59561694,-0.16578448,-0.044119038,-0.79480374,-0.24213398,0.0009874289,-0.9999996,-0.30661833,0.089300334,-0.5883128,-0.28604645,-0.19080876,-0.56058323,-0.37920552,-0.21779862,-0.43450275,-0.37144586,-0.14299269,-0.42240053,-0.36026013,0.1389242,-0.40899158,-0.30749238,-0.18148261,-0.39375237,-0.38963786,-0.19875759,-0.29816306,-0.3359857,-0.11335612,-0.29110292,-0.30590275,0.14215219,-0.21680713,-0.3295829,-0.15119106,-0.21425751,-0.39488423,-0.17808169,-0.16162553,-0.31479597,-0.10351593,-0.13957186,-0.2703563,0.12282217,-0.045328703,-0.35941726,-0.11484776,-0.05773933,-0.40844688,-0.13393037,-0.06060345,-0.38546148,-0.070260316,-0.05561053,-0.37143424
GOOD,0.0,0.0,0.0,-0.08707793,-0.31801662,-0.09089757,-0.08550031,-0.59342766,-0.17039506,-0.034658846,-0.79718643,-0.2293879,0.006802896,-0.9999768,-0.27680382,0.09947263,-0.5783577,-0.26677296,-0.18759823,-0.5647711,-0.3665149,-0.20703377,-0.43706915,-0.374318,-0.12839077,-0.41806725,-0.37168697,0.15031302,-0.3937648,-0.27273872,-0.1808231,-0.39041084,-0.36252502,-0.18672073,-0.2987902,-0.3268783,-0.10250417,-0.28813654,-0.30525014,0.15120198,-0.19576481,-0.2827462,-0.15273795,-0.21070608,-0.36619693,-0.1636386,-0.16046,-0.30811223,-0.083767734,-0.13899945,-0.26911324,0.12780073,-0.019767432,-0.29950294,-0.11377195,-0.05566354,-0.36266458,-0.118319675,-0.055138737,-0.34846243,-0.044444446,-0.04815655,-0.33449614
GOOD,0.0,0.0,0.0,-0.08148136,-0.3151578,-0.0978912,-0.07335022,-0.6004462,-0.1564339,-0.024063157,-0.80608046,-0.19638295,0.018753188,-0.99982417,-0.22283469,0.122553796,-0.5881697,-0.19096877,-0.15737922,-0.5832159,-0.28153998,-0.18512256,-0.45993608,-0.29891914,-0.11129757,-0.43699723,-0.3022834,0.17313541,-0.41113785,-0.1884845,-0.1472895,-0.4123749,-0.27225193,-0.16722728,-0.32000852,-0.25598988,-0.08931687,-0.30597192,-0.24304576,0.17551124,-0.22183816,-0.19540988,-0.11612545,-0.23843756,-0.281659,-0.13861577,-0.18686365,-0.24311438,-0.06654902,-0.16760384,-0.20962238,0.15079765,-0.048198644,-0.21033458,-0.07278548,-0.076332055,-0.2705857,-0.089178845,-0.07679973,-0.26093748,-0.0270491,-0.07173612,-0.2459674
GOOD,0.0,0.0,0.0,-0.06197737,-0.30642894,-0.0890091,-0.03417846,-0.6006682,-0.13519086,0.019927444,-0.8079552,-0.1648165,0.05893732,-0.99826175,-0.18017459,0.19216938,-0.5893035,-0.15032716,-0.09174019,-0.6289152,-0.23601776,-0.12261854,-0.50111234,-0.2626168,-0.04979716,-0.4645554,-0.27295533,0.23971403,-0.42109227,-0.14883989,-0.087022014,-0.45499802,-0.22506481,-0.100213856,-0.35882604,-0.22011304,-0.025232336,-0.3345052,-0.2144178,0.23711152,-0.23480853,-0.15715252,-0.061642066,-0.28075483,-0.23554038,-0.07363096,-0.22088893,-0.20520169,-0.0031427816,-0.19706132,-0.1767041,0.20527492,-0.0572109,-0.17309707,-0.016454855,-0.10429018,-0.23148075,-0.020064171,-0.08750766,-0.22318937,0.046365127,-0.06659271,-0.20671573
GOOD,0.0,0.0,0.0,-0.043832988,-0.30272973,-0.08439683,0.02596796,-0.5918184,-0.12529777,0.09874748,-0.7959327,-0.1512005,0.13715373,-0.9905498,-0.16237041,0.32284537,-0.5816559,-0.1237878,0.095649324,-0.6642875,-0.20661607,0.00058075384,-0.5390819,-0.23513333,0.018584691,-0.4783171,-0.25051197,0.38362807,-0.42635164,-0.124810494,0.10165352,-0.51233923,-0.20436515,0.00030862138,-0.40510973,-0.20170602,0.025133375,-0.3462283,-0.19568565,0.3810701,-0.24768691,-0.13697281,0.109995045,-0.33185643,-0.219982,0.012784086,-0.25792825,-0.1872013,0.0365593,-0.20955062,-0.15698418,0.3428963,-0.07644546,-0.15698984,0.13734812,-0.13422053,-0.22809279,0.07324478,-0.10273841,-0.22534218,0.10576188,-0.07160516,-0.21065563
GOOD,0.0,0.0,0.0,-0.03810166,-0.29734734,-0.08800413,0.041491684,-0.59017026,-0.12628697,0.11710388,-0.79227155,-0.15355174,0.15306139,-0.98821664,-0.16344371,0.33722213,-0.5838585,-0.073718905,0.12749158,-0.70694363,-0.16456154,0.035363447,-0.5733267,-0.21005794,0.06565042,-0.50046676,-0.23664208,0.40619642,-0.43277967,-0.07272803,0.13551912,-0.5472416,-0.1626348,0.03279486,-0.4262981,-0.17404608,0.07451289,-0.36477315,-0.1722844,0.40955162,-0.25345135,-0.08770182,0.15619229,-0.35628894,-0.18180688,0.052077483,-0.27793232,-0.15580006,0.08264447,-0.234859,-0.12457988,0.38213265,-0.07625289,-0.11258339,0.19748485,-0.15371458,-0.18243572,0.11814395,-0.12535879,-0.1769429,0.13642746,-0.09283713,-0.15805455
GOOD,0.0,0.0,0.0,-0.04148695,-0.2992233,-0.0847847,0.03547284,-0.587762,-0.12668365,0.10781273,-0.79279166,-0.15722524,0.14472562,-0.9894719,-0.1724569,0.3262352,-0.5814084,-0.09086319,0.14225897,-0.71544105,-0.1845922,0.042482357,-0.5897159,-0.22909777,0.06341636,-0.5211219,-0.25404522,0.39142057,-0.43556052,-0.09098126,0.15564813,-0.5680775,-0.18128762,0.040583666,-0.46244702,-0.18988246,0.06395556,-0.4075229,-0.18678576,0.3952477,-0.26252684,-0.105420254,0.16584608,-0.37776873,-0.19724098,0.053745147,-0.30593672,-0.1681039,0.070925295,-0.26492405,-0.13632445,0.36845937,-0.09261779,-0.12893556,0.19598275,-0.18975331,-0.19567251,0.10961247,-0.15545242,-0.18594246,0.11877744,-0.11508981,-0.16540593
GOOD,0.0,0.0,0.0,-0.04045223,-0.30189797,-0.070713125,0.04190662,-0.5908357,-0.10462088,0.112300724,-0.79369587,-0.1329796,0.1468102,-0.9891647,-0.14792879,0.33099625,-0.59478587,-0.051205326,0.16367985,-0.7317844,-0.1402325,0.057416108,-0.6152966,-0.19302039,0.06742323,-0.5415878,-0.22413333,0.40190822,-0.44713238,-0.059969567,0.18078952,-0.5800198,-0.14124909,0.06204681,-0.47669607,-0.1557065,0.08411791,-0.41521925,-0.15641741,0.4092907,-0.26498228,-0.083965346,0.20147696,-0.38740274,-0.17058702,0.088402815,-0.31364253,-0.14545383,0.11067282,-0.26568508,-0.11547334,0.38527384,-0.08360758,-0.116077244,0.23301436,-0.18814874,-0.17720297,0.14473917,-0.16205971,-0.16322976,0.15144968,-0.12065011,-0.13924693
GOOD,0.0,0.0,0.0,-0.03454662,-0.3132448,-0.06875609,0.054352105,-0.6075672,-0.102946706,0.12172712,-0.80806535,-0.13309926,0.1579923,-0.9874404,-0.14851938,0.3369085,-0.6005658,-0.053715497,0.18041566,-0.75431675,-0.14845003,0.07513574,-0.62743604,-0.19987051,0.09459832,-0.55425185,-0.23016392,0.41088864,-0.45289826,-0.06736277,0.20317917,-0.5991307,-0.15838355,0.080986336,-0.49014184,-0.17028913,0.116955444,-0.43001634,-0.1677616,0.4192139,-0.26909792,-0.09715574,0.23356634,-0.40193594,-0.19275986,0.110197425,-0.33175203,-0.16033666,0.14023589,-0.28458342,-0.124079734,0.394777,-0.08783504,-0.13519722,0.261863,-0.19375579,-0.20016168,0.16828975,-0.17845628,-0.18246602,0.17982318,-0.14144586,-0.1558385
GOOD,0.0,0.0,0.0,-0.021540178,-0.31902504,-0.05563908,0.06436282,-0.60495573,-0.08971347,0.13234778,-0.80323017,-0.122833684,0.16539891,-0.98622674,-0.14509745,0.33269328,-0.5968892,-0.048719518,0.2044949,-0.74429345,-0.13882618,0.08763914,-0.62196153,-0.19138227,0.083551496,-0.5506566,-0.22330727,0.41098082,-0.44275725,-0.066501886,0.24001414,-0.5984339,-0.15458508,0.10001603,-0.49652177,-0.17177106,0.10577131,-0.4336204,-0.17401981,0.4207097,-0.25965932,-0.097143464,0.26768127,-0.40568292,-0.18728763,0.12710945,-0.33758485,-0.15637684,0.13056616,-0.28619623,-0.12222663,0.39385998,-0.08908285,-0.13384111,0.2706495,-0.1939965,-0.1929021,0.17063735,-0.17896087,-0.1724961,0.17234144,-0.14388107,-0.14576848
GOOD,0.0,0.0,0.0,-0.021678144,-0.32477793,-0.052198827,0.068095885,-0.60853034,-0.08566573,0.13998818,-0.80180484,-0.1213456,0.17656209,-0.98428947,-0.14700656,0.33942232,-0.5769872,-0.03822991,0.22895098,-0.752761,-0.13828446,0.10699779,-0.64536184,-0.19865027,0.073249675,-0.5539305,-0.2297681,0.41035002,-0.42828593,-0.060683727,0.25683308,-0.6085833,-0.15355623,0.11281548,-0.51117617,-0.17550927,0.10325635,-0.4284502,-0.17700961,0.4202006,-0.24600771,-0.097613506,0.2890391,-0.41734874,-0.1957568,0.141183,-0.3482007,-0.1656483,0.13083497,-0.2741573,-0.12621409,0.39401796,-0.06722855,-0.14005826,0.30185068,-0.20634197,-0.20527098,0.19506323,-0.19586343,-0.18008384,0.17989738,-0.1430429,-0.14528014
GOOD,0.0,0.0,0.0,-0.013280013,-0.3334436,-0.045908216,0.07073431,-0.6159192,-0.07946292,0.14136909,-0.8102053,-0.11567167,0.17609666,-0.98437285,-0.1419282,0.33389342,-0.5760271,-0.030492999,0.24091779,-0.75417334,-0.11904697,0.12504743,-0.65087676,-0.17684622,0.091560386,-0.56351304,-0.20849617,0.40197217,-0.43164188,-0.050759844,0.27241236,-0.606991,-0.13260446,0.13800317,-0.52179265,-0.156774,0.12191459,-0.44712004,-0.1630709,0.41134554,-0.25803822,-0.083174616,0.31260476,-0.4130715,-0.16775002,0.17893608,-0.3554772,-0.14047909,0.15896763,-0.28609112,-0.10647969,0.38704774,-0.090514086,-0.12062137,0.32128507,-0.2131034,-0.174158,0.2210676,-0.20944594,-0.14818637,0.19685255,-0.1613587,-0.115448765
GOOD,0.0,0.0,0.0,-0.017295493,-0.3201328,-0.044491157,0.07403621,-0.61133736,-0.078545466,0.14750244,-0.80754316,-0.11396314,0.17512584,-0.98454607,-0.13974419,0.32751432,-0.58510375,-0.0562793,0.26019382,-0.73607105,-0.14889981,0.14490353,-0.6418821,-0.19938692,0.09786597,-0.5586371,-0.22445846,0.39545763,-0.43621045,-0.080793805,0.3003101,-0.57955194,-0.16882852,0.16287442,-0.50648147,-0.18856975,0.12873313,-0.4362327,-0.19051574,0.40879303,-0.25599313,-0.11620086,0.33892468,-0.3770364,-0.20623472,0.20462738,-0.32797152,-0.18010537,0.16918062,-0.2691696,-0.14740764,0.3899494,-0.079255395,-0.15574709,0.33906686,-0.17402239,-0.21745461,0.23327658,-0.17426996,-0.1960152,0.19648515,-0.14183313,-0.166363
GOOD,0.0,0.0,0.0,-0.0536075,-0.3035952,-0.06575059,0.022410791,-0.59649986,-0.097770795,0.09453094,-0.80709505,-0.12723547,0.11072415,-0.9938511,-0.14686121,0.24549237,-0.64084554,-0.035535812,0.21490012,-0.73577106,-0.10752122,0.1618598,-0.6680267,-0.1567595,0.1838188,-0.6324546,-0.1922333,0.3270712,-0.5128966,-0.046900302,0.26235953,-0.5693408,-0.12627633,0.17575152,-0.5065421,-0.15628386,0.18887638,-0.4660071,-0.16853347,0.352386,-0.34393606,-0.070464045,0.29892614,-0.39512146,-0.15474768,0.19764411,-0.34680593,-0.13971338,0.19978605,-0.31181416,-0.11670928,0.34719443,-0.16936027,-0.10084947,0.29856843,-0.21105388,-0.15802696,0.21955293,-0.20215751,-0.14356145,0.21528204,-0.18277767,-0.12240857
GOOD,0.0,0.0,0.0,-0.033809338,-0.29320404,-0.059441335,0.042272806,-0.60195804,-0.08325217,0.104496755,-0.81461483,-0.10864495,0.12451907,-0.9922172,-0.119051725,0.26951954,-0.6295796,-0.0043794904,0.30449942,-0.7359091,-0.08455502,0.1965616,-0.6553496,-0.13603719,0.15085967,-0.5918947,-0.16512868,0.3442407,-0.48123026,-0.019425105,0.371934,-0.5655671,-0.103067525,0.21300372,-0.50164866,-0.12713774,0.16003607,-0.44674236,-0.12777221,0.36818513,-0.29851988,-0.050887786,0.38560498,-0.36027855,-0.12944832,0.22792318,-0.32550895,-0.105033234,0.17740108,-0.28028733,-0.0725805,0.36392838,-0.110551246,-0.08951062,0.35889316,-0.14391467,-0.13595778,0.24392943,-0.15578748,-0.11420732,0.2062614,-0.14713702,-0.087374665
GOOD,0.0,0.0,0.0,-0.030499859,-0.28081563,-0.08016538,0.03886799,-0.5797835,-0.13178267,0.10235807,-0.7959432,-0.17513579,0.11891482,-0.9929045,-0.20900275,0.23513234,-0.54647344,-0.12484691,0.30795258,-0.6668341,-0.21867186,0.26778522,-0.65120745,-0.27206835,0.25324884,-0.63176876,-0.30590358,0.2934246,-0.37364903,-0.13857812,0.36228326,-0.4362634,-0.23033264,0.27352902,-0.431955,-0.2517588,0.23659913,-0.4192672,-0.26191798,0.30400816,-0.17856778,-0.16235779,0.35639924,-0.21086185,-0.24863623,0.25486752,-0.21703464,-0.2271546,0.21175674,-0.21518397,-0.2068714,0.28468913,0.009038382,-0.19316408,0.31327766,0.011906454,-0.2600765,0.24642996,-0.014025798,-0.24839193,0.21925674,-0.036525518,-0.23339929
GOOD,0.0,0.0,0.0,-0.049804423,-0.28107283,-0.09210246,0.01685109,-0.5751413,-0.15658428,0.08388462,-0.7948471,-0.20579118,0.0985049,-0.99513656,-0.24889031,0.18866669,-0.54112107,-0.19075893,0.2217157,-0.66902626,-0.28773692,0.23409653,-0.6602173,-0.338375,0.2679313,-0.6516164,-0.3726752,0.24463817,-0.3683343,-0.19790967,0.25854087,-0.4384242,-0.28955826,0.26587594,-0.45102352,-0.31579453,0.2985056,-0.45659232,-0.33741,0.25367668,-0.17380844,-0.21103467,0.2677162,-0.2154922,-0.3057598,0.25246277,-0.2245244,-0.30106163,0.2774253,-0.24079129,-0.29618344,0.23527646,0.016163368,-0.22944254,0.2511063,7.293595e-05,-0.31205222,0.24076016,-0.0160888,-0.3158632,0.25784633,-0.04157186,-0.31411353
GOOD,0.0,0.0,0.0,-0.020082219,-0.25133392,-0.07269371,0.045183957,-0.5608565,-0.13512357,0.11437206,-0.7927919,-0.17628597,0.12037516,-0.9927285,-0.21343192,0.07127484,-0.44437957,-0.22511409,0.22129805,-0.6003664,-0.2963307,0.32388937,-0.66515136,-0.32920277,0.39906517,-0.69906926,-0.34951678,0.12412385,-0.27607664,-0.22067879,0.32976642,-0.40103263,-0.27015558,0.3980209,-0.49284846,-0.26668173,0.4163929,-0.53466254,-0.27347547,0.16763267,-0.09420288,-0.2116886,0.39284518,-0.20007493,-0.25359926,0.41878894,-0.2721477,-0.22168532,0.38972077,-0.2966096,-0.20376825,0.20526046,0.08206688,-0.20517491,0.38193727,-0.0061169937,-0.24245976,0.401547,-0.07486389,-0.22237772,0.3734744,-0.112929426,-0.20750871
GOOD,0.0,0.0,0.0,-0.01768502,-0.26504853,-0.057892203,0.049055193,-0.5591387,-0.124574356,0.11890497,-0.78219354,-0.17209713,0.1367288,-0.99060845,-0.21607342,0.094441906,-0.44087285,-0.24068001,0.29298133,-0.56683296,-0.31900695,0.38471895,-0.6401164,-0.35342872,0.42987308,-0.6699864,-0.37115335,0.14043921,-0.2559739,-0.24456373,0.3893489,-0.3490357,-0.29470268,0.4425087,-0.43466362,-0.28495306,0.42817423,-0.46409777,-0.28915793,0.1811596,-0.07077508,-0.24095967,0.42188454,-0.16425739,-0.28041366,0.44382635,-0.23883922,-0.24709028,0.39689684,-0.2624739,-0.2316383,0.218874,0.09786123,-0.23772998,0.40579933,0.016441569,-0.26885968,0.42024937,-0.054678783,-0.24288546,0.37780648,-0.09344674,-0.22551395
GOOD,0.0,0.0,0.0,-0.030881166,-0.25644717,-0.07777019,0.030482376,-0.56739014,-0.14819208,0.10766088,-0.78958696,-0.19345188,0.11276868,-0.99362123,-0.23515037,0.087902,-0.46001124,-0.2574534,0.25705117,-0.5848276,-0.35222456,0.35897583,-0.6633941,-0.40888622,0.42145035,-0.69858265,-0.44226298,0.15698332,-0.26778355,-0.24377456,0.32483512,-0.36934018,-0.30522302,0.40776113,-0.47740352,-0.31384134,0.4347823,-0.51352954,-0.32910618,0.19246829,-0.07654842,-0.2239614,0.36702192,-0.17305961,-0.28406972,0.41093138,-0.2670669,-0.2613325,0.4124694,-0.288865,-0.24589618,0.22977655,0.094110526,-0.2036462,0.36829737,0.012825274,-0.25320596,0.39269766,-0.059067853,-0.23500563,0.3821367,-0.08853028,-0.21888384
GOOD,0.0,0.0,0.0,-0.048217807,-0.26406592,-0.09629876,-0.0034819352,-0.55855757,-0.17989643,0.05845342,-0.7868412,-0.24113029,0.064119354,-0.9979422,-0.29638743,0.05367898,-0.46868113,-0.29081458,0.20076136,-0.62454486,-0.40071088,0.25252616,-0.678528,-0.45666674,0.29729933,-0.69646585,-0.49555877,0.09969067,-0.28540188,-0.29420194,0.29963663,-0.39976224,-0.39623782,0.28073058,-0.46734932,-0.40811515,0.2509322,-0.47157866,-0.4246023,0.13270542,-0.09699474,-0.2945965,0.32593587,-0.19870833,-0.3716343,0.2593516,-0.24609819,-0.3298069,0.18291758,-0.2271796,-0.3055945,0.1532089,0.07014789,-0.30157456,0.30731058,0.006368794,-0.3605862,0.26563543,-0.051154163,-0.33891383,0.20213372,-0.05663773,-0.32431498
GOOD,0.0,0.0,0.0,-0.02379315,-0.2815298,-0.068049006,0.029167084,-0.56241584,-0.16843471,0.08548182,-0.78555447,-0.24986635,0.10770875,-0.99418247,-0.32977983,0.019231083,-0.506204,-0.33891264,0.1928238,-0.65171695,-0.46558246,0.27208266,-0.70946944,-0.51733935,0.30933067,-0.7166123,-0.5408778,0.05195552,-0.31931758,-0.3526646,0.32147038,-0.45174998,-0.45900238,0.3447991,-0.50320774,-0.4507265,0.30400905,-0.4886243,-0.4479669,0.10011905,-0.1270001,-0.35680696,0.35043862,-0.25725725,-0.4404244,0.35013035,-0.28899887,-0.397214,0.2877725,-0.26537663,-0.3694976,0.14679955,0.0428283,-0.36089635,0.3425037,-0.050004635,-0.4139448,0.34637746,-0.10553901,-0.38471648,0.29536942,-0.12008905,-0.36486438
GOOD,0.0,0.0,0.0,-0.061433423,-0.30492085,-0.043952577,-0.023149205,-0.57644415,-0.13912456,0.018679362,-0.7880004,-0.22723998,0.048421822,-0.9988269,-0.32075897,0.006436552,-0.5351911,-0.32644096,0.08801669,-0.6838213,-0.4918428,0.14552583,-0.73538023,-0.58068836,0.17538525,-0.7432968,-0.6343063,0.0415057,-0.36620623,-0.38314584,0.19947365,-0.5158369,-0.55034876,0.22939646,-0.5701916,-0.6016333,0.20728277,-0.56053567,-0.64001197,0.07911212,-0.18042827,-0.43385488,0.23779087,-0.31539246,-0.58618796,0.26800337,-0.36457655,-0.61397463,0.242994,-0.3774802,-0.63158417,0.10492811,0.0076452876,-0.48026416,0.23531437,-0.07506423,-0.6016337,0.25952157,-0.1299488,-0.6300117,0.24035259,-0.16191153,-0.6501335
GOOD,0.0,0.0,0.0,-0.08222239,-0.31801918,-0.05470216,-0.034328137,-0.60025734,-0.1416788,0.01541778,-0.8012136,-0.22224107,0.054622993,-0.9985071,-0.3023448,0.109268874,-0.5759646,-0.30329353,0.14780365,-0.7203098,-0.46042863,0.08707191,-0.6776008,-0.52605605,0.031375736,-0.61166584,-0.55925614,0.15605181,-0.39071712,-0.3555191,0.21498156,-0.54770786,-0.5124371,0.12573014,-0.53007865,-0.53177273,0.06696789,-0.45822656,-0.54112095,0.17808115,-0.1907748,-0.40869433,0.23827697,-0.3222794,-0.5457311,0.17235422,-0.32905778,-0.5377107,0.13490245,-0.29751623,-0.52717644,0.17610438,0.0015710886,-0.4624314,0.23497911,-0.085991666,-0.57418525,0.19186603,-0.1232525,-0.5851219,0.15697351,-0.12335849,-0.5880564
GOOD,0.0,0.0,0.0,-0.08606239,-0.3350981,-0.05411122,-0.021090483,-0.62473834,-0.10177603,0.04240859,-0.81106424,-0.14662491,0.07489589,-0.9971913,-0.18921445,0.22892979,-0.6046823,-0.1748212,0.1291266,-0.7517572,-0.28832534,0.017905354,-0.6773945,-0.33778107,-0.03376751,-0.5823786,-0.36432114,0.27306226,-0.43242982,-0.21250321,0.1700168,-0.5709043,-0.3381892,0.051879536,-0.52000934,-0.37075272,0.018957354,-0.4447823,-0.385184,0.27348897,-0.23073299,-0.25677368,0.2152622,-0.33725452,-0.38708904,0.124397874,-0.32540694,-0.40614036,0.10248882,-0.28855726,-0.40829507,0.23750183,-0.0264963,-0.30054334,0.20702715,-0.073793486,-0.4196491,0.13966186,-0.08277726,-0.44987866,0.1208645,-0.074821465,-0.45942682
GOOD,0.0,0.0,0.0,-0.048711907,-0.3125291,-0.08166951,0.0113729825,-0.6063659,-0.11561337,0.07238884,-0.812169,-0.13706386,0.10520835,-0.99445015,-0.14241014,0.30384755,-0.57053035,-0.08874352,0.09785048,-0.71833193,-0.16339806,0.007849897,-0.59276175,-0.1932442,0.027226895,-0.5182721,-0.20900331,0.3640322,-0.41564983,-0.08528041,0.09222676,-0.53905326,-0.16091098,0.014952616,-0.42733535,-0.16605608,0.060207125,-0.36753964,-0.16278383,0.36261338,-0.23852684,-0.094175,0.10768131,-0.33210033,-0.17478544,0.046792146,-0.26416627,-0.15525372,0.09679529,-0.22518905,-0.13143201,0.3286006,-0.06978236,-0.1102285,0.12750651,-0.13537402,-0.17523172,0.07714844,-0.10648676,-0.17482153,0.11900661,-0.079560995,-0.1612091
GOOD,0.0,0.0,0.0,-0.046547525,-0.30719274,-0.07645194,0.010862869,-0.6032199,-0.109973475,0.07197788,-0.8113207,-0.13220146,0.110352606,-0.9938925,-0.13642792,0.28658703,-0.5797396,-0.07475586,0.074875556,-0.704704,-0.15069091,0.002506451,-0.5663246,-0.18932024,0.041459795,-0.4896643,-0.21181633,0.3449666,-0.4353163,-0.07272383,0.07035781,-0.5459114,-0.14403705,0.014898017,-0.42839092,-0.15099439,0.06956519,-0.35992208,-0.15007234,0.33993965,-0.26730046,-0.083326764,0.085037194,-0.36241207,-0.15792671,0.04323955,-0.28731462,-0.13986036,0.100579284,-0.2404282,-0.11798359,0.30476296,-0.10641796,-0.102263644,0.105831265,-0.17530392,-0.16137218,0.065383926,-0.14665829,-0.1628487,0.10503112,-0.11685782,-0.15156926
GOOD,0.0,0.0,0.0,-0.032502323,-0.30216917,-0.084580764,0.023901049,-0.6042265,-0.12284828,0.08527668,-0.8134043,-0.14671253,0.12670413,-0.9919405,-0.15120848,0.31127587,-0.568642,-0.08794596,0.07329026,-0.68007225,-0.17045574,0.010793773,-0.54732484,-0.21002822,0.06525275,-0.4834505,-0.23224871,0.36154157,-0.41228315,-0.08425648,0.06249413,-0.51180387,-0.16290252,0.015172834,-0.40221968,-0.17220967,0.07980784,-0.34860548,-0.1724059,0.3520052,-0.23680355,-0.09364028,0.07305986,-0.32127494,-0.17176886,0.033174206,-0.2562031,-0.15057036,0.09188156,-0.22141926,-0.12647097,0.313492,-0.06775477,-0.112223305,0.09677721,-0.12811284,-0.17325401,0.066317655,-0.10236036,-0.17427805,0.1181327,-0.07760865,-0.16211945
GOOD,0.0,0.0,0.0,-0.028455235,-0.27765298,-0.09472429,0.0356641,-0.5888025,-0.13482837,0.09454911,-0.805506,-0.15849079,0.14223391,-0.9898331,-0.16166556,0.30205208,-0.561847,-0.09058563,0.050288517,-0.6383739,-0.18084832,0.0013669168,-0.50439996,-0.22803448,0.0703156,-0.44644597,-0.25403798,0.3544801,-0.39952248,-0.081865676,0.049991768,-0.45986712,-0.16227406,0.016354252,-0.35367107,-0.1745902,0.09091282,-0.3118122,-0.17662014,0.3478716,-0.21761486,-0.08842585,0.07152166,-0.2715766,-0.16879337,0.043879993,-0.20429692,-0.150323,0.112398155,-0.17754953,-0.12730078,0.31672376,-0.04112359,-0.10521751,0.10636269,-0.0828496,-0.1658055,0.083012424,-0.05684611,-0.16725515,0.14158082,-0.038360126,-0.15580122
GOOD,0.0,0.0,0.0,-0.04626868,-0.27632564,-0.09830215,0.014226524,-0.58497417,-0.13798651,0.07523963,-0.80081177,-0.16037019,0.12336407,-0.9923615,-0.16162735,0.2623517,-0.59441763,-0.097129196,0.0076817763,-0.65026414,-0.19240208,-0.028031657,-0.52077013,-0.2428306,0.046323106,-0.46613365,-0.2708993,0.31583184,-0.43964708,-0.087181754,0.013540161,-0.4765159,-0.17301492,-0.009862225,-0.3729767,-0.18517947,0.07298386,-0.33449987,-0.18611018,0.30966982,-0.26019624,-0.09340094,0.036454428,-0.28903592,-0.17931148,0.015041969,-0.22208907,-0.15997572,0.09065857,-0.19645089,-0.13560371,0.27593616,-0.0814668,-0.11056081,0.07045317,-0.100425206,-0.17846255,0.04980615,-0.076725885,-0.183194,0.11100881,-0.06441351,-0.1735507
GOOD,0.0,0.0,0.0,-0.03381407,-0.27667022,-0.11915934,0.014517528,-0.5850114,-0.17514011,0.068589054,-0.8004513,-0.2070792,0.11353463,-0.9935341,-0.21668547,0.26979065,-0.5524901,-0.17272402,-0.043499403,-0.6066666,-0.28033262,-0.06575252,-0.4891274,-0.32363254,0.016943153,-0.44002664,-0.34302247,0.30018458,-0.37155142,-0.1597659,-0.046278123,-0.4223535,-0.2569011,-0.04552497,-0.33489797,-0.2595644,0.04839857,-0.3098715,-0.25458002,0.27526733,-0.1726142,-0.16134043,-0.03196273,-0.22126561,-0.2596829,-0.03571379,-0.17213212,-0.22881758,0.038172696,-0.14380798,-0.19395727,0.22121486,0.021469746,-0.1744057,0.012650131,-0.022911599,-0.25722122,0.0016435157,-0.023400642,-0.25847384,0.05644397,-0.008739897,-0.24279702
GOOD,0.0,0.0,0.0,-0.034654792,-0.26917377,-0.11640677,0.016083287,-0.5767784,-0.17210926,0.075422026,-0.79278815,-0.2063364,0.13601875,-0.99070626,-0.2184661,0.2629363,-0.54822457,-0.15029728,-0.029196426,-0.5898708,-0.2614289,-0.060510494,-0.46957266,-0.31041723,0.029628513,-0.4340274,-0.33463004,0.30406895,-0.37109295,-0.140574,-0.026982721,-0.3989234,-0.23830421,-0.04026942,-0.30856186,-0.24579328,0.055722505,-0.29469433,-0.24334529,0.28990003,-0.17300707,-0.14693949,-0.013642444,-0.18861242,-0.24476096,-0.029479876,-0.13767286,-0.21732338,0.053677417,-0.12486373,-0.18566929,0.24785335,0.018040147,-0.1652695,0.020930588,-1.566834e-05,-0.24190938,0.005778778,0.007833013,-0.24380201,0.073971175,0.015692946,-0.23058178
GOOD,0.0,0.0,0.0,-0.04300566,-0.25450513,-0.13348687,-0.016389519,-0.5589099,-0.19842097,0.029374383,-0.78382856,-0.24157336,0.08629724,-0.99626946,-0.2619295,0.20786667,-0.52694994,-0.16617703,-0.112206824,-0.53929925,-0.28150237,-0.14274144,-0.4161393,-0.32573622,-0.04618398,-0.37529856,-0.34623867,0.25757334,-0.33026764,-0.15234089,-0.105074644,-0.33417144,-0.2513388,-0.13251023,-0.24158576,-0.24858046,-0.02304529,-0.23356728,-0.239456,0.249148,-0.12144232,-0.15717311,-0.07949722,-0.12133694,-0.26033813,-0.11850294,-0.08167367,-0.22294153,-0.03580841,-0.07172075,-0.18491489,0.21002586,0.07487768,-0.17649867,-0.041353337,0.06702539,-0.25683054,-0.08376298,0.055665076,-0.2560461,-0.031025026,0.051520716,-0.2426921
GOOD,0.0,0.0,0.0,-0.048727386,-0.2607649,-0.13367432,-0.029391387,-0.5596724,-0.23817524,0.017622892,-0.77332157,-0.3127772,0.07462375,-0.99721175,-0.3661065,0.17903307,-0.48851302,-0.35598016,-0.15006751,-0.50293297,-0.4923021,-0.17205691,-0.37956247,-0.50997823,-0.0727819,-0.35513496,-0.5133959,0.22818889,-0.28303173,-0.3554623,-0.1498495,-0.2898391,-0.47066212,-0.15886287,-0.20288289,-0.42278334,-0.04690098,-0.20667332,-0.39061737,0.21520866,-0.06381929,-0.36265802,-0.13178073,-0.0563025,-0.46744508,-0.16355851,-0.03494703,-0.3788988,-0.082007065,-0.031531762,-0.31796515,0.17389224,0.13420412,-0.38427845,-0.08926844,0.134781,-0.4791785,-0.12015498,0.106889606,-0.46782866,-0.05991866,0.09544568,-0.45209363
GOOD,0.0,0.0,0.0,-0.059666913,-0.26772735,-0.14863408,-0.04470104,-0.56018823,-0.25560415,0.00017517318,-0.7701518,-0.33053705,0.058610804,-0.99828094,-0.3831278,0.17306016,-0.49780712,-0.34653988,-0.16771744,-0.50686926,-0.48235363,-0.18821765,-0.38537884,-0.50471157,-0.090963766,-0.35582605,-0.5111112,0.21122167,-0.29722032,-0.33821905,-0.16473798,-0.30368856,-0.4566266,-0.17735519,-0.21111026,-0.41734257,-0.066344105,-0.20822841,-0.3901711,0.19374469,-0.08311398,-0.3396146,-0.14952089,-0.07325517,-0.44481528,-0.17068452,-0.041974194,-0.3603292,-0.08492452,-0.03128773,-0.3016386,0.15038116,0.11572368,-0.35705662,-0.10801088,0.11358521,-0.4487857,-0.13079916,0.09478141,-0.43511453,-0.06464217,0.08988051,-0.41754594
GOOD,0.0,0.0,0.0,-0.062410098,-0.28215128,-0.122942306,-0.059585903,-0.5588825,-0.25519985,-0.014331589,-0.7609768,-0.35869506,0.042560596,-0.9990939,-0.44415835,0.14465307,-0.4994738,-0.43687493,-0.18567786,-0.49064055,-0.5773319,-0.20503335,-0.3707957,-0.5766851,-0.10447656,-0.3555713,-0.56497085,0.19592167,-0.28806466,-0.44785443,-0.18281282,-0.281085,-0.5510471,-0.19254293,-0.18811394,-0.46082035,-0.080750026,-0.18942074,-0.4028933,0.18279679,-0.06172138,-0.4615291,-0.16211754,-0.03796113,-0.5432655,-0.20205957,-0.015976265,-0.41495338,-0.124219574,-0.004267279,-0.33664098,0.14832294,0.13795611,-0.48970267,-0.11518258,0.14737256,-0.5660394,-0.15342234,0.11853687,-0.5366619,-0.10055513,0.120858505,-0.51362205
GOOD,0.0,0.0,0.0,-0.06376079,-0.26004612,-0.14975214,-0.05764083,-0.5600368,-0.22557259,-0.010342787,-0.7828235,-0.27627948,0.044684466,-0.99900115,-0.30876768,0.14994095,-0.491817,-0.21372113,-0.17806551,-0.49893764,-0.3289967,-0.19594674,-0.37988344,-0.37065226,-0.09765469,-0.35851038,-0.39069885,0.19404703,-0.2852471,-0.19516484,-0.18590121,-0.28834495,-0.29159006,-0.18774676,-0.19164264,-0.2880291,-0.077309385,-0.18484193,-0.284273,0.18073817,-0.06855709,-0.1932716,-0.16772243,-0.06128046,-0.29029295,-0.18465544,-0.02331093,-0.2523166,-0.09932056,-0.008062156,-0.21870075,0.13905855,0.1298746,-0.2069171,-0.117841244,0.1189731,-0.2823837,-0.14342777,0.10044337,-0.2806303,-0.08909855,0.10309755,-0.27015465
GOOD,0.0,0.0,0.0,-0.061017845,-0.23830591,-0.13831939,-0.052792437,-0.56671274,-0.20614685,-0.006808456,-0.7900608,-0.2493392,0.048910685,-0.99880314,-0.27289838,0.14430867,-0.51069367,-0.20158732,-0.17477548,-0.5337293,-0.31543154,-0.18097943,-0.40817076,-0.36169723,-0.08275129,-0.3833824,-0.38650632,0.20834325,-0.29966313,-0.18217936,-0.19824593,-0.3091627,-0.26736933,-0.17445567,-0.20602979,-0.25557402,-0.050060354,-0.2028579,-0.24639422,0.19826004,-0.07800786,-0.17986651,-0.1748198,-0.075794496,-0.26691464,-0.17357577,-0.02777221,-0.21965748,-0.07673751,-0.011944593,-0.17944945,0.15215398,0.124989934,-0.19251989,-0.117241584,0.11141248,-0.2676496,-0.13249315,0.10456792,-0.26498085,-0.07395336,0.11099824,-0.2521647
GOOD,0.0,0.0,0.0,-0.063142754,-0.27635083,-0.14282034,-0.06220838,-0.5713591,-0.21706311,-0.020856278,-0.7865744,-0.26983523,0.026788466,-0.9996412,-0.30532187,0.13475284,-0.4967367,-0.19193472,-0.18944058,-0.48974007,-0.3073318,-0.21012847,-0.3818462,-0.34927446,-0.11211269,-0.36299336,-0.36897445,0.17599787,-0.28272215,-0.17767242,-0.1949621,-0.28042993,-0.2771833,-0.20902549,-0.19980666,-0.2768428,-0.09054114,-0.21015355,-0.2732871,0.16291319,-0.06217284,-0.18087822,-0.16985077,-0.064528905,-0.2856641,-0.19857118,-0.036311965,-0.25078675,-0.109537184,-0.02755676,-0.21619871,0.121474706,0.13156004,-0.19877717,-0.12931147,0.12862651,-0.27831227,-0.16181652,0.10500909,-0.2777781,-0.10219216,0.09979597,-0.26689807
GOOD,0.0,0.0,0.0,-0.06578296,-0.30629003,-0.1462372,-0.082850285,-0.5723218,-0.28298897,-0.05129074,-0.7668701,-0.388517,0.00043047496,-0.9999999,-0.47692072,0.10357099,-0.48113352,-0.4368995,-0.24575348,-0.4525358,-0.57806,-0.26297575,-0.35911512,-0.5820313,-0.1629057,-0.355098,-0.5738066,0.14467318,-0.26088318,-0.43719393,-0.24586816,-0.2389503,-0.55458206,-0.24353945,-0.17206691,-0.48633745,-0.12562041,-0.18283379,-0.4426921,0.13526958,-0.031654384,-0.44115648,-0.21664186,-0.01084754,-0.5410183,-0.22618641,0.0044664307,-0.43208903,-0.13160375,0.01630753,-0.3612453,0.105506636,0.17664117,-0.46035907,-0.15766548,0.18490407,-0.54831225,-0.17115091,0.14350913,-0.5256994,-0.10376001,0.13260095,-0.50394577
GOOD,0.0,0.0,0.0,-0.08474639,-0.30628645,-0.14581056,-0.09742794,-0.5851876,-0.26128075,-0.054959357,-0.7794458,-0.34654856,-0.0066642533,-0.9999778,-0.4133107,0.09956813,-0.49152023,-0.38623336,-0.2541693,-0.44825733,-0.5154172,-0.27752307,-0.34784886,-0.5141768,-0.18054768,-0.3502905,-0.5018208,0.13915038,-0.2731523,-0.38030955,-0.24768728,-0.24615015,-0.49446052,-0.26551777,-0.18574238,-0.43353447,-0.14658137,-0.21545053,-0.39305797,0.13344406,-0.05112662,-0.3810796,-0.21225442,-0.025703011,-0.4835841,-0.243272,-0.022014188,-0.38770625,-0.1484717,-0.025281832,-0.32253665,0.10576185,0.14467366,-0.3975035,-0.14979628,0.15868352,-0.48250592,-0.17882572,0.11053269,-0.46512336,-0.11455051,0.09214979,-0.4474317
GOOD,0.0,0.0,0.0,-0.08845719,-0.34236935,-0.12513041,-0.11362457,-0.59172004,-0.27782416,-0.08295183,-0.7581362,-0.39980975,-0.029285604,-0.9995711,-0.50493276,0.06904549,-0.5031414,-0.52012056,-0.275992,-0.43255806,-0.64517534,-0.30654773,-0.32772747,-0.60269594,-0.21086118,-0.33557215,-0.5622055,0.1088508,-0.2684711,-0.5370127,-0.26041228,-0.2269808,-0.627594,-0.28731918,-0.16587465,-0.4957409,-0.17540565,-0.19305028,-0.41460934,0.10516521,-0.03614601,-0.551883,-0.21833721,0.004280165,-0.6200374,-0.26840222,0.020349173,-0.45819816,-0.17908537,0.018244393,-0.36567697,0.09145328,0.16295423,-0.582386,-0.15687515,0.20111972,-0.6522129,-0.19573453,0.15921852,-0.61219436,-0.139152,0.14838715,-0.5870785
GOOD,0.0,0.0,0.0,-0.09294443,-0.31744793,-0.11307551,-0.11791514,-0.58395153,-0.22980201,-0.083246864,-0.7768178,-0.318379,-0.04364934,-0.9990469,-0.3938127,0.053526625,-0.49794355,-0.42612606,-0.28524765,-0.4443381,-0.53775716,-0.30223036,-0.34189448,-0.5159251,-0.21158169,-0.3429489,-0.49292,0.09151292,-0.28004095,-0.4340041,-0.28522727,-0.24486867,-0.5305155,-0.27803534,-0.18555354,-0.44883004,-0.17126761,-0.20100924,-0.40272492,0.088366084,-0.06340596,-0.43996665,-0.2547873,-0.034805678,-0.5197309,-0.26019254,-0.01614058,-0.41107863,-0.16655135,-0.009884452,-0.34822166,0.06804721,0.1252083,-0.45724988,-0.19327138,0.1332183,-0.5268978,-0.19801323,0.100501716,-0.5027996,-0.12555626,0.09353638,-0.48759136
GOOD,0.0,0.0,0.0,-0.08801291,-0.32515725,-0.095251426,-0.103150204,-0.5894882,-0.18181486,-0.07479963,-0.7957629,-0.2466805,-0.035603486,-0.99936604,-0.2989976,0.07325038,-0.5416908,-0.28502855,-0.24580717,-0.49992642,-0.37740958,-0.2522353,-0.41117927,-0.3750449,-0.16456191,-0.4221708,-0.36503252,0.10319576,-0.33118522,-0.29046443,-0.25978333,-0.3016845,-0.3692633,-0.24153943,-0.26049456,-0.32497764,-0.147085,-0.283062,-0.30244938,0.09345084,-0.1261082,-0.29845423,-0.24013227,-0.11080408,-0.36980692,-0.22710271,-0.09631083,-0.3004707,-0.13925533,-0.09968798,-0.25831944,0.060409978,0.053256497,-0.3156171,-0.1931764,0.045084327,-0.3717705,-0.18404822,0.015535234,-0.3536604,-0.10971425,-0.0010315842,-0.3396115
GOOD,0.0,0.0,0.0,-0.09545131,-0.31469262,-0.085534416,-0.11341844,-0.58909196,-0.1742611,-0.08668337,-0.80075675,-0.23999146,-0.044777304,-0.9989971,-0.2940826,0.0522639,-0.53273463,-0.30149442,-0.27007592,-0.47051215,-0.3885303,-0.25963804,-0.3935149,-0.38017112,-0.16771258,-0.4134367,-0.36675808,0.08211338,-0.32796976,-0.3084855,-0.28244936,-0.27981582,-0.3781406,-0.24100704,-0.2554792,-0.32597515,-0.14647014,-0.28665805,-0.30197018,0.078437164,-0.1282103,-0.31482527,-0.25806373,-0.09563537,-0.3690043,-0.22165585,-0.097153045,-0.29496506,-0.13083719,-0.116884716,-0.25675815,0.055840835,0.04910623,-0.3295024,-0.2087343,0.046897165,-0.37234268,-0.17648244,0.01811482,-0.3510213,-0.08839189,-0.0049028243,-0.33973497
GOOD,0.0,0.0,0.0,-0.09641034,-0.3121928,-0.07782699,-0.12081333,-0.60239583,-0.13050316,-0.09673445,-0.81782764,-0.16898689,-0.059021406,-0.99825674,-0.19584005,0.03707337,-0.58697146,-0.15903884,-0.26178393,-0.5404757,-0.24016748,-0.25750878,-0.44079125,-0.2580794,-0.17140086,-0.44142908,-0.26219684,0.06536145,-0.3941043,-0.16292754,-0.27543458,-0.3563307,-0.23823532,-0.24462168,-0.2993074,-0.22740579,-0.15491018,-0.3137027,-0.22125413,0.06140523,-0.20136279,-0.1741071,-0.25140718,-0.1868585,-0.24965921,-0.21817416,-0.15605628,-0.21728706,-0.13033299,-0.1650009,-0.19086158,0.037715465,-0.026427967,-0.19183332,-0.1988882,-0.03443288,-0.24417496,-0.17217276,-0.042972665,-0.23520663,-0.08984129,-0.06194068,-0.22262271
GOOD,0.0,0.0,0.0,-0.10662889,-0.30990067,-0.06642554,-0.14256668,-0.595599,-0.12422029,-0.13010556,-0.812835,-0.16841245,-0.08988313,-0.99595237,-0.20363742,-0.0014985087,-0.5899921,-0.17907174,-0.30285674,-0.533694,-0.26197854,-0.28623506,-0.44089958,-0.27776366,-0.19697751,-0.44868082,-0.2802056,0.02448185,-0.38932922,-0.18947734,-0.3174715,-0.34417373,-0.2641828,-0.2717088,-0.297691,-0.2490597,-0.17972842,-0.31336918,-0.24247828,0.019175842,-0.19343036,-0.2038272,-0.29752874,-0.16820833,-0.27612564,-0.25141165,-0.1418691,-0.23955797,-0.15948392,-0.15274395,-0.21352237,-0.0053517334,-0.01544439,-0.22300963,-0.25190863,-0.015739216,-0.27616966,-0.21425374,-0.017849607,-0.26496553,-0.1256658,-0.033235304,-0.25202635
GOOD,0.0,0.0,0.0,-0.110167265,-0.30106792,-0.05527098,-0.1426185,-0.5976298,-0.11489909,-0.124064885,-0.8167114,-0.16404584,-0.083113395,-0.99654007,-0.20905359,-0.006844799,-0.58696735,-0.18582803,-0.288195,-0.5253422,-0.28265333,-0.27083892,-0.4384069,-0.31519485,-0.18496042,-0.4505616,-0.32808068,0.028554667,-0.3926691,-0.20458107,-0.29600698,-0.34889156,-0.2867592,-0.25544494,-0.306619,-0.27544007,-0.16562162,-0.31600603,-0.27016747,0.03249114,-0.19617331,-0.22690737,-0.27030426,-0.18142821,-0.3101012,-0.2391525,-0.15545854,-0.27236238,-0.15169932,-0.16180874,-0.24206764,0.01702499,-0.017419092,-0.2521562,-0.22175749,-0.031418256,-0.3170292,-0.19841175,-0.03647786,-0.3040143,-0.117412336,-0.051350053,-0.28665182
GOOD,0.0,0.0,0.0,-0.1135091,-0.30575275,-0.048226688,-0.16289899,-0.60004663,-0.09266607,-0.16276467,-0.8183404,-0.12948112,-0.131136,-0.99136436,-0.15924944,-0.06051534,-0.599719,-0.1173812,-0.35563082,-0.5311734,-0.20003533,-0.3202,-0.44663942,-0.23789255,-0.22610925,-0.45689982,-0.2552522,-0.023641976,-0.40411058,-0.13389005,-0.3607659,-0.34976408,-0.20345163,-0.293343,-0.31000873,-0.2066634,-0.19792406,-0.32151183,-0.2112352,-0.009536626,-0.20756495,-0.15567237,-0.3229255,-0.18433638,-0.22920425,-0.2675743,-0.16428103,-0.20572712,-0.17722365,-0.17886989,-0.18436912,-0.013510188,-0.022701139,-0.18035272,-0.26117304,-0.031716973,-0.2340596,-0.21960986,-0.031612057,-0.2212211,-0.13249148,-0.041237,-0.20380013
GOOD,0.0,0.0,0.0,-0.10597008,-0.2863783,-0.03293664,-0.19265251,-0.59295946,-0.066010624,-0.21977852,-0.81077605,-0.09485056,-0.18957141,-0.98186696,-0.1172253,-0.14021204,-0.61173326,-0.09238916,-0.41289213,-0.52756655,-0.16519125,-0.36359614,-0.45194283,-0.19586124,-0.2725957,-0.46855068,-0.20810163,-0.10612775,-0.42787308,-0.11072504,-0.41838765,-0.34187266,-0.17228569,-0.34359726,-0.31639224,-0.17073224,-0.2540699,-0.33461544,-0.17115842,-0.0844029,-0.24022362,-0.1339781,-0.37771147,-0.19287674,-0.20180044,-0.3169064,-0.17174105,-0.17697886,-0.23120165,-0.18427773,-0.15330318,-0.07607082,-0.062574275,-0.15851563,-0.31826735,-0.064881906,-0.20675075,-0.27388984,-0.055423293,-0.19060697,-0.18893597,-0.0495904,-0.16956516
GOOD,0.0,0.0,0.0,-0.10475529,-0.2657414,-0.014377471,-0.23608308,-0.5615527,-0.047815807,-0.2890515,-0.78247577,-0.07788584,-0.2668554,-0.96373653,-0.10615925,-0.22834505,-0.5713588,-0.12543558,-0.50305146,-0.4847191,-0.18697926,-0.4338351,-0.4289431,-0.20513558,-0.34495464,-0.45056632,-0.21165599,-0.21106112,-0.38265055,-0.14911486,-0.5109446,-0.30965224,-0.20222758,-0.42421043,-0.29513016,-0.18804222,-0.328499,-0.3021357,-0.18470491,-0.19955775,-0.20119855,-0.17092033,-0.47292197,-0.16040891,-0.22370729,-0.4003426,-0.14531593,-0.18735552,-0.31194702,-0.14915709,-0.16375734,-0.1962739,-0.032014243,-0.19165058,-0.4191632,-0.028696945,-0.23364335,-0.35734648,-0.02092361,-0.21241531,-0.26815528,-0.01999237,-0.19262174
GOOD,0.0,0.0,0.0,-0.07794138,-0.25974426,0.007566062,-0.22771537,-0.5496564,-0.02127837,-0.28472638,-0.77790093,-0.053496215,-0.26992014,-0.9628827,-0.086335905,-0.31025177,-0.5663664,-0.09494118,-0.56310225,-0.486442,-0.15478875,-0.48498458,-0.4282758,-0.17730047,-0.39162096,-0.4407415,-0.18445121,-0.31873146,-0.38382962,-0.12559475,-0.5756028,-0.31294185,-0.16927893,-0.48950523,-0.28182867,-0.15241759,-0.39374694,-0.2926943,-0.1444877,-0.32667968,-0.19403107,-0.1532743,-0.5486098,-0.15981632,-0.19137026,-0.46825868,-0.13031624,-0.14991386,-0.37641025,-0.13330172,-0.12373581,-0.3368373,-0.018079128,-0.17856348,-0.50441873,-0.02403028,-0.20426762,-0.4260712,-0.0013747764,-0.17023118,-0.34122315,0.0015164164,-0.14157641
GOOD,0.0,0.0,0.0,-0.07531443,-0.26239324,0.007014886,-0.2214312,-0.54369265,-0.025202628,-0.2777616,-0.78097427,-0.059400182,-0.24962214,-0.9683433,-0.09443572,-0.3336165,-0.5356753,-0.10605819,-0.55738837,-0.44688055,-0.14934056,-0.48006997,-0.38998696,-0.15914454,-0.39260063,-0.41064104,-0.16112307,-0.34816754,-0.34540778,-0.13451745,-0.5689494,-0.2911598,-0.16356139,-0.48970672,-0.25461814,-0.14045084,-0.39904204,-0.26669204,-0.12921055,-0.359104,-0.15564144,-0.15713897,-0.53677356,-0.13386676,-0.17464395,-0.45911008,-0.10859687,-0.12884195,-0.37409276,-0.11556331,-0.104114786,-0.365965,0.020875473,-0.17857477,-0.4887659,0.0025908751,-0.18497045,-0.41175836,0.021828344,-0.14578001,-0.33666763,0.01904204,-0.11730367
GOOD,0.0,0.0,0.0,-0.056944367,-0.2578034,-0.00043398872,-0.20112279,-0.5395365,-0.03770986,-0.26113206,-0.78047836,-0.07438666,-0.22545902,-0.97425264,-0.11124831,-0.32848108,-0.5391353,-0.120816,-0.55604106,-0.44074497,-0.16872877,-0.4758198,-0.38144585,-0.17891772,-0.39071345,-0.40543836,-0.18069206,-0.3488997,-0.34840596,-0.14597811,-0.57654953,-0.28935245,-0.18494931,-0.48765835,-0.24044114,-0.16150424,-0.3901451,-0.24581388,-0.14540559,-0.36740482,-0.16015734,-0.16547514,-0.5467701,-0.12955356,-0.18606752,-0.4592166,-0.09020858,-0.13499151,-0.37020767,-0.09469164,-0.10432341,-0.38044262,0.016344208,-0.18471701,-0.50349784,0.009662136,-0.190296,-0.41745454,0.04524872,-0.14814988,-0.34194225,0.04877332,-0.11676149
GOOD,0.0,0.0,0.0,-0.061733335,-0.26184353,-0.0068180333,-0.20958187,-0.5369013,-0.045126878,-0.270716,-0.7745367,-0.08317109,-0.23821296,-0.97121286,-0.12133095,-0.33973914,-0.54123294,-0.111879095,-0.5670542,-0.43376127,-0.16455671,-0.48708647,-0.3770571,-0.18128346,-0.4012836,-0.405906,-0.18703586,-0.35979676,-0.35282022,-0.13526066,-0.58377194,-0.27703673,-0.17767648,-0.49601734,-0.23005603,-0.15996991,-0.40006346,-0.24255027,-0.14712869,-0.37679234,-0.1610174,-0.15496445,-0.5507337,-0.10852701,-0.18126029,-0.4661009,-0.07358887,-0.13553438,-0.37715253,-0.08744534,-0.10633748,-0.3885793,0.02132235,-0.17512174,-0.5146866,0.03390801,-0.18513454,-0.4302317,0.06523765,-0.14547333,-0.35036084,0.061729994,-0.1140566
GOOD,0.0,0.0,0.0,-0.057513002,-0.2623072,-0.0025779845,-0.20765159,-0.5412142,-0.036369346,-0.27135074,-0.7776809,-0.07071757,-0.24301597,-0.97002226,-0.105913885,-0.34670436,-0.5395504,-0.10240911,-0.56515014,-0.4238095,-0.15224762,-0.4852906,-0.37292776,-0.169205,-0.39976862,-0.40059838,-0.17493127,-0.36474004,-0.3518112,-0.12546293,-0.58026487,-0.2695778,-0.16640575,-0.49081486,-0.22437596,-0.15045851,-0.39299813,-0.23507331,-0.138188,-0.37892154,-0.1634158,-0.14448115,-0.5477222,-0.110301554,-0.16916955,-0.46205193,-0.075122476,-0.124935806,-0.37158975,-0.0856511,-0.0963695,-0.3875843,0.013529744,-0.16367781,-0.5088134,0.026807372,-0.17265064,-0.42257562,0.059760705,-0.13367675,-0.3429132,0.057213213,-0.10240448
GOOD,0.0,0.0,0.0,-0.060868777,-0.26372376,0.0020732316,-0.21328127,-0.53525317,-0.028753258,-0.28346905,-0.7682215,-0.06003647,-0.26766816,-0.96351117,-0.09301301,-0.36349744,-0.5215221,-0.0903902,-0.5623743,-0.40415674,-0.12548368,-0.4837368,-0.35691518,-0.1367683,-0.4023073,-0.38766366,-0.14092389,-0.38395748,-0.3339429,-0.11148845,-0.57624674,-0.2519027,-0.13609125,-0.48910302,-0.21075799,-0.11850945,-0.3935976,-0.22386083,-0.107845396,-0.39796007,-0.14429623,-0.12702525,-0.54326916,-0.09299679,-0.13482355,-0.46388397,-0.061706096,-0.09273283,-0.37912187,-0.075085096,-0.06974973,-0.40567225,0.030514173,-0.14253081,-0.5062178,0.03961221,-0.13729092,-0.42627585,0.07038041,-0.09643634,-0.35321805,0.06849742,-0.066249564
GOOD,0.0,0.0,0.0,-0.064536,-0.2688146,0.000849346,-0.21657722,-0.53494734,-0.03065286,-0.28909078,-0.76635194,-0.06318862,-0.27503017,-0.9614356,-0.097906396,-0.38013485,-0.51378137,-0.09120015,-0.57358086,-0.39607185,-0.129509,-0.49596927,-0.35035193,-0.14535305,-0.41185883,-0.3784177,-0.15217398,-0.40095863,-0.31644657,-0.112483814,-0.59178364,-0.24158397,-0.14236726,-0.5049,-0.2020927,-0.12964453,-0.40525815,-0.2112482,-0.120935835,-0.41364938,-0.122263975,-0.12819463,-0.56405926,-0.080775425,-0.14125465,-0.48186436,-0.05099064,-0.10044836,-0.3914637,-0.05957307,-0.07642354,-0.41745424,0.05754163,-0.14394967,-0.52138895,0.0595091,-0.14385872,-0.43773282,0.08825205,-0.104220994,-0.36144063,0.08826031,-0.07361954
GOOD,0.0,0.0,0.0,-0.0643212,-0.2759917,-0.000114463386,-0.21169443,-0.5414182,-0.0302744,-0.28148544,-0.7722533,-0.06186427,-0.26356152,-0.9646426,-0.09583228,-0.3794419,-0.5135329,-0.08289966,-0.5720087,-0.39802355,-0.119365275,-0.49565443,-0.3496859,-0.13782664,-0.41296324,-0.38008368,-0.14676803,-0.40170455,-0.31673592,-0.10138211,-0.5826386,-0.24162589,-0.12425388,-0.4989498,-0.2006253,-0.11235267,-0.40454575,-0.21409957,-0.10562877,-0.4143855,-0.1242445,-0.11493292,-0.5584857,-0.08477578,-0.12219022,-0.4778474,-0.053641036,-0.08468548,-0.3895219,-0.06440686,-0.063747995,-0.41606918,0.05311268,-0.12886547,-0.5149758,0.053906243,-0.12413856,-0.43431225,0.08208325,-0.08589778,-0.35941085,0.08107748,-0.056803178
GOOD,0.0,0.0,0.0,-0.06694864,-0.2763825,0.0009805558,-0.21387503,-0.5413246,-0.029795062,-0.2831932,-0.7698614,-0.062282052,-0.26269707,-0.9648783,-0.09764997,-0.38063848,-0.50991815,-0.084897675,-0.56676936,-0.39655834,-0.12236422,-0.48988554,-0.34530273,-0.1414259,-0.40738866,-0.37462997,-0.15110524,-0.4041984,-0.31138697,-0.105207615,-0.5835826,-0.24173254,-0.13027805,-0.5008815,-0.19701539,-0.119145155,-0.4048171,-0.2083593,-0.11253124,-0.41658992,-0.11762839,-0.120226614,-0.557819,-0.07819722,-0.12906016,-0.47940698,-0.046979036,-0.090970665,-0.3920152,-0.05847101,-0.06926334,-0.41767135,0.06024528,-0.13540114,-0.51661366,0.061469547,-0.13041434,-0.43718478,0.08952326,-0.09039165,-0.36255434,0.08846123,-0.060269892
GOOD,0.0,0.0,0.0,-0.06294335,-0.27508625,0.0012459747,-0.20760074,-0.54324484,-0.028018717,-0.2778058,-0.773819,-0.058346316,-0.25821334,-0.96608794,-0.09077713,-0.37606817,-0.50644696,-0.08143189,-0.5642605,-0.3950882,-0.11561586,-0.48748454,-0.34335464,-0.1319534,-0.40562707,-0.3706294,-0.13934307,-0.40195516,-0.3104409,-0.0990591,-0.5807889,-0.23931707,-0.12042023,-0.49829122,-0.1972391,-0.1083124,-0.40458432,-0.21092518,-0.10104951,-0.41763714,-0.11959891,-0.11118892,-0.5585989,-0.081663154,-0.11604795,-0.47927693,-0.051303994,-0.07857903,-0.39278227,-0.062887646,-0.05760672,-0.42200077,0.055917565,-0.123466656,-0.51659155,0.055242088,-0.11506497,-0.43815407,0.083260134,-0.07580635,-0.3653869,0.08334031,-0.04639145
GOOD,0.0,0.0,0.0,-0.06624091,-0.2783209,0.0048396816,-0.20351885,-0.54260504,-0.023320423,-0.2727653,-0.7730713,-0.052594762,-0.25156626,-0.96784014,-0.08481974,-0.37810993,-0.5203439,-0.0759767,-0.55614156,-0.40427187,-0.097756386,-0.48126128,-0.34948388,-0.10827626,-0.40175465,-0.37350973,-0.11399365,-0.40743703,-0.32814088,-0.09268729,-0.57035214,-0.25126106,-0.09640143,-0.49470648,-0.20758797,-0.080174886,-0.40698183,-0.22112916,-0.07519532,-0.42352393,-0.1356968,-0.10248137,-0.54884094,-0.096358776,-0.09201673,-0.4778506,-0.06471645,-0.055289242,-0.39526504,-0.073294625,-0.0398788,-0.42694902,0.04444388,-0.112406574,-0.5110912,0.038462155,-0.09347733,-0.43974033,0.06593349,-0.053278904,-0.36987028,0.068341024,-0.02580425
GOOD,0.0,0.0,0.0,-0.066791914,-0.27489573,-0.0026814402,-0.20627514,-0.5391256,-0.03387892,-0.2760643,-0.7722378,-0.06561036,-0.25738546,-0.9663088,-0.09937998,-0.38274786,-0.5183747,-0.08010292,-0.5667771,-0.40382344,-0.11000004,-0.49017227,-0.34963408,-0.124852635,-0.40831202,-0.3735092,-0.13234507,-0.40979317,-0.32768255,-0.09645942,-0.58249855,-0.24790533,-0.11213033,-0.5015708,-0.20557742,-0.09922676,-0.4099883,-0.2204365,-0.09301851,-0.42448512,-0.13501133,-0.10743822,-0.5566397,-0.090953216,-0.107970804,-0.48241395,-0.060309455,-0.07150736,-0.39928472,-0.07242438,-0.052766073,-0.42730278,0.046721518,-0.11919004,-0.51606053,0.046893463,-0.10925004,-0.44148767,0.07364726,-0.07067128,-0.37009802,0.07258721,-0.0418023
GOOD,0.0,0.0,0.0,-0.069340624,-0.27488422,-0.002222084,-0.21756874,-0.5351212,-0.032961458,-0.2922458,-0.7664564,-0.06444921,-0.2732572,-0.96194094,-0.098330796,-0.3860705,-0.5114659,-0.083729014,-0.57632977,-0.39852816,-0.118452236,-0.50070184,-0.35157526,-0.1363129,-0.41921827,-0.3788486,-0.14508677,-0.41220722,-0.31519896,-0.10124993,-0.59011465,-0.24670717,-0.119249895,-0.5086125,-0.206833,-0.105385706,-0.41780737,-0.21746477,-0.09860426,-0.4254856,-0.12022329,-0.11389009,-0.56665784,-0.090355664,-0.11863933,-0.49055701,-0.05946804,-0.080246255,-0.4059005,-0.06619178,-0.05946749,-0.4277269,0.062383335,-0.12708268,-0.526683,0.050504062,-0.12041751,-0.4507195,0.07576529,-0.08032616,-0.37963465,0.076981544,-0.050079558
GOOD,0.0,0.0,0.0,-0.07267844,-0.27560502,-0.00221349,-0.22328074,-0.53237176,-0.03397311,-0.2960662,-0.7616342,-0.06701663,-0.28060442,-0.9598235,-0.10219187,-0.38664472,-0.5124172,-0.08656243,-0.5871908,-0.385156,-0.12789531,-0.50976205,-0.33787155,-0.14874884,-0.4255503,-0.369176,-0.1584927,-0.40780702,-0.31402048,-0.10560301,-0.59589803,-0.23176166,-0.12929343,-0.51396364,-0.19261615,-0.116167545,-0.42222536,-0.2092635,-0.1095129,-0.41775385,-0.11722156,-0.12050733,-0.5675681,-0.07436497,-0.13068308,-0.49038413,-0.04623571,-0.09203509,-0.4041854,-0.06003324,-0.07009566,-0.41634497,0.06570322,-0.13589582,-0.5223087,0.064977646,-0.13386306,-0.44526803,0.087848,-0.09525395,-0.37156156,0.08243545,-0.0654584
GOOD,0.0,0.0,0.0,-0.06666129,-0.2689392,-0.002088103,-0.22122225,-0.5293034,-0.034055877,-0.29897594,-0.76034075,-0.06727914,-0.28405297,-0.95880866,-0.102466464,-0.38636518,-0.5010727,-0.08856845,-0.58762914,-0.3801709,-0.13262533,-0.50980407,-0.33304173,-0.15391645,-0.42437172,-0.36336425,-0.16278714,-0.4061998,-0.30301774,-0.10735966,-0.59773755,-0.22290398,-0.13630074,-0.51240236,-0.18357271,-0.123064525,-0.4178158,-0.19976853,-0.11453788,-0.4169072,-0.10825185,-0.12205645,-0.5723912,-0.06636761,-0.13680145,-0.49051952,-0.037543077,-0.097232595,-0.40074542,-0.050729662,-0.073110804,-0.4182111,0.07242167,-0.1369395,-0.5296267,0.07276252,-0.13711624,-0.44718358,0.09829552,-0.09799128,-0.36936685,0.0955787,-0.06733098
GOOD,0.0,0.0,0.0,-0.07133104,-0.27008882,-0.004209342,-0.2247197,-0.53407085,-0.037028704,-0.30031416,-0.7628143,-0.07049841,-0.28890303,-0.9573584,-0.10505117,-0.38433817,-0.5173804,-0.090861104,-0.58871406,-0.3818451,-0.13466455,-0.5083608,-0.3254534,-0.15319556,-0.42275664,-0.35595483,-0.16034204,-0.4036467,-0.32274088,-0.10902362,-0.5997957,-0.21893522,-0.13965012,-0.513956,-0.17370792,-0.12488197,-0.41890046,-0.19751707,-0.1151649,-0.41435617,-0.127841,-0.12336877,-0.57068926,-0.062268496,-0.1374955,-0.48869172,-0.027758922,-0.096218154,-0.39928865,-0.048044942,-0.07151305,-0.41475543,0.054103866,-0.13850154,-0.52316225,0.07786768,-0.1386431,-0.4412675,0.107643746,-0.10078336,-0.3632114,0.09789218,-0.07117378
GOOD,0.0,0.0,0.0,-0.07134316,-0.27180117,0.00033807335,-0.22889803,-0.5312018,-0.031056892,-0.3073365,-0.7594429,-0.06359884,-0.29450214,-0.95565087,-0.0978427,-0.3911755,-0.5170071,-0.091029614,-0.5951991,-0.37980378,-0.13303784,-0.5136275,-0.3274958,-0.15105559,-0.42751786,-0.3594176,-0.15855557,-0.40839535,-0.32241556,-0.112061195,-0.6059222,-0.21898447,-0.14107847,-0.51886344,-0.17779668,-0.12538442,-0.42188683,-0.2010238,-0.11578117,-0.41732576,-0.12576099,-0.12844394,-0.57297564,-0.059875555,-0.14173417,-0.49225467,-0.029892327,-0.099147916,-0.40383115,-0.04975581,-0.074209325,-0.41754022,0.0600768,-0.14507227,-0.53008217,0.07854199,-0.14497158,-0.4482296,0.105010346,-0.10478377,-0.37002963,0.097187296,-0.0737171
GOOD,0.0,0.0,0.0,-0.07000898,-0.26879105,-0.0031979717,-0.22664909,-0.52945745,-0.03724396,-0.30303386,-0.7603079,-0.071939394,-0.28800604,-0.9576286,-0.10860179,-0.38196325,-0.50881064,-0.09648499,-0.5858156,-0.37770638,-0.14250675,-0.5073509,-0.3264199,-0.16314535,-0.4219453,-0.35764042,-0.17148285,-0.40065947,-0.3097974,-0.11620903,-0.59833103,-0.21587777,-0.14967433,-0.5111748,-0.17494439,-0.13594395,-0.4133987,-0.19406842,-0.12638757,-0.41154003,-0.11268536,-0.13162328,-0.5721667,-0.05817135,-0.14802802,-0.48883545,-0.027783748,-0.106275044,-0.39825934,-0.04415294,-0.08081311,-0.41285285,0.07082969,-0.1474441,-0.5273692,0.08091592,-0.14916183,-0.4444148,0.108383626,-0.10989275,-0.3657572,0.10445061,-0.0791154
GOOD,0.0,0.0,0.0,-0.076812714,-0.2681574,-0.005068955,-0.23748153,-0.5237938,-0.03882225,-0.3179472,-0.752578,-0.073186085,-0.30285826,-0.95303565,-0.10861338,-0.38679305,-0.50972646,-0.09392338,-0.59485114,-0.38335687,-0.14125541,-0.5157164,-0.33741474,-0.1621332,-0.43203714,-0.37217262,-0.1708358,-0.40306973,-0.31111217,-0.11453275,-0.6084883,-0.23125139,-0.14893046,-0.5217503,-0.19152598,-0.13521086,-0.42713842,-0.2063763,-0.12487074,-0.41138053,-0.11222532,-0.13153508,-0.5794343,-0.07087196,-0.15172094,-0.4965445,-0.0420717,-0.10971557,-0.407867,-0.05433802,-0.08239293,-0.41107377,0.07625668,-0.14898896,-0.5301107,0.074017026,-0.15414865,-0.44890067,0.09580734,-0.11456407,-0.3736753,0.09185187,-0.08249964
GOOD,0.0,0.0,0.0,-0.06629957,-0.26863858,-0.0065576294,-0.22748007,-0.52876496,-0.040484335,-0.31064302,-0.7574396,-0.07432647,-0.2975712,-0.9546997,-0.10949112,-0.37421098,-0.50671065,-0.10037213,-0.583578,-0.39123625,-0.14805599,-0.5068514,-0.3455149,-0.16767283,-0.42161882,-0.37526274,-0.17494687,-0.39146683,-0.3064972,-0.11938191,-0.59706277,-0.23809296,-0.15717469,-0.5089627,-0.19796206,-0.14425084,-0.41170186,-0.20777157,-0.13350551,-0.40203556,-0.110180974,-0.13433832,-0.57528704,-0.08448759,-0.15773042,-0.48775464,-0.053149793,-0.115681194,-0.3947432,-0.059422217,-0.08766884,-0.4044037,0.07293305,-0.14950714,-0.52760667,0.06084603,-0.1593521,-0.44115672,0.08742534,-0.12121327,-0.36179683,0.088922866,-0.089637406
GOOD,0.0,0.0,0.0,-0.06505399,-0.26741222,-0.005764646,-0.22736962,-0.5283761,-0.03939084,-0.31192693,-0.7572098,-0.0728427,-0.29876682,-0.9543261,-0.107599966,-0.37560946,-0.5076564,-0.1032014,-0.5851931,-0.39059722,-0.1509568,-0.5074264,-0.34509483,-0.16943683,-0.4215543,-0.3743808,-0.17595364,-0.39260834,-0.30579776,-0.12295907,-0.5996803,-0.23717448,-0.16111283,-0.510035,-0.19775237,-0.14720002,-0.41191468,-0.20701495,-0.13598922,-0.40322635,-0.10829101,-0.13837096,-0.5764983,-0.08103809,-0.16233756,-0.4880617,-0.05062759,-0.119381264,-0.39449477,-0.05677312,-0.09095872,-0.40658918,0.07698204,-0.15383518,-0.53032327,0.06577373,-0.16391152,-0.44318855,0.09087686,-0.12520413,-0.3635912,0.09216284,-0.09341579
GOOD,0.0,0.0,0.0,-0.06733478,-0.26794988,-0.009262952,-0.22449072,-0.5313867,-0.04638188,-0.30140054,-0.76036805,-0.08290609,-0.28837615,-0.9575172,-0.11954773,-0.36310112,-0.50923896,-0.106272385,-0.577824,-0.39868984,-0.15877683,-0.49811742,-0.35564247,-0.1807972,-0.41459286,-0.3885963,-0.18928248,-0.38072687,-0.30838323,-0.12487631,-0.58998954,-0.24384782,-0.16454706,-0.50288165,-0.20441715,-0.15070452,-0.40889865,-0.21527466,-0.14002219,-0.3948033,-0.11264004,-0.14025714,-0.5685205,-0.08829224,-0.16404283,-0.48216224,-0.057436235,-0.120327726,-0.391305,-0.0653781,-0.09149004,-0.4023428,0.06837349,-0.15628132,-0.52723557,0.054266054,-0.16413197,-0.44265604,0.080560066,-0.12456329,-0.3651163,0.08215298,-0.09264417
GOOD,0.0,0.0,0.0,-0.06783328,-0.26663613,-0.005865243,-0.22719993,-0.5276228,-0.039752383,-0.30833182,-0.7568249,-0.07365082,-0.29674765,-0.9549559,-0.108368956,-0.369837,-0.5160928,-0.09858089,-0.58081305,-0.4070176,-0.14593792,-0.50321823,-0.35972136,-0.16503693,-0.41834974,-0.3886274,-0.17239846,-0.3872953,-0.31977436,-0.11886319,-0.59535646,-0.25388268,-0.15343451,-0.5108039,-0.21153916,-0.13828827,-0.41683695,-0.2201416,-0.12776004,-0.40000266,-0.12286181,-0.13561001,-0.5732612,-0.09516085,-0.15716532,-0.4890954,-0.06305956,-0.11370666,-0.39884073,-0.069247946,-0.08596077,-0.4059023,0.06407126,-0.15259185,-0.53310716,0.052287508,-0.160716,-0.44937336,0.07696257,-0.12123654,-0.37167093,0.07764855,-0.08957123
GOOD,0.0,0.0,0.0,-0.06504426,-0.2666971,-0.004946694,-0.22318053,-0.5296504,-0.038757544,-0.30305535,-0.76149434,-0.07236435,-0.2895907,-0.9571506,-0.10703008,-0.3605491,-0.5154423,-0.102441095,-0.5729357,-0.40827712,-0.14877091,-0.4972185,-0.3618907,-0.16584273,-0.41422218,-0.39057878,-0.1715854,-0.37987715,-0.31880382,-0.1220207,-0.5864415,-0.25668535,-0.15636131,-0.5018514,-0.21506557,-0.13971896,-0.40891987,-0.2231021,-0.12795582,-0.39441797,-0.124743946,-0.13744636,-0.56741166,-0.103441484,-0.15755343,-0.48284078,-0.069033325,-0.11286485,-0.39321113,-0.07264236,-0.08462338,-0.40172234,0.057521816,-0.15303592,-0.5254091,0.042183027,-0.15979771,-0.44112542,0.070879936,-0.12003946,-0.3640327,0.0748656,-0.08842307
GOOD,0.0,0.0,0.0,-0.06577196,-0.26380706,-0.0050585535,-0.22961323,-0.527587,-0.037767414,-0.31091252,-0.7589534,-0.07091064,-0.2955087,-0.9553401,-0.10516485,-0.36338198,-0.51361006,-0.0977388,-0.5771175,-0.40708056,-0.14745261,-0.5005572,-0.35961425,-0.16772185,-0.4155669,-0.3890306,-0.17514445,-0.3811017,-0.31936592,-0.11832756,-0.59055716,-0.2556276,-0.15558611,-0.5053057,-0.21393445,-0.14061055,-0.41177383,-0.22320722,-0.12919857,-0.39434147,-0.12538701,-0.13565749,-0.56930774,-0.0997579,-0.16001491,-0.4838368,-0.066471584,-0.11654463,-0.3937659,-0.072307356,-0.08773367,-0.4011623,0.05846809,-0.15313308,-0.5290043,0.045735568,-0.16325526,-0.44395202,0.07229309,-0.12437052,-0.3651024,0.073843986,-0.09256791
GOOD,0.0,0.0,0.0,-0.06488856,-0.26422822,-0.0064056097,-0.22863278,-0.530156,-0.039732266,-0.30839694,-0.76144695,-0.07309388,-0.29018956,-0.95696914,-0.10749069,-0.35496712,-0.514426,-0.102798,-0.57336736,-0.41629094,-0.15278275,-0.49827406,-0.36881942,-0.1726344,-0.41417876,-0.39744636,-0.17976989,-0.37322047,-0.3196234,-0.122549325,-0.58526754,-0.2634712,-0.15939294,-0.50057,-0.22063074,-0.14329132,-0.40844646,-0.22720249,-0.1314602,-0.3877561,-0.12686607,-0.1389144,-0.56721175,-0.11039991,-0.16281863,-0.48166984,-0.07549135,-0.11829077,-0.39181802,-0.07743676,-0.089008085,-0.39605397,0.055318803,-0.15543327,-0.529522,0.03315138,-0.16513494,-0.4454711,0.062209573,-0.12511596,-0.3665992,0.069632374,-0.092832126
GOOD,0.0,0.0,0.0,-0.062529325,-0.2603239,-0.0054287645,-0.22733456,-0.5272804,-0.039636195,-0.3099699,-0.7592192,-0.07304201,-0.29157963,-0.95654655,-0.10772518,-0.3482513,-0.51656175,-0.110714704,-0.5658931,-0.41638732,-0.1575215,-0.4919473,-0.3650199,-0.1713214,-0.40898597,-0.39092407,-0.1746095,-0.36794025,-0.3238779,-0.1301822,-0.5807512,-0.2647843,-0.16611546,-0.4952621,-0.2178116,-0.14591481,-0.40220568,-0.2221072,-0.13135234,-0.38418278,-0.1314775,-0.14519304,-0.56445205,-0.11080049,-0.16730796,-0.477698,-0.07317147,-0.12051357,-0.3870363,-0.073487006,-0.09068577,-0.39488813,0.050057687,-0.15999421,-0.52691495,0.035239525,-0.16858931,-0.44173512,0.06652364,-0.12839139,-0.36385298,0.073256515,-0.09675611
GOOD,0.0,0.0,0.0,-0.062007263,-0.259336,-0.004375202,-0.22674884,-0.52771944,-0.03691973,-0.30773848,-0.7597479,-0.06926648,-0.29107067,-0.9567016,-0.10271152,-0.34873712,-0.5149684,-0.10328114,-0.56434226,-0.4174066,-0.1512662,-0.4902535,-0.36699516,-0.16820832,-0.4070145,-0.39309382,-0.1736576,-0.3682879,-0.32270998,-0.123703405,-0.5813536,-0.266503,-0.1611379,-0.49621496,-0.2200494,-0.1439309,-0.40213057,-0.22296001,-0.13077201,-0.38459292,-0.13142735,-0.14013928,-0.56412256,-0.111668766,-0.16373716,-0.47799036,-0.07410519,-0.11840015,-0.3870098,-0.07333441,-0.08875656,-0.3956738,0.048988353,-0.15642926,-0.52582693,0.03558804,-0.16604331,-0.44099975,0.06730536,-0.12635113,-0.36294344,0.07459014,-0.094548546
GOOD,0.0,0.0,0.0,-0.05681005,-0.25669935,-0.0039909375,-0.22414848,-0.5273501,-0.03568184,-0.31214976,-0.7565958,-0.06724156,-0.30148426,-0.9534712,-0.099848144,-0.34377268,-0.5138411,-0.106003456,-0.5579134,-0.41165414,-0.15487054,-0.485577,-0.3642859,-0.17102897,-0.40417728,-0.3918717,-0.17583382,-0.36059743,-0.32076547,-0.12707476,-0.57445395,-0.25520083,-0.16518672,-0.48899308,-0.21041225,-0.14598143,-0.39557025,-0.21766873,-0.13191539,-0.3746795,-0.12866366,-0.14443749,-0.55667514,-0.10114318,-0.16864966,-0.47088856,-0.065161474,-0.12135485,-0.37987062,-0.06855062,-0.090940565,-0.38446096,0.05152619,-0.16165733,-0.51802176,0.042361945,-0.17130859,-0.43533283,0.07336832,-0.13118774,-0.3574085,0.07849914,-0.099787906
GOOD,0.0,0.0,0.0,-0.062127367,-0.25578925,-0.0044454336,-0.23045504,-0.5249547,-0.036080655,-0.32254413,-0.7516236,-0.06732526,-0.31727502,-0.9483337,-0.098671734,-0.3546241,-0.51486623,-0.10196366,-0.57209766,-0.406358,-0.15091522,-0.49695188,-0.35903558,-0.16623892,-0.41435146,-0.38811353,-0.17013903,-0.37098634,-0.32236928,-0.12347318,-0.58569634,-0.25341955,-0.16069989,-0.49933952,-0.20917135,-0.14147492,-0.4072449,-0.21781269,-0.12754719,-0.38351434,-0.1284392,-0.14159988,-0.5636778,-0.09402884,-0.16653118,-0.4762011,-0.058703847,-0.11920244,-0.3857711,-0.063774884,-0.08859866,-0.39192817,0.055349812,-0.159642,-0.5238942,0.052681897,-0.17087138,-0.43866077,0.08238983,-0.13093553,-0.3606828,0.08472347,-0.0989945
GOOD,0.0,0.0,0.0,-0.070418276,-0.25843874,-0.0015882638,-0.23584259,-0.52257913,-0.034216065,-0.3217154,-0.74893874,-0.06701548,-0.31383243,-0.9494783,-0.10089596,-0.35789064,-0.51072204,-0.10302959,-0.56915027,-0.40497068,-0.1494935,-0.49498594,-0.35865307,-0.16478361,-0.41319653,-0.38803384,-0.16949165,-0.37363562,-0.3166848,-0.1254234,-0.5836894,-0.252652,-0.15979664,-0.5007799,-0.20787701,-0.1414873,-0.40782526,-0.21485451,-0.12920603,-0.3863864,-0.12115626,-0.14334317,-0.5622477,-0.09347185,-0.16492178,-0.47877038,-0.05842241,-0.11824265,-0.38872725,-0.06234344,-0.08904218,-0.39455906,0.06413023,-0.16075769,-0.52503324,0.05224176,-0.16833839,-0.4419457,0.082007386,-0.1261456,-0.36372042,0.08773227,-0.09323976
GOOD,0.0,0.0,0.0,-0.06241984,-0.25712663,-0.005728603,-0.22938503,-0.52563864,-0.03940028,-0.31561252,-0.7550236,-0.07240444,-0.30246133,-0.95316166,-0.10684984,-0.35450393,-0.50366884,-0.10696309,-0.56247497,-0.39385912,-0.15551472,-0.48757133,-0.35158587,-0.17301826,-0.40682793,-0.3826075,-0.17911963,-0.37004858,-0.3083147,-0.12716047,-0.5763108,-0.24197169,-0.16495314,-0.4901415,-0.2038783,-0.14854275,-0.3969783,-0.21085042,-0.13652869,-0.38252845,-0.11467659,-0.14329167,-0.5561868,-0.087303065,-0.16683534,-0.46972948,-0.05514243,-0.12248483,-0.3801137,-0.05843964,-0.094231345,-0.39103705,0.06734041,-0.15931995,-0.5174223,0.057122596,-0.16851126,-0.4315661,0.086365074,-0.12926564,-0.35443798,0.091553375,-0.098305866
GOOD,0.0,0.0,0.0,-0.06831879,-0.25580224,-0.011266692,-0.23709145,-0.5177762,-0.047219545,-0.32560736,-0.745908,-0.08182124,-0.3179942,-0.94809264,-0.11673995,-0.36125305,-0.5005455,-0.1078365,-0.57456845,-0.38995326,-0.16067186,-0.4985251,-0.3474547,-0.1804825,-0.4153759,-0.37934744,-0.18749063,-0.3747701,-0.3047667,-0.12747024,-0.5881247,-0.2386428,-0.17016146,-0.50030243,-0.1998498,-0.15585078,-0.405409,-0.20819855,-0.14408691,-0.3862565,-0.10834184,-0.14418957,-0.5636594,-0.08002995,-0.1726304,-0.47586858,-0.05013338,-0.12766269,-0.38502172,-0.05602881,-0.09736446,-0.39301303,0.07852142,-0.16152026,-0.5215022,0.06839912,-0.17517106,-0.4365619,0.09128324,-0.13663158,-0.3592109,0.092026666,-0.10493237
GOOD,0.0,0.0,0.0,-0.068048276,-0.25670823,-0.0075048395,-0.23531768,-0.5196864,-0.04307669,-0.32360208,-0.74731404,-0.078150965,-0.30918154,-0.951003,-0.11427758,-0.3627793,-0.5000245,-0.10171163,-0.56898165,-0.39332104,-0.15208562,-0.4943734,-0.34837586,-0.1725867,-0.41311976,-0.38039163,-0.18027242,-0.37832928,-0.3037718,-0.12141168,-0.5818104,-0.23980232,-0.16035381,-0.4973588,-0.19854575,-0.14607999,-0.4036027,-0.20664223,-0.13447161,-0.39146546,-0.10701401,-0.13777444,-0.5609276,-0.0817903,-0.16117834,-0.47640666,-0.049116682,-0.11794667,-0.3869969,-0.054835647,-0.08957854,-0.3995673,0.0786974,-0.15439627,-0.5233739,0.06485929,-0.16162366,-0.43857437,0.092821546,-0.121879436,-0.3613908,0.09716466,-0.090210125
GOOD,0.0,0.0,0.0,-0.06956574,-0.25953868,-0.0085785575,-0.23598248,-0.5228421,-0.04460448,-0.322805,-0.74905795,-0.08012697,-0.313049,-0.949737,-0.11644872,-0.36298394,-0.5001089,-0.10356802,-0.57235867,-0.39371806,-0.15480575,-0.49647048,-0.35180715,-0.17530008,-0.4146813,-0.3842983,-0.182699,-0.3789823,-0.30034053,-0.12311692,-0.5848051,-0.2420192,-0.16254145,-0.4975992,-0.20048173,-0.1481904,-0.40361303,-0.20682865,-0.13649899,-0.3918745,-0.10220156,-0.13944052,-0.5637746,-0.0844599,-0.16335438,-0.47680598,-0.05095587,-0.1188656,-0.3864201,-0.055163935,-0.08955662,-0.3992749,0.08375735,-0.1562097,-0.5232958,0.063565366,-0.16407907,-0.4376676,0.09103257,-0.12348448,-0.3606304,0.09647378,-0.09105672
GOOD,0.0,0.0,0.0,-0.07122437,-0.26188597,-0.0077102184,-0.23823392,-0.52069724,-0.043635488,-0.32270116,-0.7482968,-0.07923975,-0.31206036,-0.9500623,-0.115766585,-0.35982898,-0.5014845,-0.10524517,-0.5685997,-0.39185548,-0.15721555,-0.49135658,-0.3511927,-0.17817535,-0.40915832,-0.3840741,-0.18592188,-0.37503377,-0.30205545,-0.12566724,-0.581512,-0.24372432,-0.16548233,-0.49456993,-0.20362541,-0.15139621,-0.40090108,-0.20897877,-0.14013235,-0.38811693,-0.10343391,-0.1426874,-0.5599997,-0.08647497,-0.16629863,-0.47390586,-0.053997442,-0.12056974,-0.38447323,-0.056883153,-0.090543784,-0.39592966,0.083402246,-0.16025245,-0.5209589,0.06287624,-0.16739155,-0.4377047,0.08933292,-0.12575072,-0.3627136,0.095402814,-0.09279471
GOOD,0.0,0.0,0.0,-0.06801107,-0.2595073,-0.004915925,-0.23839104,-0.52016914,-0.03810982,-0.3264876,-0.7479425,-0.070925735,-0.31467715,-0.9491988,-0.104281805,-0.36861438,-0.50022656,-0.09740426,-0.57113504,-0.39240643,-0.14692263,-0.4933896,-0.35135758,-0.16734123,-0.41147095,-0.38599494,-0.17484052,-0.38488635,-0.30203047,-0.11694007,-0.5852419,-0.2397141,-0.15500051,-0.49807566,-0.20016924,-0.1407834,-0.40449363,-0.20841117,-0.12889026,-0.3984281,-0.10606235,-0.1331493,-0.5630194,-0.08089612,-0.1541229,-0.47695702,-0.050162595,-0.110201865,-0.38822547,-0.057001,-0.08161496,-0.40611875,0.07536589,-0.14970826,-0.52447975,0.06372635,-0.15370947,-0.43986246,0.09216226,-0.11348995,-0.3653081,0.09467317,-0.0818357
GOOD,0.0,0.0,0.0,-0.06865925,-0.26165614,-0.0057045864,-0.23830518,-0.522562,-0.038121562,-0.32485288,-0.7502806,-0.070687085,-0.3156321,-0.9488816,-0.10413285,-0.36733472,-0.5044395,-0.09431935,-0.5725073,-0.39102796,-0.14475185,-0.49655694,-0.3458728,-0.16721314,-0.41435406,-0.37959874,-0.17602366,-0.38400164,-0.30792093,-0.113968134,-0.5854465,-0.23770145,-0.15284199,-0.5001938,-0.19560443,-0.14032967,-0.4057289,-0.20688087,-0.12949856,-0.39659068,-0.11285762,-0.13070272,-0.56329316,-0.08195006,-0.15379171,-0.47835833,-0.048256453,-0.11111027,-0.3887662,-0.057258528,-0.08266877,-0.402178,0.06804588,-0.14787099,-0.5230066,0.06157525,-0.15455887,-0.43767864,0.09206495,-0.11497405,-0.36029455,0.09250448,-0.08306788
GOOD,0.0,0.0,0.0,-0.07456348,-0.26130554,-0.0011437669,-0.2407695,-0.52033603,-0.03285235,-0.3247234,-0.74752617,-0.06594163,-0.31473717,-0.9491789,-0.10046892,-0.37462544,-0.50593716,-0.08818318,-0.577063,-0.3900618,-0.13480568,-0.501906,-0.34496748,-0.15581353,-0.4203455,-0.37910935,-0.16442595,-0.38884306,-0.31211805,-0.11037079,-0.5869758,-0.23553844,-0.14310773,-0.5044325,-0.19555104,-0.12935124,-0.4126437,-0.20902766,-0.11966629,-0.39873376,-0.11590433,-0.12919864,-0.5629735,-0.07742837,-0.14779809,-0.48102793,-0.046361234,-0.105503924,-0.39350274,-0.05758919,-0.078930065,-0.40165097,0.068821594,-0.14806138,-0.5250573,0.06450169,-0.15131237,-0.44260406,0.09183936,-0.11037183,-0.3653242,0.09163323,-0.07824138
GOOD,0.0,0.0,0.0,-0.07197764,-0.26403803,-0.0023220382,-0.23834041,-0.5219752,-0.03621982,-0.3229549,-0.75010854,-0.070541635,-0.30791396,-0.95141417,-0.106429376,-0.370425,-0.5028527,-0.09865343,-0.5710108,-0.39146706,-0.14321865,-0.4943176,-0.35109097,-0.16024356,-0.4135457,-0.38555092,-0.16651234,-0.3847272,-0.30579802,-0.119746126,-0.58150876,-0.23939446,-0.1514472,-0.497604,-0.2020624,-0.13454084,-0.40651456,-0.21226473,-0.12317398,-0.39500725,-0.10903642,-0.13647549,-0.5581613,-0.0836963,-0.15331131,-0.47497976,-0.053531222,-0.10883526,-0.3874611,-0.06039048,-0.08175674,-0.39916357,0.07421308,-0.1531829,-0.5206498,0.05929733,-0.1552201,-0.4378817,0.0873742,-0.11332565,-0.36237422,0.091461115,-0.081331916
GOOD,0.0,0.0,0.0,-0.07493151,-0.26425073,-0.0016015172,-0.24109013,-0.52187043,-0.033928704,-0.32768416,-0.74725187,-0.0670913,-0.31857464,-0.9478978,-0.10170664,-0.3734615,-0.5052856,-0.09433691,-0.57811105,-0.39035183,-0.13974923,-0.50204265,-0.34929538,-0.15751259,-0.42095137,-0.38414073,-0.16409884,-0.38723892,-0.31042445,-0.11660368,-0.5876629,-0.23958628,-0.14819996,-0.50365734,-0.20274715,-0.13220644,-0.41285944,-0.21468441,-0.121689186,-0.39551622,-0.11426535,-0.13493209,-0.5624493,-0.081685975,-0.15360795,-0.47844285,-0.053160224,-0.109679736,-0.39046723,-0.06274678,-0.08254638,-0.39678043,0.071019925,-0.15307114,-0.5262647,0.061694436,-0.15775119,-0.44315207,0.08644006,-0.11612027,-0.365377,0.08653503,-0.08369626
GOOD,0.0,0.0,0.0,-0.073107965,-0.26413637,-0.0013367421,-0.23644835,-0.52127564,-0.035199605,-0.32120088,-0.74753636,-0.06946208,-0.31121707,-0.95033884,-0.10542546,-0.36957884,-0.50370324,-0.09752357,-0.5695085,-0.3901652,-0.13981049,-0.49253604,-0.34805137,-0.15570891,-0.4117102,-0.38223034,-0.16170375,-0.3859227,-0.30922717,-0.118856765,-0.58095276,-0.23986377,-0.14806117,-0.4982457,-0.2001786,-0.1314169,-0.40731162,-0.2106455,-0.12091058,-0.39751238,-0.11330391,-0.13535666,-0.5572445,-0.08310884,-0.14961767,-0.47591802,-0.05157278,-0.104791805,-0.3893239,-0.059765406,-0.07827553,-0.40189117,0.07076179,-0.15175253,-0.5237212,0.057968467,-0.15227084,-0.44170216,0.08679837,-0.109339,-0.36531636,0.090334445,-0.07678183
GOOD,0.0,0.0,0.0,-0.069383636,-0.26312953,-0.0037654266,-0.23261712,-0.5250858,-0.038278997,-0.3157533,-0.7533139,-0.07264313,-0.30106807,-0.9536027,-0.10876683,-0.3660067,-0.5046894,-0.10190239,-0.56836975,-0.387896,-0.14571506,-0.49272746,-0.34489182,-0.16191365,-0.41288987,-0.37926078,-0.16771199,-0.38284162,-0.30938444,-0.12175196,-0.5796199,-0.23381267,-0.1529773,-0.49544245,-0.19386342,-0.13588874,-0.4035919,-0.20614938,-0.124490105,-0.39511433,-0.114201754,-0.1369786,-0.55730796,-0.07897754,-0.15137361,-0.47534963,-0.04590445,-0.10690529,-0.3882085,-0.05533882,-0.080539055,-0.4004782,0.06839814,-0.15240967,-0.52340597,0.061685547,-0.15163016,-0.4420169,0.09100655,-0.10936283,-0.3657102,0.0930588,-0.0775609
GOOD,0.0,0.0,0.0,-0.069538295,-0.26093152,-0.0046435203,-0.2331091,-0.5235331,-0.037099585,-0.31515104,-0.7520732,-0.07000745,-0.30686757,-0.9517522,-0.1046762,-0.37418565,-0.49920332,-0.09648944,-0.572191,-0.37881964,-0.14268659,-0.496929,-0.3385408,-0.16291241,-0.41560403,-0.372482,-0.17150435,-0.38977957,-0.30123284,-0.11706385,-0.58472383,-0.22558194,-0.15282577,-0.49852398,-0.18639594,-0.14022851,-0.40295145,-0.19775186,-0.13069546,-0.400003,-0.10466181,-0.13371903,-0.5591248,-0.0665569,-0.1532701,-0.4775527,-0.03688642,-0.110602245,-0.38894758,-0.047431815,-0.08341057,-0.4040439,0.07927047,-0.15075597,-0.5240441,0.0749037,-0.15388224,-0.44402164,0.098721564,-0.11212794,-0.36909458,0.09492912,-0.07930448
GOOD,0.0,0.0,0.0,-0.07668519,-0.2627875,-0.0031764552,-0.24007913,-0.52086747,-0.03799071,-0.32134414,-0.7476156,-0.073335096,-0.30911598,-0.9510243,-0.11074135,-0.37660506,-0.49852082,-0.097145736,-0.57341355,-0.37946358,-0.13927892,-0.49812606,-0.33559212,-0.15636471,-0.41799688,-0.3696704,-0.16355674,-0.39184195,-0.3042144,-0.11833902,-0.5855627,-0.23039933,-0.14940317,-0.5016558,-0.18924364,-0.13537523,-0.40706328,-0.19982515,-0.12547126,-0.4017919,-0.10885908,-0.13473968,-0.5604184,-0.07353527,-0.14833637,-0.47940165,-0.041060135,-0.10580686,-0.39156252,-0.05030809,-0.08032148,-0.4040667,0.07518967,-0.15143846,-0.52289945,0.071261145,-0.15044262,-0.44272426,0.09711735,-0.10856479,-0.36715215,0.09674626,-0.07669014
GOOD,0.0,0.0,0.0,-0.07981848,-0.26583955,-0.0028592902,-0.2435694,-0.52140445,-0.037680965,-0.32405564,-0.7466928,-0.07332566,-0.31137967,-0.9502856,-0.11137912,-0.38152906,-0.4926979,-0.09945688,-0.5766431,-0.37227005,-0.1427111,-0.5010713,-0.33317086,-0.16109456,-0.42116603,-0.36980537,-0.16932291,-0.3951024,-0.29317752,-0.12167028,-0.58788306,-0.22132072,-0.15350999,-0.5027655,-0.18272077,-0.13978426,-0.4072872,-0.19408019,-0.13053451,-0.40241876,-0.09427648,-0.13901915,-0.56158745,-0.06252081,-0.15453158,-0.48072255,-0.03331868,-0.11108942,-0.39227065,-0.043343756,-0.084594674,-0.40192667,0.0930752,-0.15657666,-0.5225554,0.0818096,-0.1571968,-0.4435662,0.102933034,-0.11404143,-0.36866927,0.10110544,-0.08082448
GOOD,0.0,0.0,0.0,-0.0777215,-0.25919518,-0.006807207,-0.24833459,-0.5158087,-0.04114978,-0.3312447,-0.7416954,-0.07637924,-0.31956747,-0.9475635,-0.112757914,-0.3979012,-0.4836027,-0.08771064,-0.58474433,-0.35179695,-0.13419703,-0.5056021,-0.3101865,-0.1565222,-0.42557073,-0.3503052,-0.16601607,-0.41357112,-0.28349495,-0.10571502,-0.5914709,-0.19792673,-0.14196655,-0.5040053,-0.15810826,-0.13060117,-0.40869862,-0.17921703,-0.120022,-0.42128426,-0.08275524,-0.12060671,-0.563429,-0.045001388,-0.13993073,-0.483596,-0.011335778,-0.09934637,-0.39605755,-0.027229587,-0.07189781,-0.42222863,0.10106476,-0.1363771,-0.5235243,0.09036697,-0.13708521,-0.44365358,0.11756753,-0.09634393,-0.3698384,0.11097298,-0.06297675
GOOD,0.0,0.0,0.0,-0.076536395,-0.26011434,-0.012588596,-0.24425477,-0.5140345,-0.048767094,-0.33105624,-0.7402777,-0.08510505,-0.32122934,-0.94700146,-0.1219478,-0.39768815,-0.47816515,-0.08677076,-0.5900188,-0.35036325,-0.1344265,-0.5115678,-0.3118179,-0.15864134,-0.42910212,-0.34936848,-0.16914307,-0.4159437,-0.27650943,-0.102226965,-0.59971356,-0.1984922,-0.14068848,-0.5105529,-0.16159326,-0.13322212,-0.4134757,-0.17865413,-0.12409092,-0.42578757,-0.07540456,-0.11521633,-0.5733558,-0.04532763,-0.13587761,-0.4895146,-0.014813137,-0.097228,-0.40044487,-0.028066836,-0.070053995,-0.42607117,0.1090505,-0.12979288,-0.5305015,0.09188736,-0.13270107,-0.4477046,0.11713342,-0.093595296,-0.3732456,0.11318846,-0.06075881
GOOD,0.0,0.0,0.0,-0.07863093,-0.26004878,-0.013413384,-0.24782372,-0.5143979,-0.049555194,-0.33410195,-0.7393535,-0.085604616,-0.32550454,-0.9455404,-0.12224323,-0.40562132,-0.47856247,-0.08624515,-0.5925149,-0.34379613,-0.1338054,-0.5155178,-0.30549094,-0.15883464,-0.43398884,-0.34434134,-0.17028028,-0.41948774,-0.27796283,-0.10204426,-0.6000019,-0.19188185,-0.14012277,-0.5142377,-0.1581386,-0.13420907,-0.41941097,-0.17869554,-0.12665458,-0.42540812,-0.076824084,-0.11549141,-0.5711114,-0.040758952,-0.13726407,-0.4901611,-0.012985732,-0.10027119,-0.40358663,-0.029441843,-0.07396302,-0.421575,0.108802326,-0.13046545,-0.52775645,0.09249548,-0.13410787,-0.44867924,0.11519079,-0.09535545,-0.3762171,0.11026871,-0.06257486
GOOD,0.0,0.0,0.0,-0.07668923,-0.26380792,-0.010839603,-0.2418709,-0.514458,-0.04820265,-0.32853705,-0.73897773,-0.085047446,-0.31844488,-0.94794136,-0.123429574,-0.40504834,-0.4752157,-0.09165215,-0.5859077,-0.33714253,-0.13636777,-0.5077676,-0.301375,-0.16065034,-0.42822206,-0.33879137,-0.17225052,-0.4210584,-0.27143928,-0.10765809,-0.58837813,-0.17945218,-0.13965659,-0.50187033,-0.15159713,-0.13219553,-0.40948364,-0.17410271,-0.12579621,-0.42705467,-0.07019767,-0.120075725,-0.560467,-0.031833008,-0.13547517,-0.4810101,-0.0072857426,-0.09758682,-0.3975961,-0.024880173,-0.07294153,-0.4228665,0.1149401,-0.13381745,-0.5257038,0.09628607,-0.13259971,-0.44683006,0.11762704,-0.09166253,-0.37588874,0.11541502,-0.058321528
GOOD,0.0,0.0,0.0,-0.086178735,-0.27026248,-0.0050390665,-0.24518222,-0.52058303,-0.040994495,-0.32900777,-0.74303013,-0.07719999,-0.31891468,-0.9477834,-0.11631201,-0.40465462,-0.47169092,-0.09504257,-0.5829547,-0.33786646,-0.13229066,-0.50537974,-0.29487258,-0.15077089,-0.42617798,-0.32945487,-0.16044867,-0.4189934,-0.2701356,-0.1134876,-0.5890245,-0.18688144,-0.13751572,-0.5058648,-0.15150179,-0.12712218,-0.4138553,-0.16950439,-0.12200097,-0.42254722,-0.07284737,-0.12628362,-0.5602193,-0.03310794,-0.13391511,-0.4837294,-0.0073422203,-0.0951314,-0.3998006,-0.023042792,-0.07349336,-0.41585702,0.1098654,-0.13964523,-0.52342486,0.09719601,-0.13353753,-0.4483536,0.11616557,-0.09124341,-0.37654468,0.11350685,-0.059462078
GOOD,0.0,0.0,0.0,-0.07883346,-0.26834476,-0.005610312,-0.24201833,-0.5185846,-0.041638352,-0.33070686,-0.74055,-0.07708976,-0.32548168,-0.94554836,-0.11514592,-0.4028039,-0.47304857,-0.09615619,-0.582168,-0.3372204,-0.13249268,-0.5073379,-0.30072704,-0.14954552,-0.43079808,-0.3339152,-0.15755937,-0.41801593,-0.2744575,-0.11287506,-0.5823175,-0.18212844,-0.13383181,-0.50090224,-0.15467778,-0.12091311,-0.411828,-0.17494024,-0.114654884,-0.4222699,-0.0792128,-0.12426326,-0.55641955,-0.03695229,-0.13010176,-0.4793861,-0.014390295,-0.09016064,-0.39672768,-0.02922312,-0.06825761,-0.41628212,0.100459054,-0.13639437,-0.51873106,0.09365424,-0.13006447,-0.44117478,0.11124077,-0.08842297,-0.37067756,0.107362814,-0.056995336
GOOD,0.0,0.0,0.0,-0.07931197,-0.27322075,-0.0018435877,-0.23875742,-0.52184516,-0.038509175,-0.3247854,-0.74554014,-0.07460747,-0.3135581,-0.949569,-0.11424064,-0.40013772,-0.47002143,-0.10991202,-0.5844655,-0.3359285,-0.14295526,-0.5078091,-0.30073258,-0.15307938,-0.42872876,-0.33446023,-0.15713765,-0.41497996,-0.26726225,-0.12799573,-0.58445364,-0.18318157,-0.1453871,-0.5019261,-0.15436204,-0.1273824,-0.41133943,-0.17088392,-0.119951926,-0.419213,-0.0691191,-0.13864948,-0.55960613,-0.032139413,-0.14020881,-0.47952333,-0.008988198,-0.09693862,-0.39339712,-0.021437444,-0.075671345,-0.41274995,0.11429256,-0.14936566,-0.5146338,0.107858784,-0.14082174,-0.4368265,0.12385181,-0.098371714,-0.3663205,0.11883118,-0.06829889
GOOD,0.0,0.0,0.0,-0.085649006,-0.277906,0.0030433142,-0.24085808,-0.5264901,-0.030459436,-0.32706827,-0.7479384,-0.063806236,-0.31667057,-0.94853556,-0.101218216,-0.40521848,-0.47980002,-0.10288511,-0.57928187,-0.34390223,-0.1257937,-0.5032707,-0.30286965,-0.13083127,-0.4272488,-0.33409905,-0.1338822,-0.423054,-0.28216758,-0.12210085,-0.58436745,-0.1950032,-0.13003036,-0.5065638,-0.16337426,-0.110447526,-0.41944107,-0.17991556,-0.10420647,-0.42754367,-0.08611305,-0.13240959,-0.55985206,-0.042179417,-0.1257092,-0.48430866,-0.019099616,-0.08380864,-0.40060097,-0.0318022,-0.06610792,-0.4202389,0.09595389,-0.14239079,-0.5156131,0.09797871,-0.12974626,-0.440134,0.112449504,-0.0881336,-0.37074992,0.10507685,-0.059884395
GOOD,0.0,0.0,0.0,-0.08977355,-0.27754495,0.0058784145,-0.24657966,-0.52455556,-0.025138749,-0.3323179,-0.74491847,-0.056441173,-0.3171242,-0.9483841,-0.09251983,-0.4120529,-0.4799465,-0.093631566,-0.5778172,-0.3467456,-0.11179177,-0.5028958,-0.30382723,-0.11646379,-0.42819,-0.33633265,-0.12060561,-0.4309381,-0.28722128,-0.113421045,-0.584419,-0.19740039,-0.11403227,-0.5092888,-0.16408601,-0.09401809,-0.42443284,-0.18196052,-0.08932134,-0.4342258,-0.09261205,-0.124289006,-0.5604679,-0.04314961,-0.112346694,-0.48709288,-0.01976138,-0.07229911,-0.40518728,-0.034583464,-0.057460908,-0.42419934,0.090259716,-0.13471751,-0.51607096,0.097132005,-0.11903838,-0.44410256,0.109017186,-0.07833453,-0.37653574,0.09859349,-0.051583376
GOOD,0.0,0.0,0.0,-0.08679595,-0.2759181,0.0065357997,-0.24671428,-0.5195075,-0.024777327,-0.3342991,-0.74083024,-0.057598796,-0.31958982,-0.94755596,-0.09475395,-0.41615602,-0.4836046,-0.08886515,-0.5907949,-0.3446606,-0.11440288,-0.5134203,-0.3033203,-0.124987975,-0.43591362,-0.34028092,-0.13130988,-0.43348032,-0.28846774,-0.10943383,-0.5913082,-0.19111684,-0.11655026,-0.5117545,-0.15818322,-0.09844101,-0.4253215,-0.17991711,-0.09295954,-0.43680713,-0.09093891,-0.12236723,-0.56423837,-0.035987496,-0.11498599,-0.4881077,-0.011705572,-0.07408856,-0.40617695,-0.030484842,-0.056742106,-0.4277913,0.0951967,-0.13502234,-0.5216471,0.10287735,-0.11992436,-0.44671506,0.117786005,-0.07768748,-0.37765098,0.105825126,-0.04874594
GOOD,0.0,0.0,0.0,-0.08836061,-0.2771607,0.004923554,-0.24601875,-0.5246253,-0.025764212,-0.3308183,-0.7472522,-0.05668447,-0.31521088,-0.94902164,-0.09158665,-0.4130952,-0.481209,-0.0960725,-0.5826471,-0.35123155,-0.116002604,-0.50441873,-0.3113442,-0.12068292,-0.42812335,-0.3462414,-0.124556124,-0.43072423,-0.28594798,-0.115953,-0.586115,-0.20361939,-0.1178261,-0.510585,-0.17150484,-0.0966393,-0.42718115,-0.18936603,-0.091174535,-0.4345552,-0.0896162,-0.1273981,-0.56011647,-0.048661675,-0.11694339,-0.4868675,-0.025259236,-0.07531125,-0.4062202,-0.03831238,-0.059151758,-0.4263318,0.093333215,-0.13853101,-0.51918644,0.093686596,-0.12224802,-0.44656697,0.10818073,-0.079695925,-0.37953597,0.099834226,-0.051853795
GOOD,0.0,0.0,0.0,-0.089774124,-0.27739266,0.005773134,-0.24215579,-0.5252986,-0.02693343,-0.32581297,-0.747347,-0.05950746,-0.30947602,-0.95090723,-0.09621428,-0.4061499,-0.48617175,-0.10459698,-0.57756287,-0.3573014,-0.1233821,-0.5013496,-0.31420547,-0.124304146,-0.42734253,-0.3481135,-0.12559175,-0.4244072,-0.2914711,-0.12486292,-0.58271056,-0.20766284,-0.12534556,-0.50954664,-0.1737222,-0.100434564,-0.42746106,-0.19290112,-0.09283124,-0.42954394,-0.094825104,-0.1358243,-0.5556885,-0.052298866,-0.12237717,-0.485342,-0.02760657,-0.078477584,-0.40641105,-0.041905273,-0.061830383,-0.42239267,0.08989602,-0.14633308,-0.51682436,0.09016473,-0.1265974,-0.4481367,0.10360606,-0.08240732,-0.38297474,0.09568466,-0.054218482
GOOD,0.0,0.0,0.0,-0.08344039,-0.27670243,0.006429683,-0.23796375,-0.52667665,-0.026249884,-0.31948268,-0.7512732,-0.058521662,-0.30205157,-0.95329165,-0.09502634,-0.39979613,-0.49894434,-0.11187663,-0.5806969,-0.36843887,-0.13495342,-0.5015311,-0.32163817,-0.13774097,-0.42494532,-0.35253185,-0.13944079,-0.42037743,-0.30271927,-0.13240288,-0.58775574,-0.21807228,-0.13670588,-0.5100044,-0.179829,-0.110206366,-0.42437297,-0.1973905,-0.1008785,-0.4279342,-0.10451297,-0.14346626,-0.5605895,-0.062332556,-0.13271587,-0.4858967,-0.03373421,-0.08586691,-0.40328413,-0.04566882,-0.06681194,-0.42365628,0.08156071,-0.1539531,-0.51649487,0.08361784,-0.13688648,-0.44158024,0.101227924,-0.0920685,-0.37376767,0.09424511,-0.0629763
GOOD,0.0,0.0,0.0,-0.085402235,-0.2827392,0.0049557756,-0.23406869,-0.53415966,-0.03060251,-0.30921078,-0.75876796,-0.06492673,-0.2821182,-0.9593797,-0.10369043,-0.39117765,-0.49315885,-0.121510625,-0.57439107,-0.37175816,-0.14205024,-0.4934156,-0.33102518,-0.14103489,-0.41495365,-0.36130267,-0.14064439,-0.41255042,-0.29533252,-0.14165449,-0.58172274,-0.22713064,-0.14363311,-0.50381666,-0.19450589,-0.11618737,-0.4197038,-0.2066317,-0.10755699,-0.42152226,-0.09872592,-0.15123394,-0.55855227,-0.07238169,-0.13904622,-0.48286614,-0.0489186,-0.09216588,-0.40021142,-0.05576301,-0.07406487,-0.41805118,0.08600075,-0.15990792,-0.518522,0.07157041,-0.14344919,-0.44372398,0.085244924,-0.09818731,-0.37445003,0.08324125,-0.06919051
GOOD,0.0,0.0,0.0,-0.07795304,-0.276736,-9.109361e-06,-0.23466943,-0.52900565,-0.03348454,-0.314492,-0.7540596,-0.06800919,-0.28927422,-0.9572463,-0.10622971,-0.39796636,-0.5050137,-0.09888867,-0.5933787,-0.37709403,-0.13678731,-0.5125421,-0.3352789,-0.15377134,-0.4278237,-0.36560443,-0.1617737,-0.41981536,-0.30424365,-0.11870289,-0.59981596,-0.226415,-0.13982062,-0.51426876,-0.19092433,-0.12429827,-0.4209259,-0.20419987,-0.11661558,-0.4289895,-0.102477856,-0.13207282,-0.5730006,-0.06710821,-0.13760145,-0.49326244,-0.039444614,-0.09502062,-0.40623176,-0.048901696,-0.07194897,-0.42597437,0.08973709,-0.1455445,-0.53256476,0.082544625,-0.13992608,-0.45377073,0.10211122,-0.096849024,-0.3805808,0.09813437,-0.064483784
GOOD,0.0,0.0,0.0,-0.08036457,-0.28133556,0.0028874292,-0.23328099,-0.5341483,-0.030308124,-0.30842,-0.7586784,-0.06435456,-0.2846383,-0.9586349,-0.102869906,-0.3970504,-0.498604,-0.103720546,-0.5858408,-0.37606552,-0.1346372,-0.50606865,-0.3342416,-0.14678714,-0.42308596,-0.36548945,-0.1540369,-0.4185099,-0.30024233,-0.12508062,-0.59377635,-0.22616294,-0.1377507,-0.5118791,-0.19099769,-0.11905807,-0.42172286,-0.20476688,-0.11313282,-0.42610747,-0.10318788,-0.13872638,-0.56834203,-0.066003606,-0.13814373,-0.48935696,-0.040479522,-0.09512373,-0.40319827,-0.051951833,-0.07526886,-0.41999823,0.08279514,-0.15198632,-0.5283395,0.0800335,-0.144318,-0.45045936,0.09636125,-0.101092406,-0.3766459,0.09004204,-0.070735
GOOD,0.0,0.0,0.0,-0.078598455,-0.28231916,0.0011097998,-0.23197745,-0.53220403,-0.033534195,-0.3087653,-0.75510216,-0.06928837,-0.28875312,-0.9574036,-0.108570226,-0.39138663,-0.50297534,-0.10559134,-0.59149265,-0.377259,-0.14262302,-0.51135683,-0.33637384,-0.15542373,-0.42647237,-0.36382508,-0.16004448,-0.41445366,-0.29822707,-0.12609991,-0.59970474,-0.22617283,-0.14695878,-0.5132733,-0.18997717,-0.12840436,-0.4190131,-0.20056735,-0.11879267,-0.42494988,-0.094272114,-0.1395369,-0.57537174,-0.07023945,-0.14479902,-0.49471548,-0.041255258,-0.0986527,-0.40683246,-0.04793566,-0.07341239,-0.42198867,0.09716905,-0.15286526,-0.5363207,0.07591124,-0.1475672,-0.4579386,0.09879508,-0.101914704,-0.38422665,0.10159546,-0.06777518
GOOD,0.0,0.0,0.0,-0.077357225,-0.2825132,-0.0033071018,-0.23510073,-0.534043,-0.040124487,-0.31119078,-0.75698584,-0.07645997,-0.2888965,-0.95736027,-0.11545832,-0.4010708,-0.49425757,-0.11468947,-0.596237,-0.3620307,-0.15212773,-0.51383775,-0.32736018,-0.1655577,-0.4314023,-0.35916334,-0.17214888,-0.41726398,-0.28734225,-0.13482212,-0.6012502,-0.20715807,-0.15650369,-0.51313287,-0.17828561,-0.13773404,-0.42057028,-0.19301279,-0.12961167,-0.42185855,-0.0854296,-0.14795822,-0.5665581,-0.055148438,-0.15466799,-0.48792636,-0.0329816,-0.10824154,-0.40334862,-0.04302026,-0.083505236,-0.41590944,0.1024347,-0.1614064,-0.5281268,0.084584594,-0.15679958,-0.45267713,0.10099839,-0.11106355,-0.38181204,0.09987054,-0.07757433
GOOD,0.0,0.0,0.0,-0.085672416,-0.2735428,-0.002414423,-0.25063792,-0.5219125,-0.034849577,-0.3255682,-0.7502299,-0.068446405,-0.29641002,-0.9550607,-0.10601206,-0.41737956,-0.480734,-0.087418616,-0.5951174,-0.34563693,-0.1244243,-0.5151584,-0.29904106,-0.14598188,-0.43470535,-0.33616325,-0.1590829,-0.43425906,-0.28097695,-0.10606691,-0.60125226,-0.1844703,-0.1238802,-0.51884604,-0.14827572,-0.11249115,-0.42814937,-0.17163758,-0.10913123,-0.43887332,-0.08138032,-0.11971252,-0.57130855,-0.027549246,-0.12364711,-0.49446118,-0.0033371914,-0.08787225,-0.41079384,-0.02325475,-0.06998624,-0.4317109,0.10264457,-0.13408887,-0.52082485,0.113010705,-0.12721513,-0.44399753,0.12919754,-0.08959422,-0.3729517,0.117240556,-0.06172234
GOOD,0.0,0.0,0.0,-0.08703593,-0.27573702,0.0026144523,-0.2493526,-0.5260889,-0.028217196,-0.33105025,-0.7521339,-0.059760556,-0.3022523,-0.95322794,-0.09569765,-0.42047897,-0.49176475,-0.09369444,-0.5940186,-0.35103425,-0.11895781,-0.512462,-0.2987377,-0.13074872,-0.43360645,-0.3311875,-0.13885279,-0.4408375,-0.2950994,-0.111836724,-0.5990747,-0.19577625,-0.11971562,-0.5173557,-0.15872519,-0.10228269,-0.42884704,-0.18012528,-0.09684196,-0.44662997,-0.096316956,-0.12228188,-0.5694254,-0.037537377,-0.114406966,-0.49315733,-0.012630485,-0.07611831,-0.41046405,-0.029327134,-0.060184896,-0.44012734,0.09052867,-0.13300617,-0.5227235,0.102058716,-0.11712263,-0.447136,0.1171473,-0.07767949,-0.37844414,0.10578552,-0.050932247
GOOD,0.0,0.0,0.0,-0.087106496,-0.27880684,0.006754691,-0.23881726,-0.52659154,-0.025540309,-0.3196515,-0.7512603,-0.05788514,-0.29294118,-0.9561305,-0.095468305,-0.412752,-0.49307927,-0.10323933,-0.58057606,-0.35386175,-0.12055543,-0.50035846,-0.3054788,-0.123464935,-0.42416424,-0.3359,-0.12659536,-0.43362764,-0.29936785,-0.122555256,-0.5862678,-0.20354712,-0.121547595,-0.5069833,-0.1666055,-0.09878165,-0.4211532,-0.1847582,-0.09269417,-0.43960357,-0.10072126,-0.13187146,-0.5590732,-0.047878336,-0.11525161,-0.48465732,-0.022086112,-0.07352835,-0.40349126,-0.035666272,-0.058933012,-0.4326287,0.088871375,-0.14079763,-0.5152,0.093601786,-0.11944083,-0.4431649,0.10726083,-0.07727032,-0.3774074,0.09891705,-0.050509594
GOOD,0.0,0.0,0.0,-0.08564557,-0.275941,0.0016979006,-0.23836611,-0.5279075,-0.0337956,-0.32102007,-0.7519012,-0.06931599,-0.2935269,-0.9559508,-0.10915143,-0.41443822,-0.4915335,-0.100874394,-0.5885837,-0.35177553,-0.12746395,-0.506811,-0.30363435,-0.13765831,-0.42715657,-0.33396304,-0.14413795,-0.43412644,-0.29673615,-0.12041377,-0.5924158,-0.19742176,-0.12951544,-0.5093154,-0.16239426,-0.11138794,-0.42098662,-0.18343154,-0.10594976,-0.4398888,-0.098767854,-0.13172144,-0.563011,-0.042629283,-0.12553139,-0.48586917,-0.018115262,-0.08536751,-0.40419912,-0.03639105,-0.06871284,-0.43456355,0.088811055,-0.14298369,-0.52138346,0.095382534,-0.12928297,-0.44368544,0.11241481,-0.08783463,-0.37416193,0.102918364,-0.05949984
GOOD,0.0,0.0,0.0,-0.08485824,-0.27948126,0.007268916,-0.24447614,-0.5299087,-0.023173075,-0.3271542,-0.7547688,-0.053758416,-0.29772854,-0.9546505,-0.08924547,-0.41738635,-0.49923512,-0.09848801,-0.5887097,-0.3599606,-0.12065833,-0.5043521,-0.3108841,-0.12994768,-0.4239663,-0.33930963,-0.13628016,-0.4397287,-0.29819798,-0.1178601,-0.5963135,-0.20485048,-0.12104815,-0.5122382,-0.16948703,-0.10207462,-0.42253968,-0.18518916,-0.09692875,-0.44883674,-0.09702927,-0.12787715,-0.5669721,-0.047421813,-0.114754625,-0.4903607,-0.02497021,-0.07454925,-0.4083076,-0.037508268,-0.059099313,-0.4452243,0.0929388,-0.13749546,-0.52961785,0.08683686,-0.1178924,-0.45303002,0.10310988,-0.074778974,-0.38444823,0.099122606,-0.046096444
GOOD,0.0,0.0,0.0,-0.08816226,-0.27815545,0.009432779,-0.24310084,-0.52687734,-0.02226107,-0.3252683,-0.7510706,-0.054679137,-0.29794025,-0.9545846,-0.092915066,-0.4175043,-0.48632088,-0.1037574,-0.5884847,-0.35789606,-0.12352977,-0.5079991,-0.31019694,-0.12814237,-0.42895457,-0.3344239,-0.13179067,-0.43807197,-0.28965393,-0.12559976,-0.594236,-0.2050908,-0.12516712,-0.51335186,-0.16757266,-0.10247293,-0.42582756,-0.17979433,-0.096580066,-0.44280443,-0.090564854,-0.13730754,-0.56699413,-0.047956545,-0.12372975,-0.49035197,-0.023090485,-0.08091204,-0.4070842,-0.032841604,-0.064823695,-0.43404555,0.0990852,-0.1480026,-0.52781487,0.0939295,-0.13011496,-0.4514536,0.10817823,-0.085310735,-0.38106793,0.10508538,-0.05595552
GOOD,0.0,0.0,0.0,-0.08353452,-0.27690876,-6.261082e-05,-0.2418412,-0.53051716,-0.03381342,-0.32304814,-0.7580113,-0.06723421,-0.2912654,-0.9566423,-0.10489324,-0.40873706,-0.49306053,-0.10088987,-0.58638775,-0.36644784,-0.12750605,-0.5023488,-0.31632546,-0.13909975,-0.42271513,-0.34420744,-0.14635257,-0.4322411,-0.29607883,-0.11767215,-0.59759206,-0.21436621,-0.12628743,-0.5153765,-0.17641756,-0.10745104,-0.42682377,-0.18911214,-0.10035865,-0.4421094,-0.09748406,-0.12646185,-0.5733077,-0.057680704,-0.118431374,-0.49531832,-0.030517472,-0.07863848,-0.41159746,-0.03937937,-0.06143781,-0.43877637,0.089229204,-0.13542818,-0.5288162,0.087212,-0.11935138,-0.45061573,0.105038084,-0.07786625,-0.38009915,0.10093054,-0.04958516
GOOD,0.0,0.0,0.0,-0.08379145,-0.2803306,0.0077423425,-0.24091078,-0.52948624,-0.02267268,-0.32301688,-0.7541215,-0.05437811,-0.2960103,-0.95518476,-0.09040509,-0.41562286,-0.49275923,-0.09367679,-0.5969315,-0.36116698,-0.11900605,-0.5151016,-0.31727207,-0.12997887,-0.43403655,-0.34604156,-0.1361906,-0.4364444,-0.2937397,-0.11376232,-0.6015516,-0.20997204,-0.12015578,-0.5181368,-0.17609386,-0.10093515,-0.42861262,-0.19183765,-0.09437963,-0.4426429,-0.0950544,-0.12528986,-0.5755089,-0.053835843,-0.11707421,-0.49770957,-0.030172594,-0.07562814,-0.4119759,-0.04067205,-0.05730379,-0.4358188,0.09149736,-0.13630174,-0.5317732,0.0881992,-0.12075503,-0.45594996,0.10454372,-0.077769205,-0.3846485,0.099810116,-0.04795456
GOOD,0.0,0.0,0.0,-0.08505607,-0.28330556,0.008447014,-0.2407385,-0.53208673,-0.021391012,-0.31871477,-0.7564863,-0.05295139,-0.2896877,-0.95712125,-0.08954871,-0.41247147,-0.48479772,-0.09248152,-0.5901256,-0.35892487,-0.117296,-0.51039076,-0.31667343,-0.12886164,-0.429159,-0.3447479,-0.13610978,-0.43257853,-0.28341314,-0.11322091,-0.5953818,-0.20534354,-0.11818935,-0.51488155,-0.17335616,-0.100217484,-0.42601317,-0.18747851,-0.09550738,-0.4379356,-0.08512797,-0.12540948,-0.5709183,-0.0460249,-0.11541218,-0.49417377,-0.02590614,-0.075111166,-0.40896213,-0.037008323,-0.058582142,-0.4290749,0.09932736,-0.13711865,-0.5242216,0.099326804,-0.12088721,-0.45011458,0.111071795,-0.07867068,-0.38003772,0.10410248,-0.050113585
GOOD,0.0,0.0,0.0,-0.086235866,-0.28423923,0.009099713,-0.24446222,-0.5335078,-0.018183475,-0.32519037,-0.7582968,-0.0475419,-0.29794836,-0.954582,-0.08146833,-0.41508222,-0.4901982,-0.09078207,-0.59948456,-0.36428365,-0.11370588,-0.5206429,-0.32131383,-0.122461826,-0.43888178,-0.34917983,-0.128008,-0.43649074,-0.28960842,-0.11133521,-0.6040779,-0.21280521,-0.11441719,-0.5256712,-0.18040296,-0.09446476,-0.4381488,-0.19503024,-0.088823184,-0.44253513,-0.09192626,-0.12355393,-0.5791418,-0.05295886,-0.11280699,-0.50345325,-0.031561337,-0.07230205,-0.41884387,-0.042052723,-0.055970993,-0.4341478,0.09228636,-0.13531466,-0.53037006,0.093832485,-0.118554495,-0.45672706,0.105126105,-0.07683245,-0.387505,0.09647154,-0.049100332
GOOD,0.0,0.0,0.0,-0.081250615,-0.2851953,0.0060409685,-0.23939082,-0.5349857,-0.024186643,-0.31911445,-0.759483,-0.05471576,-0.28672826,-0.958012,-0.0894695,-0.40088812,-0.4850449,-0.1030907,-0.58940053,-0.3615466,-0.12773083,-0.51179206,-0.32621536,-0.13424492,-0.43138832,-0.35554066,-0.1372168,-0.422863,-0.2804923,-0.121219866,-0.59613574,-0.21214654,-0.12748301,-0.5158387,-0.18240538,-0.10554578,-0.42725322,-0.19403036,-0.097445525,-0.43094942,-0.08267945,-0.13050583,-0.5754163,-0.055789646,-0.120983794,-0.49627146,-0.03619396,-0.07803124,-0.40936637,-0.04436587,-0.059455574,-0.42424604,0.09765789,-0.13934182,-0.5223355,0.090615556,-0.123344176,-0.4459248,0.10386901,-0.08115368,-0.37658894,0.09992325,-0.052909464
GOOD,0.0,0.0,0.0,-0.08622791,-0.2822868,0.0043945424,-0.2369146,-0.52905834,-0.029640757,-0.31606218,-0.7519966,-0.06316858,-0.2918729,-0.9564571,-0.10108064,-0.39693746,-0.48737398,-0.1089466,-0.58575517,-0.35825628,-0.12912317,-0.5075475,-0.3213574,-0.13067758,-0.42981365,-0.35248426,-0.13155578,-0.41713813,-0.28919068,-0.1274849,-0.59021956,-0.21243614,-0.13012116,-0.51185733,-0.18347716,-0.10642388,-0.42709032,-0.19724883,-0.09872421,-0.42480132,-0.091896616,-0.13628587,-0.56923735,-0.060199957,-0.123990536,-0.49273893,-0.038177542,-0.079885624,-0.40942052,-0.04624094,-0.062248494,-0.4182757,0.09346888,-0.14444172,-0.52147126,0.086077616,-0.1281207,-0.44886363,0.09948678,-0.084996745,-0.380989,0.09657527,-0.05647217
GOOD,0.0,0.0,0.0,-0.090113826,-0.28284687,0.0074934186,-0.24315558,-0.5267542,-0.026713997,-0.32281497,-0.74895066,-0.06066148,-0.29565632,-0.9552943,-0.09918886,-0.40104,-0.48901826,-0.11060055,-0.58894914,-0.3575623,-0.13013071,-0.50957274,-0.32187766,-0.13132481,-0.43238777,-0.3543249,-0.13234083,-0.42096692,-0.2913841,-0.13068192,-0.593186,-0.21418944,-0.13293879,-0.5138865,-0.18544059,-0.10891721,-0.4282524,-0.19917244,-0.10152148,-0.42846555,-0.09468806,-0.14026669,-0.5715326,-0.061609644,-0.12655604,-0.49488398,-0.039596435,-0.081451066,-0.41058117,-0.04791584,-0.06387551,-0.42227533,0.089941345,-0.14899945,-0.52275956,0.085007966,-0.13148576,-0.44985172,0.09696875,-0.087989666,-0.3818867,0.09205031,-0.05963172
GOOD,0.0,0.0,0.0,-0.08711626,-0.28247994,0.0066244197,-0.2440282,-0.5297831,-0.02514981,-0.326107,-0.75213253,-0.05696093,-0.29898214,-0.9542587,-0.092966355,-0.4076938,-0.4947665,-0.10551084,-0.59466267,-0.35819206,-0.1291988,-0.51458347,-0.3197414,-0.13462971,-0.4338628,-0.3503673,-0.13748674,-0.42826286,-0.29257262,-0.12544306,-0.59946847,-0.20936269,-0.13275965,-0.51783156,-0.17807366,-0.11164806,-0.42785338,-0.19258912,-0.10432994,-0.4355228,-0.092255436,-0.13586314,-0.57333964,-0.051714618,-0.12669933,-0.49561873,-0.029132256,-0.08325692,-0.40939504,-0.039712623,-0.06497573,-0.4290274,0.09558551,-0.14580171,-0.5213837,0.09674835,-0.13127646,-0.44585854,0.1102903,-0.08963875,-0.3769218,0.10276258,-0.061452128
GOOD,0.0,0.0,0.0,-0.09070811,-0.27704105,0.005917676,-0.2554542,-0.5259257,-0.026668696,-0.33817473,-0.74959844,-0.058517624,-0.30474883,-0.95243275,-0.09491466,-0.40963462,-0.49354503,-0.11348689,-0.589436,-0.36684158,-0.13434182,-0.505643,-0.32452053,-0.1368082,-0.43069452,-0.3602145,-0.13957109,-0.43123415,-0.29274333,-0.13383773,-0.6018499,-0.22225274,-0.1387784,-0.5210369,-0.18752651,-0.113714494,-0.43392113,-0.19976869,-0.10429757,-0.440228,-0.091524035,-0.14398216,-0.57889855,-0.06867745,-0.13414164,-0.49808338,-0.042091835,-0.08964997,-0.41280583,-0.04871825,-0.07115458,-0.43593672,0.09716582,-0.1533966,-0.5303376,0.078440025,-0.13813035,-0.44889224,0.09637336,-0.094258,-0.37784472,0.09766603,-0.0653189
GOOD,0.0,0.0,0.0,-0.08735104,-0.27832466,0.0064411606,-0.24329412,-0.52531105,-0.025440503,-0.32186934,-0.7496077,-0.058854047,-0.29341534,-0.95598507,-0.09679798,-0.40503833,-0.4858214,-0.09467092,-0.59151685,-0.36740482,-0.12061447,-0.515288,-0.32785517,-0.13029273,-0.43640307,-0.3585993,-0.13592649,-0.42523187,-0.28991216,-0.11558256,-0.5980224,-0.22301978,-0.1222268,-0.5196387,-0.1893147,-0.102237925,-0.43326214,-0.20278202,-0.095515445,-0.43194458,-0.09262525,-0.12842968,-0.5776134,-0.06953234,-0.1218197,-0.5012292,-0.04368503,-0.07942393,-0.41691023,-0.050846633,-0.060345627,-0.42504668,0.09379268,-0.14066048,-0.53236634,0.07598032,-0.12635839,-0.4585488,0.0915497,-0.08258401,-0.38895327,0.090664454,-0.052588083
GOOD,0.0,0.0,0.0,-0.08154277,-0.27552956,0.002020448,-0.23822995,-0.5278397,-0.030518396,-0.31720006,-0.7546425,-0.06374526,-0.2858107,-0.95828605,-0.100815676,-0.4012082,-0.4881868,-0.095025174,-0.5853192,-0.36904627,-0.12600149,-0.5060165,-0.32646188,-0.14026916,-0.42512327,-0.35621482,-0.147671,-0.42404088,-0.28655192,-0.11332588,-0.5971151,-0.2203235,-0.12609795,-0.5154966,-0.18553677,-0.108708516,-0.42596602,-0.1975698,-0.10121967,-0.43399617,-0.08746428,-0.124414146,-0.5764044,-0.061956115,-0.120815545,-0.49882838,-0.03755041,-0.07993764,-0.41374043,-0.045386396,-0.060130022,-0.43111953,0.09830451,-0.13548784,-0.5311178,0.082605906,-0.12133799,-0.45644572,0.09905462,-0.078800425,-0.38778856,0.09762272,-0.04892813
GOOD,0.0,0.0,0.0,-0.08446752,-0.27768108,0.008294613,-0.24032822,-0.53150994,-0.021492701,-0.3190981,-0.75583494,-0.052205555,-0.29219556,-0.9563587,-0.08729112,-0.40043172,-0.49595815,-0.09439877,-0.58538,-0.37224352,-0.11690857,-0.5064187,-0.32803088,-0.123314254,-0.42700845,-0.35801694,-0.12643729,-0.4234664,-0.3011524,-0.11382371,-0.59403425,-0.22551224,-0.11951991,-0.51497245,-0.18789868,-0.09888648,-0.42690763,-0.2025419,-0.09083627,-0.43388715,-0.1051656,-0.12438472,-0.57360864,-0.07093875,-0.11398316,-0.4977243,-0.04280923,-0.07161146,-0.4133395,-0.052498855,-0.052973323,-0.431,0.07981821,-0.13427144,-0.53393817,0.06972949,-0.116005026,-0.45934576,0.09020966,-0.07187176,-0.3888961,0.087821744,-0.041939843
GOOD,0.0,0.0,0.0,-0.08205178,-0.2793954,0.006066514,-0.23862803,-0.5284295,-0.025007462,-0.31955728,-0.75297195,-0.057459753,-0.28774226,-0.95770794,-0.094518654,-0.40475062,-0.49619985,-0.09321817,-0.59070295,-0.37257406,-0.120605506,-0.5125204,-0.33065617,-0.13223194,-0.43064472,-0.3595325,-0.13838623,-0.4254132,-0.29675815,-0.11319705,-0.59675115,-0.22051795,-0.122269765,-0.51585174,-0.18800095,-0.10446443,-0.42609873,-0.20270418,-0.09803367,-0.43382385,-0.09698249,-0.12515475,-0.57108355,-0.06314922,-0.11857109,-0.49581888,-0.039515417,-0.07726514,-0.41205382,-0.049793076,-0.058481608,-0.42958364,0.092541575,-0.13677843,-0.5309235,0.080236636,-0.12131727,-0.4580166,0.09556082,-0.077769995,-0.38846934,0.09202093,-0.0474701
GOOD,0.0,0.0,0.0,-0.08221967,-0.28449616,0.0043557864,-0.23720227,-0.5352772,-0.027408909,-0.31612033,-0.7578333,-0.05995581,-0.28681353,-0.9579864,-0.09663,-0.39965114,-0.49467048,-0.09865699,-0.58968264,-0.37185514,-0.12685482,-0.51161456,-0.33136225,-0.13682492,-0.42927086,-0.35998008,-0.14185429,-0.41976663,-0.29557297,-0.11853526,-0.5957818,-0.22173204,-0.12829523,-0.51615524,-0.1879396,-0.10928847,-0.42783138,-0.20198932,-0.10262716,-0.4285925,-0.09848221,-0.13052745,-0.57185423,-0.06466788,-0.12538359,-0.4952043,-0.041025776,-0.0834909,-0.41066632,-0.05176658,-0.064650245,-0.42444968,0.086621284,-0.14221029,-0.52963233,0.07952708,-0.12990758,-0.45492506,0.09476205,-0.087457195,-0.3838801,0.08984147,-0.057986382
GOOD,0.0,0.0,0.0,-0.08318977,-0.28099972,0.0028544401,-0.24027482,-0.53091145,-0.02961388,-0.31953874,-0.7549891,-0.06283938,-0.28985432,-0.95707077,-0.09995211,-0.40048292,-0.4963798,-0.099356234,-0.5939186,-0.37160832,-0.13012506,-0.51464057,-0.33048022,-0.14232135,-0.43121,-0.35918173,-0.14854755,-0.4209531,-0.29721838,-0.11888103,-0.5988475,-0.22099127,-0.13114761,-0.5174481,-0.18835203,-0.112924956,-0.42816073,-0.20266901,-0.10638514,-0.42978895,-0.09903273,-0.13090667,-0.57509077,-0.06493384,-0.12917717,-0.49745268,-0.041720632,-0.08697587,-0.41233578,-0.051560085,-0.066905774,-0.42569748,0.08808206,-0.1427232,-0.5340542,0.078279644,-0.13362162,-0.4582416,0.0935965,-0.09134519,-0.3865902,0.08979658,-0.061163135
GOOD,0.0,0.0,0.0,-0.08356687,-0.27580157,0.006557871,-0.23960176,-0.52476716,-0.027459634,-0.31677395,-0.7515734,-0.062465463,-0.29441217,-0.9556785,-0.10142422,-0.40296322,-0.48131728,-0.10086828,-0.5939856,-0.36002553,-0.12895404,-0.5165948,-0.32249495,-0.13979353,-0.43662846,-0.35247484,-0.14577422,-0.42315003,-0.28609464,-0.121273555,-0.596977,-0.19880167,-0.12884073,-0.5152851,-0.16462493,-0.108089685,-0.42597768,-0.18216363,-0.1011614,-0.43126816,-0.09075916,-0.13346843,-0.5700397,-0.047701523,-0.12388317,-0.49354613,-0.019666737,-0.079320125,-0.40962675,-0.0321994,-0.06013643,-0.42714536,0.09069141,-0.14553027,-0.5208237,0.09606321,-0.12746522,-0.44530258,0.11814785,-0.08285075,-0.37677798,0.11361507,-0.053131986
GOOD,0.0,0.0,0.0,-0.08224754,-0.28077644,0.0061856047,-0.2378288,-0.5344951,-0.026148116,-0.31518614,-0.75817543,-0.05860607,-0.28598815,-0.9582331,-0.09560498,-0.3987764,-0.49116066,-0.10351387,-0.586158,-0.3605561,-0.12702332,-0.5057087,-0.31556454,-0.13268071,-0.42626587,-0.3468301,-0.13593926,-0.41859657,-0.2977377,-0.12237474,-0.58755875,-0.20768677,-0.12664674,-0.50685006,-0.17238215,-0.10384104,-0.42121074,-0.19233103,-0.09628838,-0.4270084,-0.104115546,-0.1322639,-0.56514084,-0.054834545,-0.12107095,-0.4873857,-0.030637568,-0.07778373,-0.40464285,-0.046112545,-0.06014655,-0.42274684,0.077623494,-0.14155003,-0.52287585,0.08533998,-0.12415972,-0.44730166,0.101315156,-0.080933124,-0.3769283,0.09329062,-0.05231515
GOOD,0.0,0.0,0.0,-0.08562605,-0.28344086,0.009061394,-0.2402238,-0.53384453,-0.023231152,-0.31787333,-0.75630707,-0.056472253,-0.29035896,-0.95691776,-0.09492365,-0.40346456,-0.49514088,-0.10276492,-0.5885696,-0.36101693,-0.12619738,-0.50997645,-0.3167433,-0.13300268,-0.43046898,-0.3472571,-0.13733132,-0.4219381,-0.2990723,-0.12441149,-0.58857375,-0.20820597,-0.12742524,-0.5107363,-0.17514129,-0.10562521,-0.4244677,-0.19434008,-0.09985806,-0.4289366,-0.10294153,-0.13668366,-0.56445956,-0.056838054,-0.12511662,-0.4906621,-0.0329232,-0.08193447,-0.4082883,-0.04646393,-0.065091945,-0.42378277,0.081647255,-0.1482313,-0.5228996,0.08550583,-0.13206372,-0.44950968,0.10002528,-0.08883494,-0.37940162,0.09291461,-0.060080517
GOOD,0.0,0.0,0.0,-0.084673755,-0.2835433,0.006654182,-0.23809184,-0.5332479,-0.026411481,-0.3158967,-0.75682104,-0.060131468,-0.2901732,-0.9569741,-0.09841315,-0.4043457,-0.494492,-0.1054385,-0.59256524,-0.36061776,-0.13191357,-0.5133632,-0.3185893,-0.13981049,-0.43304864,-0.34822834,-0.14420457,-0.42360073,-0.296014,-0.12660609,-0.5939197,-0.2059674,-0.132453,-0.51471144,-0.17280486,-0.11068928,-0.42852005,-0.19039632,-0.10437986,-0.43135285,-0.09763051,-0.13901147,-0.5695483,-0.052307423,-0.1299185,-0.49412578,-0.028666409,-0.08593004,-0.4111316,-0.041967917,-0.067861564,-0.42620343,0.08911777,-0.15101208,-0.5246736,0.09245846,-0.13639891,-0.45094672,0.10637031,-0.09341017,-0.38180327,0.09913431,-0.064498916
GOOD,0.0,0.0,0.0,-0.088904254,-0.28177768,0.0067102574,-0.2431535,-0.5337235,-0.026520096,-0.32379207,-0.7571473,-0.058794044,-0.2924495,-0.95628095,-0.09490971,-0.40259,-0.5033449,-0.11241199,-0.58816373,-0.3754592,-0.1312065,-0.501922,-0.3314996,-0.13103975,-0.4242646,-0.36521098,-0.13148642,-0.42399395,-0.3060333,-0.1318324,-0.5976736,-0.22834684,-0.13473384,-0.5140207,-0.192965,-0.10869146,-0.4272297,-0.20651504,-0.09906036,-0.4338668,-0.10779226,-0.14070913,-0.57590586,-0.073108554,-0.12785794,-0.49493724,-0.048473842,-0.08262872,-0.40948853,-0.057284832,-0.06436521,-0.4305038,0.081192955,-0.14864375,-0.53058964,0.07181263,-0.13099313,-0.4523884,0.086252056,-0.087097146,-0.38105437,0.08312942,-0.05819003
GOOD,0.0,0.0,0.0,-0.08741208,-0.2822809,0.0087389555,-0.23923115,-0.52867377,-0.022741558,-0.3200603,-0.7530542,-0.054473486,-0.29255924,-0.95624745,-0.09072875,-0.40214565,-0.49858165,-0.10375833,-0.58953136,-0.3724495,-0.121750295,-0.5100948,-0.33013353,-0.123223074,-0.43096358,-0.3596993,-0.124520354,-0.42276752,-0.3042743,-0.12375332,-0.59253985,-0.22478382,-0.12310803,-0.5138556,-0.18987697,-0.0986448,-0.42891064,-0.20358063,-0.09144691,-0.43070242,-0.10792803,-0.13367248,-0.5684968,-0.07225374,-0.11955032,-0.4933796,-0.04672963,-0.07515386,-0.41070014,-0.05447875,-0.058022507,-0.42574835,0.07916467,-0.14260451,-0.52807426,0.06654668,-0.12436569,-0.4548175,0.083178684,-0.079695694,-0.3854992,0.082104675,-0.050391834
GOOD,0.0,0.0,0.0,-0.08683023,-0.2829166,0.008633227,-0.23584442,-0.5306738,-0.023649061,-0.31696847,-0.7538614,-0.056135785,-0.2888032,-0.9573885,-0.09313904,-0.4039988,-0.49347863,-0.100709885,-0.5865686,-0.37113598,-0.11897483,-0.50781465,-0.3297099,-0.12293597,-0.4291819,-0.35954374,-0.12614413,-0.42560723,-0.2970743,-0.12068651,-0.59142995,-0.21997447,-0.118033364,-0.51467925,-0.18679158,-0.09457648,-0.430615,-0.20182161,-0.08871201,-0.4336229,-0.10034826,-0.13081114,-0.5668212,-0.06281693,-0.11412578,-0.4935497,-0.040092126,-0.07082986,-0.41216883,-0.050864283,-0.055247787,-0.42819157,0.084595025,-0.14010353,-0.5268595,0.076620445,-0.11902757,-0.45466542,0.09202252,-0.074049644,-0.38598678,0.0891243,-0.045175873
GOOD,0.0,0.0,0.0,-0.08399644,-0.27957526,0.0052379137,-0.24351601,-0.5300378,-0.024765534,-0.32502753,-0.753479,-0.05554667,-0.29555896,-0.95532453,-0.09029554,-0.40755415,-0.49907434,-0.092743844,-0.5929945,-0.37356085,-0.12115514,-0.5133794,-0.32832202,-0.13437548,-0.43151903,-0.35947627,-0.14213814,-0.42980152,-0.29986548,-0.1123338,-0.6012706,-0.2226431,-0.12232355,-0.52150244,-0.18586907,-0.10475474,-0.43247125,-0.20177425,-0.098817356,-0.43958375,-0.10290742,-0.124476,-0.57723814,-0.062742636,-0.119899616,-0.50095934,-0.037946913,-0.07967878,-0.41622806,-0.051049314,-0.06158769,-0.4358981,0.081360996,-0.13632186,-0.53493,0.07728664,-0.124044545,-0.45879856,0.094833076,-0.08281342,-0.38753295,0.087808445,-0.05401275
GOOD,0.0,0.0,0.0,-0.08760174,-0.28141218,0.013828741,-0.24215388,-0.5296468,-0.015162707,-0.32561642,-0.7523793,-0.04476326,-0.29720762,-0.95481294,-0.07896181,-0.40989152,-0.49844447,-0.09595489,-0.59275556,-0.3692954,-0.11331654,-0.5126288,-0.32615855,-0.116745904,-0.43486252,-0.35816675,-0.11939256,-0.4309044,-0.303473,-0.116807885,-0.59835297,-0.21826966,-0.11428494,-0.5197007,-0.18101303,-0.09023248,-0.4332959,-0.19792551,-0.08310546,-0.439434,-0.10785231,-0.12743205,-0.57148254,-0.060807385,-0.10865943,-0.4962992,-0.035277992,-0.064648926,-0.41328374,-0.04900679,-0.04867014,-0.4347589,0.07662083,-0.1370476,-0.5260553,0.07892801,-0.11351377,-0.4513414,0.095964044,-0.06911729,-0.38302276,0.088726036,-0.04080385
GOOD,0.0,0.0,0.0,-0.084042296,-0.27853826,0.006930322,-0.24074873,-0.53122735,-0.025200099,-0.32304588,-0.7551852,-0.057338323,-0.29132566,-0.9566239,-0.09314257,-0.3997873,-0.4963688,-0.10412861,-0.59169126,-0.36805224,-0.13178091,-0.51166946,-0.32620674,-0.13998991,-0.43089196,-0.35840195,-0.14378794,-0.41934988,-0.29742497,-0.12388032,-0.59642524,-0.21241447,-0.13306105,-0.5141954,-0.17659077,-0.11069806,-0.42510167,-0.19498746,-0.10200856,-0.4294366,-0.10108771,-0.13488583,-0.5696265,-0.057301022,-0.12699069,-0.4912579,-0.029974854,-0.08189803,-0.40692458,-0.043610778,-0.062054664,-0.42805013,0.08295137,-0.14541881,-0.5256069,0.08383354,-0.12890416,-0.44723788,0.10429823,-0.08452777,-0.37660882,0.098097205,-0.054607805
GOOD,0.0,0.0,0.0,-0.08318685,-0.2767087,0.0034249676,-0.24085878,-0.5292301,-0.029068368,-0.31841168,-0.7538323,-0.062295344,-0.28903595,-0.95731825,-0.099209316,-0.40068203,-0.49334264,-0.0981905,-0.59300953,-0.3641393,-0.12990671,-0.51241493,-0.3223775,-0.14297539,-0.43148646,-0.3566891,-0.15013374,-0.42001003,-0.29564026,-0.11823217,-0.59900135,-0.2148553,-0.13292092,-0.51723236,-0.17852722,-0.11503545,-0.4268836,-0.1962465,-0.107900344,-0.42889154,-0.10007326,-0.13095324,-0.5735803,-0.058128014,-0.12984489,-0.49575806,-0.030932758,-0.08785038,-0.4095513,-0.045255665,-0.06755925,-0.42559573,0.082712315,-0.14350478,-0.52752316,0.08759175,-0.13323087,-0.45011327,0.1059892,-0.091648005,-0.37760326,0.09653985,-0.06209643
GOOD,0.0,0.0,0.0,-0.08530159,-0.28060752,0.0079120295,-0.23804128,-0.5310873,-0.024622204,-0.31866893,-0.75376385,-0.057562083,-0.29030618,-0.9569338,-0.09474805,-0.39944956,-0.49432823,-0.102718376,-0.5887338,-0.36444584,-0.1289194,-0.5083782,-0.32295662,-0.13716528,-0.4288385,-0.35634074,-0.14166407,-0.42084542,-0.29575542,-0.12298941,-0.59400827,-0.21312813,-0.13034335,-0.5135705,-0.1780843,-0.10875556,-0.42595547,-0.19639793,-0.101299144,-0.43036917,-0.0996132,-0.13421337,-0.5669946,-0.0541547,-0.12381768,-0.49156812,-0.03016829,-0.0800116,-0.4080378,-0.04570511,-0.06181112,-0.42703292,0.08376664,-0.14488858,-0.5224242,0.088992424,-0.12674831,-0.44782662,0.104163475,-0.08319909,-0.3782112,0.09433499,-0.05424763
GOOD,0.0,0.0,0.0,-0.0844309,-0.27964884,0.006474936,-0.23796904,-0.5301711,-0.025830165,-0.31946933,-0.75276685,-0.05866119,-0.294636,-0.9556095,-0.0951855,-0.39761958,-0.49716938,-0.100074604,-0.59169954,-0.37013566,-0.1274846,-0.5127877,-0.32669902,-0.13569078,-0.43174565,-0.3577857,-0.13942271,-0.41968653,-0.29998383,-0.11969449,-0.5949241,-0.22073375,-0.1289933,-0.5154886,-0.18409675,-0.10805256,-0.4281101,-0.20077756,-0.100257725,-0.43090427,-0.10460542,-0.13100365,-0.57262975,-0.06581051,-0.12350369,-0.49591228,-0.0381032,-0.079778686,-0.41152576,-0.050817367,-0.060704466,-0.4295418,0.077313766,-0.1418509,-0.5295563,0.07698942,-0.12651539,-0.4534437,0.09604265,-0.08362585,-0.3835142,0.088904284,-0.0545147
GOOD,0.0,0.0,0.0,-0.08666569,-0.2813335,0.008161675,-0.24085696,-0.5277103,-0.025024986,-0.32213214,-0.74943507,-0.0587148,-0.2948736,-0.9555363,-0.09654265,-0.40382478,-0.5008736,-0.10332224,-0.5914541,-0.36605772,-0.12979643,-0.5087571,-0.32548025,-0.13769794,-0.43071398,-0.3613622,-0.1423572,-0.42394686,-0.30247712,-0.1249464,-0.59719574,-0.21757287,-0.13344924,-0.5148383,-0.18191282,-0.11163885,-0.42712447,-0.20024689,-0.10396251,-0.43266243,-0.10481041,-0.13756481,-0.570356,-0.060456812,-0.12916476,-0.49238932,-0.033947036,-0.08402335,-0.4085141,-0.04892626,-0.06461033,-0.42852753,0.08164616,-0.14955024,-0.52682066,0.08227766,-0.13338733,-0.45044953,0.09906722,-0.08887377,-0.38080898,0.09070461,-0.05881473
GOOD,0.0,0.0,0.0,-0.08244092,-0.28039292,0.0056889523,-0.23363654,-0.5289905,-0.029040072,-0.3140959,-0.7529365,-0.0637861,-0.28689164,-0.9579631,-0.10262876,-0.3959148,-0.49957347,-0.10736701,-0.585142,-0.36831847,-0.13586324,-0.5031739,-0.32485387,-0.14429075,-0.42294323,-0.35790667,-0.1487858,-0.4169182,-0.30155197,-0.12786826,-0.5923735,-0.21661457,-0.1391132,-0.5086077,-0.17815746,-0.11805422,-0.4186413,-0.19488464,-0.110300556,-0.42680573,-0.10534502,-0.13953876,-0.5658521,-0.05921719,-0.13269977,-0.48565936,-0.031439174,-0.087926984,-0.40016714,-0.04671756,-0.06870341,-0.42373472,0.078458205,-0.15075934,-0.51985943,0.08270211,-0.13644576,-0.44065505,0.10307002,-0.093324594,-0.3690616,0.09597661,-0.06428913
GOOD,0.0,0.0,0.0,-0.08250824,-0.27832022,0.0043923366,-0.24250595,-0.52855754,-0.02806004,-0.32438204,-0.75164264,-0.060989976,-0.29443848,-0.9556704,-0.09782126,-0.40413374,-0.49793276,-0.09983951,-0.59386617,-0.36728632,-0.12969804,-0.5126109,-0.32729107,-0.14121425,-0.4329203,-0.36330348,-0.14800456,-0.422735,-0.3000886,-0.12105495,-0.6019147,-0.21861966,-0.13477606,-0.51929915,-0.18368767,-0.115983255,-0.42918026,-0.20001347,-0.10877603,-0.43031728,-0.103750125,-0.13450986,-0.5757668,-0.060718004,-0.13304043,-0.49654517,-0.035518967,-0.09011172,-0.4106976,-0.049570616,-0.06987024,-0.42551053,0.080893174,-0.14753428,-0.5327173,0.08250609,-0.13784374,-0.45387572,0.10028822,-0.095177434,-0.38061753,0.09200286,-0.06515514
GOOD,0.0,0.0,0.0,-0.080888316,-0.27855512,0.00284864,-0.24012068,-0.52961814,-0.029809007,-0.32217744,-0.7523436,-0.062922776,-0.29281783,-0.95616823,-0.0996447,-0.40138742,-0.49941918,-0.09943073,-0.591894,-0.36869982,-0.13303514,-0.5113961,-0.32793486,-0.14720315,-0.43076295,-0.36352193,-0.15474428,-0.42087448,-0.29862747,-0.11994193,-0.60000175,-0.21751247,-0.1371961,-0.51620704,-0.18154894,-0.11972197,-0.4247574,-0.19806325,-0.11221589,-0.42920628,-0.101004384,-0.13331199,-0.57518536,-0.059325457,-0.13467944,-0.49424082,-0.03287383,-0.09203132,-0.40694308,-0.047241576,-0.070812285,-0.4247226,0.08414121,-0.1464888,-0.5294761,0.086318664,-0.13861434,-0.44964957,0.10432848,-0.09683891,-0.3763224,0.09508208,-0.06671636
GOOD,0.0,0.0,0.0,-0.0868246,-0.28027853,0.008982919,-0.23881046,-0.53343105,-0.025313543,-0.31463075,-0.7596611,-0.059183575,-0.28348014,-0.95897806,-0.0975822,-0.39477813,-0.49193424,-0.11475113,-0.58334446,-0.37168446,-0.13526277,-0.50251347,-0.33375052,-0.13493164,-0.42344722,-0.36743906,-0.1348084,-0.41368094,-0.29555765,-0.13651541,-0.5910467,-0.22522235,-0.13802892,-0.51421756,-0.19114138,-0.110605784,-0.42853287,-0.20598137,-0.101406574,-0.42279634,-0.100237325,-0.14787538,-0.5675218,-0.066576585,-0.13362125,-0.49107534,-0.041386712,-0.086630315,-0.40714723,-0.052645862,-0.06864711,-0.41924766,0.082575254,-0.15820502,-0.52284807,0.078971215,-0.13905688,-0.44573006,0.09745422,-0.09328689,-0.3747749,0.09372502,-0.06436256
GOOD,0.0,0.0,0.0,-0.08941081,-0.28096104,0.0119391875,-0.24183254,-0.53222436,-0.021943655,-0.323501,-0.7545105,-0.055214882,-0.2916112,-0.95653695,-0.09305475,-0.40017873,-0.49870363,-0.11574192,-0.58676225,-0.36912155,-0.13112503,-0.5042896,-0.32670823,-0.1264453,-0.4275526,-0.36113098,-0.12448754,-0.41866314,-0.30314532,-0.13840744,-0.59334177,-0.2246093,-0.13729045,-0.5141947,-0.1896342,-0.10781874,-0.42848846,-0.20724265,-0.0978876,-0.42681813,-0.107877396,-0.14943072,-0.5656624,-0.067313746,-0.13189538,-0.49051285,-0.042931214,-0.08371003,-0.40833807,-0.056008678,-0.066031314,-0.42305896,0.0763792,-0.15906166,-0.52564603,0.07253755,-0.13690586,-0.45109183,0.08834061,-0.090115815,-0.38142556,0.08224258,-0.060989585
GOOD,0.0,0.0,0.0,-0.08474484,-0.28074926,0.012403077,-0.23925053,-0.5314636,-0.01829338,-0.3229191,-0.755487,-0.0489082,-0.29419947,-0.955744,-0.084062986,-0.3954268,-0.49910206,-0.109953515,-0.59128034,-0.3798261,-0.12778592,-0.51301646,-0.33866897,-0.12613371,-0.43615153,-0.37099788,-0.12506168,-0.415735,-0.30337834,-0.13142209,-0.5969758,-0.23065186,-0.13043045,-0.5190854,-0.19299862,-0.101550594,-0.4332697,-0.20715082,-0.09129843,-0.4261961,-0.10816185,-0.14204606,-0.57214487,-0.07442265,-0.12500075,-0.4960331,-0.04587581,-0.07644347,-0.4122956,-0.054732867,-0.057706323,-0.42415756,0.07634755,-0.15137403,-0.5314904,0.06959462,-0.12905316,-0.45653504,0.089712515,-0.08148483,-0.3864452,0.08755728,-0.05142835
GOOD,0.0,0.0,0.0,-0.086089574,-0.2774403,0.0076521863,-0.24213868,-0.5305127,-0.023925327,-0.32645446,-0.7546681,-0.05493007,-0.29567257,-0.95528936,-0.08976,-0.39782506,-0.4948619,-0.10632699,-0.5924556,-0.37638384,-0.12694025,-0.513927,-0.3347673,-0.12812953,-0.43493578,-0.36674964,-0.12840737,-0.41805843,-0.2990002,-0.12661526,-0.59947443,-0.22986227,-0.13004106,-0.5226778,-0.1939303,-0.10430802,-0.43632016,-0.2083104,-0.0946049,-0.42837834,-0.10577424,-0.13727127,-0.5790244,-0.07613421,-0.1262005,-0.50323296,-0.04843366,-0.080090515,-0.41895998,-0.057092346,-0.06068633,-0.42593414,0.075955525,-0.14697641,-0.53770924,0.066372454,-0.12981501,-0.4628734,0.08692858,-0.08427434,-0.391955,0.085847676,-0.054142103
GOOD,0.0,0.0,0.0,-0.089354776,-0.2825663,0.014167244,-0.24053088,-0.5321612,-0.01873476,-0.3223527,-0.7540485,-0.05108121,-0.29234505,-0.95631295,-0.08841492,-0.39674002,-0.49697882,-0.11740345,-0.5873672,-0.37108445,-0.13138781,-0.50896347,-0.33093363,-0.12528339,-0.4324394,-0.36246338,-0.12198278,-0.41454738,-0.30122152,-0.13993198,-0.5912394,-0.22409078,-0.13574137,-0.51561046,-0.1887845,-0.10480274,-0.4308328,-0.20492142,-0.09474218,-0.42279193,-0.10658937,-0.15022334,-0.56549984,-0.06977312,-0.12974818,-0.49241877,-0.04342534,-0.079784885,-0.41004667,-0.054224856,-0.061886895,-0.41886747,0.07670527,-0.15887904,-0.5270665,0.070863694,-0.13494417,-0.45362863,0.090047315,-0.08606097,-0.38363257,0.087996,-0.055839065
GOOD,0.0,0.0,0.0,-0.087128006,-0.27921075,0.008814111,-0.23904406,-0.5290844,-0.024582071,-0.31876025,-0.7531272,-0.057815187,-0.29079294,-0.956786,-0.09569781,-0.39252627,-0.49286023,-0.109540805,-0.5843739,-0.3702376,-0.12992333,-0.5061359,-0.3298097,-0.13127929,-0.42724305,-0.361465,-0.13209106,-0.41163057,-0.29973844,-0.13039386,-0.5879529,-0.22476137,-0.13164355,-0.5111448,-0.18944772,-0.106048055,-0.4254596,-0.20294908,-0.09799867,-0.42116442,-0.106057234,-0.14108174,-0.5657411,-0.07294746,-0.12743743,-0.49100518,-0.046302915,-0.08097414,-0.40846208,-0.05504288,-0.062758975,-0.4183714,0.07822392,-0.15067333,-0.52924633,0.06695984,-0.13187623,-0.4556825,0.085855655,-0.08534136,-0.38608554,0.08596837,-0.055253956
GOOD,0.0,0.0,0.0,-0.086722,-0.27842963,0.009524198,-0.23814726,-0.5270313,-0.02501696,-0.31922063,-0.7510375,-0.059380893,-0.29028112,-0.9569414,-0.09834064,-0.39667726,-0.4931283,-0.111179814,-0.58605224,-0.36684814,-0.13270111,-0.5055374,-0.32690483,-0.13401961,-0.42704454,-0.36031005,-0.13476361,-0.4148882,-0.29800755,-0.1334934,-0.59136134,-0.21883895,-0.13672894,-0.51130927,-0.18342605,-0.110321686,-0.42410097,-0.19941431,-0.10137467,-0.42315337,-0.102116935,-0.14561878,-0.5656436,-0.0637451,-0.13309012,-0.48848313,-0.037265386,-0.08530214,-0.40479243,-0.049921855,-0.066218995,-0.4190967,0.08353716,-0.15661985,-0.5293813,0.07704616,-0.1388761,-0.45282745,0.09580802,-0.09188526,-0.38150054,0.092335604,-0.061285134
GOOD,0.0,0.0,0.0,-0.085752435,-0.27773076,0.004183533,-0.24077737,-0.528473,-0.032345857,-0.32226187,-0.75186294,-0.06774897,-0.2920058,-0.9564165,-0.10698411,-0.39582494,-0.496707,-0.11849672,-0.5912704,-0.36555338,-0.14613889,-0.5094264,-0.3253836,-0.15068811,-0.43047708,-0.36053446,-0.15274934,-0.41403258,-0.29565275,-0.13940142,-0.5979622,-0.21806924,-0.1506345,-0.51555276,-0.18310933,-0.12635125,-0.42538965,-0.19887896,-0.11677322,-0.42378765,-0.097507276,-0.1507764,-0.5706046,-0.06235163,-0.14561534,-0.4911703,-0.03507085,-0.09845788,-0.40504184,-0.046494476,-0.077367485,-0.42219746,0.088924386,-0.16142315,-0.5316699,0.08122581,-0.1492359,-0.45229083,0.100692645,-0.10417493,-0.37921792,0.0963746,-0.073453836
GOOD,0.0,0.0,0.0,-0.08544016,-0.27551815,0.0019017087,-0.24318746,-0.5260155,-0.033970162,-0.3249851,-0.7509425,-0.069346465,-0.29272485,-0.9561967,-0.108104125,-0.4036773,-0.49393505,-0.107462265,-0.5972653,-0.3634446,-0.14176886,-0.5139733,-0.3232408,-0.15556315,-0.43367466,-0.36109817,-0.16304252,-0.42108288,-0.29130548,-0.12800053,-0.6038476,-0.21056205,-0.1443906,-0.5195447,-0.17592308,-0.12515609,-0.42885903,-0.1938117,-0.11706497,-0.4295541,-0.09388171,-0.14090954,-0.57518953,-0.052412156,-0.1403109,-0.49565777,-0.02726916,-0.09632246,-0.41043007,-0.042961985,-0.07501978,-0.42584673,0.0902488,-0.15365341,-0.533748,0.089231476,-0.143266,-0.45555234,0.10786964,-0.099643715,-0.38303095,0.10054769,-0.068659544
