label,f0,f1,f2,f3,f4,f5,f6,f7,f8,f9,f10,f11,f12,f13,f14,f15,f16,f17,f18,f19,f20,f21,f22,f23,f24,f25,f26,f27,f28,f29,f30,f31,f32,f33,f34,f35,f36,f37,f38,f39,f40,f41,f42,f43,f44,f45,f46,f47,f48,f49,f50,f51,f52,f53,f54,f55,f56,f57,f58,f59,f60,f61,f62
HELLO,0.0,0.0,0.0,-0.1613858,-0.10236741,-0.003750304,-0.31206113,-0.28049523,-0.0017829697,-0.4290487,-0.36868542,-0.013600621,-0.53532326,-0.39917067,-0.025310213,-0.2140695,-0.58933496,0.08002678,-0.24078594,-0.7946815,0.051944252,-0.29806796,-0.87447995,0.010443209,-0.36443678,-0.9053124,-0.021713562,-0.15386966,-0.6107493,0.046045415,-0.19098176,-0.8308447,0.016868487,-0.26847976,-0.9125296,-0.023980998,-0.35383886,-0.93530643,-0.053693492,-0.08963443,-0.6062977,0.0005173726,-0.13938233,-0.8254675,-0.027498597,-0.21749958,-0.91006356,-0.04941395,-0.3019064,-0.93981326,-0.06390384,-0.025376532,-0.5762261,-0.049670238,-0.07358774,-0.75781095,-0.07195971,-0.13688463,-0.8527392,-0.08217167,-0.2051227,-0.9107003,-0.08969578
HELLO,0.0,0.0,0.0,-0.16001119,-0.08028445,4.5483328e-05,-0.31588697,-0.26210365,0.0004944803,-0.4383997,-0.35010362,-0.015850421,-0.54511267,-0.37039128,-0.031258084,-0.21385369,-0.5756837,0.0891663,-0.2558365,-0.7840691,0.06023292,-0.31648242,-0.8630141,0.019882407,-0.38282132,-0.8980634,-0.009260063,-0.1564659,-0.60018873,0.051752184,-0.20707153,-0.84188133,0.015196016,-0.2855832,-0.9170688,-0.028194053,-0.37007514,-0.92022,-0.052630946,-0.09213411,-0.60313046,0.0020531812,-0.14921118,-0.84194267,-0.02861893,-0.23993668,-0.9248958,-0.056515943,-0.33391827,-0.94260204,-0.06983738,-0.026746577,-0.58539087,-0.052025698,-0.09693348,-0.77750367,-0.07169452,-0.16782527,-0.87979865,-0.08496618,-0.24145055,-0.94192445,-0.09239287
HELLO,0.0,0.0,0.0,-0.16029437,-0.08011497,-0.0020163187,-0.31583446,-0.2557436,-0.004474531,-0.43896118,-0.338697,-0.023404296,-0.5499786,-0.35865432,-0.041742988,-0.21154648,-0.58791786,0.08669964,-0.25297916,-0.80693823,0.05368796,-0.31655893,-0.88625705,0.008466106,-0.39132056,-0.91435206,-0.02293777,-0.15147443,-0.6067962,0.050162222,-0.20169199,-0.8499214,0.014548436,-0.27981132,-0.9268838,-0.031053277,-0.36763975,-0.9299683,-0.058602866,-0.08860689,-0.6078649,0.0010400637,-0.14455992,-0.8484458,-0.02841195,-0.23289436,-0.9292418,-0.056170136,-0.32632318,-0.94235355,-0.07044777,-0.026550671,-0.5902936,-0.05273189,-0.09639782,-0.7862207,-0.070545405,-0.1666606,-0.8802744,-0.08089863,-0.23993091,-0.927986,-0.086722285
HELLO,0.0,0.0,0.0,-0.15903002,-0.07944275,-0.0042030294,-0.31006405,-0.24895084,-0.0061389045,-0.4383577,-0.33306724,-0.024882428,-0.55445164,-0.351016,-0.042746693,-0.21674329,-0.56317276,0.09613718,-0.26234105,-0.7691119,0.06974685,-0.3252878,-0.8569016,0.028230527,-0.39864427,-0.9026251,-0.003196424,-0.16353449,-0.59088236,0.061387274,-0.2167974,-0.82048905,0.028816406,-0.29256436,-0.90245545,-0.017084772,-0.37829924,-0.91972405,-0.04573223,-0.10444363,-0.6004255,0.0137125645,-0.16487676,-0.82708293,-0.0152908005,-0.25172925,-0.9140302,-0.04586828,-0.3452428,-0.9385134,-0.062171668,-0.04262836,-0.59306,-0.038945906,-0.108995855,-0.7850858,-0.05703575,-0.17900841,-0.88454896,-0.07004876,-0.2542215,-0.9403643,-0.078199446
HELLO,0.0,0.0,0.0,-0.15733096,-0.06905429,-0.0098239845,-0.31427684,-0.24314211,-0.011783866,-0.44056785,-0.3293429,-0.027910136,-0.55434346,-0.34267384,-0.043602854,-0.2219885,-0.5541342,0.07969677,-0.2745828,-0.75298685,0.055439766,-0.3334076,-0.84336853,0.017139664,-0.39829743,-0.8973633,-0.012969286,-0.16476275,-0.58451056,0.04884997,-0.22592005,-0.8046116,0.020032285,-0.29988125,-0.8926466,-0.02118795,-0.38254422,-0.922742,-0.04797149,-0.10029608,-0.59319323,0.005884522,-0.16987634,-0.8123942,-0.02056193,-0.25352576,-0.9021575,-0.047054727,-0.3431566,-0.9392782,-0.062112145,-0.03333689,-0.582634,-0.042355143,-0.10500308,-0.76861024,-0.06046295,-0.17245843,-0.86886847,-0.071611635,-0.24367459,-0.9340472,-0.07881031
HELLO,0.0,0.0,0.0,-0.15939853,-0.067150176,-0.0061779465,-0.31764105,-0.24117403,-0.0048140544,-0.44499314,-0.32786527,-0.018366564,-0.55847967,-0.34450087,-0.031275574,-0.22298405,-0.5531589,0.08840828,-0.2771927,-0.75167996,0.068095535,-0.3367055,-0.8415668,0.032021374,-0.4035775,-0.89446616,0.003230777,-0.1664748,-0.5835562,0.056815505,-0.22986881,-0.79903805,0.03265024,-0.30355352,-0.888305,-0.007067991,-0.38708502,-0.9198076,-0.0334027,-0.10243877,-0.59334046,0.013121553,-0.17485583,-0.8084989,-0.010494784,-0.25770578,-0.8989486,-0.03614835,-0.34823012,-0.93740904,-0.05080387,-0.036369447,-0.58487517,-0.035637505,-0.1095084,-0.7710115,-0.052890044,-0.17787051,-0.87227225,-0.06376054,-0.25095326,-0.9380566,-0.07049955
HELLO,0.0,0.0,0.0,-0.15875317,-0.065211065,-0.010207108,-0.314406,-0.23939556,-0.011954797,-0.43925032,-0.32564494,-0.027648874,-0.55191106,-0.3469641,-0.042646427,-0.22128761,-0.55284417,0.07939728,-0.273308,-0.755109,0.055310216,-0.33334845,-0.845786,0.017383825,-0.40032965,-0.897257,-0.012140691,-0.16359884,-0.5818583,0.04919206,-0.22447477,-0.8037823,0.020754974,-0.3001528,-0.8923329,-0.021220952,-0.38470802,-0.9198154,-0.048487615,-0.099165976,-0.5907307,0.0070060305,-0.16762432,-0.81207496,-0.018530838,-0.25270006,-0.9032858,-0.046345603,-0.34398782,-0.9389741,-0.06260319,-0.03330318,-0.5796953,-0.040338308,-0.10364319,-0.76542115,-0.058058955,-0.16914661,-0.86586463,-0.06990517,-0.23830107,-0.928921,-0.07754702
HELLO,0.0,0.0,0.0,-0.15994474,-0.05831411,-0.006663446,-0.31865516,-0.23223814,-0.005078172,-0.4450068,-0.31719628,-0.018378314,-0.5587501,-0.33795303,-0.031120747,-0.2312829,-0.5534549,0.08872619,-0.28430307,-0.75057405,0.06980296,-0.34310737,-0.8405729,0.0346877,-0.40948424,-0.89301175,0.006359191,-0.17367932,-0.58397263,0.056811523,-0.23654531,-0.8010945,0.03364048,-0.3121027,-0.8886033,-0.0055067698,-0.39753336,-0.91758776,-0.03149496,-0.10909475,-0.5921259,0.0126183145,-0.17860858,-0.8113913,-0.011408575,-0.26398832,-0.89988816,-0.0383683,-0.3562632,-0.93436396,-0.0539067,-0.044458777,-0.5803903,-0.036599312,-0.11924001,-0.76830393,-0.055389006,-0.18961908,-0.8677435,-0.06790203,-0.26343277,-0.9302657,-0.07569791
HELLO,0.0,0.0,0.0,-0.15695481,-0.062032122,-0.0066548204,-0.31467274,-0.23565143,-0.004796958,-0.4420883,-0.31981736,-0.017671606,-0.55639863,-0.33920196,-0.0301314,-0.22884949,-0.5538758,0.088611886,-0.2833029,-0.75041425,0.069492675,-0.34264007,-0.84035385,0.033835858,-0.4089327,-0.89342505,0.0047417907,-0.17273097,-0.5850683,0.057037942,-0.23539992,-0.8022131,0.032305416,-0.31039274,-0.88941133,-0.008938683,-0.3954728,-0.9173557,-0.036337916,-0.108714275,-0.5937703,0.013464564,-0.1780219,-0.8135774,-0.01095236,-0.26123154,-0.90255994,-0.039264467,-0.35239488,-0.93585145,-0.055931427,-0.042854745,-0.58156276,-0.03506158,-0.11287414,-0.7704479,-0.053633038,-0.18024163,-0.8710369,-0.06674376,-0.25260767,-0.93306303,-0.0753015
HELLO,0.0,0.0,0.0,-0.16252676,-0.05856259,-0.005708514,-0.32289794,-0.2280338,-0.0035418912,-0.4521987,-0.31183028,-0.016639307,-0.5681408,-0.32855695,-0.028908236,-0.23883256,-0.548666,0.093279146,-0.295596,-0.7461204,0.074342765,-0.35775602,-0.8328196,0.038393557,-0.42610586,-0.88208383,0.009546707,-0.18421698,-0.58250034,0.061352465,-0.25035238,-0.80004394,0.036785856,-0.32718414,-0.88318264,-0.0042389873,-0.4118994,-0.9065953,-0.03088362,-0.12120586,-0.5948055,0.017035121,-0.19425552,-0.8123915,-0.006678852,-0.2800392,-0.89755946,-0.03445619,-0.37217572,-0.9281623,-0.050309353,-0.055247176,-0.587404,-0.03236945,-0.12980203,-0.77520823,-0.050093226,-0.20125213,-0.8747546,-0.06296166,-0.2769216,-0.9378575,-0.07113977
HELLO,0.0,0.0,0.0,-0.16216923,-0.06621068,-0.00036602546,-0.3195968,-0.23382297,0.0034282347,-0.44545397,-0.3137348,-0.008934233,-0.55709803,-0.33665615,-0.020787505,-0.22963281,-0.5589424,0.09641232,-0.28182206,-0.7602418,0.07778393,-0.34233794,-0.8444989,0.041736767,-0.40967798,-0.8895607,0.012753306,-0.17367724,-0.58958423,0.06198285,-0.23361874,-0.81273174,0.03926336,-0.30995232,-0.89627707,-0.0010202295,-0.39423296,-0.9182244,-0.028458098,-0.109752245,-0.5983391,0.015527056,-0.17610739,-0.8259121,-0.0066613653,-0.2603737,-0.9107489,-0.033900805,-0.35109162,-0.93634117,-0.0507142,-0.042988375,-0.58537936,-0.03548797,-0.113193244,-0.7758393,-0.051582396,-0.18302734,-0.869674,-0.06307796,-0.25776914,-0.92246187,-0.07123481
HELLO,0.0,0.0,0.0,-0.16225564,-0.0666044,-0.0032621827,-0.31985262,-0.23337454,-0.0022325013,-0.44757202,-0.31219372,-0.017159598,-0.5618439,-0.33110556,-0.03171532,-0.23166138,-0.56056213,0.09343659,-0.28468996,-0.7604828,0.07244627,-0.34484985,-0.84448355,0.034428228,-0.4134246,-0.89125824,0.0042291856,-0.17554916,-0.59005433,0.059353445,-0.2375682,-0.8129089,0.03249772,-0.3119131,-0.89338756,-0.010949245,-0.39596757,-0.91359127,-0.039363626,-0.11119018,-0.5995309,0.013116782,-0.17915717,-0.82363343,-0.01190349,-0.26453426,-0.9073796,-0.041541345,-0.35769388,-0.9338389,-0.058838032,-0.04362976,-0.58868307,-0.0378543,-0.1157295,-0.7789163,-0.055457298,-0.18556987,-0.87640804,-0.06851538,-0.26020288,-0.93457425,-0.07721985
HELLO,0.0,0.0,0.0,-0.16079411,-0.061600734,-0.006100757,-0.3235546,-0.23056519,-0.0071664643,-0.45429155,-0.31043833,-0.023550205,-0.57017606,-0.33158562,-0.039499857,-0.23644689,-0.56395817,0.08578769,-0.29034787,-0.76936096,0.06110907,-0.35164163,-0.8541998,0.021139355,-0.42152217,-0.8966931,-0.00955413,-0.17984362,-0.5908874,0.052537885,-0.24225539,-0.8178384,0.022523679,-0.31704324,-0.8983128,-0.021926384,-0.40220428,-0.91555,-0.050582714,-0.11462155,-0.597868,0.007086629,-0.18260513,-0.82515645,-0.020831723,-0.2677707,-0.90752447,-0.051387135,-0.3614596,-0.93136746,-0.06887707,-0.046613045,-0.58425397,-0.043107595,-0.1191887,-0.7773583,-0.06303381,-0.18984924,-0.8743037,-0.07733822,-0.26599184,-0.9303174,-0.08672611
HELLO,0.0,0.0,0.0,-0.1593632,-0.06375067,-0.006311811,-0.32005945,-0.23420861,-0.00661341,-0.45049858,-0.3154182,-0.021809237,-0.56615394,-0.33676207,-0.03636385,-0.23336981,-0.5638874,0.0878501,-0.28662565,-0.7653555,0.06543733,-0.3459544,-0.84979355,0.026181504,-0.41463748,-0.8942701,-0.0046865013,-0.17718528,-0.59196484,0.055738997,-0.23750286,-0.81392133,0.028167218,-0.31024307,-0.8944797,-0.015492137,-0.39393315,-0.9152615,-0.044272218,-0.11228694,-0.59921527,0.0114955595,-0.17801067,-0.82256514,-0.014016957,-0.26035792,-0.9072295,-0.043453183,-0.35214624,-0.935945,-0.061009753,-0.044456843,-0.584514,-0.037678592,-0.11247759,-0.77578515,-0.056800332,-0.18222328,-0.8746406,-0.07109736,-0.25852662,-0.9342425,-0.080791935
HELLO,0.0,0.0,0.0,-0.16241737,-0.06496451,-0.0002771031,-0.32108876,-0.23650594,0.0036270116,-0.44836786,-0.3193376,-0.008834629,-0.56328905,-0.34255674,-0.020406203,-0.23221913,-0.5623053,0.10053393,-0.28648034,-0.763113,0.08357256,-0.34740207,-0.84589803,0.048505813,-0.41684106,-0.88982743,0.020267783,-0.17700037,-0.591125,0.065550976,-0.2390895,-0.81105894,0.04396953,-0.31397563,-0.8928586,0.0043873456,-0.3992643,-0.91520935,-0.021900889,-0.11301737,-0.5984408,0.018173661,-0.18277636,-0.82015556,-0.004061069,-0.26684678,-0.90426093,-0.030583164,-0.3590801,-0.9333067,-0.0461588,-0.04679106,-0.58570915,-0.033940364,-0.121230125,-0.77651554,-0.05115503,-0.1929615,-0.87403554,-0.06342204,-0.26925984,-0.9350532,-0.071460456
HELLO,0.0,0.0,0.0,-0.16474673,-0.07201954,-0.0026940869,-0.32086924,-0.23858581,-0.0013347954,-0.4489894,-0.31828266,-0.016182661,-0.56293124,-0.3413165,-0.030318474,-0.23212267,-0.56163055,0.09664542,-0.28502062,-0.7633988,0.075592384,-0.34566015,-0.8467645,0.03712597,-0.41589853,-0.8902484,0.0070012994,-0.1768129,-0.59105307,0.06285529,-0.23731269,-0.8096599,0.03840565,-0.31115627,-0.8925201,-0.0039708093,-0.3959601,-0.9170831,-0.032599013,-0.112589136,-0.5998268,0.016576195,-0.18131046,-0.8199002,-0.0068175974,-0.26377815,-0.90429837,-0.034200028,-0.3549695,-0.9348779,-0.050570033,-0.044732966,-0.5879706,-0.034610815,-0.11754039,-0.7786443,-0.051582202,-0.18900669,-0.87516826,-0.06316302,-0.2664031,-0.93438417,-0.07079791
HELLO,0.0,0.0,0.0,-0.16357297,-0.06397271,-0.0033339222,-0.32474527,-0.23508617,-0.0008342773,-0.45389825,-0.31704977,-0.014256606,-0.5689235,-0.3417888,-0.026598008,-0.23358573,-0.562613,0.09864178,-0.28784344,-0.7595773,0.08217841,-0.34737396,-0.8424142,0.046904474,-0.4155288,-0.88841724,0.018049726,-0.17688663,-0.5935806,0.06509961,-0.23915093,-0.8082751,0.04521176,-0.3125961,-0.8908396,0.006507468,-0.39681336,-0.91722065,-0.019958047,-0.11110357,-0.60167325,0.018937461,-0.18155587,-0.81985,-0.0021810108,-0.26241335,-0.90423274,-0.026822437,-0.35206574,-0.9359753,-0.041585863,-0.0431701,-0.58745486,-0.032355916,-0.11720715,-0.77723855,-0.048817717,-0.18740714,-0.87401354,-0.059272613,-0.26290765,-0.9342557,-0.066092834
HELLO,0.0,0.0,0.0,-0.16298112,-0.0652535,-0.0023887532,-0.3236707,-0.23680387,0.0012723011,-0.45148683,-0.31971303,-0.010764038,-0.56495804,-0.3465396,-0.02165794,-0.23125973,-0.5638098,0.09898203,-0.28631538,-0.761735,0.08273033,-0.34619746,-0.84406286,0.04789777,-0.41497275,-0.88859516,0.01984158,-0.1742894,-0.5937836,0.06587411,-0.23770422,-0.8079391,0.04678147,-0.3106006,-0.89098257,0.008312533,-0.39441705,-0.91674757,-0.017822288,-0.10838595,-0.60207385,0.020329492,-0.18003783,-0.8182678,-8.811446e-05,-0.2608758,-0.9032059,-0.024526797,-0.35084218,-0.9364346,-0.038988106,-0.040515397,-0.5893139,-0.030166797,-0.11546635,-0.77771944,-0.04660541,-0.18546411,-0.8765768,-0.057243876,-0.26052958,-0.94092375,-0.06381988
HELLO,0.0,0.0,0.0,-0.16432486,-0.067010514,-0.0030843175,-0.32333466,-0.23767622,0.0006527795,-0.4500644,-0.31929138,-0.011040191,-0.5612024,-0.34808207,-0.021580923,-0.23265031,-0.56149495,0.0959027,-0.28633896,-0.75977534,0.07752043,-0.34554234,-0.84348255,0.04142289,-0.4145569,-0.88777673,0.012810638,-0.17788133,-0.5924975,0.0635459,-0.23949072,-0.80560976,0.04238332,-0.3108328,-0.88870364,0.0027860024,-0.39328036,-0.9142671,-0.023807134,-0.113375455,-0.6020002,0.01888009,-0.18315697,-0.8169301,-0.0021694398,-0.26194018,-0.90247256,-0.027383024,-0.35040855,-0.93659693,-0.042337194,-0.045838352,-0.5889177,-0.030786317,-0.117444225,-0.7757407,-0.047320616,-0.18603028,-0.87434167,-0.058318663,-0.26043454,-0.9384938,-0.065101035
HELLO,0.0,0.0,0.0,-0.15960522,-0.06916717,-0.0030132635,-0.316482,-0.23876785,0.00023898145,-0.4432703,-0.3187318,-0.011817058,-0.5543125,-0.34920052,-0.022996018,-0.22243369,-0.56433856,0.09455679,-0.2761456,-0.76054627,0.0775843,-0.33511606,-0.8452379,0.042531136,-0.4017822,-0.89359355,0.013846414,-0.16622563,-0.59470123,0.06170987,-0.22564481,-0.8091837,0.04190255,-0.29802784,-0.89439535,0.0035232846,-0.38025108,-0.92348504,-0.02299748,-0.10099121,-0.6020775,0.016756928,-0.1682299,-0.8196303,-0.0035528175,-0.2462908,-0.9065562,-0.0273482,-0.3335554,-0.9427305,-0.042063337,-0.03347656,-0.58556867,-0.033208672,-0.10263581,-0.7720497,-0.048964158,-0.16770975,-0.8685307,-0.058372445,-0.23851563,-0.93008626,-0.06457782
HELLO,0.0,0.0,0.0,-0.16150792,-0.06700269,-0.006896165,-0.317257,-0.23371513,-0.0070125647,-0.44297493,-0.31425634,-0.021887979,-0.5538408,-0.34614795,-0.03560011,-0.22896533,-0.5648485,0.08944844,-0.28336966,-0.76361245,0.06781468,-0.3421186,-0.8469238,0.029551532,-0.4104827,-0.89027053,0.00012472019,-0.17370994,-0.5942988,0.058137212,-0.2354711,-0.8104291,0.033793736,-0.30715522,-0.89293814,-0.008056133,-0.39004606,-0.91548187,-0.035570346,-0.109174274,-0.60277855,0.014367427,-0.17848393,-0.8203654,-0.008675195,-0.25826138,-0.9055275,-0.0358362,-0.34777576,-0.9375777,-0.051552635,-0.0413249,-0.58995163,-0.034588773,-0.113799,-0.7794379,-0.05254121,-0.1818889,-0.8794658,-0.064977966,-0.25566864,-0.9446642,-0.07242201
HELLO,0.0,0.0,0.0,-0.1626499,-0.06562458,-0.0066979066,-0.3194386,-0.23048043,-0.008210222,-0.44550198,-0.3119692,-0.024442658,-0.5573903,-0.34340155,-0.039774008,-0.22758803,-0.5638041,0.08506339,-0.27886987,-0.7633317,0.06248454,-0.3385664,-0.84848523,0.024144692,-0.40683383,-0.89441246,-0.0058662305,-0.1704158,-0.59427416,0.052557092,-0.22871228,-0.8136869,0.027466595,-0.3022694,-0.89670646,-0.01267169,-0.38607186,-0.9208044,-0.039535977,-0.10480189,-0.6019871,0.007879593,-0.17019182,-0.8226254,-0.016009213,-0.25047004,-0.9078661,-0.040556747,-0.3397283,-0.9405237,-0.055098705,-0.036756124,-0.5847361,-0.041982397,-0.10441656,-0.77457505,-0.060318414,-0.17131789,-0.87199575,-0.07066958,-0.24445482,-0.9328134,-0.07700718
HELLO,0.0,0.0,0.0,-0.16272087,-0.063995175,-0.0066624573,-0.32155648,-0.23126309,-0.006160224,-0.45008582,-0.31482035,-0.020685801,-0.561875,-0.33815533,-0.034530737,-0.2291335,-0.55902994,0.089752845,-0.28051412,-0.758437,0.06925343,-0.33783022,-0.8444113,0.031454064,-0.40442127,-0.8919857,0.0012404755,-0.17182061,-0.59111345,0.05781481,-0.22987337,-0.8107079,0.033672214,-0.30156484,-0.89542884,-0.00755617,-0.38422295,-0.9199745,-0.035538904,-0.10607105,-0.6008308,0.013497502,-0.1713497,-0.8234306,-0.010043051,-0.25104395,-0.91068995,-0.03700911,-0.33914235,-0.9407351,-0.053254943,-0.037708145,-0.587414,-0.0359524,-0.10756339,-0.77705806,-0.053762957,-0.17531474,-0.8746324,-0.0654446,-0.24843882,-0.9330879,-0.07318501
HELLO,0.0,0.0,0.0,-0.16310985,-0.06634451,-0.012077276,-0.31524533,-0.22879423,-0.016359922,-0.4431106,-0.31080338,-0.034461632,-0.5564372,-0.33729833,-0.05185442,-0.2209782,-0.5546717,0.07929368,-0.26896915,-0.7583154,0.054165978,-0.32512185,-0.8484134,0.01366391,-0.3907907,-0.89877236,-0.017891604,-0.16308798,-0.5846904,0.05024245,-0.21549927,-0.807514,0.022143409,-0.285893,-0.898395,-0.02153557,-0.3680365,-0.92981136,-0.051601462,-0.09742725,-0.5923877,0.008889973,-0.15465187,-0.8183246,-0.016742248,-0.23121336,-0.9103841,-0.04608434,-0.31704488,-0.94302446,-0.06448335,-0.028843265,-0.57745916,-0.037781127,-0.08772213,-0.76661325,-0.056554947,-0.15198646,-0.86560154,-0.069908656,-0.22259252,-0.92241645,-0.07924953
HELLO,0.0,0.0,0.0,-0.15943299,-0.06313404,-0.013483932,-0.31442538,-0.23476662,-0.017073985,-0.44131637,-0.32196605,-0.033854432,-0.5533666,-0.3465763,-0.049823888,-0.21838647,-0.55484086,0.07609247,-0.263925,-0.7598442,0.052490957,-0.3197177,-0.851055,0.013872524,-0.38534012,-0.9007142,-0.016524807,-0.158921,-0.5838925,0.047708035,-0.20981283,-0.8069909,0.02101649,-0.2804802,-0.9000273,-0.020619921,-0.36377794,-0.93148565,-0.049186468,-0.09118053,-0.5901077,0.0070817242,-0.14915024,-0.81627816,-0.017991448,-0.22595672,-0.9124587,-0.046445683,-0.31243786,-0.9483609,-0.06431289,-0.021236636,-0.5740669,-0.038966235,-0.08231308,-0.7621513,-0.058363326,-0.14616074,-0.86551094,-0.07216355,-0.21618722,-0.9281085,-0.081752494
HELLO,0.0,0.0,0.0,-0.14852186,-0.062130515,-0.013293001,-0.29893905,-0.23076017,-0.009853256,-0.41043058,-0.32768178,-0.016897392,-0.49613,-0.3824558,-0.02251326,-0.20670582,-0.54844433,0.06817714,-0.24781688,-0.74623436,0.05124995,-0.29802704,-0.83900297,0.019973323,-0.35996482,-0.89265734,-0.0051487023,-0.14195669,-0.5774699,0.04378663,-0.18150808,-0.80016863,0.024507577,-0.24488348,-0.9025497,-0.009573,-0.32161608,-0.94322026,-0.033682182,-0.07357331,-0.58316475,0.007846264,-0.11605179,-0.8087855,-0.012437231,-0.18541478,-0.91491747,-0.040445883,-0.26589862,-0.96400094,-0.05916798,-0.006229465,-0.567062,-0.03301994,-0.055985715,-0.7560657,-0.052454136,-0.11664533,-0.85848427,-0.06843663,-0.18516028,-0.91888803,-0.08000159
HELLO,0.0,0.0,0.0,-0.15498506,-0.055577964,-0.013167579,-0.3085478,-0.23491417,-0.011569874,-0.42120847,-0.33949122,-0.021818556,-0.5182413,-0.38745406,-0.030291278,-0.21226123,-0.54538214,0.0737722,-0.2523679,-0.74456954,0.056364927,-0.30417064,-0.8375258,0.0243605,-0.36662948,-0.89268327,-0.0016189486,-0.15021954,-0.5764775,0.047193184,-0.19294101,-0.79958904,0.026465178,-0.2610677,-0.89816016,-0.0074986015,-0.3424136,-0.9354184,-0.031143118,-0.083341524,-0.5848942,0.008399791,-0.13156494,-0.8142024,-0.01560262,-0.20762199,-0.9151354,-0.042320862,-0.2934756,-0.95596653,-0.058625672,-0.015516104,-0.5736478,-0.035526052,-0.07225057,-0.7704384,-0.057505663,-0.1408163,-0.87422305,-0.072887495,-0.21791081,-0.93495834,-0.08317743
HELLO,0.0,0.0,0.0,-0.14496838,-0.05298719,-0.01910986,-0.27767554,-0.23228002,-0.0070809824,-0.35155624,-0.36820063,-0.0012446583,-0.38462538,-0.45949307,0.0074686813,-0.19294737,-0.52827877,0.056034904,-0.23811638,-0.71299815,0.048150193,-0.28300637,-0.80918664,0.029098883,-0.33439407,-0.87649584,0.012776272,-0.12384848,-0.5755157,0.040704865,-0.15227501,-0.792718,0.03358128,-0.20496996,-0.9005755,0.01654991,-0.26432008,-0.955205,0.0058874856,-0.053510264,-0.59205717,0.014355187,-0.08889565,-0.8033595,0.0030857765,-0.14129497,-0.91131884,-0.010643559,-0.1971691,-0.9803695,-0.018896474,0.013611872,-0.5838995,-0.018074973,-0.017833589,-0.7718797,-0.033451557,-0.05936034,-0.884537,-0.042423043,-0.10545624,-0.96882164,-0.04715221
HELLO,0.0,0.0,0.0,-0.14608642,-0.054498516,-0.023934254,-0.25867653,-0.22240508,-0.019427344,-0.2915061,-0.3899725,-0.017797427,-0.28889364,-0.51548344,-0.013471108,-0.21254866,-0.49304476,0.037510052,-0.2779507,-0.65256184,0.02987308,-0.3158473,-0.7518278,0.012621666,-0.3474163,-0.8391445,-0.004307941,-0.12382953,-0.5545711,0.024611114,-0.15257014,-0.76295835,0.0238876,-0.18215959,-0.885287,0.0061727855,-0.2137462,-0.97688925,-0.009393078,-0.035857804,-0.563257,0.0022312372,-0.033864874,-0.7678472,-0.013617701,-0.04757113,-0.89115053,-0.03700596,-0.068296716,-0.99170893,-0.056079734,0.044604607,-0.5304651,-0.024116086,0.08619092,-0.67789584,-0.046494093,0.10570479,-0.7790117,-0.059711028,0.117567085,-0.8703878,-0.06924681
HELLO,0.0,0.0,0.0,-0.14964774,-0.05567545,-0.027274847,-0.26410303,-0.21980129,-0.023766369,-0.29367593,-0.38667575,-0.0225065,-0.29786798,-0.51311994,-0.019003864,-0.21895862,-0.5019001,0.03794296,-0.2847263,-0.6615253,0.029676585,-0.3229754,-0.76377857,0.010318306,-0.35535848,-0.8534145,-0.008383357,-0.126462,-0.5602167,0.025365919,-0.15885915,-0.7651978,0.024059106,-0.18955901,-0.8849637,0.0035892054,-0.220924,-0.9752911,-0.01467205,-0.03501315,-0.5665638,0.002698436,-0.03449568,-0.76602185,-0.01322745,-0.048645787,-0.8905605,-0.039243355,-0.06869192,-0.99412817,-0.06103373,0.048986267,-0.531011,-0.024300411,0.08488112,-0.6762303,-0.045478992,0.10077724,-0.77778244,-0.05877041,0.109675705,-0.8725906,-0.069564894
HELLO,0.0,0.0,0.0,-0.15336919,-0.053832445,-0.038308017,-0.26905787,-0.20977326,-0.04224895,-0.29652002,-0.38275114,-0.047364324,-0.28286555,-0.521795,-0.0469607,-0.2289281,-0.5033413,0.035740655,-0.29760492,-0.66028076,0.026889952,-0.33335662,-0.7621584,0.012113989,-0.35579267,-0.8542546,-0.0017549868,-0.13796279,-0.5646506,0.027693916,-0.17042011,-0.767018,0.02969199,-0.19002183,-0.88646203,0.022279082,-0.20674157,-0.97839564,0.016702436,-0.043834597,-0.56909215,0.0066814017,-0.038936812,-0.7696513,-0.013062652,-0.042703576,-0.8942984,-0.028881358,-0.0507048,-0.9966618,-0.038627487,0.047317624,-0.5326001,-0.020171002,0.101163596,-0.68565875,-0.051115163,0.13287832,-0.7913986,-0.06544385,0.15942286,-0.8917802,-0.071356475
HELLO,0.0,0.0,0.0,-0.14820893,-0.047915444,-0.030628122,-0.2691499,-0.21485552,-0.020834073,-0.31242254,-0.3696808,-0.010972505,-0.33131802,-0.48710665,0.0029661837,-0.23223,-0.503348,0.029534182,-0.29850546,-0.67057914,0.026346074,-0.32737225,-0.77667075,0.017235484,-0.3455295,-0.8665366,0.0077812592,-0.13075449,-0.56331265,0.022267617,-0.16058724,-0.7691564,0.027682645,-0.17256181,-0.8935898,0.021036321,-0.18260472,-0.98318636,0.015477929,-0.030145012,-0.5656492,0.0041977954,-0.017533366,-0.7585183,-0.013705035,-0.014248315,-0.8803829,-0.035171296,-0.017804617,-0.98049176,-0.04914277,0.064416625,-0.5269113,-0.01797522,0.12780298,-0.67093515,-0.04899686,0.16433077,-0.7725636,-0.06747175,0.19347182,-0.8696202,-0.07681184
HELLO,0.0,0.0,0.0,-0.14344756,-0.05312067,-0.0375379,-0.28115806,-0.20580739,-0.04456842,-0.3927545,-0.29880205,-0.052153893,-0.4908133,-0.3223351,-0.058002252,-0.22293264,-0.5116638,0.01770896,-0.28809988,-0.6842978,0.011138758,-0.314306,-0.7909063,-0.0029973923,-0.3280004,-0.882609,-0.017815871,-0.121703595,-0.56149065,0.007905843,-0.1504637,-0.7649031,0.009675332,-0.15927516,-0.8910381,-0.0042083757,-0.16363578,-0.9865208,-0.017327566,-0.017919425,-0.5578874,-0.012228473,-0.009670767,-0.7440978,-0.031232473,2.8644006e-05,-0.8580236,-0.05526784,0.0032848865,-0.9498573,-0.07230901,0.07891628,-0.51417714,-0.03702854,0.135431,-0.6570617,-0.063134074,0.17295119,-0.7520772,-0.07936605,0.2027537,-0.83929706,-0.089481995
HELLO,0.0,0.0,0.0,-0.14123228,-0.06354614,-0.05030136,-0.28396103,-0.21302648,-0.06582535,-0.40708694,-0.29157576,-0.080753736,-0.51252985,-0.29838687,-0.09280289,-0.22342342,-0.52368927,0.016169531,-0.28297633,-0.69471574,0.010667931,-0.30690494,-0.79994047,-0.0016787373,-0.3182005,-0.88906705,-0.0150333,-0.122014284,-0.569406,0.0115666725,-0.14811513,-0.7712415,0.01695074,-0.15599187,-0.8912139,0.009527219,-0.15998448,-0.9871195,0.0021610586,-0.01729282,-0.5616647,-0.0055138245,-0.012993611,-0.7467993,-0.020787986,-0.0050821044,-0.8529289,-0.03627133,-0.0033213422,-0.93977773,-0.04647977,0.082055785,-0.5157851,-0.02936876,0.13197961,-0.6502179,-0.05155527,0.1622911,-0.741028,-0.062511206,0.1858078,-0.8283342,-0.0683813
HELLO,0.0,0.0,0.0,-0.14422065,-0.0652016,-0.052233946,-0.2857644,-0.20853923,-0.0679579,-0.4080819,-0.27764422,-0.08289097,-0.511741,-0.28456566,-0.094573416,-0.22406843,-0.52558374,0.02095491,-0.2780459,-0.7018173,0.018620187,-0.29959416,-0.80717343,0.0072696144,-0.31027794,-0.89759624,-0.004952247,-0.123104066,-0.56607646,0.01887314,-0.1482648,-0.7711114,0.032746375,-0.1548133,-0.89268583,0.030852547,-0.15888657,-0.9872969,0.02687791,-0.01848173,-0.55506533,0.0033728029,-0.015166116,-0.7400926,-0.0023516312,-0.0073208655,-0.8426014,-0.011063288,-0.007792635,-0.9269793,-0.01728792,0.080828734,-0.50891405,-0.019943371,0.12325244,-0.64418924,-0.032845195,0.14980479,-0.728975,-0.037108123,0.16985562,-0.81021875,-0.03857665
HELLO,0.0,0.0,0.0,-0.14306146,-0.06662848,-0.0493982,-0.2845127,-0.21437772,-0.063981235,-0.40807337,-0.28504533,-0.07862661,-0.5140401,-0.28820217,-0.09021749,-0.22178794,-0.52895045,0.024628641,-0.27570546,-0.7031719,0.021459125,-0.29585776,-0.8077768,0.008986066,-0.3054988,-0.89818615,-0.0039089085,-0.12256931,-0.5692941,0.02103371,-0.14836231,-0.773298,0.034542084,-0.15479864,-0.89389503,0.03223344,-0.15868147,-0.98732984,0.028077153,-0.018404163,-0.5583156,0.0041751144,-0.016311271,-0.74310964,-0.0008246326,-0.00904732,-0.8457588,-0.008243556,-0.009487422,-0.92965025,-0.013630376,0.080912784,-0.51141626,-0.020468125,0.122369565,-0.64601374,-0.03131554,0.14840126,-0.7301304,-0.03363325,0.16840425,-0.80958784,-0.0338749
HELLO,0.0,0.0,0.0,-0.14267299,-0.06609873,-0.053063985,-0.28346154,-0.21334642,-0.06809649,-0.40818667,-0.28386965,-0.08241954,-0.5134073,-0.28608608,-0.09348738,-0.22218733,-0.5311174,0.024990574,-0.27564245,-0.7068748,0.024802117,-0.2971523,-0.81098574,0.014945716,-0.30755424,-0.9011055,0.004115359,-0.12172897,-0.56960493,0.02457629,-0.14631248,-0.7740174,0.043028012,-0.15350878,-0.8932661,0.044706307,-0.15832722,-0.98738664,0.043289106,-0.016780062,-0.55767554,0.010365113,-0.014199951,-0.74141425,0.01024346,-0.008096393,-0.8418334,0.0058074757,-0.010178368,-0.9249311,0.0021731507,0.08318045,-0.5128347,-0.012187379,0.12047497,-0.64812535,-0.018292313,0.14466709,-0.72973806,-0.017540306,0.1636756,-0.8072245,-0.015844347
HELLO,0.0,0.0,0.0,-0.14737107,-0.069275774,-0.05551662,-0.2906874,-0.21245055,-0.07286954,-0.4176068,-0.27612588,-0.08897915,-0.52197134,-0.2733233,-0.101878904,-0.21864524,-0.53543663,0.019980984,-0.2704645,-0.7106738,0.016175056,-0.2904338,-0.8137989,0.0034743268,-0.2995712,-0.90329695,-0.009133743,-0.11689876,-0.5712043,0.01976519,-0.1401312,-0.7747747,0.034103606,-0.14784789,-0.89254445,0.03293328,-0.1522006,-0.9883497,0.02971462,-0.011791527,-0.55595505,0.00569642,-0.007769473,-0.74115866,0.0020943999,-0.0034986923,-0.83994466,-0.0033367104,-0.0068789856,-0.92316866,-0.0071768747,0.08849585,-0.5073263,-0.016720664,0.12536317,-0.64275557,-0.025028085,0.14716262,-0.72456616,-0.024287933,0.16333951,-0.8034863,-0.022264197
HELLO,0.0,0.0,0.0,-0.14921375,-0.061407447,-0.05343607,-0.29522276,-0.20340945,-0.06886873,-0.4196919,-0.2771119,-0.08287483,-0.52392083,-0.28084838,-0.093741134,-0.21057495,-0.531031,0.018186398,-0.2608728,-0.71108466,0.015647756,-0.27919143,-0.81723434,0.0037169126,-0.28605238,-0.90753853,-0.009016868,-0.10834094,-0.5652236,0.017160747,-0.13067931,-0.7734697,0.030952994,-0.13819776,-0.89443415,0.028526075,-0.14230861,-0.9898224,0.023365999,-0.004271919,-0.54941714,0.002792127,0.00029048856,-0.73780483,-0.0014669399,0.0051842076,-0.8376841,-0.009226317,0.0025917178,-0.9189972,-0.015849821,0.09499902,-0.5001629,-0.019558504,0.13265908,-0.6372291,-0.030045738,0.15471691,-0.7198088,-0.0323801,0.17075564,-0.7974566,-0.03336302
HELLO,0.0,0.0,0.0,-0.150932,-0.05887094,-0.038486794,-0.29644585,-0.19980751,-0.046042077,-0.41819733,-0.27123258,-0.055230815,-0.5212478,-0.27577758,-0.061449304,-0.2088648,-0.52855486,0.037681557,-0.25808194,-0.71252525,0.043559115,-0.27396503,-0.8195058,0.038075574,-0.28083926,-0.90795285,0.030275049,-0.10973011,-0.56200266,0.03229497,-0.13404599,-0.7746109,0.059008904,-0.1401069,-0.8956081,0.066090524,-0.14603077,-0.98928,0.06716213,-0.007495398,-0.5465846,0.014120121,-0.003904342,-0.731445,0.023860147,0.00036663507,-0.8334036,0.023764497,-0.0038616813,-0.9180234,0.02030329,0.09064087,-0.4975075,-0.011637153,0.12687106,-0.62900454,-0.011222853,0.14858198,-0.7091104,-0.007866037,0.16532224,-0.7835513,-0.005825525
HELLO,0.0,0.0,0.0,-0.15612192,-0.058179215,-0.04064026,-0.29678553,-0.19209798,-0.051375438,-0.41830054,-0.2672623,-0.06425435,-0.5215201,-0.27607793,-0.074670665,-0.205019,-0.52297163,0.039377254,-0.24755687,-0.7095345,0.045403957,-0.26257205,-0.8217788,0.03948848,-0.2700294,-0.9146277,0.030835634,-0.103811994,-0.5553432,0.033348527,-0.12447736,-0.77199113,0.05907212,-0.13094468,-0.89399093,0.06501099,-0.13791223,-0.9904445,0.064973995,-0.0016450711,-0.5389463,0.014110361,0.005574721,-0.7260909,0.022393228,0.009573113,-0.83149713,0.022190828,0.005415838,-0.91996056,0.018430993,0.097585835,-0.48809725,-0.012998869,0.13274996,-0.62272054,-0.012706544,0.1553597,-0.7050158,-0.00838226,0.17360754,-0.7814911,-0.00622697
HELLO,0.0,0.0,0.0,-0.15311682,-0.061339542,-0.043149084,-0.29238454,-0.19453864,-0.05564397,-0.4138658,-0.26823175,-0.06981266,-0.51719326,-0.279798,-0.08138237,-0.20194447,-0.52726406,0.036687464,-0.24393587,-0.71150655,0.04107705,-0.25870535,-0.8226778,0.033470728,-0.26544973,-0.91553646,0.023471937,-0.10142746,-0.557134,0.03111032,-0.12286134,-0.7729272,0.05486166,-0.12944181,-0.8943409,0.05916893,-0.13556059,-0.990769,0.05786639,0.0006783078,-0.537971,0.0120885605,0.006888969,-0.72492194,0.018157402,0.010739652,-0.82986987,0.016650453,0.007288686,-0.9185461,0.0121564185,0.100549005,-0.48504648,-0.015011468,0.13556352,-0.62020165,-0.01631694,0.15803833,-0.70201826,-0.012867905,0.17645673,-0.7791113,-0.011411746
HELLO,0.0,0.0,0.0,-0.15477112,-0.06028787,-0.041549537,-0.29711562,-0.19514433,-0.053284783,-0.4177204,-0.27258563,-0.066630445,-0.5190225,-0.2837986,-0.077525,-0.20140281,-0.52811164,0.032606564,-0.23968326,-0.7172263,0.035723593,-0.25192234,-0.82987654,0.02715502,-0.25750965,-0.9240424,0.016285565,-0.09987992,-0.5595284,0.026018066,-0.11639536,-0.7743531,0.047338642,-0.12052601,-0.896343,0.04865021,-0.12467828,-0.9921973,0.044907972,0.002469345,-0.54244024,0.0068200273,0.012655334,-0.7263387,0.012066906,0.01824311,-0.8315339,0.0082560945,0.015571377,-0.9201592,0.0017457524,0.10064773,-0.48869735,-0.020070873,0.1384058,-0.6222988,-0.02137211,0.16261607,-0.70483303,-0.018722432,0.18180269,-0.7808343,-0.018117651
HELLO,0.0,0.0,0.0,-0.15221646,-0.06284905,-0.043320946,-0.29216364,-0.19598532,-0.058156997,-0.41427457,-0.26945704,-0.07509828,-0.5175137,-0.28241533,-0.08933664,-0.19736917,-0.5315291,0.035448723,-0.23574491,-0.71623176,0.039139293,-0.2485506,-0.8271595,0.031367633,-0.25342005,-0.9185959,0.021463713,-0.09720333,-0.56122226,0.028913632,-0.11585464,-0.7755777,0.052864294,-0.12107837,-0.8965937,0.05790816,-0.12552665,-0.9920903,0.05724143,0.0047667217,-0.5426921,0.0088823885,0.0144000035,-0.7265144,0.016633196,0.019862872,-0.8317146,0.016683523,0.01765669,-0.92022914,0.012880608,0.10343162,-0.48849994,-0.019593658,0.14117889,-0.61909515,-0.018743774,0.16359527,-0.6998085,-0.014013646,0.18193966,-0.77497804,-0.011823068
HELLO,0.0,0.0,0.0,-0.15609813,-0.06217853,-0.04300696,-0.2968242,-0.19808687,-0.0574917,-0.41927546,-0.2745315,-0.07406979,-0.5229219,-0.288336,-0.08801759,-0.20402506,-0.5308608,0.03812525,-0.24215004,-0.71799093,0.044513766,-0.25252202,-0.82908136,0.03802141,-0.2556938,-0.9207379,0.028569054,-0.10437289,-0.56111515,0.031658225,-0.12342437,-0.7751392,0.058044113,-0.12751132,-0.89660764,0.063311175,-0.13092421,-0.9913924,0.06249874,-0.0037373381,-0.5423975,0.011801974,0.0061093043,-0.72672397,0.022070162,0.012474812,-0.83187556,0.022113197,0.011401346,-0.92043746,0.017629135,0.09417829,-0.48774624,-0.016527187,0.13084614,-0.6165416,-0.014499193,0.15347365,-0.69704336,-0.010034734,0.17209125,-0.77280647,-0.008318686
HELLO,0.0,0.0,0.0,-0.14921252,-0.06332274,-0.043670885,-0.28714892,-0.2018075,-0.057824604,-0.4077473,-0.27706674,-0.07396809,-0.51083755,-0.28625152,-0.08775199,-0.19655956,-0.5335442,0.035768542,-0.23132268,-0.7194471,0.040361684,-0.24166377,-0.8297114,0.032690845,-0.24566728,-0.92300564,0.022160854,-0.09644546,-0.5630972,0.028780142,-0.112682104,-0.7750919,0.051912587,-0.1153402,-0.896884,0.055170607,-0.11777847,-0.9930399,0.053060185,0.0042599435,-0.5435116,0.008539116,0.015139373,-0.72477293,0.015615572,0.020672167,-0.82955855,0.015152014,0.01805169,-0.9195284,0.010783699,0.10115112,-0.4870164,-0.020115022,0.13870569,-0.61687285,-0.020006001,0.16245739,-0.69835794,-0.01557974,0.18100841,-0.77588785,-0.013778561
HELLO,0.0,0.0,0.0,-0.15167964,-0.060078096,-0.043604136,-0.2872978,-0.19663979,-0.059452802,-0.4078123,-0.2709315,-0.077611335,-0.5109832,-0.28699908,-0.09328699,-0.19662488,-0.53155774,0.03626193,-0.23280011,-0.718359,0.04143158,-0.2432205,-0.82974213,0.034343593,-0.24567819,-0.92240965,0.024668945,-0.09694165,-0.5605515,0.029678758,-0.115372874,-0.774351,0.056333393,-0.11881705,-0.89690965,0.062843144,-0.12115316,-0.9926338,0.0628249,0.003243006,-0.54162484,0.009661477,0.012247693,-0.7261355,0.021456568,0.019902823,-0.8315777,0.024860574,0.020063734,-0.9203179,0.02234544,0.10072901,-0.48718724,-0.019287761,0.13860528,-0.61782134,-0.015832335,0.1621048,-0.6988298,-0.009345357,0.181211,-0.7751136,-0.006275253
HELLO,0.0,0.0,0.0,-0.15077755,-0.06094018,-0.04810212,-0.28810328,-0.19338515,-0.06752245,-0.41000488,-0.2686571,-0.08802612,-0.5153299,-0.2871185,-0.105975874,-0.19673647,-0.5297846,0.024566278,-0.23169741,-0.7178454,0.024004094,-0.24180777,-0.8296918,0.013617198,-0.2443656,-0.92298675,0.0020017643,-0.096110135,-0.55878043,0.019182395,-0.111891344,-0.77280843,0.03835947,-0.115295954,-0.89567846,0.040174123,-0.11726403,-0.9931008,0.037159517,0.0043284264,-0.53916585,0.00063322444,0.015683215,-0.7227497,0.004756765,0.022926908,-0.8282344,0.0037666773,0.022507856,-0.9180401,-0.0007191818,0.10036402,-0.48315403,-0.026504163,0.13998921,-0.61375856,-0.029075693,0.16427821,-0.69546944,-0.02556824,0.18378389,-0.77317107,-0.023970459
HELLO,0.0,0.0,0.0,-0.14941277,-0.0629604,-0.041891992,-0.28876776,-0.19993196,-0.05716633,-0.40952975,-0.2757542,-0.074383035,-0.51329446,-0.29215887,-0.08926223,-0.1944834,-0.532695,0.028682442,-0.23094875,-0.72357696,0.029744122,-0.24121542,-0.83526087,0.020659335,-0.24454254,-0.9292465,0.010172103,-0.09487354,-0.5616355,0.0211296,-0.11044106,-0.77568805,0.04271777,-0.11321158,-0.8979746,0.04611042,-0.115172125,-0.99334556,0.044383906,0.0059796497,-0.5417448,0.001163276,0.018783553,-0.72520465,0.00892694,0.025632674,-0.83109206,0.010819565,0.024361808,-0.9206446,0.008043875,0.102079384,-0.4838011,-0.027033292,0.14117636,-0.6137513,-0.025940187,0.16546254,-0.6956837,-0.019233903,0.18539363,-0.77252185,-0.015245229
HELLO,0.0,0.0,0.0,-0.14808647,-0.06489714,-0.04568335,-0.28609344,-0.20194578,-0.0625802,-0.40488008,-0.28069982,-0.08052393,-0.5063625,-0.29685578,-0.09614655,-0.18958637,-0.5294851,0.020339906,-0.22117211,-0.721346,0.01708644,-0.23019482,-0.83364135,0.0050752126,-0.2330486,-0.92868066,-0.0075451215,-0.08912924,-0.55785125,0.013784481,-0.10132866,-0.773093,0.028781537,-0.103305824,-0.8963886,0.027480522,-0.10473549,-0.9945001,0.022393957,0.011595241,-0.53780466,-0.0052218344,0.026389066,-0.7222831,-0.004058543,0.033571985,-0.8293439,-0.007671504,0.033300374,-0.92146003,-0.013669911,0.10738335,-0.48020735,-0.032302566,0.14940535,-0.6104554,-0.035967108,0.17461754,-0.6933389,-0.0333372,0.19565542,-0.77219427,-0.03236642
HELLO,0.0,0.0,0.0,-0.14824131,-0.065546475,-0.044200458,-0.28403553,-0.2042115,-0.05921583,-0.4013316,-0.2826817,-0.07521268,-0.49938515,-0.3046923,-0.088537075,-0.18542853,-0.5308349,0.02404842,-0.21854374,-0.72109306,0.022711674,-0.22946768,-0.83234894,0.011891749,-0.23305897,-0.9254276,8.785616e-05,-0.08531233,-0.55855435,0.01758879,-0.100237116,-0.77383995,0.034602646,-0.10434676,-0.8974907,0.03454383,-0.10718971,-0.9942386,0.030221755,0.014729397,-0.5381279,-0.0014905867,0.027712781,-0.726699,0.0009486001,0.03527282,-0.83381194,-0.002883944,0.036583465,-0.92467636,-0.009311291,0.109880105,-0.48206592,-0.028579272,0.15180726,-0.6123174,-0.03290862,0.17663601,-0.6949351,-0.03210208,0.19834548,-0.7738905,-0.03244009
HELLO,0.0,0.0,0.0,-0.14986917,-0.06827333,-0.040936746,-0.2857807,-0.21483073,-0.052073643,-0.40239042,-0.29599056,-0.0645395,-0.5005899,-0.31896955,-0.07395597,-0.18405367,-0.5364761,0.03192159,-0.21503465,-0.7241385,0.035748318,-0.22504519,-0.8335589,0.028677039,-0.22770366,-0.923777,0.019519534,-0.08497046,-0.56264377,0.025676165,-0.09841552,-0.777197,0.048893344,-0.100621276,-0.89997864,0.053873297,-0.102570325,-0.99472576,0.05325888,0.014583921,-0.54128146,0.0066642314,0.027118672,-0.72951484,0.013770287,0.036137804,-0.8338279,0.012711105,0.03727529,-0.9220529,0.00817745,0.109064974,-0.4863823,-0.0202763,0.15247975,-0.61673635,-0.022138342,0.17762205,-0.6979179,-0.020331765,0.19891295,-0.77557766,-0.019763708
HELLO,0.0,0.0,0.0,-0.14934489,-0.068672575,-0.040576126,-0.28527373,-0.21581678,-0.051385384,-0.4025407,-0.29603186,-0.06375244,-0.501753,-0.31781384,-0.073172405,-0.18478093,-0.5362462,0.033653423,-0.21581705,-0.7241973,0.038136784,-0.22547646,-0.8336573,0.03136571,-0.22776455,-0.9242191,0.022342587,-0.085951656,-0.5631097,0.02733261,-0.09917148,-0.7777508,0.051206265,-0.101066224,-0.9002433,0.05625521,-0.10282613,-0.99469936,0.055650815,0.0136139095,-0.54242635,0.0082047125,0.026512744,-0.7304326,0.01588409,0.036017932,-0.83391833,0.014852703,0.037290998,-0.92150044,0.010301751,0.10819251,-0.488274,-0.018862836,0.15236329,-0.6184111,-0.020107087,0.17817535,-0.6990765,-0.018058116,0.19985451,-0.7761976,-0.01738423
HELLO,0.0,0.0,0.0,-0.14637631,-0.06996688,-0.043934874,-0.28873652,-0.22264062,-0.053281702,-0.40701103,-0.30477756,-0.06283108,-0.5092046,-0.325643,-0.06986759,-0.19508739,-0.54109174,0.023271386,-0.24029543,-0.721526,0.020369632,-0.25560457,-0.8287322,0.009258832,-0.2620548,-0.91809607,-0.0017613589,-0.094847396,-0.5730024,0.018991724,-0.10833417,-0.784277,0.032125723,-0.11195423,-0.9031526,0.032219667,-0.11471502,-0.9933984,0.030124456,0.0058646603,-0.5559526,0.0020721876,0.021595465,-0.7429949,-0.0016379737,0.0298598,-0.8465324,-0.0070871655,0.031318113,-0.93171847,-0.011412813,0.10097883,-0.5052844,-0.022142967,0.14586145,-0.639585,-0.030696101,0.17301314,-0.7193158,-0.030546736,0.19521038,-0.79173505,-0.02928875
HELLO,0.0,0.0,0.0,-0.15092091,-0.06392798,-0.04750891,-0.3067542,-0.22156186,-0.055555284,-0.43418798,-0.3118733,-0.06335651,-0.5393771,-0.32496214,-0.06724482,-0.2463271,-0.53210473,0.031139195,-0.3205808,-0.70944077,0.03551423,-0.35475397,-0.82249993,0.03461528,-0.37290108,-0.91299343,0.03309658,-0.14353889,-0.5762397,0.031738926,-0.17288294,-0.7792967,0.06114756,-0.18349744,-0.8933501,0.08133302,-0.19251756,-0.98129356,0.09573068,-0.03568214,-0.57150507,0.01773854,-0.03600227,-0.7511734,0.028086135,-0.036281064,-0.8659383,0.037344515,-0.04050126,-0.9543281,0.04408515,0.06383913,-0.53492445,-0.005008255,0.09947337,-0.67138916,-0.00598656,0.124802954,-0.7608643,0.0002100539,0.14941567,-0.8389638,0.008075872
HELLO,0.0,0.0,0.0,-0.1456418,-0.07413718,-0.038883016,-0.29619548,-0.24238035,-0.03311055,-0.41196343,-0.33259016,-0.029535538,-0.50510067,-0.3527718,-0.021468416,-0.22894435,-0.5328074,0.050042804,-0.30041054,-0.69850564,0.063816614,-0.33927494,-0.8035864,0.07266034,-0.36103362,-0.88464814,0.07869601,-0.1326222,-0.57146525,0.050183106,-0.16472988,-0.7774161,0.08705677,-0.18184265,-0.8938031,0.11455038,-0.19602054,-0.9805998,0.13620234,-0.027379537,-0.5654151,0.035042766,-0.021337245,-0.75429446,0.04503635,-0.01958947,-0.8609323,0.052292623,-0.024017269,-0.94521743,0.060678255,0.06935652,-0.53202945,0.011954499,0.11729028,-0.6667925,0.004411817,0.14852418,-0.75061655,0.0036594928,0.17844154,-0.82991,0.009354443
HELLO,0.0,0.0,0.0,-0.15031813,-0.08994742,-0.05168494,-0.2735623,-0.27612954,-0.060898006,-0.37280044,-0.40277004,-0.06937316,-0.46530536,-0.46692002,-0.07399299,-0.16061577,-0.5545224,0.019326052,-0.20188768,-0.73818266,0.010564467,-0.21843041,-0.84657884,-0.0005955358,-0.22506131,-0.940955,-0.011143205,-0.056329593,-0.5819425,0.017551266,-0.053661756,-0.7842007,0.021747544,-0.04689406,-0.90564054,0.016853416,-0.037922874,-0.9992807,0.013606836,0.042989932,-0.55745214,0.0023712805,0.07768901,-0.73458636,-0.017783906,0.09581001,-0.84680885,-0.03263058,0.10780439,-0.93976206,-0.039656445,0.1323491,-0.494875,-0.019338926,0.20763393,-0.61446255,-0.050942454,0.2538231,-0.6967085,-0.06513649,0.29359812,-0.7777827,-0.069420055
HELLO,0.0,0.0,0.0,-0.13751757,-0.09432123,-0.039824232,-0.2618959,-0.28018492,-0.04569977,-0.3691516,-0.3935163,-0.052455086,-0.46865246,-0.4398887,-0.05643672,-0.1749507,-0.54978895,0.029213417,-0.21723242,-0.7277408,0.027190356,-0.2323022,-0.8366806,0.018033847,-0.2382287,-0.92590445,0.007465792,-0.07027181,-0.5766598,0.022758523,-0.07491042,-0.7806483,0.031797774,-0.07125977,-0.90197074,0.027398821,-0.0691035,-0.9976095,0.021621116,0.03297252,-0.55382335,0.004214178,0.057970155,-0.72809273,-0.0074048587,0.07386282,-0.8437804,-0.02400752,0.08049271,-0.9394963,-0.0360765,0.12633882,-0.49688146,-0.019926557,0.19171372,-0.625727,-0.037756644,0.23665117,-0.7132907,-0.047249336,0.2742189,-0.79429483,-0.05319417
HELLO,0.0,0.0,0.0,-0.13571988,-0.098348536,-0.039092593,-0.26221088,-0.28372997,-0.044754036,-0.37180218,-0.39606926,-0.051764634,-0.4698278,-0.44224143,-0.05510288,-0.17257428,-0.55235225,0.028440783,-0.2155452,-0.73125386,0.024155341,-0.23299442,-0.8387967,0.015534407,-0.2400772,-0.9257911,0.0068425396,-0.071701236,-0.58088833,0.02262896,-0.074858144,-0.7851305,0.029180553,-0.06949306,-0.90510505,0.027874459,-0.06474494,-0.99790186,0.026742548,0.029935779,-0.56015706,0.004476874,0.057365697,-0.7407974,-0.011267771,0.07851504,-0.84654886,-0.023704333,0.09120144,-0.9321124,-0.029518267,0.12314338,-0.5047994,-0.019246973,0.19333892,-0.6353303,-0.04175323,0.24057578,-0.7200909,-0.05103429,0.28099316,-0.798722,-0.053714722
HELLO,0.0,0.0,0.0,-0.14326885,-0.084736526,-0.04289864,-0.26876703,-0.26050445,-0.050776187,-0.37748402,-0.37096077,-0.059517834,-0.47650525,-0.4142183,-0.06541422,-0.18160146,-0.5407018,0.029917514,-0.22803052,-0.7169401,0.027150579,-0.24756181,-0.82518715,0.017229812,-0.25670263,-0.91552377,0.006462068,-0.07765237,-0.5717542,0.024553573,-0.08715031,-0.77575487,0.035530083,-0.08863776,-0.8979561,0.03344958,-0.09120338,-0.99583226,0.02928086,0.024309447,-0.55281234,0.0062806085,0.046672843,-0.73218757,-0.0016873238,0.058877036,-0.84796375,-0.013113539,0.06174942,-0.9436708,-0.021924494,0.115675576,-0.5005289,-0.01869735,0.17467855,-0.6322942,-0.03305464,0.2117839,-0.7219917,-0.039457638,0.24298067,-0.8062708,-0.043193176
HELLO,0.0,0.0,0.0,-0.14498338,-0.08434077,-0.04537903,-0.27184272,-0.2565595,-0.05638984,-0.3806201,-0.36725184,-0.06791803,-0.48026362,-0.4096387,-0.0756931,-0.18702511,-0.5417819,0.026901627,-0.23817268,-0.7188037,0.023560982,-0.25820628,-0.82536596,0.0149269635,-0.26531234,-0.91519195,0.0056702723,-0.08295215,-0.57357097,0.022339657,-0.09514996,-0.77948,0.03381047,-0.09560567,-0.9002181,0.034780115,-0.096461475,-0.99533665,0.033960123,0.01893399,-0.55405766,0.0044846465,0.03847763,-0.7383395,-0.004591004,0.053023707,-0.84572065,-0.012653301,0.057815176,-0.93432325,-0.017602183,0.11076628,-0.500429,-0.020350525,0.16988161,-0.631298,-0.03684008,0.20474224,-0.71933585,-0.043245554,0.23303853,-0.8048121,-0.045505024
HELLO,0.0,0.0,0.0,-0.14345466,-0.08655848,-0.048519976,-0.27190772,-0.26017505,-0.059924975,-0.38272014,-0.36958677,-0.07138403,-0.48440492,-0.41302,-0.078926206,-0.18911944,-0.54428697,0.025632922,-0.23837152,-0.7219596,0.02162089,-0.2588042,-0.827943,0.012435933,-0.2669666,-0.9173873,0.0029241533,-0.084795125,-0.57605934,0.022856608,-0.09641631,-0.7801448,0.0336974,-0.096152686,-0.8997619,0.03446946,-0.09533819,-0.99544495,0.03375623,0.01780845,-0.55728465,0.0063909227,0.037053306,-0.7420728,-0.0036692733,0.051942654,-0.84883034,-0.011352362,0.05823172,-0.9379891,-0.015542685,0.110727504,-0.5047279,-0.017399654,0.16908087,-0.6347422,-0.035378743,0.20516519,-0.72064704,-0.0418033,0.23598081,-0.80452394,-0.043314736
HELLO,0.0,0.0,0.0,-0.14383507,-0.08485634,-0.04860043,-0.27383858,-0.254814,-0.06126794,-0.3848633,-0.36346826,-0.07348851,-0.48640263,-0.40632448,-0.08198271,-0.18867213,-0.54103667,0.019785052,-0.23706661,-0.7168665,0.011897726,-0.25784698,-0.8211828,-0.00043087866,-0.26695678,-0.9118627,-0.012458083,-0.08535609,-0.5739635,0.015883887,-0.0972207,-0.7781061,0.021719305,-0.09865162,-0.8988272,0.018561373,-0.09941326,-0.99504626,0.014789541,0.01606791,-0.5537303,-0.0012231119,0.036071204,-0.7383863,-0.015404207,0.04865489,-0.8457587,-0.025113033,0.0524901,-0.9349983,-0.030615006,0.108604915,-0.49777317,-0.025312101,0.16717598,-0.6286062,-0.04621149,0.20001565,-0.7188841,-0.05393186,0.2266473,-0.8074797,-0.056510173
HELLO,0.0,0.0,0.0,-0.14523874,-0.08728149,-0.046771962,-0.27555558,-0.25430125,-0.05846661,-0.3871492,-0.36031806,-0.07030377,-0.48878703,-0.40248308,-0.078411974,-0.18999232,-0.5411625,0.026633902,-0.23631231,-0.7193278,0.022361843,-0.25688452,-0.8243134,0.011079934,-0.26745594,-0.91439295,-0.00079307955,-0.08859212,-0.572396,0.022187026,-0.101340026,-0.77745676,0.031368922,-0.1030305,-0.89910966,0.028642295,-0.10473942,-0.99449974,0.024705788,0.011673491,-0.55259603,0.00436796,0.029164216,-0.7376968,-0.006814854,0.04206898,-0.8437926,-0.017196376,0.04605537,-0.93141526,-0.023703745,0.103598684,-0.49935424,-0.02044303,0.15756404,-0.6308059,-0.038952846,0.18940113,-0.71905535,-0.04658385,0.21598497,-0.8045545,-0.049691804
HELLO,0.0,0.0,0.0,-0.14553466,-0.080619074,-0.04962967,-0.2750584,-0.25116763,-0.06398288,-0.38549858,-0.3605369,-0.077989966,-0.4876327,-0.40681574,-0.088192955,-0.18702616,-0.5420591,0.023245098,-0.22999126,-0.7211337,0.016901432,-0.24741633,-0.826171,0.0039577214,-0.2546561,-0.9168325,-0.008478908,-0.086543255,-0.57119906,0.019885609,-0.10066192,-0.77820575,0.02953677,-0.101627365,-0.89931583,0.028040279,-0.102800906,-0.9947019,0.025131809,0.0133971535,-0.55050546,0.0029713083,0.02676069,-0.7392486,-0.0043392987,0.03777576,-0.8469158,-0.008822036,0.03982436,-0.9357662,-0.011880791,0.10610389,-0.49667734,-0.021726971,0.15002748,-0.6351724,-0.033761643,0.17577308,-0.725157,-0.034816995,0.19694503,-0.8099119,-0.033826217
HELLO,0.0,0.0,0.0,-0.14088438,-0.08001765,-0.05240651,-0.26343697,-0.25072938,-0.0711307,-0.37042788,-0.36519387,-0.08820932,-0.4762616,-0.4155191,-0.1022867,-0.19408862,-0.53614044,0.014828904,-0.23965368,-0.7126994,0.0010447578,-0.2593853,-0.8167049,-0.020321695,-0.27117568,-0.9109595,-0.040014714,-0.09411734,-0.5697852,0.009849085,-0.10780197,-0.776811,0.0095973825,-0.10953732,-0.8973631,-0.0033313418,-0.113553345,-0.9935319,-0.016048748,0.0037602733,-0.5502769,-0.0078540435,0.013501537,-0.74349976,-0.020406058,0.019039663,-0.85243,-0.030423513,0.015314307,-0.9443031,-0.039456457,0.09362046,-0.4958125,-0.033093575,0.12158961,-0.6390314,-0.046430517,0.13901667,-0.72999465,-0.047555935,0.15185699,-0.81527585,-0.04890316
HELLO,0.0,0.0,0.0,-0.14204676,-0.0820186,-0.04687309,-0.26604348,-0.2547574,-0.062054064,-0.3702625,-0.36884278,-0.07677848,-0.47114912,-0.42267492,-0.08879296,-0.19432694,-0.53640753,0.02327537,-0.23810111,-0.7121958,0.01221765,-0.25685677,-0.8137717,-0.00798399,-0.2682132,-0.90758276,-0.027119746,-0.096476376,-0.56914955,0.015571087,-0.11158997,-0.77674705,0.016832957,-0.115375936,-0.8969997,0.003744251,-0.12211743,-0.9925157,-0.00962987,-0.0009555131,-0.55182034,-0.0047705024,0.0055384673,-0.7454325,-0.015273605,0.0070446366,-0.8533963,-0.024916038,-4.353984e-05,-0.9453076,-0.034503303,0.08679226,-0.5022791,-0.03242597,0.1066327,-0.65200686,-0.04364706,0.12003806,-0.7453563,-0.0440448,0.13002668,-0.83465624,-0.045711376
HELLO,0.0,0.0,0.0,-0.14239545,-0.08145501,-0.045522105,-0.26612028,-0.25437143,-0.060375478,-0.37042725,-0.3685745,-0.07493012,-0.47274017,-0.4233359,-0.08690595,-0.19467269,-0.5376167,0.023807751,-0.23910645,-0.71400213,0.012735607,-0.2579189,-0.81594557,-0.0075716963,-0.26902568,-0.9095816,-0.027003333,-0.09649408,-0.5695577,0.014996619,-0.11324563,-0.7776489,0.015184374,-0.1174316,-0.89759016,0.00052427885,-0.12376031,-0.9923121,-0.014326277,-0.0010763262,-0.5515496,-0.0062149432,0.0056827297,-0.74438983,-0.017738216,0.00612573,-0.851848,-0.02869927,-0.0019459432,-0.94360524,-0.03964999,0.0867427,-0.5014908,-0.034459338,0.10723158,-0.6512324,-0.04631257,0.12067424,-0.74546593,-0.047508378,0.13033423,-0.83643275,-0.05026227
HELLO,0.0,0.0,0.0,-0.14272891,-0.08330337,-0.04564879,-0.26530406,-0.25136024,-0.061091468,-0.36750564,-0.36899608,-0.0760727,-0.4669141,-0.42849484,-0.088295646,-0.19090903,-0.5341486,0.01911696,-0.23377839,-0.7148735,0.005296672,-0.25106713,-0.8187076,-0.016065108,-0.26061097,-0.913208,-0.03567652,-0.09314069,-0.5670148,0.010162877,-0.11025103,-0.77644676,0.007012077,-0.114493795,-0.89688075,-0.008742334,-0.121057734,-0.99264544,-0.02409839,0.0015939148,-0.5511699,-0.010954945,0.009766305,-0.74622756,-0.024831725,0.009070755,-0.85563785,-0.03573128,9.075965e-05,-0.9488282,-0.04637945,0.089473195,-0.5021019,-0.03903908,0.10858262,-0.6516075,-0.052866414,0.119151235,-0.7468764,-0.054380395,0.12563264,-0.83739656,-0.056947377
HELLO,0.0,0.0,0.0,-0.14303505,-0.083711125,-0.04533361,-0.26420277,-0.2602329,-0.057221804,-0.3649741,-0.38025904,-0.068453014,-0.46139258,-0.4392912,-0.07693227,-0.17929152,-0.5357844,0.021676885,-0.21509165,-0.72085583,0.010641342,-0.2296057,-0.82601357,-0.008185425,-0.23837085,-0.91964906,-0.026189325,-0.0818687,-0.56528515,0.013632809,-0.09363862,-0.77728325,0.0125594335,-0.095841564,-0.8993859,-0.0014795131,-0.10083263,-0.9949034,-0.015307008,0.010917733,-0.54612833,-0.006653232,0.0238826,-0.74329925,-0.019718822,0.027990522,-0.85488737,-0.030293861,0.023158817,-0.95041543,-0.040366616,0.09594155,-0.49472302,-0.033805083,0.1178353,-0.6443726,-0.047993407,0.13031287,-0.7397068,-0.049939062,0.13886347,-0.8317659,-0.052649878
HELLO,0.0,0.0,0.0,-0.14265752,-0.08433786,-0.046457697,-0.26412508,-0.26284757,-0.059151765,-0.3660098,-0.38385195,-0.07117612,-0.46351525,-0.43955722,-0.08046067,-0.17984186,-0.53456944,0.022523263,-0.21448548,-0.7178821,0.011947559,-0.22782394,-0.82402855,-0.007056752,-0.2351205,-0.9177175,-0.025066227,-0.08323201,-0.5642418,0.015305912,-0.094890274,-0.7768533,0.015905818,-0.09782467,-0.89952666,0.00289891,-0.103858955,-0.9945921,-0.010202422,0.009887799,-0.54553115,-0.0043882597,0.02253406,-0.7436801,-0.015577562,0.024690054,-0.8575967,-0.026517095,0.017864218,-0.9540612,-0.037083134,0.09537751,-0.4948535,-0.03113372,0.1179671,-0.64469296,-0.04362766,0.13032329,-0.7398494,-0.04537982,0.13858452,-0.83021915,-0.04813811
HELLO,0.0,0.0,0.0,-0.13736863,-0.08331593,-0.042265058,-0.25760382,-0.2624321,-0.053591393,-0.359047,-0.37995407,-0.06510247,-0.45539257,-0.42529187,-0.07466415,-0.17307954,-0.5434074,0.025076218,-0.20313963,-0.7183388,0.015683206,-0.21401359,-0.821701,-0.0033570798,-0.21933512,-0.9120518,-0.02199742,-0.07735221,-0.57248193,0.01483716,-0.08351621,-0.7819762,0.014430751,-0.08354383,-0.9016537,2.8145148e-05,-0.086917445,-0.9962155,-0.014185784,0.013458186,-0.5518375,-0.007349382,0.033751518,-0.7487633,-0.020982224,0.039438505,-0.8618976,-0.035386715,0.03544681,-0.9580625,-0.048250653,0.09542902,-0.49791265,-0.035909355,0.126725,-0.6499605,-0.05065499,0.14579211,-0.7455577,-0.054673612,0.1602156,-0.8362339,-0.0592673
HELLO,0.0,0.0,0.0,-0.13395622,-0.07632878,-0.04626925,-0.25806037,-0.23340918,-0.06812863,-0.36328876,-0.34277692,-0.08920079,-0.45942092,-0.37951946,-0.109868355,-0.18888251,-0.5228157,-0.0071693333,-0.22792727,-0.7056499,-0.03377154,-0.24456882,-0.82016855,-0.06331327,-0.25236347,-0.91572875,-0.08753895,-0.09550914,-0.5592085,-0.016710855,-0.10474581,-0.7733459,-0.03416443,-0.103883915,-0.8959312,-0.05658705,-0.09944905,-0.9950427,-0.075314745,-0.0030360185,-0.54652965,-0.03639224,0.013386296,-0.74896294,-0.060279377,0.024834903,-0.8704554,-0.079299316,0.034709416,-0.9716535,-0.09485121,0.08585042,-0.49339217,-0.062050186,0.12735024,-0.6396881,-0.08286206,0.15012375,-0.7372772,-0.08954329,0.16970134,-0.8269122,-0.09541407
HELLO,0.0,0.0,0.0,-0.14692496,-0.062608495,-0.051769495,-0.28553203,-0.20855564,-0.070951454,-0.40183467,-0.3165139,-0.088689305,-0.5055048,-0.36297297,-0.10356016,-0.23043947,-0.50623643,0.008628315,-0.292725,-0.6842622,-0.0058319974,-0.32107922,-0.7903607,-0.027022762,-0.33838013,-0.88621527,-0.04695763,-0.13395672,-0.55633044,0.003976105,-0.17074887,-0.7644139,-0.00015962904,-0.18940146,-0.8825186,-0.015102549,-0.20641196,-0.97846514,-0.030213552,-0.034239702,-0.5539753,-0.012861786,-0.040326778,-0.7519211,-0.029634137,-0.0453931,-0.86501646,-0.046461776,-0.056427386,-0.96151525,-0.061178107,0.06292589,-0.51624566,-0.036587004,0.093408465,-0.67047083,-0.054966535,0.11230646,-0.77301425,-0.06335445,0.12647766,-0.86999595,-0.070860684
HELLO,0.0,0.0,0.0,-0.13724856,-0.09497938,-0.04393716,-0.24747534,-0.28225693,-0.055827167,-0.34006828,-0.41247866,-0.06759512,-0.43496507,-0.47000617,-0.07835896,-0.16464466,-0.5444945,0.010833649,-0.2038374,-0.71946985,-0.010208052,-0.21881321,-0.8272562,-0.034635212,-0.22434755,-0.9195071,-0.055762798,-0.06403338,-0.5760854,0.0018489896,-0.07182671,-0.78083926,-0.010488353,-0.07339031,-0.8990418,-0.034276877,-0.07155039,-0.99743706,-0.05367128,0.035314914,-0.55455303,-0.01750025,0.053671893,-0.75070506,-0.046354078,0.06482939,-0.8647186,-0.07057863,0.07226323,-0.9650917,-0.08789158,0.12745492,-0.48816118,-0.041564077,0.17916688,-0.62479025,-0.0727997,0.21340668,-0.7097978,-0.08499902,0.24114724,-0.79042697,-0.09227385
HELLO,0.0,0.0,0.0,-0.13736178,-0.09538259,-0.04531406,-0.245084,-0.26806036,-0.060294293,-0.34103337,-0.39486933,-0.07494266,-0.4299456,-0.46212712,-0.08702719,-0.15585813,-0.5318978,0.01084123,-0.17925704,-0.7188204,-0.005104007,-0.18599458,-0.8300377,-0.025947018,-0.18560538,-0.9253301,-0.044841506,-0.055383235,-0.55975425,0.0042724316,-0.054898396,-0.7711001,-0.003329952,-0.051377434,-0.8971873,-0.022182878,-0.049735796,-0.9987624,-0.039041344,0.04029581,-0.5385531,-0.013511577,0.06663296,-0.733927,-0.038019843,0.084193885,-0.85133874,-0.063004896,0.09319906,-0.9493515,-0.08152579,0.12699366,-0.48048007,-0.036549002,0.19372685,-0.61828065,-0.065941915,0.23820747,-0.70751834,-0.08264801,0.2755563,-0.78958565,-0.093763344
HELLO,0.0,0.0,0.0,-0.13481723,-0.08976442,-0.05188226,-0.24234538,-0.2648374,-0.06847024,-0.3371017,-0.39490646,-0.083075315,-0.42850313,-0.46137348,-0.0950501,-0.15695791,-0.52784204,0.004360701,-0.18167426,-0.7163056,-0.0112889595,-0.19031292,-0.8261679,-0.030709913,-0.19165915,-0.9222423,-0.048829604,-0.05422247,-0.5540635,0.0006933421,-0.053126413,-0.7652736,-0.008489939,-0.050291616,-0.89309025,-0.027132869,-0.048286386,-0.9988335,-0.044039328,0.041454006,-0.53161544,-0.014684011,0.07141549,-0.7216706,-0.041922674,0.08912944,-0.84020025,-0.06848494,0.09900063,-0.9436883,-0.08807603,0.1276392,-0.47583753,-0.035654113,0.19493099,-0.61178255,-0.067137115,0.2410258,-0.6995525,-0.08515894,0.280664,-0.7841113,-0.097771846
HELLO,0.0,0.0,0.0,-0.13544811,-0.088411264,-0.047107145,-0.2468182,-0.26029786,-0.06296757,-0.34566343,-0.38300845,-0.07761982,-0.43874732,-0.44282347,-0.09024909,-0.16983053,-0.5251869,0.010223102,-0.20195228,-0.70699483,-0.003202925,-0.21203843,-0.8149424,-0.022576893,-0.21284696,-0.90888613,-0.041118365,-0.06908753,-0.55666924,0.0042200508,-0.07544275,-0.7662827,-0.0011486592,-0.07507025,-0.8930345,-0.018586209,-0.07547415,-0.9971478,-0.035194535,0.026741082,-0.5375653,-0.013148817,0.04585115,-0.73328197,-0.035847522,0.05702958,-0.8505045,-0.061032724,0.06080798,-0.9523038,-0.08082756,0.11387816,-0.48340648,-0.035768207,0.17185913,-0.62124556,-0.06348956,0.21274681,-0.71147376,-0.0799608,0.24708354,-0.7979153,-0.09215852
HELLO,0.0,0.0,0.0,-0.13652496,-0.083598815,-0.049278785,-0.25109386,-0.25475764,-0.06444297,-0.3515331,-0.37585074,-0.078068934,-0.44455376,-0.43556562,-0.08978648,-0.17557384,-0.52170616,0.0104455855,-0.20813416,-0.70200807,-0.0046590315,-0.2224036,-0.8094022,-0.02644853,-0.22917491,-0.90488315,-0.047245495,-0.07649004,-0.5543935,0.004978193,-0.08520186,-0.76185733,-0.0023166493,-0.08908305,-0.8893396,-0.022277836,-0.09460514,-0.99551487,-0.041250374,0.019164527,-0.53721887,-0.012283597,0.035993792,-0.7322411,-0.03562086,0.043555934,-0.8508387,-0.06147671,0.043351974,-0.9548061,-0.08232064,0.106022924,-0.48390877,-0.035352387,0.16012298,-0.621664,-0.063248366,0.19637564,-0.7139771,-0.080161914,0.2261955,-0.80422014,-0.09332148
HELLO,0.0,0.0,0.0,-0.13808796,-0.0847371,-0.053252205,-0.2531427,-0.2583511,-0.06993598,-0.3548142,-0.38143083,-0.08473438,-0.44998133,-0.4423247,-0.0970709,-0.17420848,-0.5235779,0.009628906,-0.20818685,-0.7044959,-0.006757229,-0.22411026,-0.8122248,-0.02873902,-0.2330985,-0.9074198,-0.048873164,-0.07606462,-0.5565963,0.006166233,-0.084786594,-0.7639277,-0.0010252452,-0.08952281,-0.8893597,-0.01918521,-0.09595241,-0.99538594,-0.035863403,0.018750794,-0.5406056,-0.009735313,0.03860359,-0.73407495,-0.032947183,0.047226854,-0.8533884,-0.056216568,0.047645826,-0.9577526,-0.07425188,0.10493066,-0.48856187,-0.032078017,0.15854709,-0.62525034,-0.059362877,0.19403237,-0.7163722,-0.07417472,0.22346108,-0.8052023,-0.08495495
HELLO,0.0,0.0,0.0,-0.13748068,-0.08005586,-0.046629537,-0.25527096,-0.25740096,-0.057627104,-0.3570678,-0.37927744,-0.067627996,-0.45021343,-0.43654034,-0.07511393,-0.18039018,-0.5218693,0.017349279,-0.21712828,-0.70341563,0.0049428553,-0.23296024,-0.81072205,-0.014259762,-0.240439,-0.9060715,-0.03266291,-0.0834522,-0.555596,0.011954546,-0.09380025,-0.7644475,0.00931155,-0.0977473,-0.8916497,-0.0055977437,-0.103353076,-0.99464476,-0.020245306,0.011738509,-0.53923243,-0.0056174747,0.02648281,-0.7357851,-0.024855807,0.033342466,-0.85315907,-0.045721803,0.03257811,-0.95427775,-0.062450748,0.09937324,-0.48813546,-0.029282058,0.1511644,-0.6264568,-0.054254554,0.18548775,-0.7176803,-0.06827627,0.21431868,-0.8072869,-0.07858351
HELLO,0.0,0.0,0.0,-0.13784796,-0.08192039,-0.0474297,-0.25849164,-0.2603718,-0.05945711,-0.36093026,-0.38219932,-0.07046961,-0.45505407,-0.43924767,-0.079259016,-0.17730427,-0.5207453,0.015403226,-0.21470092,-0.7014867,0.0018273025,-0.23330131,-0.80933744,-0.018283226,-0.24514753,-0.9041943,-0.03748879,-0.08039095,-0.5528692,0.009829823,-0.093970805,-0.7617149,0.004446442,-0.10102475,-0.8881007,-0.013403149,-0.10902311,-0.99403924,-0.030284246,0.014050003,-0.5359256,-0.007653215,0.02934884,-0.73284423,-0.029347444,0.03575812,-0.8527925,-0.052814517,0.03438615,-0.957155,-0.07157011,0.10116694,-0.4845522,-0.03096538,0.15036185,-0.6248255,-0.056433886,0.18297869,-0.71905863,-0.07078083,0.21009633,-0.8116286,-0.08206833
HELLO,0.0,0.0,0.0,-0.14202192,-0.08713498,-0.040212035,-0.25861475,-0.2576798,-0.049597207,-0.35599375,-0.3832595,-0.060029566,-0.4468742,-0.44131723,-0.06810781,-0.18048714,-0.51246196,0.021027578,-0.21891466,-0.7008671,0.0077813365,-0.23552044,-0.8128409,-0.011122302,-0.24314146,-0.90998757,-0.028851436,-0.08559877,-0.5468701,0.012561641,-0.10185323,-0.7591931,0.00797678,-0.10812403,-0.88836616,-0.009250665,-0.113206,-0.9935715,-0.025136523,0.009084976,-0.5332162,-0.0070915963,0.022824645,-0.7311199,-0.026716346,0.032001037,-0.84915143,-0.047877077,0.03458175,-0.94955415,-0.06444772,0.09844231,-0.48399913,-0.032214068,0.15172783,-0.6224335,-0.05599764,0.18551514,-0.7169122,-0.06920402,0.21437775,-0.8072951,-0.07878901
HELLO,0.0,0.0,0.0,-0.13852489,-0.0968928,-0.031237597,-0.2620869,-0.28440464,-0.032881364,-0.36121744,-0.4081193,-0.03637791,-0.44920748,-0.46144396,-0.038089525,-0.18357335,-0.5192842,0.024635384,-0.21999978,-0.70441157,0.01405347,-0.2360783,-0.8149176,-0.0025013671,-0.24642651,-0.9086352,-0.018848492,-0.09000937,-0.55247974,0.013642656,-0.10277701,-0.7632167,0.008189104,-0.11088536,-0.89074504,-0.010485372,-0.12115863,-0.9926331,-0.027011348,0.006072959,-0.5399828,-0.0070255976,0.021411994,-0.73778576,-0.027927965,0.029396415,-0.85831016,-0.05312107,0.03002016,-0.95903444,-0.07205439,0.09856501,-0.49214327,-0.031679545,0.15626493,-0.6387003,-0.05541603,0.19523315,-0.73566604,-0.07013938,0.2279192,-0.8238699,-0.080995604
HELLO,0.0,0.0,0.0,-0.14047608,-0.091798514,-0.034412306,-0.25832152,-0.2746934,-0.03676618,-0.34992146,-0.40718836,-0.039623808,-0.43650678,-0.47074416,-0.040149335,-0.1766931,-0.5235337,0.024473382,-0.21000303,-0.7078737,0.0161823,-0.22468334,-0.8166737,-0.00013705179,-0.23474595,-0.91026765,-0.016847137,-0.07977841,-0.5579603,0.015703471,-0.09166453,-0.76749283,0.013545188,-0.09805681,-0.8935853,-0.0048713344,-0.10734808,-0.9942215,-0.021858428,0.016382826,-0.5434325,-0.0028834764,0.032723807,-0.7401814,-0.022665292,0.04142601,-0.86050636,-0.048486266,0.041578162,-0.960902,-0.06822295,0.107757516,-0.49176365,-0.025562307,0.16762166,-0.6365111,-0.050876856,0.20529631,-0.7318977,-0.06694009,0.23616363,-0.8198092,-0.07832756
HELLO,0.0,0.0,0.0,-0.13562724,-0.095634446,-0.03364243,-0.2546997,-0.28422004,-0.03321911,-0.34751198,-0.41349718,-0.03381092,-0.43392935,-0.47492397,-0.032866385,-0.17533441,-0.51980317,0.031240378,-0.21078946,-0.70125985,0.023256171,-0.22595862,-0.80794024,0.0066274554,-0.23627827,-0.901243,-0.010677645,-0.078577876,-0.55291134,0.022013685,-0.08985775,-0.75851893,0.017641753,-0.09484957,-0.88779056,-0.0035312546,-0.10252144,-0.99473083,-0.022926018,0.016168658,-0.53913474,0.0022851413,0.033798307,-0.7274657,-0.020142611,0.041736104,-0.85191613,-0.05035185,0.04100407,-0.96028084,-0.07345605,0.105917566,-0.490775,-0.02138518,0.16417566,-0.6306739,-0.047942437,0.20287283,-0.7253845,-0.066280276,0.23436269,-0.81545794,-0.08046809
HELLO,0.0,0.0,0.0,-0.13853352,-0.088822715,-0.03941649,-0.25265068,-0.26541585,-0.04666771,-0.34140986,-0.4024207,-0.053566124,-0.42597854,-0.48024073,-0.058006044,-0.17524591,-0.52020156,0.018086119,-0.20672385,-0.7051785,0.006309801,-0.22129795,-0.8130384,-0.012682977,-0.23029496,-0.9094957,-0.031268053,-0.07692314,-0.55327576,0.01016296,-0.08600972,-0.7627081,0.0042659976,-0.092784904,-0.89072394,-0.015910355,-0.10234986,-0.9947485,-0.03428005,0.019065617,-0.5364323,-0.00820742,0.039766803,-0.73135,-0.03166978,0.046757706,-0.8532871,-0.05873797,0.044850957,-0.9590919,-0.07953226,0.11027049,-0.4825887,-0.031001428,0.17355259,-0.6259834,-0.059288926,0.21148776,-0.7210906,-0.07642302,0.2418182,-0.81334805,-0.0888071
HELLO,0.0,0.0,0.0,-0.1365172,-0.09904661,-0.036096472,-0.25105882,-0.27558082,-0.042065963,-0.33956867,-0.40873975,-0.048024453,-0.42104098,-0.48185167,-0.05238762,-0.1696573,-0.5118168,0.01310449,-0.20161086,-0.69752735,-0.0015747285,-0.21607877,-0.80739844,-0.021157024,-0.22556114,-0.9064333,-0.039945684,-0.07030045,-0.5444103,0.003244985,-0.07740653,-0.7546882,-0.0076048328,-0.08275501,-0.88636196,-0.030853879,-0.091595195,-0.9957963,-0.051419966,0.026233304,-0.5283408,-0.016183367,0.046644993,-0.72270495,-0.04452075,0.053360183,-0.8480232,-0.075175144,0.052024536,-0.9577313,-0.097720385,0.11841049,-0.47575662,-0.039130267,0.18105917,-0.62615013,-0.070289575,0.21981521,-0.7273873,-0.08927713,0.24995334,-0.8235089,-0.10316776
HELLO,0.0,0.0,0.0,-0.1364324,-0.09956757,-0.037402377,-0.25128475,-0.28052276,-0.045457333,-0.34400365,-0.41064182,-0.054153044,-0.4270923,-0.48144728,-0.061907347,-0.16683322,-0.51104534,0.011757371,-0.19734366,-0.6949156,-0.0075312997,-0.21134478,-0.806154,-0.029787263,-0.21953994,-0.9019653,-0.049855925,-0.06668129,-0.54160106,0.0007360003,-0.07336831,-0.7515603,-0.0155091025,-0.07877954,-0.885039,-0.041593727,-0.0870504,-0.9962039,-0.063589886,0.030281065,-0.52671,-0.020272743,0.050681386,-0.7245477,-0.053379964,0.058654185,-0.8524858,-0.08507394,0.058397148,-0.9627789,-0.10774749,0.122104876,-0.47593346,-0.044792924,0.186235,-0.62358534,-0.078738794,0.22656114,-0.7246088,-0.09807742,0.25753272,-0.8182288,-0.11210898
HELLO,0.0,0.0,0.0,-0.14121483,-0.103814974,-0.03825261,-0.25489184,-0.27931416,-0.04887905,-0.3458541,-0.4185726,-0.059622727,-0.4310349,-0.49508107,-0.06839398,-0.17209336,-0.512925,0.013538706,-0.20504102,-0.6987785,-0.004193673,-0.21652639,-0.80794203,-0.027241198,-0.22207543,-0.9044038,-0.04780678,-0.072499685,-0.54642195,0.003497343,-0.081677474,-0.7556849,-0.01042801,-0.084176265,-0.8873339,-0.037512243,-0.089486025,-0.9959881,-0.059648026,0.025746278,-0.53088576,-0.016275551,0.04394688,-0.7218235,-0.04762221,0.055358045,-0.84469545,-0.07910386,0.059404723,-0.95148647,-0.10068485,0.12022454,-0.47838113,-0.03950864,0.18082899,-0.6286614,-0.071957916,0.21956208,-0.730014,-0.09007724,0.24998876,-0.8248078,-0.10215838
HELLO,0.0,0.0,0.0,-0.14033744,-0.091746934,-0.04153136,-0.2505772,-0.27317494,-0.052302677,-0.3388384,-0.41670528,-0.06217638,-0.4240088,-0.4924102,-0.06983445,-0.16820431,-0.5024709,0.00770423,-0.1983165,-0.69113666,-0.011102014,-0.20984742,-0.803264,-0.033961684,-0.21536338,-0.9008886,-0.053957637,-0.069548614,-0.5370534,-0.00047980814,-0.07747326,-0.74921167,-0.015366918,-0.08015435,-0.88439006,-0.042607673,-0.08481359,-0.99639684,-0.06448226,0.026299773,-0.5219609,-0.018210487,0.045787882,-0.7180213,-0.050715566,0.058207683,-0.8421643,-0.08221955,0.06257616,-0.9504609,-0.10354705,0.11882912,-0.46919677,-0.03943574,0.18149911,-0.6212461,-0.07361413,0.22098596,-0.7238705,-0.09215075,0.25054264,-0.82134616,-0.10416472
HELLO,0.0,0.0,0.0,-0.122835785,-0.07574864,-0.04372954,-0.22277395,-0.24993314,-0.05847017,-0.3027276,-0.38323757,-0.07139927,-0.38369808,-0.45152277,-0.082705446,-0.1463622,-0.4651643,-0.0067743403,-0.17350139,-0.63582224,-0.033372823,-0.18417352,-0.74421173,-0.06072007,-0.18881308,-0.8389371,-0.082581066,-0.059449095,-0.50131816,-0.0150803365,-0.066397354,-0.71706295,-0.03608875,-0.066549726,-0.86968523,-0.06491656,-0.06733977,-0.99773014,-0.08689127,0.025538709,-0.48479778,-0.032186855,0.04174231,-0.6680195,-0.0673371,0.05489546,-0.78771126,-0.098076835,0.061318435,-0.8901246,-0.11804226,0.108530454,-0.42941228,-0.05308361,0.16467963,-0.5629511,-0.086643636,0.20061022,-0.65513146,-0.10302016,0.2275759,-0.7411684,-0.113447845
HELLO,0.0,0.0,0.0,-0.13172556,-0.084911555,-0.050263114,-0.23736037,-0.26625845,-0.06615,-0.32369152,-0.40472937,-0.080023415,-0.40985087,-0.48229393,-0.09218651,-0.16101103,-0.5070336,0.002685087,-0.19157033,-0.68147564,-0.019962762,-0.20434707,-0.79066366,-0.045984987,-0.20982338,-0.8862665,-0.06906825,-0.06570897,-0.5407828,-0.0041111987,-0.08142691,-0.7471215,-0.02202243,-0.08772312,-0.88066757,-0.048694484,-0.09200663,-0.9957584,-0.07126371,0.02589102,-0.5240365,-0.022072062,0.04118882,-0.7188057,-0.055620134,0.056384623,-0.85328823,-0.08663512,0.06559333,-0.97538835,-0.10997986,0.11413167,-0.46992862,-0.04489321,0.1679948,-0.61146873,-0.07859231,0.2022274,-0.7113422,-0.09691246,0.22947438,-0.8111006,-0.111099936
HELLO,0.0,0.0,0.0,-0.13075854,-0.08725236,-0.048214357,-0.23209444,-0.27028403,-0.06473482,-0.31633395,-0.4090263,-0.079433136,-0.39923286,-0.48289126,-0.09331181,-0.15580717,-0.5013209,-0.0042970167,-0.18833195,-0.67738825,-0.030993141,-0.20369339,-0.7881875,-0.060135063,-0.20996739,-0.88590074,-0.08471379,-0.064179175,-0.5352768,-0.012400473,-0.07744946,-0.74621874,-0.032590475,-0.08300302,-0.8822768,-0.060831573,-0.08559165,-0.9963303,-0.08447735,0.024886843,-0.5187162,-0.030816497,0.040480763,-0.7237792,-0.064562015,0.054884523,-0.86378413,-0.09718686,0.06559173,-0.98829293,-0.12209183,0.11139578,-0.46314192,-0.053711902,0.16538304,-0.6128906,-0.088908814,0.2022517,-0.7177909,-0.10892659,0.23373112,-0.8203681,-0.124000646
HELLO,0.0,0.0,0.0,-0.13027003,-0.086964145,-0.04864416,-0.23455544,-0.2740924,-0.06403436,-0.32008377,-0.41450602,-0.077792704,-0.40467954,-0.48858577,-0.090404004,-0.15863678,-0.5128102,-0.0005476358,-0.19158085,-0.6915021,-0.024959303,-0.20753969,-0.8015746,-0.052478097,-0.21602654,-0.89767355,-0.076727785,-0.06647216,-0.54497683,-0.008175643,-0.083146654,-0.7521628,-0.028606657,-0.09140873,-0.8815728,-0.05675313,-0.09792741,-0.9906188,-0.08030277,0.02369725,-0.5290826,-0.026463674,0.038710903,-0.73250943,-0.061536867,0.05199727,-0.87206864,-0.09472834,0.06012932,-0.9981906,-0.11998476,0.11150693,-0.47529325,-0.049261086,0.16644287,-0.6242267,-0.08618279,0.2028367,-0.73016745,-0.10755234,0.23364429,-0.83613044,-0.123713434
HELLO,0.0,0.0,0.0,-0.13205269,-0.087886795,-0.052795943,-0.23754087,-0.26360977,-0.07341937,-0.32370105,-0.4046066,-0.091257535,-0.408353,-0.48486155,-0.10738741,-0.1655421,-0.5118904,-0.00879532,-0.1971133,-0.6917456,-0.03648237,-0.21198961,-0.80242366,-0.066554785,-0.21747065,-0.90345716,-0.09217565,-0.069852136,-0.5468605,-0.014879344,-0.082814835,-0.7540015,-0.035288222,-0.08830103,-0.88412106,-0.06431205,-0.090772584,-0.99587166,-0.08943163,0.023165397,-0.53033733,-0.031440746,0.038283587,-0.7277092,-0.06497655,0.05013166,-0.85654557,-0.09535079,0.05815502,-0.9723515,-0.119015925,0.11441965,-0.47514248,-0.053078294,0.16812898,-0.6251035,-0.087633796,0.2052349,-0.728684,-0.10629339,0.23760007,-0.83043945,-0.12044144
HELLO,0.0,0.0,0.0,-0.13005078,-0.08559083,-0.05590761,-0.23679608,-0.25799108,-0.07893177,-0.32260647,-0.3963672,-0.09790357,-0.40253055,-0.4694996,-0.115946084,-0.16523066,-0.4972672,-0.026698839,-0.1950631,-0.69344497,-0.062178716,-0.21127284,-0.81597066,-0.09559023,-0.21872886,-0.92447346,-0.12228752,-0.06958651,-0.5298157,-0.032208126,-0.07947441,-0.74132794,-0.05909679,-0.083230615,-0.87695664,-0.09126815,-0.08507687,-0.99637437,-0.11732907,0.022568986,-0.5123734,-0.047138754,0.040677696,-0.7069621,-0.08352523,0.053917203,-0.83823127,-0.11420447,0.061703432,-0.95681643,-0.13731456,0.11126445,-0.4557311,-0.067224175,0.15944839,-0.5961153,-0.10303975,0.19246534,-0.69272643,-0.120163195,0.21981113,-0.7863206,-0.13240345
HELLO,0.0,0.0,0.0,-0.12685011,-0.086672015,-0.05910446,-0.2300577,-0.25761384,-0.08591071,-0.31615868,-0.38919368,-0.1086368,-0.4015856,-0.46688312,-0.13088031,-0.1603615,-0.49464145,-0.03387283,-0.1908149,-0.6863667,-0.07584442,-0.20676555,-0.81011546,-0.1126646,-0.21483937,-0.9162563,-0.14125127,-0.06472553,-0.5247023,-0.04061859,-0.075726755,-0.7342273,-0.07759981,-0.08081709,-0.8728776,-0.11484526,-0.08509535,-0.9963728,-0.14310125,0.02686044,-0.5057926,-0.05703757,0.042281576,-0.7055651,-0.10368154,0.05453638,-0.8426655,-0.1377498,0.060543407,-0.97031915,-0.16168344,0.11546225,-0.44822,-0.07835593,0.16481176,-0.59230006,-0.12205792,0.19636941,-0.69183666,-0.14193183,0.22060126,-0.7904418,-0.15548687
HELLO,0.0,0.0,0.0,-0.1281086,-0.08482034,-0.059078507,-0.22728503,-0.24728149,-0.08832096,-0.30601695,-0.3810324,-0.113063045,-0.38267344,-0.46339437,-0.13699652,-0.15745866,-0.47931832,-0.043661762,-0.1898627,-0.68127,-0.0890223,-0.20593812,-0.8125681,-0.12707955,-0.21210074,-0.9249528,-0.15498503,-0.06256389,-0.50935674,-0.04941092,-0.07391153,-0.72768295,-0.086841404,-0.07888815,-0.87310535,-0.12273774,-0.081937306,-0.9966375,-0.14928441,0.028978007,-0.49172437,-0.06399825,0.04686339,-0.68924004,-0.10755423,0.057385635,-0.8252207,-0.13839301,0.06354105,-0.9442989,-0.15956035,0.117748,-0.43390703,-0.08371547,0.16966668,-0.5794703,-0.1234946,0.19968095,-0.6820444,-0.14086245,0.22203642,-0.77837193,-0.15183426
HELLO,0.0,0.0,0.0,-0.13276109,-0.086368464,-0.056418598,-0.23738137,-0.26689106,-0.08005464,-0.32081777,-0.4067217,-0.10064191,-0.40448526,-0.4860024,-0.12009684,-0.16045912,-0.5146545,-0.026231008,-0.19379878,-0.7121815,-0.065635495,-0.21285495,-0.83928365,-0.1010974,-0.22105883,-0.9462276,-0.12823191,-0.06273382,-0.54289365,-0.03233985,-0.07404847,-0.7490648,-0.06683343,-0.07718499,-0.8839854,-0.10211522,-0.077664554,-0.99697953,-0.128409,0.032634728,-0.5269284,-0.048439138,0.048845466,-0.72097033,-0.092101,0.060238738,-0.8473857,-0.12437888,0.06691135,-0.958158,-0.14630713,0.12586865,-0.47338277,-0.06973991,0.18449515,-0.62680596,-0.1107037,0.22213589,-0.7313402,-0.13109438,0.25028354,-0.8296872,-0.14434546
HELLO,0.0,0.0,0.0,-0.13190751,-0.07479755,-0.06436885,-0.24076374,-0.23684037,-0.095242105,-0.3264605,-0.36911523,-0.12039987,-0.40890625,-0.45399478,-0.14308988,-0.1715896,-0.5123898,-0.03532205,-0.20888561,-0.7003005,-0.073952995,-0.23106681,-0.81939334,-0.11017464,-0.24237938,-0.92159075,-0.13803639,-0.07356397,-0.5486468,-0.03808556,-0.087068856,-0.75531316,-0.06659765,-0.0922515,-0.88766766,-0.09778484,-0.09443866,-0.99553066,-0.12216508,0.022659425,-0.5330356,-0.051261827,0.037124116,-0.7262987,-0.089226395,0.050115738,-0.85350126,-0.11805584,0.05767842,-0.96190673,-0.13884535,0.11508377,-0.4744231,-0.07045603,0.16773891,-0.6176289,-0.10826348,0.20202468,-0.71592385,-0.12552217,0.22840138,-0.8068373,-0.1362998
HELLO,0.0,0.0,0.0,-0.1307517,-0.073984206,-0.056764808,-0.24085104,-0.23952597,-0.08178192,-0.3253793,-0.36953926,-0.10382997,-0.4069177,-0.44178158,-0.12479287,-0.17292824,-0.50149024,-0.027956944,-0.20884162,-0.68807495,-0.06797755,-0.22876269,-0.8081514,-0.10460297,-0.23923792,-0.9101696,-0.13241442,-0.07985866,-0.5418661,-0.034537744,-0.09679239,-0.7464879,-0.06828936,-0.105495065,-0.881803,-0.10105867,-0.11092429,-0.9938289,-0.12491911,0.012844337,-0.53262275,-0.051135395,0.022563467,-0.7290364,-0.09313972,0.030777076,-0.85915476,-0.12110943,0.035531726,-0.9712103,-0.13956009,0.104219824,-0.48085254,-0.07341494,0.15875052,-0.62922037,-0.114285134,0.19160952,-0.73789746,-0.13240363,0.21899386,-0.83981645,-0.14281675
HELLO,0.0,0.0,0.0,-0.13084394,-0.073720776,-0.057064652,-0.24374007,-0.2335532,-0.08216918,-0.32850632,-0.36119592,-0.10371193,-0.41254163,-0.43624738,-0.12395596,-0.17948419,-0.49480495,-0.028592326,-0.22120361,-0.6824553,-0.066711046,-0.24558659,-0.8038354,-0.10163614,-0.25912812,-0.9096134,-0.12889324,-0.08649029,-0.5374996,-0.033859894,-0.10990755,-0.7419929,-0.06567105,-0.121656775,-0.875752,-0.09753642,-0.12877996,-0.99167323,-0.1223067,0.006643717,-0.5317581,-0.04905736,0.014493996,-0.72738624,-0.08922712,0.02361678,-0.8574185,-0.117838696,0.029481009,-0.97229743,-0.13811915,0.09856903,-0.48506072,-0.069930874,0.14869247,-0.63710314,-0.1079881,0.18132909,-0.74510986,-0.12604065,0.20782922,-0.84789556,-0.13806574
HELLO,0.0,0.0,0.0,-0.12937824,-0.07418833,-0.059296217,-0.23730262,-0.23449118,-0.08631655,-0.32104605,-0.36035368,-0.10955293,-0.4049688,-0.4348488,-0.1319681,-0.17249396,-0.49846262,-0.03304785,-0.21142949,-0.68647796,-0.073443696,-0.23597443,-0.8081205,-0.110030964,-0.25012583,-0.9136795,-0.1383241,-0.07840478,-0.53730553,-0.038786408,-0.09290691,-0.7413061,-0.07435299,-0.10053515,-0.8761712,-0.10992459,-0.104831934,-0.99448997,-0.13713993,0.013480279,-0.52821064,-0.05437469,0.028035926,-0.7240077,-0.098105185,0.04156972,-0.85317785,-0.12889779,0.05067794,-0.970859,-0.15029405,0.1024702,-0.47941756,-0.07551518,0.15157075,-0.63487285,-0.11567032,0.18375805,-0.74199253,-0.13373597,0.2097969,-0.84520143,-0.14568138
HELLO,0.0,0.0,0.0,-0.12955123,-0.07898031,-0.060715765,-0.2346824,-0.24138121,-0.0907858,-0.31888995,-0.37041056,-0.11760417,-0.4056163,-0.44906518,-0.14301537,-0.16623828,-0.4992293,-0.034255058,-0.2052144,-0.68747073,-0.07804021,-0.23167168,-0.80840987,-0.116769075,-0.2487714,-0.91292334,-0.14619438,-0.07650512,-0.5354727,-0.04120057,-0.10093204,-0.74272346,-0.08119596,-0.11689746,-0.8774607,-0.11740174,-0.1290994,-0.9916316,-0.14392346,0.012676755,-0.5248489,-0.05835404,0.019613147,-0.72171026,-0.106202655,0.025950138,-0.8494607,-0.1359993,0.028075967,-0.9628392,-0.15555267,0.1014694,-0.47455773,-0.08136107,0.15204662,-0.63007903,-0.124874145,0.18251105,-0.74202925,-0.14430961,0.20629889,-0.8503041,-0.15651894
HELLO,0.0,0.0,0.0,-0.13181724,-0.08667726,-0.048167825,-0.24367696,-0.2593472,-0.066842906,-0.3282307,-0.38702616,-0.084002964,-0.40489453,-0.4559027,-0.100629516,-0.1611112,-0.50836515,-0.014526783,-0.19808257,-0.6943311,-0.04766402,-0.2211351,-0.8121595,-0.080515,-0.23695002,-0.91147417,-0.10628192,-0.073274925,-0.5424223,-0.024341734,-0.08467003,-0.7491218,-0.05131836,-0.096570134,-0.8814526,-0.080985546,-0.10749982,-0.9942051,-0.10346919,0.013705071,-0.52998185,-0.043715514,0.027427617,-0.7286776,-0.0776281,0.033517756,-0.85935414,-0.10235342,0.03594414,-0.9751677,-0.12044895,0.09756692,-0.47567308,-0.06861122,0.14554359,-0.6188661,-0.09984952,0.1741643,-0.7208781,-0.111924395,0.19984934,-0.8179479,-0.12000172
HELLO,0.0,0.0,0.0,-0.1292614,-0.08764989,-0.04640831,-0.24097414,-0.25503162,-0.06489779,-0.32283598,-0.38101882,-0.08189294,-0.3971356,-0.4543214,-0.098783076,-0.16248803,-0.5024339,-0.01596224,-0.20173861,-0.68621594,-0.050135527,-0.2243362,-0.805372,-0.08410097,-0.23889032,-0.90700257,-0.11079246,-0.07427806,-0.53960085,-0.02610558,-0.08629784,-0.7477338,-0.053929146,-0.096165664,-0.8807952,-0.08575912,-0.10485863,-0.99448717,-0.11043911,0.01272128,-0.5286756,-0.045267638,0.027131883,-0.72854763,-0.08006318,0.033304285,-0.85832375,-0.10790965,0.0351998,-0.9737128,-0.12875015,0.097502805,-0.475042,-0.0694467,0.14607343,-0.6183605,-0.102173485,0.17411585,-0.71963245,-0.11669667,0.19801787,-0.8164186,-0.12694591
HELLO,0.0,0.0,0.0,-0.14031953,-0.08645627,-0.04436928,-0.25660795,-0.24770203,-0.061530907,-0.34219718,-0.3699785,-0.07948052,-0.42266423,-0.43629488,-0.0964851,-0.16390967,-0.51576835,0.0020672078,-0.1839306,-0.7028862,-0.027701728,-0.19383292,-0.82344455,-0.059770864,-0.1998216,-0.92282957,-0.084330074,-0.07647836,-0.5476398,-0.008809281,-0.079721294,-0.7583701,-0.02974257,-0.08241595,-0.889211,-0.054840047,-0.083597906,-0.99649954,-0.074223086,0.009205282,-0.540326,-0.030504933,0.02989947,-0.7360856,-0.056678504,0.040843725,-0.86110485,-0.07403058,0.050406378,-0.9670216,-0.08711368,0.09180727,-0.49223754,-0.058986828,0.14125453,-0.6335723,-0.08190881,0.17006668,-0.7311203,-0.08806349,0.19655938,-0.8191884,-0.091939755
HELLO,0.0,0.0,0.0,-0.13681744,-0.08774809,-0.046835158,-0.25505593,-0.24640475,-0.06625418,-0.34394303,-0.36812565,-0.085919954,-0.42691174,-0.4325297,-0.10497085,-0.16050701,-0.51423293,-0.0031275281,-0.18283302,-0.7012387,-0.034924213,-0.19680755,-0.82351124,-0.06876844,-0.2062315,-0.9249443,-0.09465263,-0.07005286,-0.5480429,-0.01307221,-0.06976714,-0.7584437,-0.035369754,-0.0704576,-0.889912,-0.062009647,-0.07137086,-0.9974499,-0.082583584,0.018018788,-0.54047763,-0.033741746,0.04288367,-0.7336045,-0.061938085,0.05383944,-0.8538505,-0.08053759,0.060307793,-0.95414,-0.09396341,0.102029726,-0.493233,-0.061118383,0.15158439,-0.6370402,-0.085941724,0.17915308,-0.73294824,-0.09283887,0.20299304,-0.8180757,-0.09689819
HELLO,0.0,0.0,0.0,-0.1444692,-0.08255124,-0.054207467,-0.26559037,-0.2519498,-0.070102505,-0.36350292,-0.3820558,-0.085823,-0.45903817,-0.4504674,-0.09916395,-0.17200945,-0.50351864,0.01348969,-0.21505801,-0.67000705,-0.005610408,-0.23608057,-0.7782249,-0.027020218,-0.24897794,-0.87131125,-0.044635743,-0.08402487,-0.5419982,0.00946068,-0.103542246,-0.7530538,0.003316953,-0.117028914,-0.8836822,-0.0073653394,-0.12817943,-0.991751,-0.017068602,0.0030954047,-0.5316877,-0.0087774545,0.016865393,-0.7119606,-0.03188449,0.02366171,-0.82986635,-0.047714286,0.023163207,-0.93062687,-0.058392532,0.086405344,-0.48698035,-0.03472349,0.13612153,-0.6176904,-0.05865701,0.16534086,-0.70739853,-0.06829388,0.18722035,-0.7921809,-0.07478252
HELLO,0.0,0.0,0.0,-0.14430419,-0.0866744,-0.04615693,-0.26706126,-0.25348434,-0.057850324,-0.36154786,-0.379891,-0.0695941,-0.4518695,-0.45047677,-0.07906192,-0.16858858,-0.5187763,0.019939493,-0.21338232,-0.6941544,0.003111978,-0.23755331,-0.80076945,-0.019445224,-0.25297543,-0.8953502,-0.039289676,-0.07579127,-0.555664,0.012737812,-0.09220837,-0.7607175,0.0052821888,-0.101479076,-0.88938993,-0.012076943,-0.1096016,-0.99397564,-0.02799101,0.013226076,-0.5433685,-0.0073039737,0.029537568,-0.7282981,-0.028989796,0.03501371,-0.8482733,-0.047606613,0.033568565,-0.9497149,-0.06201689,0.0958385,-0.49709895,-0.033957805,0.14398842,-0.6357843,-0.05638647,0.17213026,-0.7294483,-0.066210076,0.194948,-0.8170472,-0.07377865
HELLO,0.0,0.0,0.0,-0.14425589,-0.08086385,-0.046173953,-0.27144745,-0.24788387,-0.059412114,-0.3697552,-0.37025666,-0.07249077,-0.45995247,-0.43717474,-0.083415575,-0.17276467,-0.52154696,0.013351128,-0.21801896,-0.69682455,-0.0028025536,-0.24109437,-0.8016806,-0.023629116,-0.2546273,-0.89374,-0.042445127,-0.08025915,-0.5599176,0.0055054934,-0.097511016,-0.7651118,-0.0024700423,-0.10787253,-0.892292,-0.018284515,-0.11720441,-0.9931078,-0.03277681,0.009404609,-0.5486098,-0.014756677,0.0236742,-0.740055,-0.03849129,0.026035395,-0.8600335,-0.05838325,0.022059197,-0.9608885,-0.07341518,0.09192523,-0.5022295,-0.04118041,0.14347862,-0.6441224,-0.06780336,0.17473193,-0.74140376,-0.08079763,0.20031063,-0.83266807,-0.09008132
HELLO,0.0,0.0,0.0,-0.14749089,-0.08644355,-0.03827415,-0.27601656,-0.25198376,-0.046830937,-0.37196144,-0.36964276,-0.056968678,-0.45883235,-0.43522048,-0.06568255,-0.17288843,-0.51316416,0.02266014,-0.21950367,-0.6901874,0.007167087,-0.2454964,-0.7982808,-0.01498441,-0.26270297,-0.8927978,-0.03522232,-0.08204988,-0.55314904,0.011559292,-0.0989213,-0.761407,0.004366159,-0.1104086,-0.8902134,-0.013657048,-0.12067007,-0.9926927,-0.030394038,0.0076179956,-0.54527813,-0.0113902595,0.024531493,-0.74091417,-0.032856375,0.027806953,-0.8618662,-0.054002736,0.02501459,-0.9641,-0.07090756,0.09152619,-0.500008,-0.040082972,0.14321563,-0.640604,-0.064008154,0.17178781,-0.7363003,-0.076277316,0.19443206,-0.8268345,-0.086017266
HELLO,0.0,0.0,0.0,-0.14693557,-0.07858202,-0.043881584,-0.2776994,-0.24208099,-0.0556939,-0.37797266,-0.36262232,-0.06796309,-0.46984354,-0.42887872,-0.07836231,-0.17788768,-0.5109734,0.017078675,-0.22413124,-0.6911251,0.0015474026,-0.25027892,-0.79916465,-0.019487776,-0.2684395,-0.8943822,-0.039364126,-0.0862618,-0.55084044,0.007541107,-0.105010465,-0.7579225,-0.0013680584,-0.11719208,-0.88719726,-0.019780645,-0.12952575,-0.991576,-0.036950972,0.0032544564,-0.54342604,-0.014285697,0.017960561,-0.7353306,-0.03859866,0.020738851,-0.8599578,-0.06143805,0.016529843,-0.96736515,-0.07955965,0.0869486,-0.501386,-0.042152375,0.13823955,-0.6423377,-0.06919083,0.16814807,-0.7401154,-0.08392276,0.1915195,-0.83328104,-0.09554195
HELLO,0.0,0.0,0.0,-0.15122174,-0.08012461,-0.039751045,-0.28123328,-0.23992872,-0.05098696,-0.37903956,-0.35726723,-0.064020455,-0.46681875,-0.4241798,-0.0752393,-0.17332317,-0.51104033,0.018747145,-0.22092046,-0.68918616,0.0023664178,-0.24626951,-0.79748607,-0.018557137,-0.26180157,-0.8922573,-0.03744959,-0.08135623,-0.55007625,0.007598283,-0.10353131,-0.7601614,0.0007018986,-0.11689183,-0.88895416,-0.014577892,-0.12791003,-0.99178576,-0.02895982,0.009103979,-0.5419102,-0.015592571,0.021092402,-0.73837095,-0.037680436,0.024230152,-0.8596644,-0.056209404,0.021799054,-0.96153814,-0.070809305,0.094829276,-0.4970378,-0.044773027,0.14738272,-0.6370147,-0.070563175,0.17761372,-0.73537123,-0.08332699,0.20202735,-0.8287012,-0.092709035
HELLO,0.0,0.0,0.0,-0.14920749,-0.07978522,-0.041026868,-0.27859607,-0.24447733,-0.051793143,-0.37871942,-0.36350623,-0.06380412,-0.47234148,-0.42368102,-0.0744361,-0.17377308,-0.51289773,0.019875124,-0.22164674,-0.6895276,0.00465847,-0.24817513,-0.79754776,-0.017049547,-0.2654298,-0.8934701,-0.03756635,-0.08226349,-0.5511479,0.009432132,-0.1034313,-0.75617856,0.0020593551,-0.116725326,-0.88490534,-0.0162085,-0.1282595,-0.99174064,-0.033481814,0.008445305,-0.5417064,-0.012963518,0.021241479,-0.7366385,-0.035857018,0.023622017,-0.85865355,-0.058203302,0.019689199,-0.96423316,-0.07618055,0.094519824,-0.49581254,-0.041142613,0.14499992,-0.6365803,-0.06725233,0.17429698,-0.73396444,-0.08132241,0.19746701,-0.82813406,-0.09256601
HELLO,0.0,0.0,0.0,-0.15090457,-0.083205,-0.040715598,-0.279617,-0.24424888,-0.052989896,-0.37950805,-0.36181918,-0.066830054,-0.46654272,-0.42946616,-0.07827049,-0.17551932,-0.5095906,0.01615915,-0.22401418,-0.68896437,-0.0024116759,-0.2490281,-0.7979632,-0.024215486,-0.2637742,-0.89349234,-0.043086536,-0.08405148,-0.55103314,0.0062160036,-0.106068954,-0.75935054,-0.0017316077,-0.119488955,-0.8880731,-0.016782634,-0.13124338,-0.9913502,-0.030280434,0.0071744598,-0.5436672,-0.015654804,0.019787474,-0.73874044,-0.037629016,0.022727733,-0.8581158,-0.054772567,0.019561375,-0.9567401,-0.06753534,0.09331258,-0.4986098,-0.043616176,0.14790255,-0.63744533,-0.06916615,0.17834367,-0.7361941,-0.08122178,0.20320137,-0.82803124,-0.08906328
HELLO,0.0,0.0,0.0,-0.14726731,-0.0820312,-0.04025604,-0.27641368,-0.24677569,-0.050046276,-0.37516055,-0.3635469,-0.060884163,-0.46290925,-0.4262005,-0.070197016,-0.17109664,-0.51267517,0.018987957,-0.21784869,-0.68795186,0.0030393396,-0.24401678,-0.79453325,-0.01918651,-0.26133102,-0.88935786,-0.039676685,-0.08042854,-0.55168504,0.009170873,-0.10034464,-0.7563573,0.0010269961,-0.113587745,-0.88520485,-0.018026702,-0.12508784,-0.99214566,-0.035551332,0.010088159,-0.54316294,-0.01225969,0.024230795,-0.735872,-0.034455102,0.026961152,-0.8568015,-0.056812387,0.02313484,-0.9604772,-0.07454737,0.09657297,-0.49807304,-0.03939593,0.14859428,-0.6378783,-0.06367528,0.1773347,-0.7349737,-0.076968975,0.19983186,-0.82766175,-0.08750967
HELLO,0.0,0.0,0.0,-0.14983994,-0.08047222,-0.039265737,-0.27797714,-0.25138685,-0.049404655,-0.38037068,-0.3755297,-0.06202929,-0.47319022,-0.43573183,-0.072248384,-0.17308612,-0.51920235,0.025036806,-0.21418078,-0.696745,0.0099928,-0.23411345,-0.80456966,-0.009883444,-0.24388683,-0.89865005,-0.027424302,-0.080885515,-0.5578855,0.014599969,-0.10024589,-0.7635648,0.011763957,-0.10976401,-0.8902238,0.00053718453,-0.11763467,-0.99305695,-0.009995587,0.011382155,-0.5475996,-0.008282317,0.023477092,-0.7358936,-0.026051749,0.031329695,-0.8515441,-0.038815062,0.033275437,-0.94771767,-0.048434127,0.097740605,-0.500409,-0.037786577,0.14927775,-0.6353633,-0.0608221,0.18125854,-0.7311883,-0.07044028,0.208871,-0.82091177,-0.076067574
HELLO,0.0,0.0,0.0,-0.14797534,-0.07859814,-0.038408242,-0.2789346,-0.25324392,-0.043747112,-0.37786326,-0.37622744,-0.050589584,-0.46897888,-0.43210492,-0.055388883,-0.17127562,-0.5224687,0.028891895,-0.21354179,-0.6935916,0.01782603,-0.23515075,-0.7971977,0.00016397094,-0.24867707,-0.88786554,-0.016515562,-0.076980084,-0.55916065,0.019303476,-0.09631851,-0.7641575,0.018944021,-0.10744057,-0.8912275,0.008363172,-0.11827668,-0.99298066,-0.0021948065,0.015392349,-0.5469983,-0.0028629627,0.03091293,-0.73627913,-0.020446667,0.03642204,-0.8565393,-0.035845794,0.034419443,-0.95653015,-0.047592536,0.10126749,-0.49963856,-0.031161217,0.15256394,-0.63672686,-0.05434674,0.18207459,-0.73248,-0.0653022,0.20557328,-0.8233442,-0.07269246
HELLO,0.0,0.0,0.0,-0.14968799,-0.07985442,-0.040577926,-0.27816042,-0.2510259,-0.048552815,-0.37643275,-0.37319195,-0.057820633,-0.4683127,-0.43198025,-0.06503232,-0.1714467,-0.5228554,0.027557235,-0.21355039,-0.6939325,0.015891457,-0.23588598,-0.7972258,-0.002942535,-0.24955821,-0.88930947,-0.020636698,-0.07755508,-0.55923146,0.018210119,-0.09752856,-0.761511,0.017344015,-0.10946816,-0.8880227,0.0054643853,-0.12071634,-0.992687,-0.0064466028,0.014306878,-0.5470135,-0.0039187213,0.030214306,-0.7352267,-0.021848915,0.0347997,-0.8556597,-0.038482293,0.032036122,-0.958605,-0.05158048,0.0996984,-0.49998012,-0.032391988,0.15000467,-0.63717914,-0.05550475,0.17951153,-0.7319473,-0.06649698,0.20319892,-0.8237043,-0.074339785
HELLO,0.0,0.0,0.0,-0.1501101,-0.07780283,-0.040861864,-0.2793462,-0.24965245,-0.04905624,-0.37742803,-0.37287292,-0.058718674,-0.469443,-0.43366778,-0.066413805,-0.17299642,-0.52164865,0.027408767,-0.2149713,-0.69239056,0.015572105,-0.23693018,-0.796418,-0.0033526025,-0.24970385,-0.88870573,-0.021169968,-0.07987882,-0.5590117,0.018227145,-0.09968,-0.7615435,0.017233748,-0.11131273,-0.8882942,0.005328487,-0.12198916,-0.9925314,-0.0065998896,0.012136319,-0.54764307,-0.0038034767,0.026161559,-0.73654157,-0.022115977,0.030266548,-0.85539544,-0.038862217,0.027693195,-0.9566264,-0.05202839,0.09805187,-0.50062495,-0.032217216,0.14832011,-0.6376522,-0.056217186,0.1780454,-0.73148614,-0.06787996,0.20240922,-0.8223229,-0.076044604
HELLO,0.0,0.0,0.0,-0.15018374,-0.07896739,-0.040634185,-0.2786731,-0.25094396,-0.04840093,-0.3771629,-0.3739525,-0.05753071,-0.46980911,-0.43215698,-0.06473452,-0.1708087,-0.5216432,0.026573205,-0.2141745,-0.69471943,0.014018475,-0.23513818,-0.79995996,-0.0049533187,-0.24653754,-0.8925511,-0.022557128,-0.076415,-0.55728734,0.017345507,-0.09772743,-0.7618278,0.015347204,-0.1090054,-0.8892661,0.0029604998,-0.11825379,-0.99298334,-0.009085779,0.016261756,-0.54464304,-0.0046031005,0.030362679,-0.7348803,-0.023776721,0.034849152,-0.85559535,-0.040805884,0.033447377,-0.957187,-0.053830687,0.10287078,-0.49642724,-0.032781597,0.15314768,-0.6339449,-0.057057455,0.18238942,-0.7299137,-0.06880987,0.20627637,-0.822195,-0.07695463
HELLO,0.0,0.0,0.0,-0.15022622,-0.0759041,-0.04189292,-0.27964184,-0.24530073,-0.05074497,-0.37839034,-0.3680815,-0.060760975,-0.46999052,-0.42480883,-0.06912828,-0.17151985,-0.51767457,0.02403241,-0.2154507,-0.6897906,0.010777478,-0.23774816,-0.79450333,-0.00927357,-0.25050858,-0.88792694,-0.02802774,-0.076366566,-0.555288,0.014671189,-0.0968053,-0.759384,0.011732892,-0.10872798,-0.88765067,-0.0019512905,-0.119065545,-0.99288636,-0.015410765,0.01656279,-0.5441599,-0.007447399,0.031134006,-0.735797,-0.027077004,0.03493017,-0.8576873,-0.045237117,0.03257935,-0.9618851,-0.059602555,0.102852575,-0.49745783,-0.03592417,0.15360543,-0.63491976,-0.060308047,0.18324251,-0.73102945,-0.07253574,0.20696697,-0.8240757,-0.08158674
HELLO,0.0,0.0,0.0,-0.14898,-0.07774097,-0.039857496,-0.27665177,-0.24625736,-0.04826002,-0.37441543,-0.3681986,-0.058453202,-0.46569365,-0.42784637,-0.06702381,-0.16971764,-0.51700586,0.0262157,-0.21297501,-0.68823767,0.013898203,-0.23616394,-0.792409,-0.005595681,-0.24957304,-0.8856311,-0.024150316,-0.07570476,-0.5554915,0.015909778,-0.09547821,-0.7599396,0.013949448,-0.10716078,-0.88837874,0.0007490077,-0.117346294,-0.99309105,-0.012354687,0.01735948,-0.5446627,-0.0069951536,0.031154154,-0.7369721,-0.0261062,0.035097644,-0.85662,-0.04387786,0.032479934,-0.9584351,-0.05787673,0.10407982,-0.49693114,-0.036105026,0.15602675,-0.6346121,-0.060426272,0.18583083,-0.7298812,-0.07269497,0.20943174,-0.8214136,-0.08154882
HELLO,0.0,0.0,0.0,-0.14695892,-0.075059034,-0.039334748,-0.27486962,-0.24618487,-0.047145724,-0.3725243,-0.36962506,-0.056481097,-0.4643144,-0.42963207,-0.064158745,-0.1688918,-0.5184647,0.026901668,-0.21193206,-0.6891389,0.014808437,-0.23510988,-0.7907432,-0.0052601723,-0.25020036,-0.8814411,-0.024254931,-0.07477073,-0.5554,0.016127625,-0.09475275,-0.7596331,0.013502379,-0.106608234,-0.888626,-0.0016498527,-0.117737934,-0.99304473,-0.016300298,0.017625645,-0.54371256,-0.0070637683,0.03290484,-0.7351167,-0.026436472,0.0374877,-0.85697365,-0.04616003,0.034413256,-0.96104884,-0.0618393,0.103477396,-0.49620828,-0.03620985,0.15501693,-0.63484365,-0.060070556,0.18531114,-0.7308208,-0.072557084,0.20890482,-0.8224114,-0.082065806
HELLO,0.0,0.0,0.0,-0.14846331,-0.079155356,-0.040967893,-0.2758466,-0.24315579,-0.051609613,-0.37406248,-0.3603552,-0.06349966,-0.4636726,-0.42258924,-0.07350069,-0.17156112,-0.51872957,0.022293417,-0.21545361,-0.69129866,0.008269651,-0.23837183,-0.7932953,-0.012521478,-0.25292572,-0.88487,-0.031538524,-0.07655623,-0.55577666,0.012013059,-0.09692348,-0.7611549,0.008495584,-0.10838198,-0.8888561,-0.00600677,-0.11889,-0.9929074,-0.019991465,0.016533079,-0.5439409,-0.010709716,0.03227549,-0.7356796,-0.03025745,0.03743672,-0.85677934,-0.04884768,0.035126984,-0.96033615,-0.06356956,0.10345371,-0.49615148,-0.039584976,0.15481263,-0.6350568,-0.063282944,0.1847343,-0.7306679,-0.074798934,0.20811577,-0.8223296,-0.08332133
HELLO,0.0,0.0,0.0,-0.15324998,-0.07394715,-0.04738605,-0.28584245,-0.23490043,-0.06173609,-0.39069644,-0.35303095,-0.07751954,-0.4852122,-0.4260581,-0.08986049,-0.17818774,-0.52696353,0.027535083,-0.22559671,-0.7039689,0.015136291,-0.2447233,-0.8096317,-0.0036543917,-0.25277498,-0.9014405,-0.020286717,-0.0806074,-0.5629509,0.019389873,-0.104697704,-0.76931405,0.020000745,-0.11345589,-0.8943177,0.010171482,-0.11842185,-0.9929634,0.0006545704,0.014610521,-0.5512552,-0.0029392182,0.02858039,-0.736086,-0.019258346,0.038853303,-0.85016364,-0.030297082,0.04189303,-0.94696355,-0.03835728,0.104571305,-0.50511205,-0.032964595,0.15265703,-0.64267236,-0.053409867,0.18185847,-0.7341931,-0.060181268,0.20499656,-0.82158303,-0.06395973
HELLO,0.0,0.0,0.0,-0.1516751,-0.07168256,-0.04520971,-0.28720176,-0.23837337,-0.056243595,-0.3907064,-0.3567185,-0.06824512,-0.48570317,-0.42205247,-0.076627485,-0.18282062,-0.53026974,0.028402703,-0.22928025,-0.70797783,0.017721167,-0.24664539,-0.81383896,0.00073932885,-0.25309113,-0.90397173,-0.0144347,-0.085210025,-0.56624836,0.020652356,-0.109374635,-0.77350897,0.023180181,-0.11681834,-0.89672524,0.015419269,-0.12087104,-0.9926682,0.00763079,0.010633318,-0.55394447,-0.0009101329,0.02352567,-0.7404708,-0.016109372,0.033323806,-0.85203266,-0.026416693,0.036254507,-0.9458593,-0.033692658,0.10136362,-0.5072194,-0.029815823,0.14880005,-0.6445076,-0.049746737,0.17766339,-0.7355571,-0.056399826,0.20111665,-0.8233647,-0.059800662
HELLO,0.0,0.0,0.0,-0.1477179,-0.0707137,-0.047466908,-0.28262624,-0.23347807,-0.059920326,-0.3860425,-0.35002664,-0.07284505,-0.48160356,-0.41706824,-0.08226855,-0.18167548,-0.5324817,0.024791203,-0.22803304,-0.70946884,0.012696405,-0.24599588,-0.81355363,-0.0050755525,-0.25282025,-0.90378314,-0.020897018,-0.08280977,-0.56746566,0.017697057,-0.106760964,-0.7733036,0.017687721,-0.11387138,-0.896583,0.008372723,-0.117475264,-0.9930758,-0.0004594587,0.013713824,-0.55407304,-0.0033474744,0.027077526,-0.73819023,-0.021874888,0.037210334,-0.8485943,-0.03335901,0.040140063,-0.94315624,-0.04091962,0.104930155,-0.5068581,-0.03171503,0.15164073,-0.64404964,-0.054464296,0.18065378,-0.7336989,-0.06224995,0.20365676,-0.82099533,-0.066180065
HELLO,0.0,0.0,0.0,-0.14999941,-0.07242942,-0.044054057,-0.28570914,-0.23697163,-0.053669807,-0.38869137,-0.35257268,-0.0638382,-0.48332578,-0.4145733,-0.07079901,-0.18199134,-0.5331316,0.02659356,-0.22904027,-0.7123835,0.015625596,-0.2471105,-0.8157757,-0.0016063144,-0.2547908,-0.9044877,-0.017084965,-0.08240011,-0.5690512,0.019296102,-0.105013296,-0.776606,0.020686263,-0.11247766,-0.8988086,0.011503204,-0.117049605,-0.9931261,0.002445832,0.014673078,-0.5559853,-0.0014393992,0.028774139,-0.7432873,-0.017667193,0.036471076,-0.854369,-0.029596504,0.037451472,-0.9484739,-0.038190227,0.10611591,-0.5083288,-0.02905687,0.15514123,-0.644362,-0.049312275,0.18282898,-0.734112,-0.056696236,0.20414998,-0.82164735,-0.060881093
HELLO,0.0,0.0,0.0,-0.15065655,-0.07006895,-0.046580948,-0.28647566,-0.23129657,-0.058127865,-0.38977873,-0.34688735,-0.07006993,-0.4826736,-0.41588232,-0.07841026,-0.18540932,-0.53150415,0.027268764,-0.2304415,-0.71056515,0.017771965,-0.2479925,-0.81350374,0.0008878203,-0.25534147,-0.9036139,-0.014942188,-0.08532802,-0.5667027,0.020352261,-0.10820792,-0.7722015,0.022780709,-0.11547193,-0.89589757,0.012856335,-0.11974131,-0.9928051,0.0026556414,0.0118672745,-0.5535108,-0.00036194862,0.025544658,-0.7367169,-0.015700223,0.03408059,-0.8478219,-0.0284131,0.035165474,-0.9428192,-0.038111754,0.10374503,-0.5062787,-0.02833026,0.15119797,-0.64229697,-0.048190717,0.17954162,-0.73213345,-0.056108046,0.20136628,-0.81970257,-0.06108967
HELLO,0.0,0.0,0.0,-0.15170844,-0.06952005,-0.042000312,-0.28930742,-0.23597912,-0.04863434,-0.3923422,-0.35030478,-0.056053843,-0.48567775,-0.41083258,-0.060105924,-0.18592027,-0.53399056,0.032095797,-0.23189488,-0.71445847,0.024928013,-0.24865597,-0.8184181,0.009932151,-0.25402647,-0.9082585,-0.004426547,-0.08681324,-0.5690288,0.024944881,-0.11080822,-0.77529293,0.030007927,-0.11780831,-0.8982819,0.0224327,-0.12090853,-0.9926636,0.014212149,0.010141863,-0.5561387,0.0043390775,0.02201023,-0.74140483,-0.00857339,0.030249428,-0.84950054,-0.019623095,0.031726126,-0.94096744,-0.028060477,0.10197281,-0.51011306,-0.023224303,0.1491941,-0.6454912,-0.041829422,0.17624949,-0.7337594,-0.049453754,0.19770135,-0.8211236,-0.053964242
HELLO,0.0,0.0,0.0,-0.15079919,-0.071268365,-0.043463133,-0.28733057,-0.23500349,-0.052083906,-0.38988107,-0.34937885,-0.06123083,-0.48260507,-0.41360846,-0.06653573,-0.18596323,-0.536456,0.030357232,-0.23149061,-0.71586716,0.022487346,-0.24631017,-0.819506,0.0072540063,-0.24952509,-0.90968645,-0.0067794183,-0.087304495,-0.5708666,0.023796076,-0.11159019,-0.77652377,0.028990883,-0.11746069,-0.8987886,0.02258036,-0.11953526,-0.99283,0.015603365,0.009003921,-0.5568277,0.0036492124,0.020844474,-0.7404584,-0.009032686,0.029046807,-0.8485751,-0.018371144,0.030370396,-0.93932873,-0.025149433,0.10067507,-0.5104291,-0.023652785,0.14812529,-0.6470948,-0.041466087,0.1755242,-0.7359973,-0.047547136,0.19720304,-0.8232322,-0.050517302
HELLO,0.0,0.0,0.0,-0.15392077,-0.07138487,-0.04208941,-0.29148415,-0.23639093,-0.04827607,-0.3946789,-0.3508212,-0.055253725,-0.48850322,-0.4090368,-0.05847807,-0.19011426,-0.53573513,0.035008725,-0.23565446,-0.71507627,0.029535264,-0.25062546,-0.81962824,0.016446618,-0.25369582,-0.9099228,0.0041412963,-0.09143458,-0.57015675,0.028993396,-0.11438669,-0.7758038,0.03776736,-0.12037747,-0.89801735,0.034975104,-0.123157345,-0.9923871,0.030599132,0.005086331,-0.5569902,0.0090639675,0.01680059,-0.73935205,5.3209867e-05,0.02348561,-0.8481839,-0.006674303,0.024117567,-0.9395729,-0.011968896,0.09605371,-0.51191396,-0.018270547,0.14113614,-0.6470404,-0.0334858,0.1666874,-0.73546094,-0.038258158,0.18808934,-0.82273746,-0.040465444
HELLO,0.0,0.0,0.0,-0.15269066,-0.07268051,-0.04289628,-0.2903235,-0.23584473,-0.05060866,-0.39490494,-0.34533823,-0.05851243,-0.48733914,-0.4064368,-0.06242063,-0.18798043,-0.53662527,0.029715348,-0.23696733,-0.7158176,0.02293304,-0.25335804,-0.81974065,0.009462488,-0.25751215,-0.9092654,-0.00279937,-0.08871803,-0.5704879,0.02425374,-0.11234216,-0.7774348,0.032603785,-0.11952027,-0.9002995,0.029672902,-0.123471655,-0.99234813,0.025306463,0.00838108,-0.55555713,0.005274728,0.019496458,-0.74096864,-0.003659645,0.025193801,-0.8478048,-0.009312769,0.02422881,-0.93638706,-0.013505343,0.09903279,-0.5080122,-0.020927815,0.14324285,-0.6441769,-0.036043562,0.16701029,-0.7330557,-0.03996646,0.18654628,-0.8203965,-0.04098824
HELLO,0.0,0.0,0.0,-0.15311708,-0.07535277,-0.039853234,-0.28996935,-0.23976304,-0.04843561,-0.3948973,-0.3505901,-0.057946343,-0.48791847,-0.41085124,-0.06357904,-0.18668087,-0.53263444,0.027492851,-0.23507707,-0.71652365,0.017840385,-0.25041267,-0.82203627,0.0024898553,-0.25375164,-0.91236496,-0.010787978,-0.090515226,-0.5686493,0.020152913,-0.111585945,-0.7765249,0.025888702,-0.11699072,-0.9010122,0.021320479,-0.11970834,-0.9928091,0.01597172,0.005324471,-0.5559328,-7.687735e-05,0.016166026,-0.7434833,-0.010136508,0.023499878,-0.85089904,-0.016761202,0.024918742,-0.93711257,-0.02178159,0.09480985,-0.5090962,-0.02725436,0.14138596,-0.6446327,-0.044446025,0.16726585,-0.73373514,-0.049827065,0.18957216,-0.81823355,-0.051537756
HELLO,0.0,0.0,0.0,-0.15167204,-0.07872043,-0.04003889,-0.2833544,-0.23940094,-0.049871948,-0.38543484,-0.3500663,-0.06105473,-0.47878698,-0.41275707,-0.06854864,-0.18262716,-0.5318857,0.029676365,-0.22828119,-0.7161404,0.020126129,-0.24279837,-0.8225514,0.004251028,-0.24469668,-0.9144196,-0.009677256,-0.085410535,-0.56559145,0.0213154,-0.10872984,-0.7729663,0.026081296,-0.11437715,-0.8980994,0.019063318,-0.115740635,-0.9932795,0.011577685,0.009888989,-0.551499,3.230385e-05,0.020116406,-0.7377514,-0.010861733,0.027839001,-0.8459592,-0.019033426,0.029367043,-0.93424714,-0.025436535,0.099529,-0.504914,-0.028181596,0.1436299,-0.63983214,-0.04442278,0.16859958,-0.72932667,-0.049466606,0.18979637,-0.8152196,-0.051613208
HELLO,0.0,0.0,0.0,-0.14917727,-0.07808533,-0.042755317,-0.28087267,-0.23887697,-0.053552076,-0.38389012,-0.3495053,-0.06516015,-0.4771071,-0.4106023,-0.07316991,-0.18013047,-0.5336787,0.028554743,-0.2261985,-0.71512073,0.01887053,-0.24176316,-0.82051575,0.0024291724,-0.24527085,-0.91356546,-0.0122449,-0.083348334,-0.56737745,0.021409623,-0.10418997,-0.77413195,0.026387075,-0.10945085,-0.89815825,0.01955981,-0.11180083,-0.99373066,0.011884819,0.010857442,-0.55216384,0.0010063819,0.025523905,-0.737364,-0.009689219,0.03350748,-0.8463665,-0.017626137,0.03397967,-0.9361772,-0.024057362,0.09907353,-0.50411135,-0.0266486,0.14645186,-0.63906777,-0.041827094,0.17230116,-0.7276448,-0.046089903,0.19282117,-0.81285566,-0.048113175
HELLO,0.0,0.0,0.0,-0.14933793,-0.077424265,-0.042771295,-0.2820744,-0.23761742,-0.053802952,-0.38512442,-0.34981272,-0.066100724,-0.47829053,-0.4107035,-0.07476699,-0.18287131,-0.5341546,0.030176885,-0.22857155,-0.7137191,0.01973994,-0.24438526,-0.8190257,0.0026923832,-0.24823157,-0.91201836,-0.012353568,-0.08608588,-0.56885666,0.0222298,-0.10643597,-0.7742321,0.025782598,-0.11122455,-0.8973461,0.018600488,-0.11324454,-0.9935671,0.011157172,0.008398964,-0.55482996,0.00078141736,0.023350436,-0.7384517,-0.011952137,0.031412166,-0.84836286,-0.02024294,0.031926498,-0.9396329,-0.026271954,0.097542286,-0.50731254,-0.028002158,0.14621007,-0.64197844,-0.044824276,0.17286803,-0.73022985,-0.04935086,0.1939736,-0.8149287,-0.051167656
HELLO,0.0,0.0,0.0,-0.15130405,-0.076817155,-0.0434696,-0.28435755,-0.23836671,-0.05398093,-0.38830277,-0.3496602,-0.06530956,-0.4816162,-0.40899274,-0.07285543,-0.18319383,-0.5348924,0.0292167,-0.22808819,-0.7167646,0.019981684,-0.24338496,-0.82269615,0.0042959014,-0.24686223,-0.91521627,-0.009641844,-0.085159466,-0.56842023,0.022379255,-0.10635381,-0.7748348,0.028538993,-0.112111405,-0.89792967,0.023775168,-0.11541014,-0.9933179,0.017804729,0.010075026,-0.5532683,0.0019251563,0.023437053,-0.737407,-0.008115907,0.031268086,-0.84690857,-0.014644283,0.03164221,-0.93780386,-0.019968187,0.09889918,-0.50511605,-0.026033048,0.14540674,-0.6400909,-0.04124932,0.17126825,-0.72823685,-0.045118645,0.19198684,-0.8136377,-0.046724234
HELLO,0.0,0.0,0.0,-0.15017557,-0.07950158,-0.04172716,-0.28263393,-0.24066094,-0.05164063,-0.38617638,-0.35068855,-0.06296824,-0.4786585,-0.41104478,-0.070502564,-0.18166053,-0.5364685,0.031739507,-0.22668199,-0.71713066,0.022258593,-0.2424501,-0.82328135,0.00650139,-0.24614131,-0.9159361,-0.007249924,-0.08416075,-0.56942064,0.02392426,-0.10534659,-0.7747789,0.0296855,-0.11059148,-0.8979599,0.025115855,-0.1133176,-0.9935588,0.019766808,0.011093627,-0.5540694,0.0024633019,0.024166644,-0.7374415,-0.008060958,0.03174244,-0.8469627,-0.013822722,0.032075513,-0.93765146,-0.017992252,0.10002188,-0.50559586,-0.026442371,0.14689814,-0.6409132,-0.04178311,0.17305008,-0.7295467,-0.045061316,0.19423711,-0.8148119,-0.045756783
HELLO,0.0,0.0,0.0,-0.15347718,-0.08187094,-0.043245018,-0.28576487,-0.23911212,-0.054462284,-0.38966024,-0.34735796,-0.06689957,-0.4823788,-0.41242006,-0.07532144,-0.18342115,-0.529792,0.030600756,-0.22905323,-0.7126831,0.021424638,-0.24483137,-0.8201655,0.0060387077,-0.24783784,-0.91393214,-0.0073931613,-0.08673351,-0.56361127,0.02373061,-0.10882967,-0.7710275,0.029882954,-0.11485049,-0.8960418,0.02505603,-0.116920434,-0.9931413,0.01933001,0.0076340544,-0.5484577,0.0031048178,0.020254228,-0.7338628,-0.0070486576,0.028863143,-0.8430002,-0.0138883395,0.030531596,-0.9338499,-0.019039942,0.096570455,-0.50098735,-0.024961231,0.14379029,-0.6346335,-0.040348154,0.16981521,-0.72326934,-0.044683702,0.19121937,-0.80939186,-0.04629739
HELLO,0.0,0.0,0.0,-0.15448558,-0.07974935,-0.041656222,-0.28553125,-0.23844863,-0.050456043,-0.3867811,-0.3497979,-0.060189568,-0.47857082,-0.4112892,-0.06611422,-0.18389525,-0.53106844,0.032050163,-0.22586624,-0.7153209,0.024734875,-0.24020712,-0.8225679,0.010019645,-0.24266773,-0.91722167,-0.0034076995,-0.08579441,-0.56479174,0.025196774,-0.10695736,-0.7717593,0.031986594,-0.11241681,-0.89731467,0.026311861,-0.11402696,-0.9934777,0.019639963,0.008675008,-0.54937893,0.005004427,0.022163428,-0.7353179,-0.005455569,0.031215135,-0.84346193,-0.0135905305,0.033515085,-0.9318611,-0.01968136,0.097496286,-0.5022926,-0.022275316,0.14500807,-0.6386865,-0.039154466,0.17188947,-0.7277041,-0.04482244,0.19461806,-0.8140107,-0.047203742
HELLO,0.0,0.0,0.0,-0.15434967,-0.07986795,-0.040293027,-0.28473735,-0.24295005,-0.04649457,-0.38603124,-0.35498235,-0.05402557,-0.47839803,-0.41195068,-0.05751405,-0.18444666,-0.5359386,0.038107675,-0.22744173,-0.7174151,0.033587463,-0.24352147,-0.82339907,0.02172945,-0.24770443,-0.91571534,0.010832654,-0.08667092,-0.56954646,0.031596046,-0.10708088,-0.7748577,0.042830665,-0.11275267,-0.89764535,0.04233954,-0.11626797,-0.9932179,0.04023074,0.008440557,-0.5545813,0.011283721,0.022657475,-0.7365206,0.0044857794,0.030775916,-0.8450666,0.00036443083,0.031281885,-0.93512464,-0.0023043212,0.09688222,-0.50821245,-0.016420431,0.14466247,-0.6423989,-0.030384637,0.17107333,-0.7304911,-0.033499863,0.19296944,-0.81564707,-0.033435557
HELLO,0.0,0.0,0.0,-0.15373527,-0.078360476,-0.04594541,-0.28614265,-0.23491906,-0.057247415,-0.38963413,-0.34653652,-0.069313474,-0.48346922,-0.4076796,-0.07730976,-0.18848944,-0.5332063,0.032418996,-0.23061529,-0.7160126,0.026024517,-0.24527669,-0.82349247,0.012876741,-0.24819985,-0.91711324,0.000787798,-0.0892843,-0.56486994,0.02714248,-0.10935483,-0.772916,0.03625858,-0.113505125,-0.8955723,0.0342529,-0.114460394,-0.9934278,0.030555148,0.006374464,-0.54872227,0.007608218,0.020205377,-0.73287684,-0.001132073,0.029627092,-0.8426587,-0.0061269035,0.032502096,-0.93558925,-0.009993817,0.09664262,-0.5017706,-0.019803569,0.1432441,-0.6375033,-0.03459317,0.17086504,-0.72636795,-0.03790017,0.1951114,-0.8145209,-0.03870071
HELLO,0.0,0.0,0.0,-0.15242024,-0.074858755,-0.043983825,-0.2846045,-0.23491664,-0.054172855,-0.3875067,-0.347197,-0.06551033,-0.48127767,-0.4064272,-0.07320108,-0.18452232,-0.5315957,0.031679325,-0.22646038,-0.71331143,0.02414702,-0.24141891,-0.82110906,0.010163943,-0.24437967,-0.9140664,-0.0023905947,-0.08546704,-0.5629649,0.025237137,-0.10714179,-0.77121174,0.033240292,-0.11211777,-0.89531046,0.030370519,-0.11343944,-0.9935449,0.02605798,0.010657896,-0.54711574,0.0048571387,0.022615867,-0.7322838,-0.00495406,0.032018036,-0.841689,-0.010587737,0.034566052,-0.9332957,-0.01466568,0.101234324,-0.500647,-0.023153609,0.1464034,-0.6378185,-0.038777366,0.17364185,-0.72665465,-0.04243089,0.19686772,-0.8131669,-0.043431975
HELLO,0.0,0.0,0.0,-0.15411174,-0.07583657,-0.042076636,-0.2859987,-0.23752852,-0.05129963,-0.38794056,-0.35094157,-0.06157068,-0.4816631,-0.4081172,-0.068288,-0.18375205,-0.532989,0.03219005,-0.22511661,-0.7158306,0.025239455,-0.23973192,-0.8224002,0.010569462,-0.24319729,-0.91499084,-0.0031826505,-0.084121905,-0.56501913,0.02441432,-0.10554073,-0.7725154,0.032042712,-0.110581845,-0.89661705,0.026984423,-0.11235907,-0.9936676,0.020444574,0.011919188,-0.54799986,0.003203117,0.024100669,-0.73539925,-0.0067489035,0.033402104,-0.84499335,-0.014051449,0.035362218,-0.9364498,-0.020026913,0.10245478,-0.49883363,-0.025264407,0.14795813,-0.63679594,-0.0414539,0.17432791,-0.7271429,-0.046066813,0.19610018,-0.8147484,-0.04822674
HELLO,0.0,0.0,0.0,-0.15293255,-0.07497616,-0.042916518,-0.28790805,-0.23556404,-0.05257516,-0.39278507,-0.3481658,-0.062948205,-0.48828202,-0.4019211,-0.0698819,-0.18783137,-0.53097636,0.029669294,-0.2301831,-0.7141925,0.022413861,-0.24565484,-0.82100284,0.007805996,-0.25057167,-0.913822,-0.00605516,-0.088519394,-0.5631455,0.02243301,-0.109694794,-0.77186024,0.029323714,-0.1144897,-0.89608365,0.024197698,-0.11661641,-0.993177,0.017502865,0.0075157187,-0.5459092,0.0018233438,0.020197991,-0.7332864,-0.009166655,0.029492326,-0.8424257,-0.017011479,0.030915938,-0.9343877,-0.023409365,0.09799407,-0.49672228,-0.025951134,0.14383897,-0.63361025,-0.042772826,0.1704276,-0.7227728,-0.047733366,0.19192463,-0.81050026,-0.050368104
HELLO,0.0,0.0,0.0,-0.15686655,-0.07369281,-0.041637685,-0.28730223,-0.23142365,-0.052027818,-0.3867193,-0.3437411,-0.06320459,-0.4796587,-0.4045807,-0.07072673,-0.18740731,-0.5299255,0.027628433,-0.22900099,-0.7147912,0.0197161,-0.2441273,-0.8206371,0.0047422815,-0.24866931,-0.91113776,-0.0089350175,-0.08693675,-0.5646406,0.020281317,-0.10848122,-0.7736653,0.02723667,-0.11529157,-0.89860874,0.021775246,-0.11896732,-0.99289817,0.015030167,0.010179798,-0.54987544,-5.3515855e-06,0.021284783,-0.74031353,-0.010370806,0.029885149,-0.8480424,-0.01839158,0.03167881,-0.9361532,-0.024872847,0.10031236,-0.50220305,-0.027229153,0.14824626,-0.63847077,-0.04516529,0.1749565,-0.72674906,-0.05118031,0.19776036,-0.81229866,-0.05370227
HELLO,0.0,0.0,0.0,-0.15504853,-0.07357163,-0.045220163,-0.28778756,-0.23500879,-0.055849344,-0.38993356,-0.3500293,-0.06707506,-0.4843624,-0.40904477,-0.07509937,-0.18613058,-0.5302319,0.028216176,-0.22726421,-0.7106577,0.019037519,-0.2429172,-0.81722575,0.0025436757,-0.24798976,-0.9110703,-0.012670055,-0.0861774,-0.5643262,0.021376666,-0.10576209,-0.7716467,0.02584493,-0.11162672,-0.8955096,0.018212607,-0.11471098,-0.9933989,0.009964835,0.010511377,-0.5493438,0.0010046256,0.023022916,-0.734152,-0.012454507,0.03178922,-0.8444288,-0.022475034,0.033681355,-0.93719864,-0.029838,0.10175048,-0.5019085,-0.026684262,0.14773113,-0.6394593,-0.045396224,0.17554952,-0.72795796,-0.051371157,0.1986188,-0.813344,-0.05432231
HELLO,0.0,0.0,0.0,-0.15537335,-0.07198756,-0.0465197,-0.2860672,-0.22804794,-0.059860725,-0.38703144,-0.340743,-0.07302832,-0.47998327,-0.40122935,-0.08281972,-0.18538925,-0.5274099,0.020842638,-0.22616304,-0.7129926,0.009872568,-0.2402071,-0.82004535,-0.0072671534,-0.2432904,-0.9137927,-0.022687696,-0.08414696,-0.5615801,0.01455317,-0.10426681,-0.7708177,0.017760158,-0.109843835,-0.8962927,0.009677349,-0.11197738,-0.99371076,0.00079162116,0.012854865,-0.5458787,-0.0049233506,0.025982106,-0.73463535,-0.018945202,0.034900054,-0.84470624,-0.029287195,0.037069105,-0.93648165,-0.03743494,0.1032173,-0.49670604,-0.03156815,0.1499871,-0.6340401,-0.051479995,0.17717133,-0.72299796,-0.058430366,0.19949263,-0.809959,-0.06221904
HELLO,0.0,0.0,0.0,-0.15224126,-0.07646211,-0.04457656,-0.28310788,-0.2353691,-0.056320675,-0.38481718,-0.347426,-0.068658516,-0.47812068,-0.40652862,-0.077442825,-0.18180168,-0.5311754,0.026895175,-0.22326745,-0.7143559,0.017743938,-0.23839656,-0.82240045,0.0020481215,-0.24195753,-0.91531247,-0.012051229,-0.08244299,-0.56335205,0.020164315,-0.1046322,-0.7708978,0.026133735,-0.110565394,-0.89626235,0.020500693,-0.11241774,-0.993661,0.01401321,0.014208251,-0.54689604,5.328307e-05,0.026075391,-0.7326494,-0.011177126,0.03583126,-0.84274143,-0.018858833,0.03886023,-0.9345558,-0.024663689,0.10470045,-0.49743548,-0.027447108,0.14992915,-0.63280016,-0.045272484,0.1772409,-0.7216817,-0.050588004,0.20078452,-0.80788535,-0.05266271
HELLO,0.0,0.0,0.0,-0.15574896,-0.07476934,-0.047168817,-0.28765368,-0.2325131,-0.05980648,-0.38926017,-0.3448268,-0.07236773,-0.48120728,-0.4037747,-0.08164976,-0.18431337,-0.5288704,0.021873841,-0.22468792,-0.7111282,0.009871282,-0.23985773,-0.81812316,-0.00845956,-0.24425052,-0.9131812,-0.024736296,-0.08369112,-0.562763,0.016196527,-0.10207491,-0.77042186,0.0186829,-0.107573435,-0.8949297,0.010353574,-0.10990284,-0.9939424,0.0013212339,0.013268894,-0.54642594,-0.0028723225,0.027998827,-0.73532385,-0.016677901,0.037192095,-0.8460659,-0.025983568,0.03950619,-0.9386968,-0.03322262,0.10430953,-0.49598995,-0.029383464,0.15266776,-0.6347928,-0.0479567,0.17986941,-0.72533363,-0.053562507,0.2021178,-0.8127377,-0.056451503
HELLO,0.0,0.0,0.0,-0.151632,-0.07333444,-0.045299795,-0.28272069,-0.2306682,-0.057523474,-0.38402358,-0.3407533,-0.069765665,-0.47499183,-0.40200225,-0.07845263,-0.17918755,-0.528562,0.022387493,-0.22253722,-0.7088189,0.011698095,-0.23975074,-0.8139819,-0.0049611623,-0.2458539,-0.906067,-0.019770151,-0.0799761,-0.56232685,0.01585292,-0.10067229,-0.76937824,0.019533036,-0.107409015,-0.895826,0.012859798,-0.11073246,-0.99385023,0.0054334803,0.016342927,-0.5465534,-0.0039549605,0.030772945,-0.7333495,-0.016569544,0.038680002,-0.84801173,-0.02615325,0.04008122,-0.9435829,-0.033713233,0.106793396,-0.49724653,-0.031007161,0.15533178,-0.63400084,-0.0490962,0.18218572,-0.724166,-0.055113565,0.20348935,-0.8112875,-0.058234885
HELLO,0.0,0.0,0.0,-0.1529748,-0.07042289,-0.047263466,-0.28584793,-0.22635126,-0.060574338,-0.38828,-0.33536047,-0.07353033,-0.47760615,-0.39874744,-0.08273489,-0.18297914,-0.52649647,0.019707814,-0.22611237,-0.706705,0.008520621,-0.24360158,-0.81154627,-0.008365235,-0.2513352,-0.90245,-0.023174044,-0.08303655,-0.56089216,0.013660432,-0.10438423,-0.76980925,0.01749374,-0.11116164,-0.8961453,0.011270796,-0.11505624,-0.99335897,0.0041688024,0.013845966,-0.5455848,-0.005851159,0.027679559,-0.73170626,-0.018105837,0.03667153,-0.8465608,-0.027405778,0.038262606,-0.94273347,-0.034910463,0.10499298,-0.49697697,-0.032876372,0.15292926,-0.63388497,-0.0505512,0.17962073,-0.7243228,-0.05635615,0.20048362,-0.8115099,-0.059556633
HELLO,0.0,0.0,0.0,-0.1533959,-0.07040504,-0.046049394,-0.2857355,-0.22651763,-0.059274245,-0.38755876,-0.33676755,-0.07258098,-0.47742495,-0.3981913,-0.08244159,-0.18312582,-0.5236029,0.018767953,-0.22783029,-0.70622104,0.005071681,-0.2444212,-0.8132971,-0.01352372,-0.24931006,-0.90700537,-0.02950978,-0.08383072,-0.5595755,0.011787887,-0.10530228,-0.7681175,0.012385156,-0.11169624,-0.89488345,0.0037683514,-0.11381799,-0.9935016,-0.0048457324,0.012408951,-0.5453573,-0.008263115,0.025049863,-0.7344961,-0.023197867,0.034607463,-0.8469276,-0.032337982,0.03798495,-0.94027585,-0.03917731,0.10349699,-0.4967393,-0.03564961,0.15089026,-0.6342114,-0.05568636,0.17797768,-0.72543937,-0.061738957,0.20002538,-0.8132343,-0.064470604
HELLO,0.0,0.0,0.0,-0.15442006,-0.07080221,-0.04801386,-0.28624412,-0.22478627,-0.0625432,-0.38743544,-0.33575603,-0.07667075,-0.4781236,-0.39963585,-0.087338254,-0.18392244,-0.52366906,0.017359642,-0.22813322,-0.7068432,0.004046658,-0.24489805,-0.8143986,-0.014826989,-0.25043502,-0.9093883,-0.031442035,-0.084611244,-0.5601983,0.011149589,-0.10554296,-0.7684791,0.01127306,-0.112127654,-0.89477086,0.0010910984,-0.11431641,-0.9934444,-0.008911721,0.011331614,-0.54605246,-0.008089663,0.023582235,-0.73378175,-0.02413227,0.032619957,-0.84581125,-0.035567105,0.035851583,-0.9395826,-0.04419486,0.101664215,-0.49716058,-0.034600936,0.14857046,-0.63393414,-0.05588581,0.17654961,-0.72338015,-0.06317744,0.19995905,-0.81033075,-0.066926636
HELLO,0.0,0.0,0.0,-0.15597053,-0.0706167,-0.04747553,-0.2881865,-0.22419201,-0.06260095,-0.39046943,-0.33591053,-0.077817485,-0.4832772,-0.3979061,-0.08966777,-0.18641514,-0.5225808,0.018153613,-0.23028165,-0.70586693,0.0035063657,-0.24602038,-0.81426007,-0.016281316,-0.24994603,-0.9100531,-0.033332217,-0.087156564,-0.55845314,0.0113498615,-0.108102515,-0.766042,0.010717989,-0.1143651,-0.89260966,0.00044263652,-0.11615909,-0.99323064,-0.00952497,0.008554847,-0.5437302,-0.008609281,0.020997167,-0.7309435,-0.024882425,0.029914021,-0.842297,-0.03521648,0.032709144,-0.9354617,-0.042898703,0.09932003,-0.49452862,-0.035926115,0.146723,-0.6322739,-0.056883395,0.17402336,-0.7229656,-0.063454956,0.1963524,-0.811114,-0.06665236
HELLO,0.0,0.0,0.0,-0.15465188,-0.07008972,-0.047804173,-0.28772157,-0.22264095,-0.06307109,-0.39089948,-0.33468828,-0.07842965,-0.48381695,-0.39691433,-0.09040638,-0.18698578,-0.52402633,0.019484002,-0.22960627,-0.7070346,0.006499993,-0.24539366,-0.8153812,-0.012214244,-0.24979252,-0.91103995,-0.028840158,-0.08769286,-0.55815035,0.012641099,-0.10880141,-0.76530844,0.013156157,-0.115056016,-0.8919979,0.0032155311,-0.11689771,-0.993144,-0.0067570806,0.008022508,-0.542448,-0.007462541,0.019935995,-0.7286609,-0.023663796,0.028820341,-0.8400103,-0.03463306,0.03140262,-0.93378264,-0.04288378,0.09859618,-0.4930121,-0.034931026,0.1450153,-0.6306363,-0.05646553,0.17271776,-0.72169006,-0.06393614,0.19578828,-0.81089574,-0.06789877
HELLO,0.0,0.0,0.0,-0.15250102,-0.073604986,-0.045793954,-0.28391594,-0.2290204,-0.059642863,-0.38596746,-0.3402804,-0.07365202,-0.47898898,-0.4016312,-0.08440945,-0.18334503,-0.5257719,0.019290755,-0.22463356,-0.7099789,0.006213369,-0.23972458,-0.81759703,-0.012420814,-0.24422894,-0.91103375,-0.028891185,-0.08448634,-0.5599317,0.012214017,-0.10649127,-0.7682209,0.012399576,-0.113123216,-0.89492834,0.0019361532,-0.11550814,-0.9933065,-0.008363372,0.010822368,-0.54480886,-0.00774853,0.02297542,-0.73153925,-0.023463126,0.032016978,-0.8425879,-0.03532836,0.034937415,-0.93444914,-0.04438787,0.09971047,-0.49583006,-0.034747757,0.14636901,-0.63090545,-0.055987816,0.17406708,-0.7215919,-0.064225845,0.19741,-0.8093154,-0.068770975
HELLO,0.0,0.0,0.0,-0.15109316,-0.07695102,-0.041579537,-0.284456,-0.2354208,-0.052727852,-0.38771716,-0.34475163,-0.06468406,-0.47979343,-0.4004725,-0.07343178,-0.18394677,-0.5292385,0.023416407,-0.22645956,-0.71411115,0.011582411,-0.24252725,-0.8216517,-0.006238897,-0.24793313,-0.91527665,-0.02222197,-0.08639544,-0.5625439,0.014915136,-0.10799438,-0.7692935,0.01606853,-0.11377038,-0.8949592,0.0064577465,-0.11638812,-0.9932038,-0.0032468687,0.008510157,-0.54728806,-0.006200839,0.020122295,-0.7330704,-0.020664344,0.029335521,-0.84339476,-0.031742275,0.031709254,-0.9346979,-0.040297356,0.09704962,-0.49850407,-0.034098163,0.14353497,-0.6333776,-0.053822044,0.17104003,-0.7234621,-0.061332326,0.19404206,-0.8103371,-0.06555877
HELLO,0.0,0.0,0.0,-0.14954528,-0.08096699,-0.040764626,-0.27920654,-0.23689333,-0.051681634,-0.38060427,-0.34481597,-0.06391125,-0.47266668,-0.40306923,-0.072836794,-0.17986017,-0.53142846,0.028901711,-0.22155029,-0.7133163,0.019869506,-0.23763311,-0.8193097,0.0036589198,-0.24255477,-0.91230285,-0.011366969,-0.082134664,-0.5642623,0.019830722,-0.10275246,-0.77082783,0.024552207,-0.10805736,-0.89614636,0.0168981,-0.11030061,-0.9938983,0.008279377,0.012141118,-0.5477001,-0.0022336952,0.02452592,-0.7328805,-0.014268198,0.034385584,-0.84220934,-0.024053968,0.036732525,-0.93264556,-0.03200485,0.1002637,-0.4979459,-0.031227147,0.1465951,-0.6335239,-0.049710613,0.17412643,-0.72371906,-0.056609575,0.19702165,-0.8107031,-0.0604925
HELLO,0.0,0.0,0.0,-0.15188545,-0.0810808,-0.043979123,-0.28124246,-0.23452704,-0.056501526,-0.3827455,-0.3418283,-0.07078699,-0.47412977,-0.40172565,-0.0812951,-0.18314321,-0.5315463,0.033842474,-0.22609708,-0.7086012,0.02482798,-0.24444348,-0.81288445,0.00940355,-0.25176576,-0.90422016,-0.003837287,-0.08409065,-0.563792,0.02580554,-0.10331708,-0.7707674,0.033643246,-0.10881445,-0.8952135,0.031303186,-0.11237693,-0.99366564,0.027669938,0.0112120025,-0.5477979,0.0032444505,0.0255527,-0.7305727,-0.0057640625,0.03508545,-0.8436997,-0.009742756,0.036822006,-0.938402,-0.0126957325,0.100365125,-0.4996369,-0.027343139,0.14749801,-0.6360253,-0.041250568,0.17503303,-0.7270384,-0.043054312,0.19805509,-0.81477886,-0.042826265
HELLO,0.0,0.0,0.0,-0.15074115,-0.07587558,-0.045532074,-0.2820687,-0.2288834,-0.057743873,-0.38418007,-0.3385648,-0.0705407,-0.47675604,-0.3995159,-0.079888314,-0.18225597,-0.52863926,0.026877247,-0.22523595,-0.7085752,0.017151311,-0.24348153,-0.8132652,0.0008784571,-0.2514911,-0.9053855,-0.013860549,-0.08320571,-0.5623607,0.019766936,-0.10376566,-0.76888466,0.023472285,-0.109959945,-0.8944526,0.016202284,-0.113028675,-0.9935917,0.008315522,0.0116853835,-0.54693526,-0.0010889538,0.02653814,-0.7305952,-0.01475493,0.036049813,-0.8430297,-0.025094975,0.037825745,-0.93873876,-0.032972947,0.100683786,-0.49871337,-0.029314028,0.14918916,-0.6339572,-0.048208322,0.17731325,-0.72374946,-0.054934196,0.20009,-0.81201607,-0.05869194
HELLO,0.0,0.0,0.0,-0.15209158,-0.07541958,-0.046196695,-0.28239295,-0.22756226,-0.06037013,-0.3834829,-0.33752465,-0.07520144,-0.47506288,-0.40069005,-0.08642214,-0.18040793,-0.5294612,0.024659477,-0.22316268,-0.7091041,0.013564278,-0.24182856,-0.8143073,-0.0035624735,-0.24999158,-0.9060449,-0.018605432,-0.081244215,-0.563445,0.01738656,-0.10173795,-0.77005976,0.021543846,-0.108149864,-0.89566064,0.015847553,-0.11130024,-0.9937869,0.009259757,0.014294798,-0.54790723,-0.0037369346,0.027517827,-0.73482454,-0.0162811,0.036516022,-0.84704316,-0.023886776,0.037962474,-0.94088835,-0.029906789,0.103820525,-0.4981338,-0.032539118,0.15206054,-0.6333938,-0.051161077,0.17916247,-0.72335154,-0.05673565,0.20107858,-0.81066364,-0.05924062
HELLO,0.0,0.0,0.0,-0.15094642,-0.07262681,-0.050299343,-0.28053045,-0.22454646,-0.06702349,-0.38217682,-0.33339715,-0.08331306,-0.47409645,-0.39939606,-0.09577664,-0.18172766,-0.52764684,0.018366897,-0.22563788,-0.70643437,0.0054317135,-0.24431838,-0.81021976,-0.012892897,-0.25271642,-0.9010253,-0.02867207,-0.08180393,-0.5617929,0.012369864,-0.103113234,-0.768398,0.014529365,-0.11018098,-0.8947234,0.007171389,-0.11431687,-0.9934443,-0.0007124133,0.0139200995,-0.54589945,-0.007585401,0.028103085,-0.73029494,-0.021865336,0.036848452,-0.84466535,-0.031477574,0.037633676,-0.94177014,-0.03898051,0.10353049,-0.49573576,-0.035342485,0.15176223,-0.6312108,-0.054876525,0.17856704,-0.7218858,-0.061173666,0.1991644,-0.8107407,-0.064508826
HELLO,0.0,0.0,0.0,-0.1508522,-0.0716053,-0.050518945,-0.2813197,-0.2220533,-0.06784356,-0.38317674,-0.33210617,-0.0849073,-0.47584534,-0.39823127,-0.098320186,-0.18140014,-0.52666664,0.017857509,-0.22574377,-0.70660377,0.0045171683,-0.24438198,-0.8119972,-0.0140403155,-0.252528,-0.90388227,-0.030185852,-0.082149394,-0.5610408,0.011763629,-0.1025192,-0.7686143,0.013234953,-0.10890029,-0.89477694,0.005378774,-0.11236684,-0.9936668,-0.0028718486,0.013645653,-0.54510534,-0.008264921,0.02730979,-0.7310602,-0.023583515,0.035993863,-0.84550405,-0.033703174,0.03717712,-0.94222796,-0.04148659,0.10352838,-0.4941177,-0.036058534,0.15193674,-0.6301736,-0.056788877,0.1791271,-0.7209829,-0.06383227,0.20027806,-0.8095455,-0.06761794
HELLO,0.0,0.0,0.0,-0.14936914,-0.071873516,-0.049841233,-0.2802599,-0.22431187,-0.066849045,-0.38262215,-0.33287725,-0.08378899,-0.4742881,-0.40052873,-0.097057536,-0.1794863,-0.52834225,0.016992554,-0.22455,-0.70636535,0.0026579585,-0.24333788,-0.8112176,-0.016030896,-0.25139633,-0.9020002,-0.03181233,-0.08071904,-0.5626252,0.010532069,-0.10159403,-0.7691493,0.01147281,-0.108189136,-0.8953384,0.0042579505,-0.1119687,-0.99371177,-0.0030734339,0.014961609,-0.54722697,-0.009845692,0.029050974,-0.7306006,-0.025437275,0.038107123,-0.8451207,-0.034856148,0.03952446,-0.9416959,-0.041719384,0.10438094,-0.49649876,-0.03801168,0.15328944,-0.6316835,-0.058767475,0.18096434,-0.72228485,-0.06541981,0.2024851,-0.81009835,-0.06856472
HELLO,0.0,0.0,0.0,-0.15006633,-0.06911215,-0.05110805,-0.2807772,-0.22114356,-0.06836154,-0.38296044,-0.32921284,-0.08482463,-0.47341093,-0.39659637,-0.0976047,-0.18084207,-0.52498335,0.013815688,-0.22513884,-0.70421493,-0.0008440978,-0.24367654,-0.80846703,-0.020135954,-0.2520389,-0.8992874,-0.036442988,-0.08199349,-0.5593178,0.008321275,-0.10362571,-0.76713777,0.008985422,-0.110944934,-0.89436144,0.00095408235,-0.11522777,-0.9933391,-0.0075179343,0.013533393,-0.543912,-0.010982405,0.028237374,-0.7286278,-0.025849229,0.0370929,-0.8449541,-0.036527406,0.038555894,-0.9439166,-0.04513812,0.102956444,-0.49435437,-0.038073935,0.15134254,-0.62911814,-0.05776444,0.1789215,-0.71980953,-0.06473293,0.2003344,-0.80859745,-0.068936154
HELLO,0.0,0.0,0.0,-0.14718042,-0.07244336,-0.0480981,-0.27850696,-0.22645488,-0.06366227,-0.38194388,-0.332016,-0.079027906,-0.471606,-0.3950383,-0.090974644,-0.17769243,-0.5274018,0.015015215,-0.21916623,-0.7072396,0.00054135546,-0.2368464,-0.81129336,-0.018133903,-0.24503605,-0.9016933,-0.03396913,-0.07861512,-0.56014615,0.008159105,-0.09880954,-0.7683147,0.008127652,-0.10576848,-0.89496005,-0.00027122715,-0.10996504,-0.9939354,-0.008735418,0.017317548,-0.5449034,-0.012055033,0.033212658,-0.7289555,-0.027642762,0.043520607,-0.8453486,-0.03866038,0.046252646,-0.94369125,-0.04706346,0.106902,-0.49615958,-0.03972054,0.15567765,-0.63120854,-0.05954325,0.18460876,-0.72206235,-0.06635903,0.20753108,-0.8092233,-0.07020628
HELLO,0.0,0.0,0.0,-0.15030137,-0.072231725,-0.04738994,-0.2815979,-0.22541803,-0.06290966,-0.3837985,-0.33297166,-0.07876427,-0.47255278,-0.39761683,-0.09091308,-0.1787577,-0.5281326,0.01976839,-0.2229086,-0.70716494,0.0069932803,-0.2414477,-0.81085014,-0.011291872,-0.24995472,-0.90145457,-0.02702368,-0.07965223,-0.56190926,0.011957865,-0.10178199,-0.769652,0.014661361,-0.10925575,-0.895376,0.00768908,-0.11380532,-0.99350303,0.00015129357,0.016193539,-0.54643047,-0.009521323,0.030052032,-0.73169434,-0.022763394,0.039651725,-0.8459428,-0.03136186,0.04153382,-0.9423436,-0.038120262,0.106068134,-0.496838,-0.038761295,0.15240274,-0.63368917,-0.056946855,0.17937118,-0.7239351,-0.061936427,0.20075737,-0.8106005,-0.064319864
HELLO,0.0,0.0,0.0,-0.14915818,-0.071899384,-0.048451073,-0.27987957,-0.22590567,-0.06465098,-0.3829164,-0.3337618,-0.08093868,-0.47313222,-0.40023914,-0.093310416,-0.17979077,-0.53041655,0.02062088,-0.2250669,-0.7080511,0.008357525,-0.2436799,-0.8101841,-0.009786445,-0.25223437,-0.89934087,-0.025206817,-0.081413984,-0.5637168,0.013723745,-0.10375307,-0.7702903,0.017881379,-0.11138648,-0.89545983,0.012010829,-0.1167722,-0.99315876,0.0054037524,0.014286549,-0.5477111,-0.0070948345,0.027792562,-0.7320345,-0.019043349,0.035982408,-0.84682995,-0.026891401,0.036087863,-0.94420755,-0.033111744,0.103796914,-0.4972592,-0.035825558,0.15027757,-0.63372,-0.052792743,0.17670467,-0.7236921,-0.05703347,0.19725448,-0.81075656,-0.05883664
HELLO,0.0,0.0,0.0,-0.15060392,-0.073450446,-0.04735667,-0.28293133,-0.22365257,-0.06266319,-0.3872143,-0.33240423,-0.07845817,-0.4793114,-0.3963266,-0.0906236,-0.18391122,-0.52706623,0.022994526,-0.22991112,-0.70446235,0.011111877,-0.2474797,-0.8069506,-0.0068675736,-0.25412464,-0.89695334,-0.022524115,-0.084800385,-0.56195784,0.015425507,-0.10681888,-0.7692276,0.018334556,-0.113681264,-0.894439,0.010672686,-0.11764158,-0.9930561,0.0024562068,0.010843889,-0.54711026,-0.006012257,0.024735566,-0.73099095,-0.019715618,0.033513922,-0.8441308,-0.029538073,0.034230225,-0.9405534,-0.037205275,0.100781724,-0.49827802,-0.03508417,0.14777716,-0.63399446,-0.05307756,0.17469095,-0.7239814,-0.058558203,0.19563243,-0.81154317,-0.06163413
HELLO,0.0,0.0,0.0,-0.15173233,-0.07320727,-0.04651424,-0.28223962,-0.22339389,-0.061640486,-0.38517338,-0.33190694,-0.07728231,-0.47674218,-0.39565587,-0.08938235,-0.18410982,-0.5256746,0.022354066,-0.22919504,-0.70691365,0.010120052,-0.24720483,-0.81323063,-0.00820307,-0.2536723,-0.9069396,-0.024259176,-0.085087284,-0.5603626,0.01471836,-0.10675418,-0.7678736,0.01754077,-0.11335521,-0.8938485,0.009857409,-0.11657099,-0.9931823,0.0015941826,0.010668123,-0.5452685,-0.0064820675,0.022542424,-0.73244584,-0.019764509,0.03105507,-0.8447376,-0.028610138,0.032046556,-0.9395714,-0.035732593,0.10091046,-0.49586242,-0.035275154,0.14738166,-0.6317474,-0.05403526,0.1736691,-0.7219081,-0.059695788,0.19467583,-0.80983704,-0.06258211
HELLO,0.0,0.0,0.0,-0.15007111,-0.0741167,-0.04659863,-0.28012908,-0.22778645,-0.06193965,-0.38284844,-0.33637938,-0.07758943,-0.4742498,-0.3979694,-0.08992016,-0.1811199,-0.52716815,0.019456614,-0.22632445,-0.70646644,0.005264845,-0.2443968,-0.81276685,-0.014335264,-0.25055987,-0.90698004,-0.031444818,-0.08313085,-0.5629302,0.011560508,-0.10464345,-0.7682812,0.011299173,-0.11160966,-0.8935414,0.0014361019,-0.11494517,-0.99337184,-0.008321257,0.011632603,-0.5484753,-0.009593483,0.024600279,-0.7337823,-0.025606688,0.032916173,-0.84668624,-0.036439385,0.034226526,-0.9421084,-0.0447787,0.100546904,-0.49861547,-0.038116552,0.14798309,-0.6331735,-0.058796477,0.17540921,-0.7234859,-0.065793306,0.1973804,-0.8113443,-0.06964778
HELLO,0.0,0.0,0.0,-0.15140593,-0.07446644,-0.04751677,-0.28119656,-0.22550501,-0.06367658,-0.38364017,-0.33354828,-0.080162264,-0.47470134,-0.39685568,-0.09322602,-0.18312982,-0.52817595,0.02085495,-0.22851335,-0.7064816,0.007417036,-0.24636252,-0.81189054,-0.012176677,-0.25258008,-0.90520483,-0.02927274,-0.08441607,-0.5632519,0.0133707905,-0.10524006,-0.7693532,0.014741378,-0.11219455,-0.8941877,0.0057670977,-0.11599436,-0.99324983,-0.003515624,0.011051626,-0.5482392,-0.0077071176,0.024099395,-0.73356164,-0.02185245,0.031611767,-0.8465614,-0.031602114,0.0319225,-0.94187164,-0.039445564,0.100493446,-0.49772206,-0.03646192,0.14752269,-0.63379467,-0.05505101,0.17372121,-0.72400564,-0.060733102,0.19412865,-0.81148905,-0.06390312
HELLO,0.0,0.0,0.0,-0.15084104,-0.07470656,-0.04744822,-0.28018534,-0.22630808,-0.06301968,-0.38325065,-0.3339239,-0.07889239,-0.4748929,-0.39840227,-0.09116304,-0.18366337,-0.5288287,0.023055019,-0.22876422,-0.70682687,0.011033666,-0.24667373,-0.8109297,-0.0075440756,-0.253503,-0.90300375,-0.02391728,-0.08485688,-0.56331927,0.015789488,-0.106227785,-0.76890075,0.018273678,-0.11328634,-0.8936797,0.009693272,-0.11724878,-0.9931026,0.00070751784,0.010393518,-0.5481812,-0.0051840143,0.023587804,-0.7316392,-0.018764006,0.032001708,-0.8455067,-0.028933628,0.032780074,-0.94241136,-0.037108015,0.09945215,-0.49881056,-0.03379741,0.14614362,-0.6342194,-0.05192822,0.17269796,-0.7245897,-0.057759978,0.19361119,-0.81288266,-0.06114991
HELLO,0.0,0.0,0.0,-0.15161082,-0.07202173,-0.048413813,-0.28250533,-0.22441871,-0.06470974,-0.38596365,-0.3334616,-0.08110056,-0.4778934,-0.39439008,-0.09406646,-0.18483862,-0.5275606,0.01953723,-0.23018691,-0.7062103,0.006251643,-0.24807552,-0.8117724,-0.012857193,-0.25415394,-0.90497017,-0.0296201,-0.08586652,-0.5620637,0.012616682,-0.10797416,-0.768263,0.014453213,-0.115093194,-0.8930868,0.00627243,-0.11879384,-0.9929189,-0.002640139,0.009868039,-0.54672265,-0.007933821,0.022366345,-0.73154646,-0.021748558,0.030042319,-0.84463805,-0.031085258,0.030693922,-0.94017625,-0.038864743,0.099700965,-0.4968742,-0.036221445,0.14565562,-0.63266104,-0.054626487,0.1718229,-0.7229831,-0.060212247,0.19265531,-0.810905,-0.063541986
HELLO,0.0,0.0,0.0,-0.15295713,-0.07281754,-0.046743073,-0.28516397,-0.22755225,-0.060823772,-0.38868198,-0.33710614,-0.0751699,-0.48093146,-0.39509693,-0.08611948,-0.1865512,-0.5285671,0.021298598,-0.2310702,-0.7095015,0.008840167,-0.2487331,-0.81580096,-0.009146226,-0.2546124,-0.909369,-0.024995292,-0.0866021,-0.56217235,0.014244327,-0.107894614,-0.76867694,0.01708225,-0.11444734,-0.89372236,0.009916778,-0.11757246,-0.9930643,0.002002554,0.009936192,-0.54601204,-0.0063133426,0.022236688,-0.7317763,-0.019781558,0.031385105,-0.84395885,-0.028128868,0.033644896,-0.9388045,-0.034738116,0.100261435,-0.4960334,-0.034446444,0.14573945,-0.63188833,-0.0534026,0.17200875,-0.72265244,-0.059079666,0.19377032,-0.8115155,-0.06193176
HELLO,0.0,0.0,0.0,-0.15178043,-0.07770287,-0.04249946,-0.28262857,-0.23205557,-0.054662798,-0.38370293,-0.33887368,-0.067657724,-0.4735615,-0.3966076,-0.0774163,-0.18212405,-0.52754104,0.02299107,-0.22435422,-0.71083695,0.011654972,-0.24076748,-0.8174229,-0.005736668,-0.2461815,-0.9102226,-0.02134053,-0.08278879,-0.5607859,0.014458409,-0.10488019,-0.76823044,0.017545186,-0.11179135,-0.89474046,0.009215494,-0.114843994,-0.9933835,0.00011575058,0.013000385,-0.5446957,-0.006920754,0.024157014,-0.7312023,-0.019503387,0.033480264,-0.841676,-0.029741524,0.035886984,-0.9337317,-0.03824352,0.10207711,-0.4952629,-0.035325687,0.14789526,-0.6295602,-0.054267574,0.17502837,-0.7196813,-0.061490174,0.19806111,-0.80709827,-0.065712355
HELLO,0.0,0.0,0.0,-0.14955264,-0.07721268,-0.04428108,-0.27927423,-0.23309731,-0.05742102,-0.38097745,-0.34064323,-0.071613416,-0.47098708,-0.39845464,-0.08234923,-0.18027486,-0.531185,0.024716152,-0.22451358,-0.7110091,0.012348153,-0.24251068,-0.8162037,-0.0055307765,-0.24876595,-0.9080991,-0.020923326,-0.081859656,-0.5639207,0.016587608,-0.102630116,-0.7697199,0.01979567,-0.10914638,-0.8948057,0.013123009,-0.112549245,-0.99364614,0.0059386836,0.01346459,-0.54839414,-0.005099077,0.026749695,-0.7320954,-0.017269624,0.03622928,-0.8451998,-0.025083575,0.038596835,-0.9398975,-0.03122522,0.102595106,-0.49917912,-0.034383412,0.14903843,-0.6337418,-0.05119602,0.17571032,-0.7235333,-0.0558057,0.19773687,-0.810173,-0.057939913
HELLO,0.0,0.0,0.0,-0.1491218,-0.078489244,-0.04612605,-0.27936512,-0.23204537,-0.060183942,-0.38084713,-0.3387668,-0.0748778,-0.4709769,-0.3974971,-0.08611303,-0.17919463,-0.5314692,0.023698013,-0.22225523,-0.7112769,0.012514355,-0.24024057,-0.81549585,-0.0045693405,-0.24803437,-0.9056652,-0.019662924,-0.080037065,-0.56325734,0.016169805,-0.099840604,-0.7703524,0.019617861,-0.10683663,-0.89510393,0.012451435,-0.11121864,-0.9937959,0.004622649,0.015225669,-0.5470239,-0.0050798296,0.029031541,-0.7308207,-0.017948214,0.037867825,-0.8440073,-0.027921742,0.03908133,-0.94007987,-0.035873678,0.10404079,-0.49742335,-0.033872094,0.15125638,-0.631985,-0.051294584,0.1783703,-0.7217971,-0.057146948,0.20013109,-0.8097403,-0.06065737
HELLO,0.0,0.0,0.0,-0.14912352,-0.07787807,-0.048205983,-0.2789759,-0.2273973,-0.06503037,-0.38056624,-0.33333477,-0.08228606,-0.47041667,-0.39616746,-0.09607229,-0.1779364,-0.52921987,0.019569524,-0.2219029,-0.70793223,0.0060522347,-0.24017675,-0.8121662,-0.013054769,-0.24798134,-0.90273863,-0.02949891,-0.07864564,-0.56151384,0.012104509,-0.09913822,-0.7689683,0.013529723,-0.106339276,-0.89475805,0.0046916716,-0.11070386,-0.99385345,-0.0044872933,0.01697018,-0.5452805,-0.009143465,0.03054126,-0.72952914,-0.023486817,0.039157834,-0.84353054,-0.03428023,0.039951324,-0.9401142,-0.04288113,0.10649831,-0.49463314,-0.038070273,0.15417662,-0.63012385,-0.056124896,0.18095481,-0.7206787,-0.06212729,0.20178597,-0.8088119,-0.06589064
HELLO,0.0,0.0,0.0,-0.1487585,-0.07546658,-0.048198827,-0.27825528,-0.22941302,-0.06439137,-0.3796949,-0.33566514,-0.08100729,-0.4695694,-0.39805382,-0.09410641,-0.17827545,-0.5290998,0.019582728,-0.22387241,-0.7043747,0.0057700514,-0.24220052,-0.8073152,-0.013418691,-0.24973504,-0.8966234,-0.02978882,-0.078968145,-0.5625043,0.011940985,-0.101123415,-0.768686,0.013647601,-0.108935155,-0.8945271,0.0055672354,-0.11391198,-0.9934909,-0.0027500754,0.017311273,-0.54636747,-0.009537896,0.031274207,-0.7300831,-0.023722993,0.03997846,-0.8448342,-0.03357154,0.04057046,-0.94201225,-0.041214783,0.10711844,-0.49500751,-0.038772482,0.1544184,-0.6302903,-0.056947395,0.18061808,-0.7208516,-0.062401794,0.2004098,-0.80875766,-0.06545994
HELLO,0.0,0.0,0.0,-0.14757285,-0.07637859,-0.046995834,-0.27779534,-0.23062477,-0.062689945,-0.3799133,-0.3359468,-0.078911185,-0.4706032,-0.39677012,-0.091657914,-0.17817314,-0.5315991,0.02070577,-0.22372922,-0.70677656,0.007462073,-0.24285275,-0.80829257,-0.011676944,-0.25204992,-0.89658105,-0.028166058,-0.07972284,-0.5654894,0.012687125,-0.10150554,-0.7705249,0.014756583,-0.10926467,-0.89573985,0.0064957,-0.114849284,-0.993383,-0.0021258437,0.015976187,-0.5497778,-0.009044883,0.02978866,-0.7317884,-0.02282285,0.03825742,-0.84565604,-0.033052795,0.0381259,-0.9417964,-0.04112637,0.10479274,-0.49844784,-0.038415466,0.15265073,-0.6327501,-0.056257542,0.17904454,-0.72273153,-0.06197304,0.1984173,-0.80972767,-0.06534578
HELLO,0.0,0.0,0.0,-0.14808199,-0.07478142,-0.04780702,-0.27925897,-0.22983386,-0.062965795,-0.3817631,-0.33632317,-0.078223936,-0.47304288,-0.39613733,-0.09012241,-0.17983188,-0.5299502,0.019070473,-0.22514626,-0.70567226,0.006303929,-0.24397914,-0.8075525,-0.012310268,-0.25332275,-0.8968536,-0.028677162,-0.08127085,-0.56363493,0.011622646,-0.10345885,-0.76889515,0.013002554,-0.11135717,-0.89440614,0.003892855,-0.1167294,-0.99316376,-0.0054743215,0.014256481,-0.5476287,-0.009358823,0.028215498,-0.7294518,-0.024307251,0.036942936,-0.8444108,-0.036220882,0.037773717,-0.94258076,-0.045536466,0.10317657,-0.49707794,-0.037804455,0.15012464,-0.63138837,-0.056811687,0.17724179,-0.7216886,-0.063623644,0.19822168,-0.80977815,-0.06795869
HELLO,0.0,0.0,0.0,-0.14774342,-0.07514899,-0.048726507,-0.27756995,-0.2248437,-0.06587057,-0.3792611,-0.33091933,-0.08305436,-0.4694651,-0.39314464,-0.09675873,-0.17820558,-0.52883023,0.01631534,-0.22388873,-0.7070277,0.0020999855,-0.24271353,-0.81166214,-0.016997734,-0.25046802,-0.90334237,-0.03345287,-0.079249874,-0.56313616,0.0092241485,-0.099795714,-0.76986593,0.010036792,-0.10670742,-0.8956791,0.0019245219,-0.11069613,-0.9938543,-0.0065583093,0.016462456,-0.5472665,-0.011488889,0.030800804,-0.7328063,-0.026573556,0.03892329,-0.84642106,-0.03656294,0.03940051,-0.9420537,-0.044334695,0.10563944,-0.4958064,-0.039852265,0.15425138,-0.6304016,-0.05949154,0.18073125,-0.72095186,-0.06596954,0.20120105,-0.8088059,-0.069555104
HELLO,0.0,0.0,0.0,-0.14866647,-0.07293234,-0.049571067,-0.27856657,-0.22684664,-0.06608547,-0.3815087,-0.3330076,-0.082290396,-0.4718733,-0.3964514,-0.09481882,-0.18226054,-0.5292467,0.017039027,-0.2265127,-0.7055319,0.004054235,-0.2446553,-0.80837256,-0.014225957,-0.2529822,-0.8978823,-0.030095488,-0.082643226,-0.56294787,0.010458543,-0.10426937,-0.76882374,0.012829193,-0.11192714,-0.89448756,0.005491671,-0.11768025,-0.9930516,-0.0024353561,0.01390754,-0.5469355,-0.00990063,0.028503131,-0.7289459,-0.023768915,0.037330903,-0.8443516,-0.03430556,0.03776627,-0.9426127,-0.042618748,0.10317341,-0.4961601,-0.03800125,0.15090168,-0.63054305,-0.056970496,0.17768367,-0.7210143,-0.063714676,0.19827433,-0.8092712,-0.067690365
HELLO,0.0,0.0,0.0,-0.14986618,-0.07442425,-0.05063098,-0.2791363,-0.22441386,-0.06869901,-0.38151908,-0.33092234,-0.086644486,-0.47275704,-0.3954981,-0.10101125,-0.1810187,-0.5268935,0.016052058,-0.22632231,-0.7042915,0.0015109403,-0.24476051,-0.8092403,-0.01748711,-0.25146678,-0.90073663,-0.033557735,-0.08124053,-0.560566,0.0099153295,-0.102927625,-0.76772493,0.0108684255,-0.11071694,-0.89389074,0.0033023818,-0.11502831,-0.9933622,-0.00462866,0.014872937,-0.5448329,-0.010183218,0.029146714,-0.72909194,-0.025087038,0.037372414,-0.84374946,-0.034738164,0.03825619,-0.9405224,-0.04214122,0.10411072,-0.49480423,-0.038168218,0.15235826,-0.62995714,-0.057367377,0.17875029,-0.7213526,-0.06364383,0.19955716,-0.8104334,-0.067098826
HELLO,0.0,0.0,0.0,-0.14996742,-0.0723988,-0.052184828,-0.28101426,-0.22329952,-0.07082725,-0.38465723,-0.3291726,-0.08867701,-0.47530812,-0.3944251,-0.102650285,-0.18464853,-0.52716863,0.01400665,-0.22878501,-0.7049587,-6.864822e-05,-0.24703981,-0.8086326,-0.019172335,-0.25508234,-0.89860356,-0.03547832,-0.084565274,-0.5608022,0.008630176,-0.10648054,-0.76770127,0.010432535,-0.11395452,-0.8938686,0.002668074,-0.11855205,-0.9929478,-0.0056352043,0.012461405,-0.5447827,-0.010663129,0.026334709,-0.72905546,-0.024685036,0.035456076,-0.8440504,-0.034979958,0.03634728,-0.941835,-0.04318583,0.1031663,-0.49408066,-0.03789048,0.15086134,-0.6297249,-0.056409184,0.17740318,-0.72023284,-0.06248784,0.19778661,-0.8085839,-0.06602852
HELLO,0.0,0.0,0.0,-0.15061167,-0.07202282,-0.051078983,-0.28128964,-0.22427805,-0.06854609,-0.38487586,-0.33098295,-0.08544414,-0.47595477,-0.39759862,-0.09846009,-0.18511905,-0.52806205,0.016188996,-0.22942771,-0.707905,0.0027083429,-0.24751265,-0.81299233,-0.015843136,-0.25461665,-0.9047228,-0.03181972,-0.08524857,-0.5621742,0.010623631,-0.107228346,-0.7684545,0.012841536,-0.114338204,-0.8940442,0.005518874,-0.118503824,-0.9929536,-0.0023144076,0.011448006,-0.54651403,-0.008834784,0.024237968,-0.730551,-0.022820879,0.0340991,-0.84335387,-0.03211099,0.035723336,-0.9394314,-0.039305337,0.10161665,-0.49640542,-0.036209438,0.14761609,-0.6321009,-0.05553893,0.1738783,-0.72160643,-0.06171622,0.19448146,-0.8095377,-0.06487573
HELLO,0.0,0.0,0.0,-0.15007317,-0.07293551,-0.04971646,-0.28042623,-0.22456516,-0.06671116,-0.3829535,-0.33156082,-0.083429225,-0.47425625,-0.39423853,-0.09659048,-0.18376249,-0.5275305,0.015875854,-0.22800241,-0.70747787,0.0013884755,-0.24563111,-0.81329495,-0.017908594,-0.25179404,-0.9063617,-0.03450217,-0.084042,-0.5615683,0.009572454,-0.10568689,-0.7680538,0.010080489,-0.11257728,-0.8937498,0.0015497359,-0.11599104,-0.99325025,-0.007224612,0.012305928,-0.54590094,-0.010365994,0.025550473,-0.7306754,-0.025644392,0.03496985,-0.8434504,-0.03555231,0.036820203,-0.9392765,-0.043209706,0.10215702,-0.49591205,-0.038034987,0.14911543,-0.6312439,-0.05780959,0.17560482,-0.72108185,-0.06428718,0.19652802,-0.80933225,-0.067845024
HELLO,0.0,0.0,0.0,-0.15143654,-0.07248598,-0.051616516,-0.28283632,-0.2245821,-0.06920535,-0.38640743,-0.3319377,-0.0860873,-0.47794643,-0.39791015,-0.09911659,-0.1856818,-0.52810407,0.015360704,-0.2297909,-0.7072557,0.0020112204,-0.24782398,-0.81218606,-0.016190905,-0.25527808,-0.9034831,-0.031987563,-0.0858675,-0.56193024,0.0100674,-0.1083227,-0.7688544,0.011732161,-0.11569804,-0.8942482,0.0042359773,-0.11975921,-0.992803,-0.0037872028,0.010505681,-0.5461675,-0.009105258,0.0237042,-0.7297965,-0.023821699,0.033098772,-0.84375983,-0.03388646,0.03491366,-0.9403329,-0.041723676,0.10035047,-0.49652344,-0.03613891,0.1474527,-0.63192296,-0.05589847,0.17439835,-0.72186327,-0.06267139,0.19587663,-0.81019986,-0.06645313
HELLO,0.0,0.0,0.0,-0.15106869,-0.0732533,-0.050282236,-0.28235665,-0.22109646,-0.0679714,-0.3841229,-0.32654396,-0.08552563,-0.47485206,-0.38920683,-0.09950493,-0.18409365,-0.5266827,0.0151665015,-0.22889924,-0.7075348,0.0011620858,-0.24614514,-0.81415087,-0.01714937,-0.25165075,-0.90726763,-0.0328784,-0.08329897,-0.5599925,0.008733841,-0.105113745,-0.7680191,0.009489623,-0.111985095,-0.8938813,0.001649351,-0.11463488,-0.9934077,-0.006509424,0.013406577,-0.54358834,-0.011428557,0.026923494,-0.7308134,-0.027118843,0.036246542,-0.8435154,-0.03641252,0.038476646,-0.9392644,-0.043393616,0.103910424,-0.4933496,-0.039353143,0.15132011,-0.6309432,-0.059533823,0.17808503,-0.7222364,-0.06569382,0.19934955,-0.81211406,-0.068856254
HELLO,0.0,0.0,0.0,-0.14963658,-0.073164195,-0.04853843,-0.2810274,-0.22607823,-0.064195134,-0.3842143,-0.33145577,-0.08000958,-0.47402716,-0.39379075,-0.09219601,-0.18102093,-0.52757436,0.0184804,-0.22656591,-0.7056876,0.0044627804,-0.24436301,-0.810798,-0.014257915,-0.25089803,-0.90124106,-0.030025497,-0.08130848,-0.5609917,0.0117414305,-0.10389331,-0.7684283,0.013100997,-0.11080828,-0.8947931,0.005604082,-0.11399926,-0.99348086,-0.0019250048,0.015655126,-0.5455051,-0.008805214,0.027559007,-0.73088837,-0.023494154,0.037238542,-0.84521997,-0.032870755,0.039751824,-0.94115555,-0.03964117,0.106457986,-0.4958815,-0.037067547,0.15193738,-0.632378,-0.05606979,0.17813505,-0.72358143,-0.061902788,0.19896546,-0.8116292,-0.06473904
HELLO,0.0,0.0,0.0,-0.15302785,-0.07407184,-0.04816486,-0.2835176,-0.22668183,-0.06285516,-0.38536683,-0.33188102,-0.07785267,-0.47423473,-0.39440143,-0.08927324,-0.18252444,-0.5258787,0.020826476,-0.22784877,-0.7041439,0.007994459,-0.24622512,-0.8094247,-0.009873297,-0.25361258,-0.90031326,-0.025043093,-0.083264835,-0.55971867,0.014269338,-0.10536147,-0.7682134,0.017524296,-0.11240608,-0.8948366,0.011850966,-0.11606825,-0.99324125,0.0055267615,0.012851974,-0.5441376,-0.006361654,0.02545079,-0.7303228,-0.019547869,0.03489012,-0.8441769,-0.027907815,0.0369838,-0.93996024,-0.03421158,0.10255497,-0.4947633,-0.03484938,0.14907043,-0.6308034,-0.053761553,0.1755346,-0.72109914,-0.059702463,0.19679886,-0.8092812,-0.062598765
HELLO,0.0,0.0,0.0,-0.15268122,-0.07495434,-0.048322294,-0.28212908,-0.22663616,-0.06348905,-0.38373518,-0.33273277,-0.07894696,-0.47362682,-0.39505005,-0.09088019,-0.18190734,-0.526505,0.02103997,-0.22649647,-0.7054659,0.008400786,-0.24477632,-0.81111807,-0.009454981,-0.25185093,-0.9025201,-0.024857564,-0.0822491,-0.5601156,0.014444934,-0.10367268,-0.7683048,0.017243698,-0.11051017,-0.8944844,0.01072432,-0.113884665,-0.993494,0.0036457048,0.013776508,-0.54453665,-0.0061393906,0.026330968,-0.7306032,-0.020016637,0.03590466,-0.84366554,-0.02899288,0.03796815,-0.9390257,-0.035767578,0.103513435,-0.49524695,-0.034490734,0.15007544,-0.6314373,-0.053872947,0.17648603,-0.72159964,-0.060134612,0.19755237,-0.8096032,-0.06333917
HELLO,0.0,0.0,0.0,-0.14954075,-0.07511339,-0.049268696,-0.27905026,-0.22576346,-0.06599445,-0.38087967,-0.33122483,-0.082788244,-0.4703484,-0.39564872,-0.09601402,-0.18003185,-0.52853537,0.018392872,-0.22488287,-0.7060414,0.0049110427,-0.24338701,-0.8103397,-0.0137061495,-0.25090957,-0.9011176,-0.029743422,-0.080539346,-0.56193066,0.0118163405,-0.10257467,-0.7690935,0.013401259,-0.109555304,-0.89496595,0.0058034183,-0.11295621,-0.99359995,-0.0022006882,0.015490647,-0.545536,-0.008661088,0.027956486,-0.7306395,-0.023515888,0.037098445,-0.8438452,-0.033455666,0.038757496,-0.93955815,-0.041019756,0.10507533,-0.49498475,-0.036876284,0.1516913,-0.6312041,-0.056618724,0.1783703,-0.7213668,-0.06332795,0.1995789,-0.8095629,-0.067025125
HELLO,0.0,0.0,0.0,-0.15078089,-0.07611745,-0.04715687,-0.28048763,-0.22894154,-0.06192908,-0.38275513,-0.33334163,-0.077374905,-0.47231445,-0.3949432,-0.08923481,-0.17954375,-0.5301965,0.023357226,-0.2248501,-0.70601976,0.011528644,-0.24349076,-0.8097603,-0.0059517897,-0.25116593,-0.8995004,-0.021030882,-0.08021869,-0.56310445,0.015872579,-0.10286514,-0.7698634,0.01993432,-0.11026421,-0.8957427,0.014376253,-0.11448156,-0.99342537,0.008006122,0.01624296,-0.5467634,-0.005752035,0.028939916,-0.7301895,-0.018486572,0.037809182,-0.84447485,-0.026986836,0.03902999,-0.9412303,-0.033489544,0.105905145,-0.49650535,-0.03518298,0.15212227,-0.63208497,-0.053190485,0.17846163,-0.72247386,-0.0587446,0.1992277,-0.8105674,-0.061617892
HELLO,0.0,0.0,0.0,-0.15164463,-0.074900076,-0.049630422,-0.28167075,-0.22695366,-0.06587585,-0.38394937,-0.33243588,-0.082208276,-0.47347564,-0.39617813,-0.09481576,-0.18144636,-0.5282537,0.019965254,-0.22678678,-0.7047995,0.0071551995,-0.2452165,-0.80899,-0.011120853,-0.25255558,-0.8992338,-0.026808316,-0.08210265,-0.56140774,0.01376602,-0.104320996,-0.76851124,0.01664695,-0.11191228,-0.8946072,0.009976677,-0.11631922,-0.99321187,0.002662921,0.014246394,-0.54527843,-0.006594998,0.02736509,-0.72922856,-0.019944835,0.035832964,-0.84402376,-0.029451484,0.036756072,-0.9413026,-0.036869377,0.10428374,-0.49505332,-0.034871046,0.151554,-0.63071394,-0.052919563,0.17803636,-0.7213457,-0.05885567,0.1987119,-0.81006473,-0.06223298
HELLO,0.0,0.0,0.0,-0.15050061,-0.074700594,-0.048616752,-0.28096244,-0.22618413,-0.063916355,-0.3839522,-0.3311003,-0.079139754,-0.47347364,-0.39358124,-0.09070287,-0.17950858,-0.5280239,0.019211618,-0.22375198,-0.7057994,0.005741482,-0.24307461,-0.80890036,-0.012745272,-0.25196248,-0.8979651,-0.028332831,-0.079834044,-0.5603096,0.012925119,-0.10077579,-0.7683085,0.015089611,-0.10828883,-0.8949117,0.00811232,-0.11279625,-0.9936182,0.00068100326,0.016376736,-0.5434184,-0.007337155,0.030600697,-0.72862226,-0.02162495,0.039774664,-0.8439381,-0.03165507,0.041168496,-0.9414077,-0.03918514,0.10584982,-0.49299437,-0.035236556,0.15317559,-0.6289394,-0.0542741,0.17962332,-0.7198911,-0.06061737,0.20045063,-0.808384,-0.06406989
HELLO,0.0,0.0,0.0,-0.14978513,-0.075523324,-0.049098298,-0.27833402,-0.22680591,-0.066155076,-0.37922376,-0.33251664,-0.0834349,-0.46723384,-0.39776573,-0.096856125,-0.17837675,-0.53085333,0.018673565,-0.22301899,-0.70804495,0.003666921,-0.24225652,-0.8104115,-0.016281389,-0.25082523,-0.89854836,-0.032764804,-0.07940014,-0.56478435,0.011638976,-0.10129417,-0.77047145,0.013142025,-0.10888267,-0.8956789,0.0058752922,-0.11353744,-0.99353373,-0.0015278262,0.016780904,-0.54908293,-0.0094832415,0.029687807,-0.7343328,-0.023878057,0.03934168,-0.8473683,-0.03256008,0.040908527,-0.9425649,-0.038957503,0.106479265,-0.49793255,-0.03852935,0.1533034,-0.6332258,-0.058190685,0.17984681,-0.7230467,-0.06405891,0.20055667,-0.81017184,-0.066621736
HELLO,0.0,0.0,0.0,-0.14809023,-0.07443254,-0.04961633,-0.2778505,-0.22699457,-0.06613717,-0.37936884,-0.33320427,-0.082375154,-0.46795318,-0.39668557,-0.09486786,-0.17752793,-0.5306975,0.015555542,-0.22275917,-0.7077523,0.00056592707,-0.24176137,-0.8103067,-0.018961413,-0.25062335,-0.8995814,-0.03523426,-0.078356326,-0.56339484,0.009351117,-0.10092411,-0.76887345,0.010070578,-0.10919242,-0.89487845,0.0023062103,-0.114717506,-0.9933982,-0.0056436383,0.017963758,-0.54683757,-0.010684062,0.032148033,-0.7304687,-0.025335262,0.040108748,-0.8466946,-0.03540384,0.04080837,-0.94522953,-0.0431075,0.107396305,-0.49570996,-0.038470723,0.15509099,-0.6304227,-0.057127144,0.1814584,-0.72155184,-0.06308589,0.20230332,-0.8101486,-0.06630636
HELLO,0.0,0.0,0.0,-0.14952376,-0.07424197,-0.049306378,-0.2790033,-0.22636646,-0.06605297,-0.38055676,-0.3331692,-0.0827243,-0.469121,-0.3975917,-0.09560082,-0.17886248,-0.53084135,0.017225966,-0.22379735,-0.7082653,0.0032487093,-0.24282973,-0.81159616,-0.015827745,-0.2516534,-0.9017383,-0.031982128,-0.07985836,-0.56402457,0.010793628,-0.10250143,-0.7692898,0.012914071,-0.11038925,-0.8952265,0.0060565984,-0.11561767,-0.99329376,-0.0013833393,0.016607175,-0.5483348,-0.009555249,0.030873027,-0.73252213,-0.022896938,0.03896136,-0.8491259,-0.032205045,0.039519448,-0.9474191,-0.039621178,0.106376305,-0.4977506,-0.037761915,0.15421674,-0.63229424,-0.055752944,0.1803006,-0.7233238,-0.061414152,0.20062916,-0.8113481,-0.06445836
HELLO,0.0,0.0,0.0,-0.1485509,-0.07334779,-0.05088433,-0.27732387,-0.22534923,-0.06935865,-0.37912518,-0.33266482,-0.08727816,-0.46847448,-0.39806694,-0.101465456,-0.17845933,-0.5304574,0.012754731,-0.22129977,-0.7084592,-0.002780312,-0.23982833,-0.81138873,-0.022798661,-0.2489457,-0.9009619,-0.039651964,-0.078943685,-0.5630864,0.0065082917,-0.10060213,-0.76927596,0.006806059,-0.108556084,-0.89494044,-0.0013817166,-0.11446276,-0.9934276,-0.0100019425,0.017538117,-0.5466395,-0.01349804,0.03190683,-0.7312542,-0.028400637,0.04019803,-0.8477002,-0.03891146,0.04053224,-0.946841,-0.047451932,0.10706698,-0.49529812,-0.041306686,0.15526238,-0.630002,-0.060413506,0.18224888,-0.7210488,-0.066849105,0.20327282,-0.809484,-0.070764855
HELLO,0.0,0.0,0.0,-0.14782998,-0.07370595,-0.04980367,-0.27704906,-0.22655547,-0.06756324,-0.3787954,-0.3335414,-0.085208096,-0.46776953,-0.39862084,-0.09901419,-0.17768267,-0.53124654,0.015409927,-0.2225956,-0.70776623,-0.00046136646,-0.24147977,-0.8099658,-0.020773338,-0.25016087,-0.8981212,-0.037531704,-0.078558095,-0.5643339,0.008691014,-0.100928776,-0.76968503,0.009168565,-0.108890004,-0.8955378,0.0012767471,-0.11443844,-0.9934304,-0.0067990627,0.0180412,-0.5483148,-0.011964844,0.031634446,-0.7310332,-0.026391609,0.039502915,-0.8471707,-0.036110844,0.039580584,-0.9452293,-0.04374989,0.1079168,-0.49704808,-0.040503375,0.15558861,-0.63126415,-0.058626898,0.18136108,-0.72236556,-0.064285085,0.20088358,-0.81045043,-0.06746503
HELLO,0.0,0.0,0.0,-0.14805871,-0.07173805,-0.05284843,-0.2776485,-0.2228967,-0.07229345,-0.37905908,-0.33161885,-0.09069135,-0.468373,-0.3969616,-0.10543655,-0.17786996,-0.52908105,0.008819556,-0.22233796,-0.70593596,-0.008286568,-0.24114363,-0.8081475,-0.0292569,-0.25040367,-0.8979133,-0.046832237,-0.07805491,-0.5631352,0.0031668758,-0.09989803,-0.7691889,0.0012304481,-0.108331524,-0.89499104,-0.008257842,-0.11447082,-0.99342656,-0.017781433,0.018462565,-0.5469928,-0.016216781,0.034065552,-0.73304206,-0.033419088,0.041600723,-0.8506725,-0.044927977,0.04159882,-0.95050246,-0.05395207,0.1079596,-0.4951188,-0.043376155,0.15640731,-0.6305951,-0.0644454,0.18328278,-0.7228932,-0.07167724,0.20407777,-0.81232876,-0.07601935
HELLO,0.0,0.0,0.0,-0.1493284,-0.07331422,-0.049485467,-0.2788109,-0.22615673,-0.066903085,-0.38126826,-0.33506167,-0.0841477,-0.4714336,-0.40032592,-0.09763786,-0.18101694,-0.52900976,0.01616125,-0.22595854,-0.7046056,0.001015068,-0.24495861,-0.8071351,-0.019295959,-0.25397503,-0.89713925,-0.036566846,-0.08235518,-0.5639935,0.009553322,-0.10495429,-0.7685013,0.010196574,-0.11232487,-0.8940574,0.0020266552,-0.117478676,-0.9930754,-0.006526502,0.014178972,-0.54898745,-0.01083259,0.027403265,-0.7332756,-0.025458695,0.03534173,-0.84930706,-0.03552204,0.035055205,-0.94766355,-0.043625794,0.10446008,-0.49811408,-0.03896634,0.15244667,-0.6325612,-0.057967693,0.17820151,-0.7233354,-0.064105146,0.19759087,-0.8111271,-0.067686014
HELLO,0.0,0.0,0.0,-0.14990953,-0.07546812,-0.049462862,-0.2793144,-0.22812453,-0.06593168,-0.38148993,-0.3345314,-0.082125284,-0.47199032,-0.39823794,-0.094450176,-0.18043706,-0.52971685,0.016790427,-0.22499104,-0.7063487,0.0023070404,-0.24381371,-0.80905735,-0.01643757,-0.25246382,-0.89843154,-0.032021467,-0.08108,-0.5629744,0.010778667,-0.10290717,-0.7694942,0.012463621,-0.11069853,-0.89522815,0.006204512,-0.11608226,-0.99323964,-0.00052666315,0.015218115,-0.54645747,-0.009173482,0.029272888,-0.7307384,-0.023194361,0.03734128,-0.84653914,-0.031773377,0.03764512,-0.9439751,-0.038337026,0.10439948,-0.4956885,-0.036940843,0.15251972,-0.6304255,-0.055681854,0.17884636,-0.7216877,-0.061275754,0.19943343,-0.809953,-0.06397338
HELLO,0.0,0.0,0.0,-0.14997602,-0.07571682,-0.04888528,-0.27978116,-0.2286869,-0.065023266,-0.38192293,-0.33572996,-0.08127071,-0.4714543,-0.40193534,-0.09362967,-0.17914778,-0.53125924,0.019930724,-0.22446652,-0.70730233,0.006178295,-0.24391823,-0.8092028,-0.01284959,-0.25308886,-0.8979602,-0.028809946,-0.07987241,-0.56400967,0.013473976,-0.10187701,-0.7698754,0.015979704,-0.10957258,-0.89549595,0.009151209,-0.11468532,-0.9934018,0.0018695424,0.016605273,-0.5475116,-0.0070432667,0.030073643,-0.73101526,-0.020003626,0.03859008,-0.8463243,-0.028496424,0.03926476,-0.9435401,-0.035145264,0.10637005,-0.49677783,-0.03547782,0.15357417,-0.6320498,-0.052765757,0.17950845,-0.7230085,-0.0576166,0.19984886,-0.8110766,-0.05998031
HELLO,0.0,0.0,0.0,-0.14953807,-0.07428732,-0.05027697,-0.2790593,-0.22551075,-0.06854377,-0.38109285,-0.33195037,-0.086706825,-0.47098815,-0.39751515,-0.10106634,-0.17935869,-0.5301024,0.015566893,-0.22458348,-0.7058645,-7.102761e-05,-0.24387985,-0.80820954,-0.020400416,-0.2528974,-0.89736485,-0.03721358,-0.080208644,-0.56304425,0.009226012,-0.10230155,-0.7688637,0.010169532,-0.11053663,-0.8945057,0.0026635467,-0.11597907,-0.9932517,-0.0052458257,0.016182484,-0.54634804,-0.011102624,0.030157745,-0.7297893,-0.025098912,0.03819122,-0.84502906,-0.03411279,0.03827264,-0.9426087,-0.04133244,0.105953775,-0.49490106,-0.039391663,0.15426208,-0.62957925,-0.057114705,0.18026222,-0.7202094,-0.062100373,0.20015913,-0.80830085,-0.06481654
HELLO,0.0,0.0,0.0,-0.14949971,-0.07438292,-0.049967535,-0.2787352,-0.2271767,-0.06767077,-0.38078165,-0.33353794,-0.08532316,-0.47022268,-0.39899275,-0.099193454,-0.17856838,-0.53078216,0.016394196,-0.22332951,-0.7069484,0.0010170632,-0.24272744,-0.80967635,-0.019065293,-0.25193447,-0.89877903,-0.03567879,-0.07943648,-0.56308424,0.009883919,-0.10175907,-0.7689996,0.011035468,-0.10988426,-0.8948745,0.0036485505,-0.115331315,-0.9933271,-0.004042463,0.01696613,-0.5463351,-0.010644552,0.030499367,-0.72963727,-0.024622792,0.03880226,-0.84521943,-0.033804525,0.039157953,-0.94289374,-0.041019447,0.10650913,-0.49510342,-0.039123625,0.15417892,-0.6297834,-0.057144318,0.18030952,-0.7206986,-0.06251108,0.20054266,-0.8088249,-0.06539558
HELLO,0.0,0.0,0.0,-0.14933807,-0.07696328,-0.049424503,-0.27884305,-0.23070998,-0.067116976,-0.38223627,-0.33625877,-0.085027345,-0.47256002,-0.40108728,-0.09926293,-0.17838538,-0.5313516,0.01647081,-0.22329943,-0.70687526,-0.00040060378,-0.24312413,-0.80963635,-0.021667775,-0.2525097,-0.8987889,-0.039062247,-0.079611786,-0.5635577,0.0096217925,-0.10153162,-0.76872545,0.009058922,-0.10929613,-0.89430326,0.0005152751,-0.11439584,-0.99343526,-0.007867088,0.016853152,-0.5468893,-0.011208589,0.02950272,-0.73059785,-0.026658397,0.037712973,-0.84516895,-0.036294535,0.03836035,-0.94179255,-0.04351038,0.10667502,-0.49530134,-0.0398941,0.15385716,-0.62952334,-0.058931477,0.17987658,-0.7201597,-0.06467407,0.20030536,-0.80783683,-0.06764432
HELLO,0.0,0.0,0.0,-0.14961135,-0.0774079,-0.04940217,-0.28030124,-0.22835241,-0.067200504,-0.38285053,-0.3345375,-0.08485498,-0.47276407,-0.39630795,-0.098960176,-0.17727694,-0.529827,0.0129369395,-0.22187333,-0.7081343,-0.0037518088,-0.24132077,-0.8117382,-0.024318572,-0.25050154,-0.90250623,-0.041426655,-0.077554055,-0.56279683,0.00628749,-0.09777037,-0.7695785,0.005293263,-0.10449702,-0.8951922,-0.0030021865,-0.108463675,-0.9941004,-0.011460587,0.018839275,-0.54584765,-0.014008795,0.032352112,-0.7314333,-0.0300003,0.040414844,-0.8452476,-0.039637703,0.041029293,-0.9410217,-0.047019064,0.108808376,-0.4937842,-0.04199698,0.15741822,-0.6280721,-0.061970636,0.1836826,-0.71825904,-0.068179764,0.20406379,-0.8053256,-0.07148473
HELLO,0.0,0.0,0.0,-0.1484204,-0.07695726,-0.05052708,-0.2788384,-0.22978184,-0.06825722,-0.381989,-0.3350577,-0.085600495,-0.4713873,-0.39685103,-0.099197164,-0.17575511,-0.5327683,0.013203785,-0.21997076,-0.71122473,-0.0028114326,-0.23880202,-0.81543857,-0.023002988,-0.24746731,-0.90546936,-0.039833654,-0.07705246,-0.564211,0.007303209,-0.098564,-0.7695564,0.0068851965,-0.10581889,-0.89520234,-0.0013452038,-0.11010576,-0.9939199,-0.009546868,0.019227263,-0.5470935,-0.012364004,0.032831453,-0.73160005,-0.027841369,0.041483775,-0.84682757,-0.03814437,0.042900946,-0.94379944,-0.04590702,0.10915034,-0.49520037,-0.039850198,0.15709445,-0.6290628,-0.05975833,0.18365191,-0.7194959,-0.066554196,0.204717,-0.8067804,-0.070158176
HELLO,0.0,0.0,0.0,-0.14925489,-0.07530802,-0.049126886,-0.27993923,-0.22789815,-0.066063575,-0.38309926,-0.33411983,-0.082918875,-0.471727,-0.39678162,-0.09632696,-0.17630024,-0.530105,0.014692125,-0.22111483,-0.70812416,-0.0009299109,-0.24008568,-0.81214195,-0.02133716,-0.24885452,-0.902135,-0.038622662,-0.077422544,-0.56244355,0.0076687727,-0.09889421,-0.7690332,0.007198582,-0.10627572,-0.8948978,-0.002112809,-0.110929295,-0.99382824,-0.0114286225,0.018666428,-0.54533625,-0.012975357,0.032004405,-0.7301272,-0.029021839,0.040486533,-0.8446528,-0.04093533,0.041228987,-0.94212127,-0.050139006,0.108226046,-0.49297053,-0.041167486,0.15598018,-0.6265705,-0.06173484,0.18253413,-0.7160824,-0.069237314,0.20327397,-0.8032612,-0.07370857
HELLO,0.0,0.0,0.0,-0.14907432,-0.07433133,-0.049403936,-0.27946496,-0.2271176,-0.0662136,-0.38203767,-0.33377415,-0.082776986,-0.47076014,-0.39660168,-0.095891505,-0.17679137,-0.5285262,0.013701032,-0.22156553,-0.70764166,-0.0023160523,-0.2402284,-0.8120533,-0.02294566,-0.24864994,-0.902397,-0.04028541,-0.07783588,-0.56100345,0.006821581,-0.10023017,-0.76779354,0.0058338186,-0.107451625,-0.89439905,-0.0040085493,-0.11144733,-0.9937703,-0.013769646,0.018397221,-0.5442932,-0.013607547,0.031080564,-0.7284805,-0.029598417,0.039571736,-0.8435276,-0.041691665,0.040895667,-0.941817,-0.051169153,0.10825608,-0.49281618,-0.041610446,0.15420106,-0.62727493,-0.061610878,0.1807553,-0.71713173,-0.06881155,0.20202932,-0.8044322,-0.07328544
HELLO,0.0,0.0,0.0,-0.15005392,-0.07541233,-0.048144646,-0.28095558,-0.2283766,-0.06369397,-0.38354695,-0.3346508,-0.07910215,-0.4719669,-0.39643162,-0.091158,-0.17724892,-0.52701795,0.015110247,-0.22172423,-0.7055431,-0.00032811819,-0.24058118,-0.8101446,-0.020229295,-0.24926452,-0.89977604,-0.037074886,-0.07829806,-0.5596285,0.008315946,-0.10068584,-0.76743835,0.007289759,-0.10832782,-0.89450645,-0.002201346,-0.11261907,-0.9936383,-0.011588814,0.018012594,-0.543063,-0.011977235,0.030693876,-0.72875696,-0.028657438,0.038878582,-0.8444138,-0.041572466,0.040020384,-0.9423658,-0.051426075,0.10829143,-0.49186334,-0.039552927,0.15573731,-0.62664586,-0.060564112,0.18224336,-0.71672696,-0.06888156,0.20291497,-0.8041861,-0.07408108
HELLO,0.0,0.0,0.0,-0.14962213,-0.07511613,-0.049199007,-0.27989268,-0.22768283,-0.06548909,-0.38240197,-0.33444244,-0.08156538,-0.47132808,-0.39658996,-0.09418135,-0.17774412,-0.5266402,0.014939947,-0.22199066,-0.7051707,-0.00043660917,-0.24054767,-0.8101647,-0.020141836,-0.24875507,-0.8996288,-0.036773298,-0.07888633,-0.55922204,0.008482341,-0.101252094,-0.7671863,0.0076463274,-0.10878722,-0.8942365,-0.0015783741,-0.1128447,-0.99361265,-0.010631426,0.017292796,-0.5428391,-0.011598711,0.029768294,-0.7285206,-0.028301531,0.03817135,-0.8439797,-0.04092571,0.03958833,-0.9416114,-0.050428364,0.10752561,-0.4919028,-0.039093137,0.15467258,-0.62657195,-0.0603146,0.18140905,-0.71665585,-0.06857582,0.20249167,-0.80411166,-0.073562026
HELLO,0.0,0.0,0.0,-0.15045281,-0.07277005,-0.050898317,-0.28119847,-0.22608158,-0.067580104,-0.38440007,-0.3341643,-0.08372841,-0.47322166,-0.39649987,-0.09637258,-0.17838527,-0.5256893,0.012910642,-0.22234581,-0.70485103,-0.0029083844,-0.24067119,-0.8105583,-0.022742532,-0.24853037,-0.9014223,-0.039348938,-0.079011366,-0.5588523,0.007346739,-0.1005403,-0.7670888,0.007026004,-0.10781263,-0.89445883,-0.0009193001,-0.11192772,-0.99371636,-0.009013889,0.017312635,-0.5425297,-0.012053684,0.030304546,-0.7286962,-0.028222613,0.038815122,-0.8438787,-0.03913795,0.04029746,-0.9413596,-0.047349893,0.10702518,-0.49154478,-0.039189637,0.15399578,-0.62637603,-0.06036848,0.1807929,-0.7164237,-0.0679732,0.20224042,-0.8040587,-0.072253495
HELLO,0.0,0.0,0.0,-0.14856975,-0.0744217,-0.050575208,-0.27809703,-0.22709432,-0.06843886,-0.37994993,-0.3336463,-0.08596482,-0.46882424,-0.3977806,-0.09983558,-0.17743614,-0.52800065,0.012571316,-0.22190137,-0.7072529,-0.0036586374,-0.24017191,-0.81287426,-0.023662243,-0.24805279,-0.9024734,-0.04027056,-0.078738496,-0.5597948,0.006218791,-0.10103589,-0.767552,0.00526454,-0.10860075,-0.89447445,-0.0033834963,-0.112987235,-0.99359643,-0.011856341,0.01728876,-0.5429734,-0.01387823,0.02986362,-0.72832704,-0.030192,0.038589526,-0.8436855,-0.041595217,0.040103428,-0.9412791,-0.05021096,0.10696979,-0.4916602,-0.041666426,0.15403733,-0.6260363,-0.062272593,0.18058091,-0.7165265,-0.06968842,0.20147088,-0.8043095,-0.073992655
HELLO,0.0,0.0,0.0,-0.14944282,-0.07500764,-0.04952033,-0.27905738,-0.22806457,-0.06598491,-0.38083062,-0.33510816,-0.08224289,-0.469709,-0.39702794,-0.0948996,-0.17818758,-0.53049165,0.015898032,-0.22102961,-0.70841956,0.0016062894,-0.23960826,-0.8125421,-0.017419886,-0.24864815,-0.90144724,-0.033551306,-0.07889567,-0.5612645,0.00950506,-0.10038063,-0.7681054,0.010662794,-0.107832834,-0.8946832,0.003153983,-0.112752736,-0.9936231,-0.004768675,0.01750376,-0.54377794,-0.010751001,0.030431194,-0.7280591,-0.025410641,0.038804296,-0.8438711,-0.03644692,0.03949122,-0.9421734,-0.04508999,0.10720101,-0.492729,-0.03870652,0.15437499,-0.6268867,-0.058283027,0.18070449,-0.7174943,-0.06565187,0.20156205,-0.80559635,-0.070157826
HELLO,0.0,0.0,0.0,-0.15025885,-0.073712125,-0.05078754,-0.28076413,-0.22691523,-0.06756923,-0.3834649,-0.33386382,-0.083717875,-0.47252455,-0.39717627,-0.09600977,-0.18140803,-0.5296798,0.015445048,-0.22452919,-0.7085201,0.00077783846,-0.24270865,-0.81204706,-0.018851021,-0.25125346,-0.900869,-0.035293147,-0.0821851,-0.5609414,0.010164688,-0.10433699,-0.7678769,0.01144871,-0.11187655,-0.8946996,0.003821449,-0.11660336,-0.99317855,-0.00422876,0.014412042,-0.54351777,-0.0090940315,0.02753473,-0.72785544,-0.022906363,0.035948664,-0.8441544,-0.033307265,0.036887184,-0.94248074,-0.041634362,0.1047154,-0.49250156,-0.036219694,0.15165822,-0.6272061,-0.05432116,0.17739095,-0.71784925,-0.060614783,0.1977368,-0.8064585,-0.06447333
HELLO,0.0,0.0,0.0,-0.15069664,-0.07627095,-0.046056688,-0.28183308,-0.22986017,-0.05972962,-0.3844404,-0.3360292,-0.07367743,-0.4735071,-0.39728048,-0.084172934,-0.18008626,-0.52950567,0.021135163,-0.22412848,-0.7068105,0.007668357,-0.24364382,-0.80868214,-0.011342513,-0.25318965,-0.895996,-0.027582776,-0.080994636,-0.5616075,0.013408745,-0.10236841,-0.7680588,0.01464538,-0.10959765,-0.8948675,0.006111437,-0.11383086,-0.9935002,-0.0026837762,0.015046862,-0.54460335,-0.0080351485,0.027311001,-0.72881234,-0.023025095,0.03560203,-0.84364766,-0.034707744,0.03622789,-0.9414692,-0.043814056,0.10470789,-0.49377912,-0.036803085,0.15107892,-0.6280952,-0.05690802,0.17721623,-0.7185556,-0.06472902,0.19797009,-0.80725217,-0.06958703
HELLO,0.0,0.0,0.0,-0.1507886,-0.0762604,-0.046956647,-0.281138,-0.22963239,-0.061605103,-0.38277888,-0.33534387,-0.076430455,-0.47105998,-0.39794093,-0.087714784,-0.17900279,-0.5298829,0.019058095,-0.22339396,-0.70738053,0.0042251972,-0.24270768,-0.8099019,-0.015380728,-0.2517975,-0.89798933,-0.031735178,-0.07990213,-0.5625557,0.011547004,-0.100828215,-0.7693963,0.012230346,-0.107686915,-0.8958134,0.004321608,-0.11167368,-0.99374497,-0.0036751959,0.016203027,-0.5456381,-0.00975058,0.028271284,-0.7308951,-0.024943326,0.036733977,-0.8450473,-0.035143103,0.03768733,-0.94164574,-0.04283758,0.10583183,-0.49404567,-0.03855655,0.15211007,-0.62857836,-0.058903836,0.1782687,-0.7187744,-0.06589896,0.1990742,-0.80671895,-0.06965881
HELLO,0.0,0.0,0.0,-0.15030725,-0.07536359,-0.04840014,-0.28072116,-0.22768562,-0.06390663,-0.38268167,-0.3326168,-0.079280294,-0.4711898,-0.39405584,-0.09112569,-0.18041478,-0.5283644,0.017245429,-0.22418387,-0.7050319,0.0023668443,-0.24360806,-0.80763996,-0.017294671,-0.25357875,-0.8955305,-0.03376805,-0.08096294,-0.5602233,0.010404929,-0.10326596,-0.76699114,0.010492724,-0.110888325,-0.89355713,0.0019011123,-0.1157888,-0.99327385,-0.0067576715,0.015411214,-0.54310197,-0.010237634,0.028206347,-0.72769606,-0.026079621,0.036942698,-0.8434627,-0.037718188,0.03781699,-0.94237024,-0.046579856,0.105256915,-0.49205497,-0.038362727,0.15203133,-0.62736195,-0.058502886,0.17843726,-0.71820354,-0.0658492,0.19909263,-0.8071826,-0.07034047
HELLO,0.0,0.0,0.0,-0.15085727,-0.07524462,-0.0483768,-0.2802634,-0.22722311,-0.06437296,-0.38218468,-0.33266762,-0.08029777,-0.47132477,-0.3945499,-0.09247367,-0.1792894,-0.5281943,0.017918138,-0.22414316,-0.7056914,0.0032757968,-0.24306275,-0.80764854,-0.01628697,-0.25176802,-0.89477646,-0.032508712,-0.07989685,-0.5615103,0.011155567,-0.101515286,-0.76899403,0.012225492,-0.10935371,-0.8951049,0.0043593044,-0.11420318,-0.99345744,-0.0036274316,0.016213406,-0.5451364,-0.009380229,0.02930959,-0.7318558,-0.02417037,0.03714214,-0.8459253,-0.03432502,0.03711762,-0.9424133,-0.041993346,0.105946295,-0.49418405,-0.037467413,0.15366276,-0.62966126,-0.056832727,0.17932126,-0.71955884,-0.06289523,0.19914313,-0.8069225,-0.066027164
HELLO,0.0,0.0,0.0,-0.14964667,-0.07382412,-0.048229937,-0.27886066,-0.22630055,-0.06397683,-0.3800436,-0.3316913,-0.07974659,-0.46885973,-0.39311823,-0.09182487,-0.17843667,-0.52834934,0.017771037,-0.22299755,-0.7048356,0.0033579078,-0.24191321,-0.80702347,-0.015634002,-0.25061432,-0.8935917,-0.031362254,-0.07932604,-0.56079066,0.010804661,-0.101739086,-0.76867366,0.012143377,-0.109777875,-0.89494306,0.004955547,-0.11493451,-0.9933731,-0.0024650672,0.01670646,-0.5439257,-0.009987969,0.029992854,-0.7292619,-0.02478271,0.03833804,-0.8439852,-0.035007812,0.038651906,-0.94107866,-0.042694535,0.10615848,-0.49289015,-0.03834919,0.1537024,-0.628393,-0.057849046,0.17976573,-0.71839875,-0.06424051,0.19977741,-0.80570155,-0.06770134
HELLO,0.0,0.0,0.0,-0.14921442,-0.0724733,-0.04872664,-0.2797771,-0.22660509,-0.0637964,-0.38107175,-0.3335012,-0.078480445,-0.4704989,-0.3937103,-0.089818984,-0.17967609,-0.5277378,0.015716339,-0.22424504,-0.7055273,0.001929371,-0.24212736,-0.80852646,-0.0171651,-0.2506207,-0.8979387,-0.033866737,-0.080102034,-0.5606173,0.008692544,-0.10231724,-0.76767594,0.008306595,-0.11014952,-0.8938066,-0.0019836568,-0.11509404,-0.9933546,-0.0122113405,0.015893899,-0.5443179,-0.011720155,0.029736286,-0.728571,-0.028381765,0.037894797,-0.84387887,-0.042134993,0.038661614,-0.9429897,-0.052810926,0.10539534,-0.49386796,-0.039430007,0.1526533,-0.62808096,-0.060503334,0.1797356,-0.71805733,-0.06896683,0.20085631,-0.8058965,-0.07451006
HELLO,0.0,0.0,0.0,-0.14993423,-0.072920404,-0.048095252,-0.2786431,-0.22674835,-0.06395749,-0.3798066,-0.33309826,-0.08006186,-0.47013214,-0.39299637,-0.0927221,-0.17867436,-0.5280253,0.017947098,-0.22289759,-0.7051163,0.0030720972,-0.24289596,-0.80714285,-0.016746104,-0.2535164,-0.89412904,-0.033375036,-0.07961088,-0.56117636,0.0102848625,-0.10110828,-0.7682692,0.010752265,-0.109062366,-0.89454895,0.0021136375,-0.11450172,-0.993423,-0.006601737,0.01627412,-0.5449234,-0.011160742,0.029457122,-0.73040825,-0.026623877,0.037899934,-0.8458622,-0.037873916,0.03824076,-0.94392765,-0.046564735,0.10549401,-0.49400592,-0.04017109,0.15330936,-0.6287908,-0.06032328,0.18004102,-0.7192349,-0.06739152,0.20051709,-0.8066912,-0.07158206
HELLO,0.0,0.0,0.0,-0.14957097,-0.07307542,-0.04675552,-0.2797533,-0.22725612,-0.061122485,-0.3809962,-0.333382,-0.075436234,-0.46976554,-0.3936462,-0.08626544,-0.17832343,-0.5293995,0.017885951,-0.22211501,-0.70770454,0.0040710336,-0.24112502,-0.809671,-0.015070229,-0.25081593,-0.8970321,-0.031422265,-0.07971485,-0.56143993,0.010653311,-0.10170068,-0.7685321,0.0117396265,-0.10951473,-0.89482135,0.0033894465,-0.11481161,-0.9933872,-0.0053455937,0.016318364,-0.54451865,-0.010105945,0.02923377,-0.7306823,-0.02489425,0.03699698,-0.84741086,-0.03706195,0.037109368,-0.94708633,-0.046765126,0.10603221,-0.49348077,-0.038148392,0.15364034,-0.62824917,-0.057973426,0.17967382,-0.7185597,-0.06586682,0.19951156,-0.80670214,-0.07096297
HELLO,0.0,0.0,0.0,-0.14917047,-0.072447784,-0.04902544,-0.27902338,-0.22407617,-0.06629449,-0.38025594,-0.33069316,-0.08344455,-0.47030967,-0.3923858,-0.09704767,-0.17864753,-0.527058,0.014472117,-0.22406788,-0.7052443,-0.0012206377,-0.24329652,-0.80647236,-0.021766918,-0.2525168,-0.8943242,-0.039012432,-0.07983505,-0.56062716,0.007346359,-0.10171615,-0.7678276,0.007011371,-0.10958891,-0.8940498,-0.0024870038,-0.114631124,-0.9934081,-0.012101625,0.016335834,-0.5447247,-0.013329748,0.029565077,-0.7313606,-0.028851327,0.037395354,-0.84775174,-0.040470887,0.0377534,-0.9468554,-0.049703028,0.10633427,-0.49371964,-0.041567195,0.1538532,-0.6295068,-0.06113526,0.18025476,-0.72053623,-0.067880884,0.20045348,-0.8085866,-0.072035044
HELLO,0.0,0.0,0.0,-0.15167202,-0.07218368,-0.0481019,-0.28072664,-0.22601236,-0.06335549,-0.3828381,-0.33223236,-0.07877909,-0.47340828,-0.3934527,-0.09060767,-0.17936698,-0.5286293,0.020961164,-0.22436047,-0.7076275,0.008474321,-0.24345963,-0.80940676,-0.010416518,-0.2528675,-0.89783925,-0.026864376,-0.08060991,-0.5619092,0.013938925,-0.10287512,-0.76792806,0.016566323,-0.11151594,-0.89416313,0.008016562,-0.11738102,-0.99308693,-0.00096700445,0.015224509,-0.545961,-0.006871873,0.028261276,-0.7323625,-0.020356635,0.035781126,-0.84856343,-0.03137984,0.03550566,-0.94773316,-0.040308073,0.104363956,-0.4953203,-0.035313483,0.15179974,-0.6295531,-0.053954605,0.17793317,-0.71968156,-0.060421955,0.19797319,-0.8077232,-0.06431971
HELLO,0.0,0.0,0.0,-0.15166277,-0.072421424,-0.047934707,-0.28126758,-0.22602248,-0.063039094,-0.38292226,-0.33277446,-0.078387104,-0.4736568,-0.3936738,-0.09027253,-0.17978214,-0.52706355,0.02085119,-0.22546281,-0.7050849,0.008287513,-0.2442689,-0.8074859,-0.010550488,-0.25287044,-0.8970738,-0.026997102,-0.08061526,-0.5608063,0.013479463,-0.102655366,-0.767379,0.01577313,-0.11079304,-0.89381933,0.007036653,-0.115962386,-0.9932536,-0.0021162364,0.015171053,-0.5449487,-0.007641176,0.02797615,-0.73058856,-0.021436205,0.03564248,-0.8457245,-0.032479852,0.035662994,-0.9440978,-0.04138828,0.10423002,-0.4945587,-0.036394358,0.15072007,-0.6289456,-0.05498134,0.17676257,-0.7187128,-0.061302703,0.19688216,-0.8064784,-0.065194644
HELLO,0.0,0.0,0.0,-0.1518177,-0.07115358,-0.049747724,-0.28203636,-0.22379103,-0.06582996,-0.3835068,-0.33047295,-0.08171827,-0.47404978,-0.392646,-0.09400634,-0.18295774,-0.5264047,0.01814691,-0.22820613,-0.70515203,0.004963968,-0.24685983,-0.8084743,-0.013911305,-0.25540882,-0.89832,-0.030215064,-0.08376495,-0.5606075,0.011805577,-0.10555452,-0.76763767,0.013932328,-0.1136502,-0.8941098,0.005775885,-0.11891518,-0.9929044,-0.0028000057,0.01237909,-0.5449762,-0.008401538,0.024778917,-0.7311377,-0.022388969,0.03242215,-0.84608084,-0.033039287,0.032511458,-0.94390076,-0.04149905,0.102199696,-0.49470899,-0.036371354,0.14883101,-0.62930787,-0.055331666,0.1748775,-0.7189443,-0.061767105,0.19519326,-0.8065513,-0.0655014
HELLO,0.0,0.0,0.0,-0.15164189,-0.07389756,-0.049340814,-0.28137994,-0.2257235,-0.06572071,-0.3831516,-0.3309215,-0.0821193,-0.47387135,-0.39445072,-0.09484763,-0.18186325,-0.5279516,0.01974923,-0.22710837,-0.7059412,0.0070434697,-0.24588844,-0.8091398,-0.011318281,-0.2541318,-0.89879507,-0.027253587,-0.082757786,-0.56161374,0.012883872,-0.10433724,-0.76760596,0.014753036,-0.112388805,-0.89376587,0.0061600097,-0.11697661,-0.99313474,-0.0026328159,0.0124600865,-0.546239,-0.00787259,0.025202982,-0.73073435,-0.022491695,0.03304229,-0.84512305,-0.03359992,0.033528812,-0.9424245,-0.042221084,0.101235695,-0.49694523,-0.03630616,0.1481965,-0.63046014,-0.055820573,0.17494497,-0.72000337,-0.06265616,0.19620252,-0.8073854,-0.066570565
HELLO,0.0,0.0,0.0,-0.15079927,-0.0731877,-0.048035964,-0.28007087,-0.22759628,-0.063456394,-0.38179392,-0.33274928,-0.079126954,-0.47338292,-0.3949014,-0.091127984,-0.18286745,-0.5285514,0.021426145,-0.22822109,-0.70580274,0.009566638,-0.24683025,-0.80887836,-0.008309144,-0.25494945,-0.89865804,-0.023927042,-0.084288314,-0.5621392,0.014292246,-0.1065554,-0.7678397,0.017927356,-0.113676615,-0.8937948,0.010976637,-0.117816046,-0.99303544,0.0033211766,0.011355702,-0.54670763,-0.0067006685,0.02234838,-0.7310581,-0.019338602,0.03050409,-0.8452949,-0.028826268,0.031069286,-0.94243634,-0.036543373,0.100968026,-0.49752286,-0.03545128,0.14624256,-0.63103855,-0.05346718,0.17238608,-0.71998125,-0.059233475,0.19301546,-0.8067783,-0.06250651
HELLO,0.0,0.0,0.0,-0.14832397,-0.074061535,-0.04956874,-0.2780096,-0.22551493,-0.066070534,-0.38029292,-0.3299219,-0.08222142,-0.47115284,-0.39200568,-0.09487976,-0.18135528,-0.5271272,0.01636424,-0.22638935,-0.70552963,0.0028950372,-0.24484144,-0.80978006,-0.015611881,-0.25257957,-0.9012636,-0.031717923,-0.08249063,-0.5607207,0.009880366,-0.10363564,-0.76738006,0.010726414,-0.11071575,-0.89343303,0.0020673848,-0.11457255,-0.99341494,-0.006888997,0.01257839,-0.54490566,-0.010253051,0.025526086,-0.7295167,-0.025496855,0.03361661,-0.84385043,-0.037029337,0.03433166,-0.9419946,-0.046154693,0.10133922,-0.49548173,-0.03796222,0.14847419,-0.62902445,-0.057942513,0.17576644,-0.71866417,-0.06537925,0.19740401,-0.80716735,-0.06999885
HELLO,0.0,0.0,0.0,-0.14624177,-0.07021117,-0.049647644,-0.2767214,-0.22325327,-0.0674128,-0.37991163,-0.32853165,-0.08481588,-0.47101733,-0.39227417,-0.09869266,-0.1813643,-0.52761936,0.014925299,-0.22697903,-0.7038135,0.0014702985,-0.2446887,-0.80607617,-0.017326007,-0.25215656,-0.895541,-0.033910546,-0.08287512,-0.5615341,0.007555914,-0.10485434,-0.7667147,0.008447306,-0.11253148,-0.8926253,-0.0009225007,-0.11786477,-0.99302965,-0.010667777,0.012514756,-0.5461926,-0.013290824,0.026532263,-0.7308387,-0.028404376,0.034610394,-0.84718406,-0.04065579,0.034262627,-0.94761103,-0.050720677,0.10106333,-0.49553263,-0.041688673,0.14885621,-0.6290456,-0.061461527,0.17617427,-0.71944195,-0.06897856,0.19658571,-0.80785125,-0.073987074
HELLO,0.0,0.0,0.0,-0.14647175,-0.06998183,-0.049593728,-0.2772816,-0.2207365,-0.0664409,-0.38007298,-0.32593125,-0.08300031,-0.47081843,-0.38715112,-0.09624232,-0.18077423,-0.52393466,0.015729314,-0.22569256,-0.7023882,0.0029826153,-0.24471356,-0.80618995,-0.015283052,-0.25414476,-0.89684135,-0.031515088,-0.082309134,-0.55705273,0.008627509,-0.10410081,-0.7657576,0.009805412,-0.111798815,-0.8928854,0.00042377558,-0.11671219,-0.9931658,-0.009509039,0.013031376,-0.5416825,-0.012016537,0.02754519,-0.7283962,-0.027387157,0.0360409,-0.84560376,-0.040883794,0.0366505,-0.9463298,-0.051802512,0.102042146,-0.4922757,-0.04010464,0.14955926,-0.6281323,-0.05999903,0.17779356,-0.7184667,-0.06806731,0.19971241,-0.80636466,-0.07370904
HELLO,0.0,0.0,0.0,-0.14714804,-0.07106961,-0.049150176,-0.2779243,-0.21990958,-0.06683726,-0.38012853,-0.32592085,-0.08422648,-0.47016597,-0.38938695,-0.098463535,-0.17933105,-0.52293146,0.011941428,-0.22487655,-0.7015192,-0.004017816,-0.2436395,-0.8063848,-0.024739776,-0.25202495,-0.89840055,-0.042713437,-0.08015916,-0.55756366,0.0042024823,-0.10242056,-0.7654832,0.0015132914,-0.11006554,-0.8924849,-0.010782459,-0.11432661,-0.9934432,-0.022709379,0.015888603,-0.5427107,-0.01661662,0.028477969,-0.73029643,-0.034851585,0.036805432,-0.84589505,-0.049126025,0.037749372,-0.9448732,-0.060364164,0.10609269,-0.49224275,-0.044686705,0.15270115,-0.6278292,-0.066588506,0.1799845,-0.7187263,-0.07522037,0.20109394,-0.80676335,-0.08099727
HELLO,0.0,0.0,0.0,-0.1463429,-0.072419636,-0.050628334,-0.2782114,-0.22151114,-0.06940824,-0.3822464,-0.32562247,-0.08749933,-0.4716838,-0.38942456,-0.10216424,-0.17836201,-0.52363163,0.009191299,-0.22408515,-0.70241755,-0.007305736,-0.2429735,-0.8074983,-0.027894547,-0.2516758,-0.8990785,-0.04551963,-0.0798819,-0.55807644,0.0022834681,-0.10210132,-0.765891,-6.740928e-05,-0.1100232,-0.8930113,-0.011001501,-0.114902884,-0.9933767,-0.021742098,0.015877118,-0.54298586,-0.017823566,0.028686794,-0.7301758,-0.03548285,0.03716252,-0.84625554,-0.04867203,0.03835458,-0.9452675,-0.059026245,0.105627395,-0.49205554,-0.045371156,0.15284887,-0.6268366,-0.067253344,0.18064478,-0.7176396,-0.07564628,0.20232907,-0.8054382,-0.0809681
HELLO,0.0,0.0,0.0,-0.14677247,-0.07260705,-0.049926147,-0.27877045,-0.22202349,-0.06844777,-0.3824838,-0.32596955,-0.08653637,-0.47192943,-0.38863915,-0.1012256,-0.17842048,-0.5234581,0.010360357,-0.22448577,-0.7020888,-0.005823443,-0.24359927,-0.80716133,-0.026199922,-0.25249335,-0.89841783,-0.04368105,-0.08040475,-0.55830705,0.0030147266,-0.102850564,-0.7662064,0.0011038934,-0.110759445,-0.8932782,-0.0094429115,-0.11555922,-0.99330056,-0.019857448,0.015081736,-0.54342896,-0.017548285,0.027583802,-0.73137915,-0.034807052,0.03626937,-0.84739333,-0.04765701,0.037631907,-0.9460295,-0.057794824,0.104819775,-0.4923861,-0.045551322,0.15213788,-0.6271926,-0.067201056,0.17983815,-0.71808213,-0.07544208,0.201354,-0.8057993,-0.08064925
HELLO,0.0,0.0,0.0,-0.14754942,-0.07062136,-0.049656928,-0.27883244,-0.2199253,-0.06772759,-0.38146988,-0.32554814,-0.08559128,-0.47084147,-0.38870135,-0.100042656,-0.17900698,-0.52349323,0.013000743,-0.22507454,-0.7013226,-0.0023078918,-0.24442993,-0.8075755,-0.022154978,-0.25273225,-0.9000561,-0.039229166,-0.08135944,-0.5584607,0.005800096,-0.10288642,-0.7667854,0.00537906,-0.110167034,-0.8941872,-0.0036895394,-0.114271484,-0.99344957,-0.012890178,0.01388351,-0.5437379,-0.014824953,0.026032882,-0.7309328,-0.030625729,0.03484853,-0.8461943,-0.04162607,0.03650218,-0.942891,-0.05033261,0.10372555,-0.49317425,-0.043132544,0.15064032,-0.62800103,-0.06347093,0.1779535,-0.7181378,-0.07056132,0.1993639,-0.80452234,-0.07477588
HELLO,0.0,0.0,0.0,-0.14667386,-0.07124221,-0.049125716,-0.27868763,-0.22047575,-0.06635209,-0.38183555,-0.32621992,-0.08325808,-0.47185054,-0.38653764,-0.09724922,-0.18080202,-0.5224825,0.012713081,-0.22681794,-0.6998291,-0.0020683366,-0.2450359,-0.8051847,-0.022236673,-0.25258377,-0.8982514,-0.040281896,-0.082084335,-0.5568072,0.0049642953,-0.10396615,-0.76509696,0.0030206472,-0.11099512,-0.892401,-0.009131917,-0.114543386,-0.9934183,-0.021240355,0.013672805,-0.54116166,-0.01586892,0.025836024,-0.72809225,-0.033523627,0.034582064,-0.8436661,-0.048368365,0.036437165,-0.94268835,-0.060283963,0.10391683,-0.4906619,-0.04397765,0.14927544,-0.6261448,-0.0653585,0.17649299,-0.7167663,-0.074401274,0.19799888,-0.8048613,-0.080925584
HELLO,0.0,0.0,0.0,-0.14914909,-0.07098579,-0.049924977,-0.27973294,-0.2222801,-0.06688218,-0.38206863,-0.33007914,-0.08352686,-0.47311434,-0.39078602,-0.09682402,-0.18204257,-0.523829,0.01487848,-0.22757673,-0.7029715,0.000697834,-0.24605651,-0.80855143,-0.018579626,-0.2538855,-0.90054244,-0.035380784,-0.08276472,-0.5576232,0.008103464,-0.10384187,-0.7660691,0.008495174,-0.110845506,-0.89317137,-0.00061194954,-0.114697285,-0.99340045,-0.010002729,0.013325987,-0.54183924,-0.0122190425,0.025843136,-0.7306252,-0.027872236,0.034260824,-0.84616023,-0.039536357,0.035376243,-0.9439469,-0.04873462,0.103642106,-0.49130163,-0.040160008,0.14990547,-0.6270445,-0.06067657,0.17625375,-0.7178707,-0.06817587,0.19693673,-0.8056866,-0.07280752
HELLO,0.0,0.0,0.0,-0.14826655,-0.071309306,-0.050102994,-0.27830443,-0.22177109,-0.067517385,-0.3808069,-0.32790926,-0.0845645,-0.4713696,-0.39010742,-0.0985339,-0.1793454,-0.5246301,0.01373161,-0.2244296,-0.7020624,-0.00080968946,-0.24330582,-0.80699325,-0.020460797,-0.2515102,-0.89867365,-0.03761047,-0.07996805,-0.5570367,0.006957194,-0.101603925,-0.7654906,0.0066288505,-0.10937311,-0.89220864,-0.0035491777,-0.113674305,-0.9935181,-0.014033854,0.015927318,-0.5408116,-0.01326551,0.028241381,-0.72813153,-0.02959801,0.035949487,-0.8442167,-0.042922325,0.036686257,-0.94340265,-0.053627208,0.10568326,-0.49050203,-0.040982943,0.15155512,-0.62598157,-0.061657526,0.1787107,-0.71669906,-0.0699179,0.20031266,-0.8046833,-0.075583875
HELLO,0.0,0.0,0.0,-0.14914761,-0.06997924,-0.05105078,-0.28053892,-0.22038332,-0.06918969,-0.38432187,-0.32684562,-0.08675542,-0.47412753,-0.39000112,-0.1010007,-0.18146832,-0.5235715,0.012002049,-0.22669959,-0.7018197,-0.003339441,-0.24531636,-0.8063333,-0.0236708,-0.25370842,-0.89690745,-0.041203346,-0.08242025,-0.5573564,0.005653852,-0.104701504,-0.7657953,0.0052301013,-0.11288417,-0.8924746,-0.0046644635,-0.11806662,-0.9930057,-0.01486558,0.0138970055,-0.5421316,-0.014227048,0.025452519,-0.7310645,-0.030138556,0.033690527,-0.84700114,-0.04277493,0.03452449,-0.94583637,-0.053062867,0.10415081,-0.4918967,-0.04175816,0.14973006,-0.6269774,-0.06233726,0.17629379,-0.71702474,-0.07025968,0.19712825,-0.8039158,-0.07554596
HELLO,0.0,0.0,0.0,-0.14823988,-0.070629835,-0.049486216,-0.2781202,-0.2208162,-0.06728626,-0.38013437,-0.32702947,-0.084918216,-0.4701564,-0.3889961,-0.099371225,-0.1793065,-0.5235176,0.012926897,-0.22525132,-0.7004646,-0.0026520283,-0.24363677,-0.80586845,-0.02265429,-0.25059775,-0.89739823,-0.039757784,-0.07967803,-0.55758053,0.005424507,-0.10071134,-0.7663008,0.0051111737,-0.10744288,-0.89363426,-0.0037937588,-0.11058026,-0.9938672,-0.0129495505,0.016620766,-0.5416283,-0.015551369,0.028869677,-0.7309468,-0.031996153,0.03790973,-0.84601927,-0.043246225,0.039807077,-0.9439237,-0.05201824,0.106623895,-0.48998812,-0.04407172,0.1524325,-0.62584084,-0.06568956,0.17928849,-0.716555,-0.07319912,0.20025595,-0.80443347,-0.07761206
HELLO,0.0,0.0,0.0,-0.14862144,-0.07159685,-0.0491648,-0.28080913,-0.221928,-0.06613548,-0.3837817,-0.3283344,-0.08270601,-0.4732988,-0.38780966,-0.09622174,-0.18201908,-0.522352,0.0122874165,-0.22683673,-0.7000909,-0.0032303322,-0.24456428,-0.8061943,-0.02356569,-0.25164095,-0.89822984,-0.04144727,-0.08320658,-0.5570874,0.0048090545,-0.10362624,-0.76528466,0.0027409296,-0.11065286,-0.8922019,-0.00878424,-0.114513576,-0.9934217,-0.020183813,0.012535099,-0.54159254,-0.015795678,0.025975555,-0.73122984,-0.03384151,0.0350018,-0.8472194,-0.048449628,0.036851253,-0.9464374,-0.059983853,0.10237076,-0.48983455,-0.043611154,0.14976609,-0.6240961,-0.06642191,0.17696363,-0.71470296,-0.07602664,0.19807759,-0.8029347,-0.082478814
HELLO,0.0,0.0,0.0,-0.14852527,-0.07621089,-0.046806782,-0.27496442,-0.22828206,-0.0630494,-0.37543404,-0.336314,-0.079666644,-0.46569958,-0.39777616,-0.093337275,-0.1740003,-0.5238611,0.015753325,-0.21209446,-0.7102487,0.0029851564,-0.2278386,-0.8204043,-0.015393394,-0.2333874,-0.914734,-0.032213323,-0.074719764,-0.55452734,0.007499871,-0.095487535,-0.7647624,0.0070695993,-0.10102807,-0.89426297,-0.004720461,-0.10186644,-0.9947981,-0.016589189,0.020238752,-0.5371678,-0.013457186,0.031758804,-0.7275536,-0.029737279,0.042680465,-0.84005415,-0.04402716,0.046842776,-0.9346214,-0.055690542,0.109542005,-0.48553768,-0.041416153,0.1568836,-0.6191045,-0.063298784,0.18560736,-0.70857966,-0.07305985,0.20940669,-0.7950169,-0.07970485
HELLO,0.0,0.0,0.0,-0.14798428,-0.07324181,-0.047676522,-0.27744642,-0.22949968,-0.061551534,-0.3787621,-0.33819517,-0.0747218,-0.4673488,-0.3991762,-0.08499997,-0.17518102,-0.5231437,0.013928522,-0.2174893,-0.7051904,0.000935595,-0.23472573,-0.8124212,-0.017589733,-0.24168552,-0.90560144,-0.0343767,-0.07720276,-0.5548823,0.007165537,-0.09686663,-0.7642673,0.0060986015,-0.10259418,-0.8930811,-0.005617458,-0.10488633,-0.99448425,-0.017379152,0.016997797,-0.538341,-0.012365538,0.032941826,-0.726303,-0.028991936,0.042919163,-0.84334415,-0.04505604,0.04577038,-0.9434486,-0.058152422,0.10489571,-0.4880877,-0.038821846,0.15265837,-0.6209406,-0.060351785,0.18068697,-0.710032,-0.07053301,0.2030182,-0.7967146,-0.07797736
HELLO,0.0,0.0,0.0,-0.14718041,-0.07176294,-0.04948136,-0.27852172,-0.22353217,-0.06668253,-0.38210222,-0.32945293,-0.082672715,-0.4722152,-0.387475,-0.09622592,-0.17952672,-0.51752514,0.008427184,-0.22797589,-0.694055,-0.0066084987,-0.24779949,-0.7987932,-0.027347974,-0.25664532,-0.8920102,-0.046298947,-0.08330213,-0.5541475,0.0015475882,-0.10187444,-0.7615732,-0.0025487582,-0.10882625,-0.88937867,-0.017578645,-0.11278501,-0.99361944,-0.03233541,0.010041419,-0.5410183,-0.017738692,0.027137091,-0.7322975,-0.03638598,0.034882553,-0.85179543,-0.05535784,0.035456147,-0.9560436,-0.071179986,0.097413585,-0.49102655,-0.043727662,0.14612691,-0.6264975,-0.0655232,0.17479122,-0.71882826,-0.07621936,0.19696052,-0.80880666,-0.08486562
HELLO,0.0,0.0,0.0,-0.14792907,-0.07149247,-0.048311815,-0.2791072,-0.22169249,-0.06536358,-0.37987712,-0.32774213,-0.08191801,-0.468971,-0.3871304,-0.09582817,-0.18065391,-0.51890945,0.0072576925,-0.23050775,-0.69846916,-0.009923674,-0.2522241,-0.80628407,-0.030470096,-0.26263055,-0.9005091,-0.048477855,-0.083104655,-0.5547305,-0.0006122262,-0.10165989,-0.7637949,-0.006226081,-0.108469136,-0.8921489,-0.019647524,-0.11128626,-0.99378836,-0.031984575,0.01102408,-0.54008424,-0.020875147,0.026079185,-0.7320445,-0.041706905,0.035236254,-0.8472869,-0.057648793,0.03820911,-0.94523376,-0.069580905,0.099497534,-0.4892248,-0.047900476,0.14911346,-0.624398,-0.07296499,0.17770247,-0.71702754,-0.08378649,0.20088553,-0.8065871,-0.09064742
HELLO,0.0,0.0,0.0,-0.14812617,-0.07139976,-0.05108246,-0.27877715,-0.21830028,-0.06997977,-0.38332105,-0.323673,-0.08762364,-0.4740574,-0.38532427,-0.102762654,-0.18049636,-0.51499057,0.0073831878,-0.231246,-0.6904114,-0.009272157,-0.25202432,-0.7931321,-0.03093029,-0.26115993,-0.8852884,-0.050402157,-0.08253815,-0.55353004,0.00070913247,-0.105275616,-0.7602782,-0.0056471806,-0.115266144,-0.88772565,-0.022672234,-0.12165422,-0.99257255,-0.038822025,0.012032094,-0.5416224,-0.018553395,0.02786297,-0.7313135,-0.03994214,0.033236746,-0.8534468,-0.060730565,0.03209545,-0.96006817,-0.07755651,0.10057634,-0.4924155,-0.044451676,0.15075856,-0.62785584,-0.0688529,0.17982835,-0.7219602,-0.08114605,0.20206042,-0.8135089,-0.09063746
HELLO,0.0,0.0,0.0,-0.15037711,-0.071786255,-0.05080678,-0.2793439,-0.21896118,-0.070116796,-0.38035592,-0.32511914,-0.08863092,-0.4681581,-0.3863159,-0.10436901,-0.1796261,-0.5137138,0.0029570505,-0.22950351,-0.69562227,-0.01670129,-0.24948527,-0.8052445,-0.038769364,-0.25720805,-0.90083766,-0.057439968,-0.08139796,-0.55098057,-0.0038397466,-0.102867015,-0.7620702,-0.011338664,-0.111133456,-0.891242,-0.026035689,-0.11491203,-0.99337566,-0.039172363,0.013970952,-0.53806657,-0.02310492,0.026093682,-0.7320873,-0.04539916,0.033463247,-0.84950197,-0.062756084,0.03571278,-0.947826,-0.07547758,0.103581175,-0.4879969,-0.0492284,0.15388016,-0.6258404,-0.07571535,0.18311264,-0.72075576,-0.087942466,0.2072051,-0.811162,-0.09560667
HELLO,0.0,0.0,0.0,-0.14624229,-0.070862055,-0.0508086,-0.27548477,-0.22091395,-0.06957565,-0.37739375,-0.32612538,-0.08735538,-0.46663183,-0.38727796,-0.102575615,-0.17504826,-0.51627994,0.0039035345,-0.22428265,-0.6944623,-0.0146037275,-0.24577633,-0.8011523,-0.036205158,-0.25598457,-0.89443135,-0.055041384,-0.07737365,-0.5524341,-0.0032274257,-0.0982546,-0.76076305,-0.011051879,-0.107674226,-0.8894886,-0.02658465,-0.11373268,-0.9935114,-0.04047746,0.017506601,-0.53923196,-0.022854794,0.03150829,-0.73056346,-0.046326447,0.038443502,-0.85131,-0.06553157,0.03911059,-0.9554994,-0.079809144,0.10655391,-0.48871407,-0.049174115,0.15793733,-0.6247958,-0.076345876,0.18756314,-0.71887374,-0.0892313,0.21003763,-0.81030566,-0.097863264
HELLO,0.0,0.0,0.0,-0.14750412,-0.072208665,-0.05094995,-0.27746108,-0.21979877,-0.071011364,-0.37856188,-0.32575193,-0.090373494,-0.4668163,-0.38895476,-0.107030295,-0.17635933,-0.5145268,0.0021493156,-0.22489026,-0.69505924,-0.017569924,-0.2452624,-0.8037031,-0.039637536,-0.25377303,-0.89777267,-0.058480375,-0.0792513,-0.5519883,-0.0052453955,-0.10026988,-0.761286,-0.013768266,-0.10886738,-0.8901547,-0.029098596,-0.11341493,-0.99354774,-0.04261542,0.015155286,-0.5399271,-0.02512409,0.028485596,-0.73264205,-0.048970588,0.036805768,-0.8517555,-0.06774211,0.039314218,-0.9530488,-0.08156015,0.10440824,-0.49031353,-0.05175968,0.15770912,-0.6258354,-0.079685815,0.18890378,-0.71984035,-0.09299633,0.21370426,-0.8102688,-0.1015814
HELLO,0.0,0.0,0.0,-0.14896484,-0.07246007,-0.04855665,-0.27797154,-0.22421388,-0.06475695,-0.37802988,-0.33159357,-0.08064101,-0.46600306,-0.39150319,-0.09376933,-0.17559281,-0.51943326,0.009920733,-0.222427,-0.69717413,-0.0064041605,-0.24318798,-0.8037559,-0.026632078,-0.25293735,-0.89657485,-0.0444482,-0.07845395,-0.5559764,0.0024574015,-0.098760836,-0.7631076,-0.0025108932,-0.106858864,-0.8915505,-0.01562825,-0.111490004,-0.99376553,-0.027670214,0.0162182,-0.5430155,-0.017783156,0.030108733,-0.7339916,-0.039441545,0.038208354,-0.8535522,-0.057211682,0.04020821,-0.9547151,-0.070224546,0.105269335,-0.49341732,-0.044778455,0.15819381,-0.62934613,-0.07134824,0.18894847,-0.72306424,-0.08412193,0.21352743,-0.81301415,-0.09228137
HELLO,0.0,0.0,0.0,-0.148302,-0.06890003,-0.052957468,-0.2791106,-0.21818164,-0.07182521,-0.3809353,-0.32635957,-0.08890101,-0.46983835,-0.39122456,-0.10316314,-0.18154538,-0.51850986,0.0037221853,-0.22759835,-0.69836086,-0.012798381,-0.24694245,-0.8038273,-0.033906776,-0.25595894,-0.89867884,-0.05296279,-0.082857646,-0.5547758,-0.0017433235,-0.103533745,-0.7616034,-0.007706795,-0.11168219,-0.8891126,-0.02338133,-0.117049925,-0.9931261,-0.038283512,0.012505267,-0.5414185,-0.01982952,0.028331922,-0.7295534,-0.041780263,0.03572346,-0.84956527,-0.06206607,0.036259644,-0.95412755,-0.07792611,0.101916276,-0.49219304,-0.04476389,0.15373334,-0.6277963,-0.0711097,0.18439776,-0.72021765,-0.08458089,0.2079017,-0.8105086,-0.094202235
HELLO,0.0,0.0,0.0,-0.1481249,-0.070293464,-0.04896953,-0.27813333,-0.2227248,-0.065837,-0.37975675,-0.32998994,-0.081836656,-0.4703638,-0.39285704,-0.09507361,-0.18141662,-0.51958966,0.00840132,-0.226385,-0.69949555,-0.0073800837,-0.24596532,-0.8055603,-0.027850525,-0.2556361,-0.898961,-0.04630371,-0.083424784,-0.5556846,0.0010617697,-0.10439202,-0.7627624,-0.0039496473,-0.11255957,-0.8906574,-0.018892094,-0.117643155,-0.9930559,-0.032828785,0.0117313415,-0.54224545,-0.018611377,0.024086716,-0.73151314,-0.039824877,0.03210878,-0.849544,-0.058708865,0.033765115,-0.9509469,-0.07320703,0.10104914,-0.49258852,-0.044886343,0.1508237,-0.6274266,-0.07129935,0.18131445,-0.7194701,-0.08426174,0.20560573,-0.80889314,-0.09291649
HELLO,0.0,0.0,0.0,-0.14832301,-0.06935877,-0.05151773,-0.2759622,-0.2174246,-0.070624575,-0.37663123,-0.32490176,-0.08876345,-0.4675165,-0.38882357,-0.10385071,-0.18048088,-0.5175722,0.0066058394,-0.22671491,-0.6974787,-0.010752705,-0.246592,-0.80364525,-0.03180665,-0.25547817,-0.8971216,-0.05008393,-0.08187508,-0.5542252,0.000264932,-0.10354164,-0.7625321,-0.005028926,-0.11180006,-0.89072853,-0.01868278,-0.116210975,-0.9932245,-0.031398665,0.013693403,-0.54086363,-0.018930739,0.02643739,-0.7312373,-0.04026918,0.03451942,-0.84900165,-0.05713451,0.03636082,-0.9497088,-0.06988737,0.10344446,-0.4913334,-0.04514457,0.15454513,-0.6275086,-0.07092921,0.18475819,-0.7195417,-0.08244504,0.20875959,-0.8088461,-0.08985491
HELLO,0.0,0.0,0.0,-0.1472778,-0.07051958,-0.0497274,-0.27656636,-0.22090338,-0.0671903,-0.37767226,-0.32888353,-0.08364401,-0.46906453,-0.39096037,-0.09742641,-0.18064344,-0.51867056,0.007889864,-0.22633588,-0.69794184,-0.0073267566,-0.24608539,-0.80330294,-0.027421644,-0.25531188,-0.8974479,-0.045875456,-0.08191892,-0.5548745,0.0008616468,-0.10307173,-0.7622776,-0.0040793587,-0.11125798,-0.88992673,-0.01916652,-0.116413,-0.99320084,-0.03354129,0.013482776,-0.5415286,-0.018582223,0.027501786,-0.7295555,-0.039824534,0.03580035,-0.8490048,-0.059418768,0.037267163,-0.95268375,-0.074724875,0.102729864,-0.4925343,-0.044639345,0.15338857,-0.62908113,-0.07020274,0.18442431,-0.72158986,-0.08307036,0.20843264,-0.8118418,-0.09223171
HELLO,0.0,0.0,0.0,-0.1473993,-0.07045703,-0.048351377,-0.27668566,-0.2230899,-0.06459539,-0.37769824,-0.3307489,-0.080191575,-0.4680112,-0.39371806,-0.092948645,-0.17803802,-0.52183914,0.010508892,-0.22320825,-0.7018678,-0.0033947323,-0.24403547,-0.80700046,-0.022154719,-0.25487262,-0.89945763,-0.03938703,-0.08042647,-0.55659133,0.0032102226,-0.10149816,-0.7645317,0.00047653835,-0.11008957,-0.89217997,-0.012170502,-0.11545615,-0.9933126,-0.02445877,0.014231104,-0.5425947,-0.01662752,0.027976215,-0.73147714,-0.035864424,0.03642759,-0.8502405,-0.053432655,0.038452134,-0.95231444,-0.067220025,0.1027385,-0.4933958,-0.043190334,0.15397638,-0.6277143,-0.06784851,0.18478483,-0.719466,-0.08003123,0.20942716,-0.809015,-0.08833814
HELLO,0.0,0.0,0.0,-0.14810988,-0.069762595,-0.04952701,-0.27733764,-0.21944308,-0.06651813,-0.3782519,-0.32681608,-0.08283851,-0.46813497,-0.3892481,-0.09635081,-0.17784384,-0.5200411,0.011176423,-0.22385482,-0.69887847,-0.0027379806,-0.24464242,-0.8036074,-0.022167804,-0.25512725,-0.89650846,-0.03999664,-0.0793252,-0.55488205,0.0040096776,-0.1002474,-0.76340693,0.001490393,-0.10886091,-0.89146274,-0.011831161,-0.114037566,-0.9934764,-0.02494323,0.015874634,-0.54012746,-0.01594728,0.029938716,-0.7283192,-0.034870766,0.03786805,-0.8470564,-0.05275611,0.039225284,-0.94965583,-0.06699681,0.10510535,-0.4901887,-0.04282899,0.15552649,-0.6257234,-0.06654829,0.18547975,-0.7178702,-0.07826582,0.20914358,-0.8078083,-0.08667905
HELLO,0.0,0.0,0.0,-0.14807217,-0.07044041,-0.052303076,-0.27727017,-0.21885198,-0.07098902,-0.37854007,-0.32581273,-0.088298574,-0.46753266,-0.38972256,-0.10267985,-0.17827536,-0.5173799,0.0055788714,-0.22406584,-0.6972656,-0.010984992,-0.24423395,-0.8037189,-0.031684704,-0.25324333,-0.8978763,-0.05005436,-0.079616524,-0.55311036,-8.4879444e-05,-0.100601375,-0.76171196,-0.005099362,-0.108891524,-0.8902826,-0.019098457,-0.11339958,-0.99354947,-0.032407872,0.015953742,-0.5393866,-0.018568464,0.029630857,-0.728059,-0.03928528,0.037905082,-0.84723735,-0.057402298,0.040138412,-0.9498182,-0.07144961,0.10563226,-0.4901026,-0.04411725,0.15550911,-0.6256929,-0.06914981,0.18571019,-0.71764016,-0.081249826,0.20979439,-0.8071546,-0.08961293
HELLO,0.0,0.0,0.0,-0.14698881,-0.07020604,-0.051360603,-0.2755322,-0.21959127,-0.069910474,-0.37670112,-0.32736677,-0.0873834,-0.46658066,-0.39046916,-0.10208325,-0.17761703,-0.5178792,0.0062830886,-0.2248359,-0.6960456,-0.009740427,-0.2456048,-0.8015501,-0.029777935,-0.25505346,-0.89452,-0.047647122,-0.0797342,-0.5538099,0.00017921103,-0.100453325,-0.76225376,-0.00442316,-0.108811565,-0.8903117,-0.017746352,-0.11376198,-0.99350804,-0.030396203,0.01496677,-0.5405056,-0.018643191,0.029238706,-0.7298273,-0.03941773,0.037849862,-0.8481777,-0.05725506,0.039938226,-0.94987583,-0.07094868,0.103454076,-0.4914608,-0.044390656,0.15455131,-0.62673706,-0.07001967,0.185754,-0.7182635,-0.082294494,0.21051185,-0.80714995,-0.09055526
HELLO,0.0,0.0,0.0,-0.14635465,-0.07121803,-0.05005752,-0.2755802,-0.22093351,-0.067600854,-0.3772926,-0.32737252,-0.08422198,-0.46715546,-0.388876,-0.09810127,-0.17732285,-0.5186896,0.008120991,-0.22485444,-0.6976419,-0.007327949,-0.24550794,-0.8028313,-0.02717979,-0.25488403,-0.89641875,-0.044994295,-0.07943021,-0.55416495,0.0016888537,-0.10083167,-0.7622603,-0.002330048,-0.10905529,-0.89058304,-0.015563617,-0.11401446,-0.9934791,-0.02825407,0.015419204,-0.5407005,-0.017432224,0.029937992,-0.7291271,-0.0371717,0.038274664,-0.848693,-0.054838948,0.040098365,-0.9514912,-0.068618566,0.10382962,-0.49181673,-0.043436293,0.15393084,-0.6268465,-0.06752529,0.18396086,-0.71865594,-0.07918068,0.20748235,-0.80814815,-0.08730042
HELLO,0.0,0.0,0.0,-0.14820242,-0.07035045,-0.048609167,-0.27727616,-0.2205368,-0.06436021,-0.37787935,-0.32700709,-0.07945565,-0.46657386,-0.3881501,-0.09183946,-0.17810027,-0.51867175,0.0125179505,-0.2247335,-0.69642407,-0.00061547355,-0.2446035,-0.80135894,-0.019038143,-0.25343186,-0.8950527,-0.036055695,-0.07948054,-0.55461586,0.005468438,-0.09979726,-0.76278883,0.003837849,-0.10774533,-0.8910142,-0.008057289,-0.11273991,-0.99362445,-0.020005278,0.015307968,-0.5409851,-0.014419953,0.03183167,-0.7308012,-0.03288073,0.04070295,-0.8504275,-0.04980852,0.042563442,-0.9535969,-0.06323601,0.103304744,-0.49197263,-0.041161273,0.15442729,-0.62709254,-0.06482234,0.18473554,-0.7184974,-0.07611572,0.2082462,-0.8080121,-0.08406594
HELLO,0.0,0.0,0.0,-0.1466173,-0.06974439,-0.049483687,-0.27678925,-0.22019638,-0.06613863,-0.3787814,-0.3277699,-0.08202965,-0.46789402,-0.39077735,-0.09527155,-0.17660229,-0.5199545,0.009648062,-0.22436936,-0.69868124,-0.006003876,-0.24476686,-0.8045622,-0.026585441,-0.25416332,-0.89806366,-0.04516765,-0.078163646,-0.5550505,0.0027041622,-0.099363275,-0.7637564,-0.0019125575,-0.10765186,-0.8910428,-0.016521117,-0.112617195,-0.9936384,-0.030378299,0.017197432,-0.5414212,-0.016889686,0.031054046,-0.73115236,-0.037376907,0.039636906,-0.8497755,-0.055931464,0.04164771,-0.9525481,-0.07041492,0.106822744,-0.4921871,-0.04329015,0.15636176,-0.6267018,-0.06808123,0.18575421,-0.7185378,-0.08034395,0.20842439,-0.8082548,-0.0890578
HELLO,0.0,0.0,0.0,-0.14789481,-0.069360845,-0.04807698,-0.27886993,-0.22141108,-0.06424975,-0.38052452,-0.32946765,-0.08007333,-0.4688915,-0.39214382,-0.09310875,-0.17745169,-0.5193473,0.011095642,-0.22579446,-0.69727415,-0.003911446,-0.24717933,-0.8025301,-0.02371564,-0.25720978,-0.8950818,-0.04146643,-0.08038681,-0.554656,0.003629833,-0.102535516,-0.76286924,0.0004895557,-0.11117979,-0.8912019,-0.011671828,-0.11631424,-0.99321246,-0.023446305,0.014260891,-0.5416047,-0.016574107,0.02767212,-0.73247,-0.035667237,0.036320582,-0.8509776,-0.05198705,0.038612794,-0.95212317,-0.06472475,0.102927834,-0.4925435,-0.043688618,0.15335183,-0.62715644,-0.06787717,0.18309282,-0.7190373,-0.079189,0.20638147,-0.8081857,-0.0868495
HELLO,0.0,0.0,0.0,-0.14730304,-0.06806744,-0.049266435,-0.2785529,-0.21909201,-0.066096604,-0.3798455,-0.3267943,-0.08214067,-0.46912658,-0.38786137,-0.09546728,-0.1783676,-0.517371,0.007955025,-0.22575592,-0.6962417,-0.0077029155,-0.24661689,-0.8016494,-0.027671413,-0.25662833,-0.8945275,-0.04545646,-0.08045538,-0.5524834,0.0010770019,-0.10197596,-0.76265484,-0.002758736,-0.11030949,-0.89139944,-0.015313344,-0.11509573,-0.99335444,-0.02748258,0.014518287,-0.5387897,-0.018410832,0.028694285,-0.7305908,-0.03820665,0.036996543,-0.84957117,-0.055092257,0.039085984,-0.95110905,-0.06825498,0.103628844,-0.48967826,-0.044755448,0.15418057,-0.6250672,-0.06925603,0.18394117,-0.717319,-0.08072001,0.20737053,-0.80707395,-0.08859674
HELLO,0.0,0.0,0.0,-0.1475416,-0.0680177,-0.049526554,-0.2774601,-0.21949412,-0.06658079,-0.37795445,-0.32774863,-0.082788825,-0.46710542,-0.39005664,-0.09628233,-0.17612047,-0.5171968,0.0069458657,-0.22356518,-0.6958414,-0.008741122,-0.24470958,-0.80154824,-0.028462617,-0.2550984,-0.8936867,-0.046120334,-0.07834456,-0.5529678,-0.00012659143,-0.09957742,-0.7639452,-0.0040720315,-0.10805243,-0.8922857,-0.016475525,-0.11292286,-0.99360377,-0.02840107,0.016370134,-0.5395039,-0.01972696,0.03001186,-0.7324917,-0.03969891,0.03894015,-0.85063744,-0.056250796,0.0416118,-0.9514795,-0.06912486,0.10507023,-0.48997578,-0.046190705,0.15497802,-0.6250125,-0.07133279,0.18458474,-0.7172768,-0.08296092,0.207924,-0.8066702,-0.09075903
HELLO,0.0,0.0,0.0,-0.14822449,-0.06930318,-0.05154556,-0.27801326,-0.21989158,-0.07011597,-0.37970114,-0.32884288,-0.08757213,-0.47033086,-0.39469108,-0.10219715,-0.17864989,-0.5205742,0.007768991,-0.22663113,-0.6981197,-0.00803821,-0.247509,-0.80319864,-0.028887495,-0.2574625,-0.89584637,-0.04768622,-0.08076366,-0.5559363,0.0013978038,-0.10282651,-0.7635913,-0.0027148568,-0.111532144,-0.890966,-0.016770527,-0.116985336,-0.9931336,-0.03030296,0.014212905,-0.5420928,-0.017814469,0.026848251,-0.7310704,-0.037678726,0.035456337,-0.84879655,-0.055266585,0.037549686,-0.95045346,-0.0692639,0.1030235,-0.49226087,-0.04413703,0.15139349,-0.62689036,-0.06875206,0.18027106,-0.7180901,-0.08051989,0.20276885,-0.80714417,-0.0888279
HELLO,0.0,0.0,0.0,-0.14911379,-0.06936513,-0.051195398,-0.27910358,-0.21908851,-0.06809272,-0.3802199,-0.32607782,-0.083932005,-0.4691747,-0.38914973,-0.096807525,-0.17822908,-0.5193181,0.010045201,-0.22613199,-0.697717,-0.0050153052,-0.24678685,-0.8030885,-0.024932865,-0.2560955,-0.8963631,-0.0425773,-0.07908174,-0.5546303,0.004505713,-0.100899816,-0.76332456,0.0021006374,-0.10962972,-0.8915302,-0.010028535,-0.11458504,-0.99341345,-0.021985548,0.016420588,-0.5403144,-0.014151318,0.030029442,-0.7291713,-0.032390688,0.03771882,-0.84694266,-0.048287746,0.039149992,-0.94818795,-0.060805567,0.105838165,-0.49112725,-0.040053293,0.15535457,-0.62579,-0.06272045,0.18409021,-0.716341,-0.07303941,0.20658815,-0.8051651,-0.08013277
HELLO,0.0,0.0,0.0,-0.14816374,-0.06864739,-0.051761035,-0.2778303,-0.219736,-0.069970265,-0.38058758,-0.3289305,-0.08697251,-0.47078922,-0.39373356,-0.10102052,-0.177409,-0.519678,0.0069617657,-0.22580746,-0.6980632,-0.010062676,-0.24622394,-0.8031238,-0.03150418,-0.25545487,-0.89623153,-0.050382223,-0.07857422,-0.5551154,0.0010468503,-0.10081827,-0.76257205,-0.004006632,-0.10957602,-0.8901207,-0.018361514,-0.11464475,-0.99340653,-0.031906754,0.017165903,-0.5407697,-0.017686611,0.030129759,-0.73013675,-0.037942983,0.038265597,-0.84795403,-0.054989863,0.04022736,-0.9503802,-0.068339884,0.10694857,-0.49054983,-0.04352552,0.15508696,-0.6255569,-0.06778113,0.18335481,-0.7170486,-0.078783065,0.2056199,-0.80690056,-0.08637646
HELLO,0.0,0.0,0.0,-0.14789608,-0.06942994,-0.050824374,-0.27694282,-0.22030422,-0.06885044,-0.3787728,-0.32892507,-0.08587584,-0.46794707,-0.3934739,-0.100038655,-0.17628619,-0.5183089,0.0066418014,-0.22499804,-0.6967322,-0.010462504,-0.24610908,-0.8019049,-0.031521615,-0.2560407,-0.8950093,-0.05005358,-0.07779571,-0.55382884,2.7528464e-05,-0.10000582,-0.7619929,-0.005090211,-0.1090567,-0.8900101,-0.018864254,-0.1147294,-0.9933968,-0.0318094,0.01758224,-0.5394545,-0.019305136,0.03043305,-0.73002476,-0.03987377,0.03894898,-0.84857965,-0.056725383,0.0411463,-0.9515787,-0.06979513,0.10662897,-0.48888922,-0.04563256,0.15529995,-0.6239246,-0.07063501,0.18375592,-0.71649504,-0.08192165,0.20620783,-0.8075711,-0.08953018
HELLO,0.0,0.0,0.0,-0.14610092,-0.07191081,-0.049762487,-0.27398014,-0.22202253,-0.0681088,-0.37583008,-0.32927004,-0.08587037,-0.4656381,-0.39308983,-0.10078189,-0.17493343,-0.5213772,0.009358894,-0.2227413,-0.69799846,-0.0068184314,-0.24408309,-0.8022226,-0.027864097,-0.25424412,-0.89467955,-0.046606775,-0.07712157,-0.5562114,0.001968677,-0.099471994,-0.7630581,-0.0020306986,-0.108367614,-0.890831,-0.015625978,-0.114005975,-0.9934801,-0.028626356,0.018318158,-0.54138726,-0.018209385,0.031588264,-0.7303745,-0.03785994,0.04024272,-0.84880996,-0.054583855,0.042234425,-0.95104736,-0.06772416,0.107154414,-0.48991767,-0.045389917,0.15582292,-0.62494594,-0.06935732,0.1845775,-0.7171391,-0.080131866,0.20701757,-0.8070827,-0.08756675
HELLO,0.0,0.0,0.0,-0.14649662,-0.07275752,-0.051550437,-0.27583334,-0.2228573,-0.07045292,-0.37853795,-0.330184,-0.08826309,-0.4679176,-0.3951556,-0.103090234,-0.17570524,-0.5210343,0.007043025,-0.22367252,-0.6985294,-0.010354978,-0.24389349,-0.80310845,-0.032014616,-0.25321957,-0.89655185,-0.051000033,-0.077790946,-0.5566025,0.00080680486,-0.09944835,-0.76292425,-0.0045934375,-0.10777021,-0.89048713,-0.018803928,-0.11312346,-0.99358094,-0.032154445,0.017354393,-0.5422628,-0.018339986,0.032177825,-0.7304984,-0.03874565,0.040451672,-0.85014963,-0.05574969,0.042225625,-0.95396036,-0.06906565,0.10620978,-0.49132147,-0.04458828,0.15598989,-0.62557805,-0.0684685,0.18460053,-0.71765804,-0.079137444,0.20658767,-0.80807114,-0.08658759
HELLO,0.0,0.0,0.0,-0.14621398,-0.07408484,-0.05049572,-0.27462104,-0.22333016,-0.06948664,-0.37683985,-0.32932362,-0.087688535,-0.46627578,-0.3943394,-0.103085764,-0.17518556,-0.51885325,0.007181469,-0.2235315,-0.6958483,-0.010348799,-0.24432537,-0.8005536,-0.032120574,-0.25371578,-0.89396834,-0.051257886,-0.077630594,-0.5545808,0.00013756094,-0.09981105,-0.76143414,-0.00579421,-0.108269475,-0.88966787,-0.020656489,-0.11316183,-0.9935765,-0.034545567,0.017336123,-0.5406018,-0.01964893,0.03168749,-0.7294401,-0.04043789,0.040336445,-0.848519,-0.058247983,0.04249745,-0.9522266,-0.072253026,0.106229275,-0.48991314,-0.046374787,0.15616699,-0.62409425,-0.07044863,0.1849651,-0.71635705,-0.081547044,0.2070807,-0.8070241,-0.089499354
HELLO,0.0,0.0,0.0,-0.14646475,-0.07147333,-0.051631667,-0.27612895,-0.2224825,-0.06964661,-0.3802672,-0.33005878,-0.08621335,-0.4710761,-0.39203328,-0.09999926,-0.18188013,-0.51804787,0.007456187,-0.23079462,-0.6949207,-0.009182951,-0.24982274,-0.7993926,-0.030589946,-0.2574968,-0.89404696,-0.049708195,-0.08298394,-0.55610275,0.0015175507,-0.10441322,-0.7615604,-0.0034743033,-0.111847386,-0.88889647,-0.018546268,-0.116161644,-0.9932303,-0.033066116,0.012431645,-0.5434993,-0.017212836,0.028852656,-0.7309459,-0.037483227,0.03643274,-0.8505157,-0.05620965,0.037175186,-0.9554,-0.07119766,0.10113033,-0.49471685,-0.042850897,0.15065911,-0.628495,-0.066503994,0.17991509,-0.7202946,-0.077849835,0.20237315,-0.8108188,-0.08628888
HELLO,0.0,0.0,0.0,-0.14988008,-0.07349593,-0.048854116,-0.27853024,-0.22300345,-0.06532867,-0.37964833,-0.32875583,-0.0812281,-0.46797106,-0.39200214,-0.09420914,-0.17944956,-0.51889175,0.011491629,-0.2270182,-0.69682944,-0.0042516803,-0.2482424,-0.80174077,-0.024739003,-0.25836444,-0.8951501,-0.04288164,-0.08146055,-0.5556069,0.0044646924,-0.102484755,-0.76329017,0.00033224025,-0.11124385,-0.8908103,-0.0130521925,-0.11652902,-0.9931873,-0.025640525,0.012942963,-0.5426039,-0.015356413,0.026592406,-0.73386574,-0.035366595,0.034403805,-0.85132194,-0.0519907,0.035772644,-0.9517653,-0.06466229,0.10141122,-0.49385038,-0.042042352,0.15183434,-0.6289988,-0.06658575,0.18053997,-0.72122127,-0.077660225,0.203118,-0.8112778,-0.08491086
HELLO,0.0,0.0,0.0,-0.14971773,-0.07329754,-0.04900714,-0.27753294,-0.22531806,-0.06498697,-0.37894946,-0.33163264,-0.080387115,-0.46759543,-0.3946947,-0.09287305,-0.18025558,-0.51974916,0.013117628,-0.2277366,-0.69762266,-0.0023378553,-0.24855997,-0.8020912,-0.022849767,-0.25830433,-0.89539367,-0.0410366,-0.082074024,-0.557046,0.00628189,-0.10370451,-0.76317185,0.0023357891,-0.11270649,-0.89034414,-0.0114552565,-0.118514545,-0.9929523,-0.024274115,0.012580201,-0.54456645,-0.013420958,0.026117397,-0.7332005,-0.03314559,0.033846386,-0.85043967,-0.049962424,0.03495119,-0.95096594,-0.062708,0.10060178,-0.49589688,-0.040031284,0.15008676,-0.6304261,-0.06416631,0.17862622,-0.7218719,-0.074948475,0.2008948,-0.810865,-0.081975
HELLO,0.0,0.0,0.0,-0.14963211,-0.07484678,-0.04865951,-0.27854386,-0.22611414,-0.064123206,-0.38020524,-0.33103287,-0.078879625,-0.4687968,-0.39361268,-0.090735115,-0.18054336,-0.5202664,0.013307735,-0.2283622,-0.6985569,-0.0017169149,-0.24925138,-0.802655,-0.021960462,-0.25922176,-0.8962388,-0.040004354,-0.08240117,-0.5573081,0.0065965704,-0.10416276,-0.7635686,0.0027659799,-0.11321803,-0.89061624,-0.011384429,-0.11895871,-0.9928992,-0.024639033,0.012229921,-0.54404,-0.012899801,0.026743228,-0.73231196,-0.032590922,0.033643827,-0.8504005,-0.05021048,0.034081623,-0.95174456,-0.06362521,0.100569725,-0.49496183,-0.039159022,0.15015818,-0.63019913,-0.06281635,0.17836568,-0.7218572,-0.07370197,0.20033753,-0.81126803,-0.08101824
HELLO,0.0,0.0,0.0,-0.15001903,-0.07437627,-0.04834695,-0.2795101,-0.2251338,-0.06384378,-0.38155687,-0.32997873,-0.07866612,-0.4704721,-0.39168167,-0.09071053,-0.17907178,-0.5195242,0.012017953,-0.22717196,-0.6980089,-0.0028833328,-0.24819356,-0.80269414,-0.022824159,-0.25784492,-0.8966506,-0.04080866,-0.080824,-0.5558825,0.0050792764,-0.10257722,-0.7628452,0.0013455439,-0.11144231,-0.8901928,-0.012326872,-0.116802424,-0.9931551,-0.025416099,0.014052139,-0.5422256,-0.014558149,0.027796185,-0.7317845,-0.03449425,0.03555054,-0.8496395,-0.052064274,0.036929872,-0.95153445,-0.06562137,0.10256704,-0.49255928,-0.04091511,0.15240999,-0.6281734,-0.065260164,0.18126784,-0.7200799,-0.07672739,0.20384392,-0.81046426,-0.08462211
HELLO,0.0,0.0,0.0,-0.14928581,-0.0719761,-0.049311507,-0.27843466,-0.22262418,-0.065748274,-0.38018763,-0.32822317,-0.081472635,-0.46801025,-0.39056453,-0.09429,-0.17790808,-0.5196308,0.010603067,-0.22619939,-0.69825083,-0.004933273,-0.24722792,-0.8029913,-0.024971114,-0.25655997,-0.896323,-0.04276952,-0.07926896,-0.5557161,0.0037962429,-0.10109222,-0.76309705,0.0001521735,-0.11007749,-0.89074594,-0.012568816,-0.11558099,-0.99329805,-0.024759924,0.015974585,-0.5421004,-0.01587108,0.029401425,-0.7323581,-0.03551551,0.037425924,-0.85034543,-0.051710594,0.03901251,-0.95160556,-0.06413721,0.104742594,-0.4923804,-0.042485718,0.15422489,-0.6286589,-0.06678136,0.18298787,-0.7209958,-0.07765915,0.20547186,-0.8110595,-0.08488442
HELLO,0.0,0.0,0.0,-0.14824592,-0.06951633,-0.04960973,-0.2797425,-0.21909983,-0.06622331,-0.3827506,-0.32360336,-0.08197959,-0.47061706,-0.38511616,-0.094752714,-0.18155868,-0.5175061,0.010855666,-0.23101841,-0.6960835,-0.0036569156,-0.25117093,-0.8001573,-0.023278471,-0.25982544,-0.8931845,-0.040981878,-0.0835424,-0.5548892,0.004104024,-0.10644387,-0.76229954,0.0011616218,-0.11530504,-0.89017594,-0.01207131,-0.12064314,-0.9926959,-0.02485756,0.011386328,-0.54247314,-0.015435988,0.025453266,-0.7315711,-0.034318633,0.033211667,-0.8499159,-0.05154619,0.03419802,-0.9513405,-0.065030105,0.100444324,-0.494108,-0.04191223,0.14998731,-0.6288758,-0.06560687,0.17900981,-0.72035944,-0.07692037,0.201186,-0.8093406,-0.08471858
HELLO,0.0,0.0,0.0,-0.14901334,-0.06846153,-0.051032376,-0.28054154,-0.2189417,-0.06796976,-0.3837828,-0.324109,-0.083714075,-0.47294912,-0.3877138,-0.09649708,-0.18127023,-0.5159529,0.0072568436,-0.23116365,-0.6955548,-0.009518021,-0.25274336,-0.80058545,-0.030026512,-0.26259726,-0.8935149,-0.047864612,-0.08300889,-0.55342656,0.0015353204,-0.10639348,-0.76270324,-0.0034183422,-0.11489032,-0.8905568,-0.016780077,-0.11871218,-0.9929287,-0.02920148,0.012082133,-0.5409147,-0.01700183,0.025598338,-0.73270905,-0.03799534,0.03459053,-0.8500173,-0.054842517,0.037422758,-0.9510688,-0.0674364,0.10152293,-0.49294955,-0.042482264,0.15064637,-0.6289801,-0.06794226,0.17983499,-0.72073275,-0.07945311,0.20285283,-0.8109888,-0.08686781
HELLO,0.0,0.0,0.0,-0.14744428,-0.07247087,-0.049277663,-0.27701938,-0.22326626,-0.06632878,-0.3794828,-0.3278807,-0.08288796,-0.46925792,-0.39127928,-0.09642383,-0.17801543,-0.520019,0.011362608,-0.22829758,-0.6971958,-0.0047621923,-0.24991623,-0.80193263,-0.024989948,-0.25922582,-0.8946722,-0.042680558,-0.08022867,-0.556861,0.0040996163,-0.10349564,-0.7638186,8.6484026e-05,-0.11241175,-0.89109826,-0.012608159,-0.117049865,-0.993126,-0.02432791,0.014488889,-0.5441687,-0.016109869,0.02719995,-0.7325669,-0.036082722,0.035593614,-0.84980106,-0.051757775,0.037906945,-0.9503575,-0.06342345,0.10271863,-0.49559197,-0.043372825,0.15068547,-0.62955886,-0.06822978,0.17949514,-0.7219949,-0.07918596,0.2023722,-0.81226134,-0.08596134
HELLO,0.0,0.0,0.0,-0.1478762,-0.074631594,-0.048745237,-0.27767792,-0.22333352,-0.06566901,-0.37959167,-0.3273023,-0.08236009,-0.46853438,-0.39041656,-0.0961269,-0.1785214,-0.51978415,0.012678462,-0.22878453,-0.69564956,-0.0032527572,-0.25054267,-0.7999115,-0.02378786,-0.260168,-0.89343065,-0.04186684,-0.08134058,-0.5573735,0.00530572,-0.103687495,-0.7632927,0.0015163873,-0.1125726,-0.89051324,-0.011283799,-0.11761769,-0.9930589,-0.023353659,0.013179998,-0.54492843,-0.015086193,0.027572848,-0.7330941,-0.034456186,0.03503302,-0.8514793,-0.050236218,0.036351036,-0.95327806,-0.062317543,0.1014033,-0.49564236,-0.042543102,0.15158777,-0.6298868,-0.06587954,0.18023776,-0.72247857,-0.076042496,0.2023593,-0.81311274,-0.08276276
HELLO,0.0,0.0,0.0,-0.1503236,-0.07357058,-0.051090807,-0.28018734,-0.22121921,-0.06852494,-0.3820092,-0.3268363,-0.08514808,-0.47160518,-0.38969612,-0.09886202,-0.17761882,-0.5176875,0.010214435,-0.22754917,-0.69577575,-0.0059661902,-0.24914661,-0.80109084,-0.026310928,-0.25835145,-0.8951,-0.04427509,-0.078883044,-0.55443525,0.0043035233,-0.100342155,-0.7623524,-0.00030683543,-0.10888101,-0.8904803,-0.013724285,-0.113064855,-0.9935876,-0.02634898,0.016318345,-0.54141337,-0.01474336,0.031132355,-0.73184866,-0.035546634,0.03886567,-0.85035944,-0.052515738,0.040791284,-0.95230067,-0.0652417,0.10531431,-0.4924245,-0.04084215,0.15631132,-0.627304,-0.06551499,0.18500304,-0.7203557,-0.07685958,0.20733595,-0.81170607,-0.084390976
HELLO,0.0,0.0,0.0,-0.14871293,-0.0694366,-0.047747795,-0.27917215,-0.22189216,-0.06318216,-0.38025284,-0.32988048,-0.07819243,-0.4683999,-0.3946297,-0.09044228,-0.17847744,-0.5182592,0.012733106,-0.22820912,-0.6962483,-0.0018607347,-0.24890219,-0.8006482,-0.021639867,-0.25799495,-0.89387345,-0.039703235,-0.081049055,-0.5558559,0.004787806,-0.10311148,-0.7630239,0.0010640414,-0.11162686,-0.8910725,-0.012711654,-0.11639067,-0.9932035,-0.025734266,0.0134148365,-0.5434525,-0.015834618,0.027095934,-0.7336457,-0.03614833,0.035808258,-0.8523181,-0.053908985,0.038354855,-0.9540496,-0.0675609,0.10173654,-0.49457157,-0.043177348,0.15151234,-0.6288792,-0.06906841,0.18133017,-0.7212828,-0.08159846,0.20486468,-0.8113731,-0.0899625
HELLO,0.0,0.0,0.0,-0.14993449,-0.069994435,-0.04869086,-0.2789494,-0.22132789,-0.06322485,-0.37930885,-0.32686505,-0.07701698,-0.4671372,-0.38944814,-0.08807387,-0.18162687,-0.516555,0.014189757,-0.23130193,-0.6950424,0.00037591546,-0.25165287,-0.7994301,-0.0189409,-0.2604394,-0.8931152,-0.0364357,-0.08361401,-0.55439764,0.007744267,-0.104151934,-0.763207,0.0049141687,-0.11172597,-0.8914974,-0.008581361,-0.1157708,-0.99327594,-0.021392947,0.010373428,-0.5419281,-0.011627167,0.026145717,-0.73143435,-0.030805998,0.034498643,-0.85006285,-0.049017876,0.036472224,-0.9520259,-0.06303359,0.09807124,-0.49440372,-0.037801344,0.1494499,-0.62912774,-0.061987676,0.17891161,-0.7210903,-0.07426956,0.2018037,-0.8118705,-0.082747325
HELLO,0.0,0.0,0.0,-0.14835681,-0.07125815,-0.049799286,-0.2782009,-0.22310221,-0.06499355,-0.37883762,-0.32999212,-0.07901942,-0.46768284,-0.39407176,-0.09016174,-0.18052408,-0.51864505,0.011426044,-0.22924753,-0.6976188,-0.0035090484,-0.24926107,-0.80246705,-0.023367226,-0.25791547,-0.89696527,-0.041327395,-0.082858846,-0.55670285,0.005370785,-0.10349443,-0.76402426,0.000513789,-0.11060097,-0.8911557,-0.014232035,-0.11373225,-0.99351144,-0.027854852,0.010808274,-0.544582,-0.0134361675,0.026441209,-0.7327392,-0.034697276,0.034572005,-0.85035247,-0.053508777,0.036587093,-0.95257926,-0.06768993,0.09844099,-0.49688596,-0.038991645,0.1497108,-0.631029,-0.06474761,0.17990093,-0.7226236,-0.07743927,0.20357555,-0.8133649,-0.08595352
HELLO,0.0,0.0,0.0,-0.1486436,-0.0708909,-0.04924629,-0.27853456,-0.22305554,-0.064080276,-0.38017288,-0.32896096,-0.07804663,-0.46789742,-0.39230505,-0.08910365,-0.18028839,-0.5175318,0.012989674,-0.23015517,-0.69654524,-0.0016202057,-0.25071126,-0.80149674,-0.02112274,-0.2593248,-0.89600015,-0.0387097,-0.08210202,-0.55573714,0.0066842493,-0.10385026,-0.763364,0.0027482966,-0.111720085,-0.89075184,-0.010912343,-0.11537043,-0.99332255,-0.023728263,0.012335124,-0.5437768,-0.0125561105,0.02653417,-0.73226494,-0.032896873,0.034195047,-0.85056883,-0.05081445,0.036197703,-0.95346135,-0.0644013,0.10048651,-0.4963923,-0.038643163,0.15089062,-0.63061297,-0.0635128,0.1808658,-0.7217646,-0.07553771,0.20457117,-0.81229466,-0.08365683
HELLO,0.0,0.0,0.0,-0.15043311,-0.0721716,-0.04868761,-0.27923265,-0.22357963,-0.063443564,-0.37965292,-0.3293082,-0.07760086,-0.4673106,-0.39347577,-0.08864237,-0.18196642,-0.5200247,0.015416469,-0.22978899,-0.6970416,0.0015295027,-0.25035805,-0.8018255,-0.017701153,-0.2598482,-0.8955695,-0.035050515,-0.08314935,-0.5578975,0.008812799,-0.10314223,-0.7646699,0.007002872,-0.1102203,-0.8918539,-0.004568219,-0.11412978,-0.99346584,-0.015803808,0.011656621,-0.544962,-0.010989901,0.0263034,-0.73357433,-0.029958548,0.034460384,-0.8506288,-0.04576107,0.036070906,-0.95149875,-0.057705164,0.09961885,-0.49613243,-0.037828088,0.15010075,-0.62944984,-0.06273113,0.17960988,-0.72004306,-0.07414815,0.20290619,-0.8098785,-0.08134633
HELLO,0.0,0.0,0.0,-0.14902289,-0.07077513,-0.04754676,-0.28075522,-0.22712997,-0.06041492,-0.38155332,-0.33509532,-0.07263031,-0.46954945,-0.39489833,-0.081804894,-0.18115444,-0.5228918,0.015597711,-0.22858053,-0.69995207,0.0020227695,-0.24871999,-0.80387783,-0.016652854,-0.25826952,-0.8965159,-0.03361245,-0.08215744,-0.55925447,0.008625077,-0.101201445,-0.76641995,0.006417401,-0.107934356,-0.89285845,-0.005355176,-0.11166106,-0.99374634,-0.016638733,0.012499067,-0.5455903,-0.011299453,0.028043505,-0.7346342,-0.030802872,0.036948476,-0.8518252,-0.046632778,0.039374974,-0.95271903,-0.058423687,0.09994062,-0.4969015,-0.038076613,0.14992312,-0.63007534,-0.06326028,0.1800323,-0.7206659,-0.07453784,0.20439619,-0.81018025,-0.081565104
HELLO,0.0,0.0,0.0,-0.14958815,-0.07076024,-0.04699417,-0.28042823,-0.22745347,-0.059778843,-0.3810931,-0.33512253,-0.072196744,-0.46937728,-0.3947648,-0.08159882,-0.18003328,-0.52349705,0.016552163,-0.22748463,-0.70014614,0.0032695902,-0.24803577,-0.80436254,-0.014893388,-0.25788048,-0.8965587,-0.031363577,-0.08138017,-0.5595839,0.009258377,-0.10016655,-0.766998,0.007912389,-0.10703871,-0.8935973,-0.0023969708,-0.11118697,-0.9937995,-0.012439437,0.013169666,-0.5456256,-0.0111260405,0.028544353,-0.73550415,-0.030126031,0.03704758,-0.85299104,-0.044806324,0.038948357,-0.9533749,-0.055642724,0.100236945,-0.4963542,-0.038421717,0.15076765,-0.6295608,-0.06381259,0.1806353,-0.7209438,-0.07502882,0.2046363,-0.8108582,-0.08177485
HELLO,0.0,0.0,0.0,-0.14928253,-0.07372813,-0.047820657,-0.27989224,-0.22882044,-0.06232796,-0.38167268,-0.33681834,-0.07667396,-0.47041065,-0.39777637,-0.08799801,-0.17996651,-0.52249444,0.016480856,-0.22893916,-0.69867486,0.001637869,-0.24968925,-0.8031789,-0.017928217,-0.25837785,-0.89614254,-0.035249595,-0.08158251,-0.55891967,0.009052608,-0.10210262,-0.7651592,0.0061376067,-0.1086497,-0.8920921,-0.0056019346,-0.11164852,-0.9937478,-0.01667224,0.012767105,-0.5457913,-0.0116134165,0.027105562,-0.73439884,-0.03121613,0.03596704,-0.850769,-0.046058163,0.038336154,-0.9499026,-0.0569607,0.10021158,-0.49736306,-0.039356075,0.14985599,-0.63057846,-0.06444258,0.17914726,-0.7221514,-0.07540059,0.20271093,-0.8117268,-0.08204904
