label,f0,f1,f2,f3,f4,f5,f6,f7,f8,f9,f10,f11,f12,f13,f14,f15,f16,f17,f18,f19,f20,f21,f22,f23,f24,f25,f26,f27,f28,f29,f30,f31,f32,f33,f34,f35,f36,f37,f38,f39,f40,f41,f42,f43,f44,f45,f46,f47,f48,f49,f50,f51,f52,f53,f54,f55,f56,f57,f58,f59,f60,f61,f62
HELP,0.0,0.0,0.0,-0.1328678,-0.11056362,-0.021030648,-0.2194569,-0.26272613,-0.054596003,-0.26474154,-0.4048765,-0.08616219,-0.291688,-0.5101186,-0.12477492,-0.18356487,-0.32441598,-0.12710841,-0.262191,-0.55773133,-0.19830365,-0.29781976,-0.7196722,-0.23784626,-0.31974065,-0.8501936,-0.26308012,-0.083696224,-0.35829365,-0.15694308,-0.15085375,-0.62811244,-0.22346742,-0.19482052,-0.8200955,-0.26260906,-0.22971244,-0.9732586,-0.28830844,0.02954002,-0.35421547,-0.18412162,-0.02410749,-0.6106791,-0.25194314,-0.067745544,-0.7966686,-0.2964935,-0.11001797,-0.9489883,-0.3255564,0.1490649,-0.3229815,-0.20778862,0.15563956,-0.47632217,-0.27919328,0.13353014,-0.60318744,-0.31373173,0.10223439,-0.7159699,-0.3336633
HELP,0.0,0.0,0.0,-0.11546221,-0.14766707,-0.08681678,-0.1763215,-0.33868283,-0.15194477,-0.20114037,-0.5127064,-0.20121211,-0.2231839,-0.6276255,-0.25644577,-0.13675609,-0.37911958,-0.22717121,-0.21455404,-0.59559137,-0.33947915,-0.2598487,-0.7537926,-0.40775663,-0.29715437,-0.89982826,-0.45149618,-0.042141322,-0.37824038,-0.23770495,-0.07182613,-0.61710685,-0.34733257,-0.11376524,-0.8162144,-0.4038842,-0.15531433,-0.98786515,-0.44132212,0.052274764,-0.34199905,-0.24937682,0.08284343,-0.5366327,-0.3507589,0.08014989,-0.70374376,-0.38828716,0.07170523,-0.8549883,-0.4092975,0.14172077,-0.2719341,-0.26481563,0.1836292,-0.396262,-0.350884,0.18160872,-0.5004959,-0.3763071,0.17171954,-0.5876383,-0.39029223
HELP,0.0,0.0,0.0,-0.11550947,-0.06738137,-0.100488484,-0.20851433,-0.19217515,-0.17621648,-0.26569387,-0.32598215,-0.23826711,-0.3013457,-0.42991877,-0.30350155,-0.19035023,-0.2812172,-0.21680008,-0.27507627,-0.5297982,-0.32563266,-0.31834123,-0.70737606,-0.39136615,-0.3509001,-0.86005706,-0.43220252,-0.08878699,-0.3319674,-0.21864714,-0.15371552,-0.59379345,-0.32628444,-0.2054718,-0.7986133,-0.38841295,-0.24988368,-0.9682759,-0.42653918,0.015489898,-0.35482663,-0.22271168,-0.03163084,-0.5915572,-0.32110152,-0.078392744,-0.77658784,-0.36685023,-0.12148922,-0.924977,-0.3900132,0.1223816,-0.35796702,-0.23117048,0.11012071,-0.5322005,-0.3118874,0.0804155,-0.6664486,-0.33955586,0.043976683,-0.77087814,-0.35165069
HELP,0.0,0.0,0.0,-0.1094336,-0.032011677,-0.10750639,-0.19942887,-0.11478162,-0.1968097,-0.22898623,-0.19646645,-0.271698,-0.22924311,-0.25360215,-0.35318118,-0.23303655,-0.2825512,-0.22398138,-0.3306475,-0.5087464,-0.33085603,-0.3769504,-0.6675656,-0.3985656,-0.40550935,-0.8109596,-0.44408524,-0.123998754,-0.34329972,-0.22965878,-0.20872438,-0.5983275,-0.33069593,-0.26726547,-0.7862992,-0.3938543,-0.31574592,-0.94884384,-0.43649918,-0.009314073,-0.35194886,-0.23912787,-0.07260814,-0.59772694,-0.33325824,-0.121814504,-0.7690228,-0.38468897,-0.1689675,-0.9148046,-0.41645628,0.108925566,-0.3308407,-0.25334486,0.08856904,-0.4932988,-0.33874562,0.056104433,-0.62188846,-0.37454712,0.01938003,-0.72756,-0.39521688
HELP,0.0,0.0,0.0,-0.14662859,-0.06329748,-0.06700822,-0.25971532,-0.21166317,-0.12946121,-0.31413606,-0.3667571,-0.17733784,-0.32477188,-0.48948935,-0.23352176,-0.20696002,-0.25306776,-0.22110583,-0.30189666,-0.5079879,-0.31108317,-0.34800422,-0.68356055,-0.3560726,-0.37983322,-0.8340509,-0.38426068,-0.09364756,-0.302439,-0.23220998,-0.17689173,-0.5879007,-0.32112917,-0.23417374,-0.7900595,-0.36619356,-0.28078586,-0.9597705,-0.39678434,0.028010132,-0.31428757,-0.2394356,-0.044216253,-0.5884982,-0.3265595,-0.09246071,-0.7818248,-0.36905187,-0.13752536,-0.9456154,-0.39419022,0.14690545,-0.30743906,-0.24510121,0.11712394,-0.5007801,-0.3274188,0.08288858,-0.642246,-0.35919067,0.0444714,-0.76176244,-0.37662077
HELP,0.0,0.0,0.0,-0.09540073,-0.09476077,-0.076317385,-0.15754849,-0.21590926,-0.14070335,-0.20001192,-0.29844004,-0.1955351,-0.24443865,-0.33670574,-0.25951496,-0.1468174,-0.39795202,-0.1737808,-0.19521652,-0.61564827,-0.26001045,-0.2172682,-0.7692131,-0.31765416,-0.22984625,-0.89884937,-0.35852835,-0.03684162,-0.41520545,-0.19191332,-0.06967355,-0.6722839,-0.27178785,-0.097891465,-0.84977037,-0.3256927,-0.12810013,-0.99176127,-0.36384958,0.06831857,-0.36549467,-0.2128443,0.057564687,-0.59407824,-0.29295316,0.041006565,-0.7585742,-0.34112206,0.017815484,-0.897764,-0.374878,0.16316856,-0.26826826,-0.23625904,0.1862248,-0.38031033,-0.31378952,0.18784526,-0.47734955,-0.34511247,0.17654406,-0.5593844,-0.36566687
HELP,0.0,0.0,0.0,-0.09890623,-0.07632814,-0.08824442,-0.1567609,-0.18600513,-0.15669562,-0.19107692,-0.2566227,-0.21365786,-0.23099001,-0.270552,-0.27769133,-0.1341118,-0.3904035,-0.16453585,-0.17626423,-0.59964424,-0.24910808,-0.19650997,-0.7522381,-0.30897507,-0.20966572,-0.88252777,-0.35059333,-0.018744761,-0.41980663,-0.17039588,-0.047238618,-0.6603157,-0.24599199,-0.0825758,-0.83960736,-0.30089056,-0.122293495,-0.99249405,-0.3400126,0.08783487,-0.39018583,-0.18060806,0.07871014,-0.6114827,-0.25327435,0.044919148,-0.7858369,-0.3010373,0.0065045273,-0.9351202,-0.334074,0.18565318,-0.31414706,-0.19524765,0.2041471,-0.45400855,-0.26299754,0.19029018,-0.5801947,-0.2934337,0.16106097,-0.68871754,-0.31337708
HELP,0.0,0.0,0.0,-0.08579743,-0.024737468,-0.12783632,-0.09441115,-0.11484039,-0.21046335,0.008299008,-0.20551269,-0.27588472,0.104227856,-0.25876775,-0.34171233,-0.15620475,-0.36038122,-0.17988777,-0.20070826,-0.5786978,-0.26456645,-0.2169399,-0.73441744,-0.32317165,-0.22433236,-0.86438686,-0.36429912,-0.054107044,-0.42589143,-0.16242166,-0.09247071,-0.6676985,-0.23687972,-0.1206933,-0.84064066,-0.2888371,-0.14955556,-0.98875326,-0.3259333,0.04655754,-0.43382466,-0.15341517,0.014292933,-0.6573684,-0.21742857,-0.015001012,-0.8151375,-0.2598953,-0.04579916,-0.9496106,-0.28942683,0.14551434,-0.40252784,-0.15406998,0.14603256,-0.55179167,-0.20659469,0.12694933,-0.66892844,-0.23346636,0.09848087,-0.76852393,-0.25185558
HELP,0.0,0.0,0.0,-0.07615022,-0.04073343,-0.13268302,-0.0762176,-0.1287161,-0.22211017,0.02438976,-0.20721076,-0.29295173,0.0999611,-0.2638403,-0.36808163,-0.12962331,-0.39139807,-0.19783267,-0.1725103,-0.6049357,-0.2915157,-0.18847193,-0.7561508,-0.3594597,-0.20087764,-0.8894217,-0.40978053,-0.021780958,-0.43400922,-0.18765114,-0.051562976,-0.67157954,-0.27138555,-0.07913281,-0.83967054,-0.33585462,-0.11789445,-0.9930262,-0.38369057,0.07891113,-0.40585852,-0.1858729,0.07228469,-0.6171691,-0.26515397,0.05097669,-0.7743357,-0.32254243,0.015920442,-0.9264859,-0.3654238,0.17002898,-0.3303783,-0.19262856,0.1957336,-0.42450115,-0.26802891,0.18473645,-0.5106409,-0.3068063,0.15647289,-0.5932731,-0.33474943
HELP,0.0,0.0,0.0,-0.0949443,-0.0984954,-0.08279583,-0.12989841,-0.22068465,-0.14209864,-0.1258085,-0.32186002,-0.19165552,-0.14279929,-0.3932319,-0.24649411,-0.118124045,-0.3926016,-0.15475665,-0.1576099,-0.61149734,-0.24162531,-0.1744593,-0.7636773,-0.30009598,-0.18572794,-0.89482015,-0.3416996,-0.013792755,-0.40804356,-0.16493946,-0.04148895,-0.65656465,-0.24760014,-0.07112001,-0.837436,-0.30541348,-0.10429205,-0.9945467,-0.3449133,0.08367089,-0.36439335,-0.18036458,0.07932331,-0.5956167,-0.26492578,0.05256026,-0.7682972,-0.32272762,0.018185457,-0.92263955,-0.3611899,0.17977668,-0.2792489,-0.19909991,0.20327647,-0.38358253,-0.28592876,0.18463327,-0.49487582,-0.33251536,0.15081802,-0.6024809,-0.36177823
HELP,0.0,0.0,0.0,-0.11212326,-0.06238116,-0.102035925,-0.16721857,-0.19710606,-0.15245502,-0.09847244,-0.34781444,-0.1912284,-0.037269957,-0.45592096,-0.22376184,-0.27578044,-0.3840997,-0.088901415,-0.3488819,-0.5941278,-0.14908344,-0.38007155,-0.7532593,-0.1983388,-0.40233698,-0.8855451,-0.23245013,-0.19574396,-0.44154677,-0.07073699,-0.24638812,-0.65302265,-0.12337597,-0.2751016,-0.8145286,-0.16635078,-0.29968137,-0.95403934,-0.19480695,-0.10371306,-0.47013995,-0.062593624,-0.13473889,-0.66023266,-0.11161107,-0.15749967,-0.80366504,-0.14127983,-0.1789025,-0.9261442,-0.15777525,0.0036002507,-0.46726513,-0.064191274,-0.015776038,-0.62999576,-0.10130621,-0.042647004,-0.74332166,-0.11329069,-0.0735042,-0.84147996,-0.1175422
HELP,0.0,0.0,0.0,-0.1073788,-0.05325962,-0.064203955,-0.17452592,-0.21004687,-0.09757678,-0.117564924,-0.38354418,-0.12370232,-0.038906775,-0.4858061,-0.15047435,-0.27473456,-0.4120521,-0.0512169,-0.3199261,-0.6194427,-0.0939341,-0.34331352,-0.7688961,-0.13704811,-0.354028,-0.8876152,-0.17017314,-0.188689,-0.471936,-0.04902667,-0.23481429,-0.6890795,-0.07971113,-0.2582047,-0.8357757,-0.1161092,-0.2752242,-0.96138006,-0.14359596,-0.09418271,-0.48564506,-0.054393616,-0.13546735,-0.6959752,-0.08233722,-0.16751637,-0.82567537,-0.108109504,-0.1937228,-0.9374266,-0.12760723,0.01414907,-0.46242237,-0.06641775,-0.0124553675,-0.63440955,-0.099177696,-0.03871295,-0.737848,-0.11309088,-0.06995958,-0.8264553,-0.120729476
HELP,0.0,0.0,0.0,-0.1042315,-0.07869264,-0.058865014,-0.15977141,-0.24961421,-0.084472604,-0.09356747,-0.41426504,-0.1057483,-0.01304035,-0.50629544,-0.12685943,-0.24854718,-0.41616434,-0.028137423,-0.28517985,-0.63237,-0.065936,-0.29851606,-0.7766514,-0.103992015,-0.30354944,-0.8911624,-0.13193591,-0.1695173,-0.46648613,-0.026492586,-0.20992072,-0.6964349,-0.054421563,-0.23205253,-0.8435616,-0.091369174,-0.24900804,-0.96850145,-0.11785263,-0.08076316,-0.47804058,-0.033258393,-0.115202636,-0.6861643,-0.05990452,-0.14034753,-0.8189196,-0.08920536,-0.16127357,-0.93481225,-0.110260114,0.016838651,-0.4564861,-0.046589293,-0.0050439355,-0.61535823,-0.073692165,-0.026778154,-0.71288764,-0.0862195,-0.049661726,-0.7970399,-0.093764745
HELP,0.0,0.0,0.0,-0.11306697,-0.0848324,-0.04867791,-0.16824299,-0.2647561,-0.06741536,-0.09945367,-0.42592788,-0.08502167,-0.0112089645,-0.5127538,-0.10295791,-0.2400166,-0.4305236,-0.0124732265,-0.27497956,-0.6427756,-0.043064203,-0.2902521,-0.7787693,-0.07483737,-0.29792,-0.88892347,-0.09923816,-0.1625878,-0.47835514,-0.016952258,-0.19842362,-0.70582455,-0.039423496,-0.22203383,-0.84911865,-0.07331229,-0.24143575,-0.9704168,-0.098175146,-0.07570898,-0.48684332,-0.029643208,-0.11127067,-0.6960232,-0.051865622,-0.13767944,-0.82413834,-0.07958466,-0.16143137,-0.9370916,-0.10018127,0.0169466,-0.46114382,-0.048557054,-0.0061766286,-0.6160415,-0.06957245,-0.028388774,-0.71183205,-0.07940375,-0.049895383,-0.7952316,-0.08658552
HELP,0.0,0.0,0.0,-0.118569165,-0.08361945,-0.04946589,-0.17720327,-0.27007577,-0.06541659,-0.10210181,-0.42970845,-0.079404324,-0.0027360222,-0.49824342,-0.092383735,-0.22871491,-0.45819074,-0.009267927,-0.26294205,-0.6693427,-0.034538995,-0.27680457,-0.80055994,-0.06344528,-0.2844405,-0.9093699,-0.08736906,-0.1488904,-0.50437325,-0.01098573,-0.18676393,-0.72475356,-0.027358726,-0.20951669,-0.8590809,-0.055190273,-0.22955358,-0.973296,-0.07739031,-0.06308453,-0.50944406,-0.021582047,-0.096475154,-0.7137888,-0.03743143,-0.12012173,-0.8379058,-0.05915861,-0.14218575,-0.94558614,-0.07728411,0.029010646,-0.4853474,-0.039350115,0.0049800477,-0.6351827,-0.05358937,-0.01850869,-0.724424,-0.059555426,-0.041706625,-0.8025371,-0.06569797
HELP,0.0,0.0,0.0,-0.11591839,-0.09043438,-0.04380632,-0.17580989,-0.28451872,-0.05582884,-0.10476855,-0.4419745,-0.06751831,-0.007680231,-0.49753773,-0.07876383,-0.22987059,-0.4579308,-0.0047855754,-0.26228732,-0.6717937,-0.028523771,-0.27577698,-0.8048633,-0.05554663,-0.28361556,-0.9125157,-0.07885714,-0.15417567,-0.5041515,-0.009998285,-0.19345015,-0.7214328,-0.027006818,-0.2177639,-0.8576704,-0.05361648,-0.23946904,-0.97090405,-0.07445242,-0.06950357,-0.5089989,-0.023987351,-0.105792195,-0.7154416,-0.04205582,-0.12971005,-0.84244365,-0.06634819,-0.15447077,-0.9531611,-0.086189575,0.020990618,-0.48299655,-0.04450195,0.0008190065,-0.6323741,-0.063888386,-0.020539949,-0.72502697,-0.07469676,-0.042840216,-0.8064114,-0.084114976
HELP,0.0,0.0,0.0,-0.12031138,-0.09103996,-0.05154956,-0.18199688,-0.28147972,-0.06989376,-0.10649855,-0.44292086,-0.08598511,-0.009096349,-0.5090355,-0.10131689,-0.22943698,-0.4652074,-0.016939593,-0.26201788,-0.6818662,-0.041939907,-0.27348393,-0.812768,-0.06978374,-0.2787888,-0.92070955,-0.09339917,-0.15051343,-0.51150286,-0.018098565,-0.18899997,-0.7312415,-0.033099875,-0.20942853,-0.8641047,-0.05862707,-0.22570261,-0.97419626,-0.079873085,-0.06470929,-0.51498336,-0.028184976,-0.09836504,-0.7217742,-0.04250316,-0.12152225,-0.8459791,-0.06461344,-0.14330141,-0.9539663,-0.08433837,0.026354052,-0.48653254,-0.045675464,0.0040707192,-0.6358491,-0.06037531,-0.017921291,-0.7262369,-0.068557076,-0.038864322,-0.805599,-0.07693431
HELP,0.0,0.0,0.0,-0.11689489,-0.09464118,-0.047182817,-0.17832227,-0.27829134,-0.062088463,-0.10770841,-0.43713206,-0.076035164,-0.013488939,-0.5066729,-0.08930742,-0.22818232,-0.45455736,-0.0074680015,-0.26512432,-0.6640447,-0.03235945,-0.2790117,-0.78894615,-0.060350005,-0.2870668,-0.89383376,-0.08446317,-0.14996979,-0.5068239,-0.011409662,-0.1908423,-0.72636056,-0.028888598,-0.2135986,-0.85983044,-0.056956343,-0.23303379,-0.9724686,-0.07967513,-0.065215535,-0.51254714,-0.024572419,-0.09829323,-0.71994895,-0.04343051,-0.1198735,-0.84459704,-0.068628386,-0.14102617,-0.95299166,-0.089490496,0.02571349,-0.4841572,-0.044452026,0.0038258897,-0.63613653,-0.06308753,-0.01957554,-0.7283511,-0.07370835,-0.043341056,-0.80912566,-0.08359087
HELP,0.0,0.0,0.0,-0.117554516,-0.10072075,-0.046694864,-0.17643578,-0.29134014,-0.06169549,-0.10103445,-0.44883528,-0.07603436,-0.001133529,-0.5106004,-0.08963377,-0.22396193,-0.45930046,-0.0055268533,-0.2584528,-0.66743964,-0.029495021,-0.2732347,-0.79231733,-0.05820223,-0.2839495,-0.89917934,-0.08330647,-0.1477853,-0.50760037,-0.009675531,-0.18333043,-0.7231706,-0.02526976,-0.20491189,-0.85718983,-0.05359138,-0.22524482,-0.97430223,-0.07726035,-0.065000184,-0.5127659,-0.022909658,-0.095572166,-0.7167347,-0.03837427,-0.118481055,-0.8396299,-0.06230782,-0.14199871,-0.9464032,-0.0827663,0.023486594,-0.48778784,-0.043279838,0.0019750658,-0.6403052,-0.058037277,-0.02030991,-0.7335999,-0.066769056,-0.04321924,-0.81457627,-0.075705364
HELP,0.0,0.0,0.0,-0.113831446,-0.10649275,-0.05768114,-0.16580717,-0.29183084,-0.07432969,-0.096395776,-0.4456857,-0.08746,-0.007832953,-0.5024481,-0.096576296,-0.21316704,-0.48056126,0.005140373,-0.24338777,-0.6826182,-0.011146489,-0.25385496,-0.8027369,-0.037758153,-0.25943676,-0.9054958,-0.060861755,-0.13833772,-0.52201205,0.010750563,-0.17508526,-0.7347924,0.0048829326,-0.1943675,-0.8646384,-0.020354925,-0.21099815,-0.9774865,-0.04154007,-0.057146385,-0.5198537,0.0059634526,-0.08863349,-0.7174513,0.001084778,-0.107675076,-0.8361481,-0.018083563,-0.12390608,-0.9359666,-0.03531819,0.03222494,-0.49021465,-0.007745221,0.013400249,-0.63578624,-0.009390934,-0.007748203,-0.722905,-0.010507644,-0.02634959,-0.79814607,-0.013916344
HELP,0.0,0.0,0.0,-0.11528952,-0.10950627,-0.047061477,-0.17849454,-0.29320675,-0.058026973,-0.1456889,-0.4488938,-0.06661768,-0.084576905,-0.5164932,-0.070284985,-0.21260715,-0.48767284,0.0146904765,-0.24120256,-0.69283116,0.0025187414,-0.25389507,-0.81109166,-0.019140292,-0.2651889,-0.9092429,-0.03773448,-0.13921472,-0.5272636,0.017853249,-0.17022753,-0.747934,0.017771715,-0.1876386,-0.8734384,-0.00013434562,-0.20516853,-0.9787266,-0.015878001,-0.060350336,-0.5252863,0.011731439,-0.08862588,-0.7248794,0.01434892,-0.109540984,-0.84205747,0.0053626467,-0.12845284,-0.93535507,-0.006037242,0.028179575,-0.49502376,-0.00250301,0.0112929195,-0.6363041,0.006072125,-0.006339649,-0.7240065,0.014528734,-0.022307117,-0.7966742,0.017267365
HELP,0.0,0.0,0.0,-0.114847906,-0.098505296,-0.05955524,-0.16588905,-0.2853072,-0.07758033,-0.100640155,-0.4465506,-0.09109751,-0.020154761,-0.50292784,-0.099136606,-0.21528481,-0.50408596,0.0063844523,-0.24182658,-0.70875776,-0.0046585826,-0.24961908,-0.8264888,-0.027847065,-0.25564468,-0.92605084,-0.049313314,-0.13886552,-0.5409754,0.014403097,-0.16894107,-0.75612676,0.016060121,-0.18286878,-0.87708247,-0.0021973972,-0.19782038,-0.98023826,-0.019900735,-0.05961633,-0.53534615,0.01201388,-0.08594014,-0.7336211,0.015624577,-0.10516412,-0.8489364,0.005477719,-0.12269745,-0.94422084,-0.007765466,0.02818497,-0.5041634,-0.00013739448,0.015208614,-0.6483353,0.007841011,-0.0004819807,-0.7350456,0.014476001,-0.012429149,-0.81030226,0.015030285
HELP,0.0,0.0,0.0,-0.10949212,-0.10453058,-0.04812007,-0.16825297,-0.2812758,-0.062437993,-0.14236711,-0.438251,-0.07455476,-0.09855766,-0.53391415,-0.0815767,-0.19973871,-0.48905084,0.0085415365,-0.22287714,-0.69798213,-0.010845352,-0.23115887,-0.8176481,-0.037542477,-0.23857436,-0.91704065,-0.059815083,-0.12698163,-0.5291358,0.009011981,-0.15680352,-0.75207084,-0.00027400858,-0.17337649,-0.8756459,-0.024021128,-0.19176398,-0.9814411,-0.044071987,-0.05166896,-0.52675956,0.00011074744,-0.07848423,-0.73827285,-0.008187641,-0.098306276,-0.8573048,-0.019819023,-0.11632942,-0.9536565,-0.032577686,0.03596653,-0.49314246,-0.016532904,0.025439627,-0.6383479,-0.019667624,0.009637057,-0.72820354,-0.016061181,-0.0062993565,-0.80515575,-0.016140422
HELP,0.0,0.0,0.0,-0.11076724,-0.10373021,-0.05758541,-0.15926579,-0.27839965,-0.08106475,-0.10022781,-0.4251405,-0.10122852,-0.025317084,-0.48855534,-0.117279954,-0.1953037,-0.49396613,-0.0060505993,-0.21842867,-0.6998918,-0.02762053,-0.22640339,-0.81691283,-0.056556918,-0.23320833,-0.9164634,-0.081250414,-0.121499754,-0.52710336,-0.003782335,-0.15090066,-0.7496832,-0.014252774,-0.16812019,-0.87608993,-0.040417127,-0.18605815,-0.98253876,-0.062594205,-0.044356637,-0.51770186,-0.011097394,-0.07008938,-0.7248229,-0.019530606,-0.09056241,-0.84293896,-0.037648194,-0.11157845,-0.9403827,-0.055104222,0.03997225,-0.4779511,-0.027005838,0.033428244,-0.6183494,-0.03188785,0.018998923,-0.70648956,-0.033341642,0.005040789,-0.7831877,-0.037360508
HELP,0.0,0.0,0.0,-0.11333956,-0.10251581,-0.051452063,-0.16546102,-0.27241287,-0.069812104,-0.12219537,-0.42474356,-0.0851989,-0.06358715,-0.512134,-0.09546735,-0.19977702,-0.49366766,0.005616506,-0.21969005,-0.70273554,-0.011856426,-0.22414215,-0.8175434,-0.038086448,-0.2278291,-0.91233045,-0.060149603,-0.122480914,-0.5312057,0.008630937,-0.14733334,-0.7580763,0.003049031,-0.1598783,-0.88051254,-0.019604538,-0.17319408,-0.9848877,-0.03985521,-0.045184396,-0.5268711,0.002235468,-0.067959175,-0.73408264,-0.0011464074,-0.08557903,-0.8516326,-0.01217586,-0.0997392,-0.94732475,-0.025650362,0.043860275,-0.49288926,-0.012298845,0.033831187,-0.64150065,-0.009544128,0.019095486,-0.72931844,-0.0031910741,0.0051691756,-0.8048027,-0.0023647018
HELP,0.0,0.0,0.0,-0.11439625,-0.11126197,-0.046475574,-0.1686627,-0.28288737,-0.06422634,-0.12664704,-0.4237095,-0.08026974,-0.0691525,-0.50736547,-0.092108004,-0.19127366,-0.5003991,0.005950265,-0.21185526,-0.7087183,-0.014699196,-0.21758561,-0.82495314,-0.04312643,-0.22350232,-0.9240311,-0.06751791,-0.11201064,-0.53284895,0.0048221024,-0.1380797,-0.7573332,-0.005001044,-0.15008563,-0.8786453,-0.03132996,-0.1653492,-0.9862351,-0.05513192,-0.034851745,-0.52397025,-0.005360508,-0.057059124,-0.73219496,-0.01394978,-0.07579219,-0.8500125,-0.029317675,-0.09469326,-0.9480987,-0.04623311,0.054605465,-0.48518935,-0.022916932,0.046138365,-0.63199246,-0.027465854,0.02976834,-0.7230702,-0.027035093,0.010299971,-0.8037361,-0.03071117
HELP,0.0,0.0,0.0,-0.110531524,-0.09918818,-0.068446554,-0.15409866,-0.27661666,-0.08883399,-0.0832159,-0.425673,-0.10308179,0.0042541474,-0.4943528,-0.11096739,-0.19038516,-0.51698387,0.0071713785,-0.20507185,-0.7195913,-0.0037515839,-0.20343712,-0.83417994,-0.029814504,-0.20387895,-0.93413067,-0.052989237,-0.1125544,-0.54325956,0.020144511,-0.13353394,-0.7592845,0.024413163,-0.14112432,-0.8810777,0.004134499,-0.15077038,-0.9885688,-0.016095815,-0.036424484,-0.5297301,0.021405153,-0.053249218,-0.72366935,0.028203446,-0.06734482,-0.8345102,0.018939871,-0.07966067,-0.9303704,0.0054307166,0.047929827,-0.49461275,0.011739167,0.03522598,-0.63610625,0.022626108,0.020626582,-0.71866775,0.03144663,0.009276738,-0.79220784,0.0332399
HELP,0.0,0.0,0.0,-0.11458081,-0.105470285,-0.04952254,-0.15990022,-0.28736675,-0.06665925,-0.08759105,-0.43315184,-0.08154126,0.0070726895,-0.48061723,-0.09242064,-0.19151817,-0.49675143,0.005162456,-0.20406967,-0.7073426,-0.0103964005,-0.20319656,-0.8272299,-0.034831982,-0.20186518,-0.92785066,-0.056775335,-0.1119787,-0.526181,0.006673103,-0.12877981,-0.7495066,0.002592675,-0.13303322,-0.8781513,-0.01861557,-0.1397882,-0.9901814,-0.03894623,-0.032074504,-0.5153574,-0.001268322,-0.048434332,-0.7143877,-0.0037540658,-0.059147026,-0.83168006,-0.018302917,-0.070586644,-0.9313321,-0.034551635,0.054961003,-0.47923088,-0.017325414,0.044077307,-0.6235571,-0.017127175,0.030406265,-0.71312165,-0.015737131,0.017524116,-0.79187375,-0.018827682
HELP,0.0,0.0,0.0,-0.113504186,-0.10643622,-0.05319542,-0.15384129,-0.29270732,-0.06947151,-0.07006881,-0.4363003,-0.08271752,0.030270932,-0.4896876,-0.09217814,-0.1871846,-0.49981567,0.0060137836,-0.20017187,-0.7049533,-0.009260484,-0.19884346,-0.82422286,-0.03513595,-0.19650465,-0.9277182,-0.058437865,-0.10838742,-0.5296816,0.00956934,-0.12568845,-0.7459751,0.006082835,-0.13072267,-0.87467176,-0.017025696,-0.13742124,-0.9905127,-0.039019573,-0.029831486,-0.5179061,0.0029647043,-0.04385589,-0.7114839,-0.00017118787,-0.054500192,-0.82545394,-0.017035058,-0.06600512,-0.9250765,-0.03462498,0.057387643,-0.48116517,-0.012212918,0.047363598,-0.6268117,-0.013670111,0.033354342,-0.7115723,-0.014116888,0.018666796,-0.78818756,-0.018474158
HELP,0.0,0.0,0.0,-0.11087143,-0.10562829,-0.051499333,-0.15097389,-0.29452443,-0.065995604,-0.06904886,-0.44106546,-0.077539414,0.034572784,-0.48909667,-0.08507334,-0.18401971,-0.51409954,0.010703728,-0.19432041,-0.7200702,0.00037322048,-0.19327709,-0.8360587,-0.02262258,-0.19188058,-0.93594044,-0.04483915,-0.10509491,-0.53976244,0.013486457,-0.121614605,-0.75454265,0.014455066,-0.12819558,-0.8798915,-0.0067818863,-0.13602616,-0.9907052,-0.027623393,-0.02634066,-0.5226113,0.006390857,-0.04125922,-0.71839666,0.006964682,-0.05296408,-0.83317184,-0.008601839,-0.065789774,-0.93401814,-0.025599698,0.059572715,-0.4785863,-0.009141378,0.046159,-0.62445045,-0.008972682,0.029359994,-0.70869297,-0.008336295,0.012700338,-0.7852233,-0.011615335
HELP,0.0,0.0,0.0,-0.1132971,-0.10409056,-0.051834974,-0.15534574,-0.2908205,-0.06792767,-0.07348351,-0.43118003,-0.08107368,0.02788778,-0.4768807,-0.090327,-0.1856332,-0.5105937,0.0037224512,-0.19830869,-0.7158684,-0.011100365,-0.19652091,-0.8314368,-0.03521568,-0.19339237,-0.9298798,-0.05699459,-0.105214916,-0.53810525,0.0066638007,-0.122383036,-0.7556594,0.004126336,-0.12787737,-0.88078886,-0.015723389,-0.13414463,-0.9909618,-0.03509448,-0.025986653,-0.52328885,-0.0003605645,-0.041252222,-0.7202999,-0.002118112,-0.05305695,-0.8334278,-0.016491497,-0.06547486,-0.9317309,-0.0323806,0.059457205,-0.4820231,-0.015847078,0.047892075,-0.62656254,-0.016990948,0.031792134,-0.7123357,-0.016758367,0.015501846,-0.79012537,-0.020310704
HELP,0.0,0.0,0.0,-0.11517832,-0.11166461,-0.04935848,-0.15098858,-0.2951218,-0.06481583,-0.067303374,-0.4302847,-0.077146985,0.024596978,-0.4866465,-0.084835425,-0.18755966,-0.50504494,0.0063328915,-0.20042348,-0.7109011,-0.0077177095,-0.20177391,-0.8259488,-0.031584725,-0.20219323,-0.9251292,-0.052459594,-0.10705412,-0.53237534,0.009675566,-0.12549411,-0.7512282,0.008792752,-0.13329177,-0.8788034,-0.012589769,-0.142163,-0.9898433,-0.03301402,-0.028516678,-0.51820487,0.003728787,-0.044940304,-0.71424687,0.0043107104,-0.056269582,-0.8292615,-0.010696735,-0.068139,-0.92679566,-0.02735939,0.05507355,-0.4786255,-0.010256531,0.041988872,-0.6203963,-0.009236912,0.025987564,-0.7055369,-0.008313608,0.010311857,-0.7804741,-0.01117158
HELP,0.0,0.0,0.0,-0.116072744,-0.11390312,-0.05457149,-0.15054022,-0.30196652,-0.06974815,-0.06544101,-0.44687635,-0.08137272,0.03050323,-0.5057343,-0.08807267,-0.18534179,-0.5112836,0.014511773,-0.19857614,-0.71959126,0.0036918195,-0.1966026,-0.83655024,-0.020176856,-0.19328639,-0.9373982,-0.042063814,-0.10413715,-0.53897196,0.020544834,-0.12265959,-0.75630057,0.022671036,-0.12875685,-0.8810202,0.000805474,-0.13538915,-0.9907925,-0.02072233,-0.025513845,-0.52405345,0.01597839,-0.041483156,-0.7219765,0.018671868,-0.05457756,-0.83491504,0.004474216,-0.06720456,-0.9320531,-0.011980602,0.060075395,-0.4845092,0.0024565626,0.04564099,-0.6309842,0.006383981,0.028233103,-0.71400493,0.009362431,0.0107406005,-0.7890817,0.0073917424
HELP,0.0,0.0,0.0,-0.1161222,-0.11636302,-0.054730147,-0.14860989,-0.301181,-0.06780943,-0.062204115,-0.43852788,-0.076566,0.033871863,-0.490883,-0.08014143,-0.18293667,-0.5123786,0.014513487,-0.19692917,-0.7182814,0.0044417414,-0.19574289,-0.83433604,-0.018735437,-0.19353609,-0.9345084,-0.03989481,-0.100222774,-0.5400472,0.022522083,-0.11944357,-0.7566124,0.026097849,-0.12603882,-0.8805575,0.0052609663,-0.13425057,-0.9909475,-0.015725752,-0.021365603,-0.52533305,0.019881813,-0.03769591,-0.7210087,0.023288682,-0.051702973,-0.8341992,0.0074239746,-0.06568501,-0.9308169,-0.010233594,0.06521599,-0.48688743,0.008436,0.052653894,-0.6307201,0.011732478,0.034705415,-0.7155522,0.011991539,0.015577991,-0.79214764,0.00805921
HELP,0.0,0.0,0.0,-0.11231398,-0.11913026,-0.057066824,-0.14541778,-0.30502617,-0.071276136,-0.057457875,-0.44350827,-0.08097521,0.04229042,-0.49432746,-0.08558185,-0.18215369,-0.5116882,0.013191411,-0.19653893,-0.7161173,0.0033935688,-0.19761938,-0.831015,-0.019653477,-0.19864757,-0.9303594,-0.041170154,-0.10062603,-0.53817797,0.021662176,-0.11937624,-0.7531765,0.02387617,-0.12592687,-0.8783879,0.0018982692,-0.1347481,-0.9908799,-0.01996354,-0.022728436,-0.5227264,0.019253567,-0.037849557,-0.7164431,0.020177778,-0.049006764,-0.832846,0.0015734647,-0.061625585,-0.9340248,-0.017635653,0.06091706,-0.48461723,0.008062633,0.049329422,-0.6293196,0.009222232,0.033197723,-0.7164745,0.0073894486,0.01607418,-0.79629284,0.0018078402
HELP,0.0,0.0,0.0,-0.1122183,-0.11310892,-0.056039274,-0.1454778,-0.30356124,-0.06833718,-0.0597107,-0.44527143,-0.07566483,0.037404034,-0.49466634,-0.07769053,-0.18415035,-0.5140263,0.012022508,-0.19724639,-0.72085315,0.0037925602,-0.19604297,-0.83669406,-0.01737715,-0.19486742,-0.9361891,-0.037346598,-0.101724185,-0.54095805,0.021093907,-0.11935419,-0.7568052,0.025911365,-0.12477633,-0.8812977,0.0070068617,-0.13240954,-0.9911951,-0.01246843,-0.022728585,-0.5252447,0.019558033,-0.03806931,-0.71807176,0.023834934,-0.049226508,-0.83219516,0.008001333,-0.061093945,-0.93059623,-0.009710373,0.062040936,-0.48681653,0.009161799,0.050610963,-0.6292149,0.012366265,0.034483932,-0.7137981,0.011892735,0.017715927,-0.7903121,0.0073984526
HELP,0.0,0.0,0.0,-0.11109354,-0.11444857,-0.05526078,-0.1448898,-0.30441102,-0.067781754,-0.059057433,-0.44542417,-0.07583587,0.041012526,-0.49007395,-0.078995325,-0.18314353,-0.5118078,0.012746046,-0.19701801,-0.71731335,0.0035892231,-0.19611984,-0.83284366,-0.018157382,-0.19471875,-0.93161225,-0.038388997,-0.10139555,-0.5391658,0.02085263,-0.11870623,-0.75467,0.024645163,-0.12420837,-0.88062704,0.0053595416,-0.13150848,-0.991315,-0.014286077,-0.022731423,-0.52428395,0.018282471,-0.0364964,-0.71551955,0.022019422,-0.047837287,-0.8291817,0.005901678,-0.0599751,-0.9261823,-0.01185903,0.061756324,-0.48611057,0.006796682,0.05264241,-0.62722766,0.010394666,0.036920987,-0.71137756,0.010191227,0.02035355,-0.7862335,0.005732871
HELP,0.0,0.0,0.0,-0.10946063,-0.11307798,-0.054429356,-0.14271358,-0.3008302,-0.067447394,-0.058231134,-0.44519734,-0.07607892,0.04018676,-0.4961657,-0.0795732,-0.1837122,-0.5093354,0.01261286,-0.19659509,-0.71713734,0.0039489768,-0.1952427,-0.833985,-0.017078396,-0.19389784,-0.93389744,-0.037223507,-0.103124246,-0.5375859,0.020087697,-0.120143116,-0.75457674,0.023204025,-0.12442981,-0.8798289,0.003951497,-0.13136087,-0.99133456,-0.01571748,-0.02551095,-0.5232407,0.017175257,-0.0400143,-0.7175639,0.01967715,-0.050364602,-0.83190113,0.004054951,-0.061389588,-0.93094397,-0.013348184,0.059155993,-0.4848644,0.005600564,0.048654705,-0.6289618,0.00824705,0.033937715,-0.7137944,0.0082625,0.018949807,-0.79016984,0.003928255
HELP,0.0,0.0,0.0,-0.11053697,-0.115365736,-0.062444836,-0.14700781,-0.3028403,-0.07721796,-0.07211459,-0.45003122,-0.08575241,0.013885987,-0.4974569,-0.087049365,-0.18811044,-0.51931745,0.019122005,-0.2020022,-0.7320861,0.017763818,-0.19935176,-0.8478095,-0.0009677792,-0.1992676,-0.9472127,-0.019768387,-0.1078711,-0.54437315,0.0339448,-0.12497143,-0.76170516,0.046620924,-0.12636697,-0.8857507,0.030835655,-0.13098319,-0.9913845,0.013158023,-0.03033599,-0.53040487,0.037535176,-0.04643176,-0.71974266,0.05168296,-0.05628354,-0.8354625,0.040901296,-0.06455377,-0.92962486,0.025524585,0.057882596,-0.4968704,0.030871607,0.05077687,-0.63654023,0.047160458,0.03800817,-0.7222911,0.054001573,0.026926039,-0.7957731,0.053551316
HELP,0.0,0.0,0.0,-0.11069195,-0.117433004,-0.059101913,-0.14468986,-0.30642706,-0.07394143,-0.06797791,-0.45078132,-0.08311988,0.02353109,-0.49305722,-0.08608344,-0.18460837,-0.51988995,0.016026946,-0.19866732,-0.73002315,0.012928894,-0.1981761,-0.8436899,-0.0062401067,-0.19914666,-0.9414353,-0.025830878,-0.104995705,-0.5437552,0.02719844,-0.12231302,-0.7615124,0.03710985,-0.1248726,-0.8845058,0.019699296,-0.13043204,-0.9914573,0.00016086026,-0.027138924,-0.52682567,0.027584748,-0.042760205,-0.72167283,0.037241798,-0.051359378,-0.8378143,0.023234854,-0.0606304,-0.9342931,0.005559034,0.058665555,-0.4884438,0.01863442,0.049254745,-0.6317895,0.028937029,0.03646037,-0.71690005,0.032245625,0.023807313,-0.79124933,0.029179994
HELP,0.0,0.0,0.0,-0.11015521,-0.11049655,-0.05621831,-0.1480508,-0.29796487,-0.06992538,-0.078246094,-0.44749713,-0.07803242,0.0066559245,-0.50352323,-0.079215646,-0.18799412,-0.5124636,0.013539031,-0.1998744,-0.7245071,0.009306854,-0.19697629,-0.84033644,-0.008870777,-0.19523066,-0.93859047,-0.02665353,-0.10905076,-0.53931797,0.024206944,-0.12446049,-0.7610247,0.03448069,-0.12566118,-0.88552994,0.020195697,-0.12934613,-0.9915995,0.003907755,-0.03059015,-0.52441794,0.024670767,-0.046448905,-0.7217102,0.035515465,-0.054424085,-0.8374061,0.025597349,-0.062500134,-0.93291324,0.011245824,0.05636914,-0.4875114,0.01607015,0.045497797,-0.6312228,0.02708233,0.03195483,-0.7159145,0.032922447,0.019519655,-0.788876,0.032642882
HELP,0.0,0.0,0.0,-0.10321636,-0.118498914,-0.069747604,-0.13389806,-0.295624,-0.090471774,-0.050536875,-0.4365176,-0.104280755,0.03995442,-0.4907368,-0.1120651,-0.17847183,-0.5257779,0.01245695,-0.19082652,-0.7324592,0.0059501203,-0.1865686,-0.847454,-0.020035673,-0.18476923,-0.94949305,-0.045491453,-0.09809352,-0.5478454,0.027385201,-0.11485147,-0.7604592,0.034760762,-0.11627411,-0.88018775,0.009396935,-0.12158253,-0.9925813,-0.017101014,-0.02380907,-0.5313624,0.030782646,-0.034481306,-0.7205836,0.03941702,-0.04384244,-0.83282876,0.022894409,-0.05213334,-0.92925215,0.0024850743,0.06344849,-0.4919147,0.023400875,0.057704393,-0.63547575,0.034717016,0.045927916,-0.7202977,0.038323957,0.034740143,-0.795472,0.03439502
HELP,0.0,0.0,0.0,-0.102901794,-0.11672636,-0.06257369,-0.12652013,-0.29527244,-0.07872591,-0.048137568,-0.436974,-0.087689504,0.03793367,-0.48883328,-0.09017189,-0.18021704,-0.52111715,0.010531075,-0.18630318,-0.7316173,0.0055021015,-0.17988065,-0.84662074,-0.01500039,-0.17514545,-0.9437161,-0.035578553,-0.09800561,-0.54254055,0.023465974,-0.10886888,-0.7606071,0.030294368,-0.10776368,-0.8846884,0.010422571,-0.10918249,-0.9940217,-0.010785942,-0.019919315,-0.52204,0.025781842,-0.03266559,-0.719993,0.030954275,-0.039709613,-0.8366779,0.014689357,-0.04579853,-0.93695474,-0.0039602714,0.065757,-0.4758863,0.019049099,0.05474013,-0.62340075,0.022440873,0.040516656,-0.7110563,0.021919351,0.02757316,-0.79042184,0.017005961
HELP,0.0,0.0,0.0,-0.10352148,-0.113000035,-0.07052541,-0.1292908,-0.29145584,-0.0898623,-0.0532334,-0.43797892,-0.100783825,0.03355031,-0.4969118,-0.10466323,-0.18188585,-0.52204305,0.009242171,-0.18903649,-0.731238,0.005886977,-0.18362975,-0.84544176,-0.015122508,-0.1800047,-0.9442553,-0.03685278,-0.09982193,-0.54631805,0.025625585,-0.113098025,-0.76065964,0.03507156,-0.11392586,-0.88400966,0.014324401,-0.11694315,-0.99313855,-0.008350053,-0.021881243,-0.527548,0.030510789,-0.03507443,-0.72189057,0.038042612,-0.04274205,-0.8373268,0.020586004,-0.051339854,-0.9375083,0.00029048228,0.06407385,-0.4840919,0.025352266,0.053813603,-0.6317359,0.030409994,0.038450215,-0.71737874,0.029451085,0.022736168,-0.794767,0.023816645
HELP,0.0,0.0,0.0,-0.10435897,-0.12116449,-0.06651552,-0.12800516,-0.31043735,-0.08176817,-0.04311759,-0.45028204,-0.089697905,0.05201288,-0.4856289,-0.09120474,-0.1760407,-0.5225368,0.01378401,-0.18345602,-0.7305416,0.01095599,-0.17952585,-0.84373116,-0.008988862,-0.17807557,-0.94086486,-0.029410655,-0.095260836,-0.5434077,0.02943769,-0.107172005,-0.7585485,0.038902257,-0.10788611,-0.8840027,0.020201005,-0.111285314,-0.99378854,-0.00033190497,-0.016489325,-0.5247578,0.033473138,-0.028599937,-0.7188942,0.04213821,-0.036289223,-0.83519304,0.025300615,-0.0448833,-0.9335987,0.006036113,0.0684594,-0.48584363,0.027490465,0.061065678,-0.63146275,0.03422021,0.046433415,-0.7195783,0.03309433,0.032772202,-0.79737014,0.027249394
HELP,0.0,0.0,0.0,-0.10315118,-0.11929784,-0.06422825,-0.12715933,-0.3080886,-0.08067172,-0.04176523,-0.44891673,-0.09077645,0.053719223,-0.4908529,-0.09461451,-0.17886779,-0.5224776,0.014114431,-0.18560264,-0.73264545,0.009354197,-0.18064898,-0.84836215,-0.011802161,-0.17763609,-0.94864184,-0.03264378,-0.098040715,-0.5427579,0.027305055,-0.10949237,-0.75634897,0.03580192,-0.11028106,-0.88356805,0.01597183,-0.11260599,-0.99363977,-0.005239664,-0.018780908,-0.52268374,0.029023308,-0.029874083,-0.7149564,0.0372133,-0.03716434,-0.833043,0.019921187,-0.046631757,-0.9329938,0.00051126885,0.06606355,-0.48224834,0.020917656,0.060012724,-0.62723297,0.028048296,0.044295687,-0.7143917,0.027885545,0.028173853,-0.7900094,0.022983946
HELP,0.0,0.0,0.0,-0.106464095,-0.12154654,-0.06589218,-0.1271389,-0.30302122,-0.08114351,-0.036650937,-0.44024155,-0.088688485,0.060831677,-0.48770705,-0.09003588,-0.17679228,-0.52931786,0.016217595,-0.18013771,-0.7380991,0.015028996,-0.17469418,-0.85371524,-0.004897649,-0.17113774,-0.9527612,-0.026021596,-0.09378194,-0.5482879,0.031974204,-0.1034399,-0.7611813,0.04385365,-0.103772104,-0.8837571,0.024664244,-0.10615278,-0.99434984,0.0029483591,-0.015189259,-0.52542186,0.03623675,-0.02471088,-0.7170764,0.04623409,-0.031822696,-0.83244276,0.02968303,-0.039670724,-0.93343586,0.009945532,0.07264982,-0.4789029,0.030699223,0.0645197,-0.6283057,0.035800286,0.048317637,-0.7154184,0.033946954,0.030317217,-0.7942617,0.027734391
HELP,0.0,0.0,0.0,-0.10121433,-0.11417526,-0.07180466,-0.12305916,-0.29876196,-0.09060911,-0.039545696,-0.4428297,-0.100833304,0.052981175,-0.49544027,-0.10433921,-0.17503677,-0.5270832,0.008714513,-0.18064219,-0.7362289,0.0055719805,-0.17540003,-0.8518325,-0.0150467185,-0.17246976,-0.95093936,-0.03626118,-0.093062714,-0.5495449,0.026627675,-0.104203984,-0.76211554,0.037000712,-0.10433846,-0.8850262,0.0180833,-0.10634861,-0.9943289,-0.002968095,-0.015057422,-0.53011537,0.03274139,-0.02612727,-0.72239584,0.042554315,-0.032900065,-0.8373053,0.026641864,-0.040949464,-0.9371568,0.0074394294,0.07052759,-0.48714873,0.02840955,0.06253403,-0.6362488,0.035086643,0.047244493,-0.7223049,0.034301486,0.030527322,-0.7990102,0.028877117
HELP,0.0,0.0,0.0,-0.10193146,-0.1184855,-0.06583266,-0.12341432,-0.2969853,-0.084163,-0.035188276,-0.43435076,-0.0950918,0.059925128,-0.4899952,-0.0994507,-0.1788723,-0.5232305,0.010718071,-0.18376772,-0.734422,0.006112079,-0.17711043,-0.84949136,-0.015226649,-0.17200534,-0.94782895,-0.036067456,-0.09802989,-0.5445526,0.025662452,-0.1088287,-0.7612289,0.035307806,-0.10914653,-0.88549525,0.015502282,-0.11049665,-0.99387646,-0.005914453,-0.020200014,-0.5249714,0.029487627,-0.030569628,-0.7210999,0.039699465,-0.03648014,-0.8375413,0.023712862,-0.042893615,-0.93763304,0.0044840286,0.06597269,-0.48116437,0.023465851,0.05762046,-0.6296373,0.031248134,0.041874602,-0.7164376,0.03174633,0.025054682,-0.79245013,0.027352486
HELP,0.0,0.0,0.0,-0.098913535,-0.114653654,-0.07209322,-0.121783264,-0.29336265,-0.09264051,-0.03817933,-0.43213782,-0.1044636,0.054914568,-0.48447084,-0.10988793,-0.1746322,-0.5206639,0.0035943214,-0.18091555,-0.73092407,-0.0025197684,-0.17537378,-0.845637,-0.024944305,-0.17153631,-0.9447319,-0.047034185,-0.09287406,-0.54354995,0.021058565,-0.1051687,-0.759376,0.028541004,-0.10643179,-0.88378036,0.0075668492,-0.10968434,-0.9939664,-0.0151365865,-0.015098928,-0.5244159,0.026948478,-0.025753597,-0.7176283,0.034204118,-0.032700114,-0.83150244,0.016294232,-0.04096471,-0.9300156,-0.004179322,0.06983697,-0.4815049,0.022599414,0.062071376,-0.62959766,0.027577886,0.0470829,-0.7138394,0.02577442,0.030607536,-0.7886294,0.019504087
HELP,0.0,0.0,0.0,-0.09665128,-0.11514621,-0.07223282,-0.11737594,-0.29698518,-0.09085838,-0.034571443,-0.43690667,-0.10012951,0.056883607,-0.48763254,-0.10258476,-0.17246547,-0.5257543,0.0062613236,-0.1786249,-0.7333477,0.0031675117,-0.17236477,-0.845531,-0.017732875,-0.16881321,-0.94172037,-0.03920146,-0.09075344,-0.549454,0.025359316,-0.101731434,-0.7638836,0.03605106,-0.101418205,-0.88622856,0.016920865,-0.1036731,-0.9946114,-0.0047437833,-0.013815067,-0.5296602,0.03287218,-0.024497792,-0.722836,0.042806827,-0.030993942,-0.836525,0.025912136,-0.03839184,-0.93492186,0.005625068,0.07089824,-0.48520017,0.030149417,0.06380349,-0.63262576,0.03649711,0.049000293,-0.71834505,0.03457843,0.03253244,-0.7950164,0.027992543
HELP,0.0,0.0,0.0,-0.09584126,-0.11435467,-0.07195543,-0.11756556,-0.29150563,-0.093080916,-0.036444087,-0.43043467,-0.10543598,0.0563029,-0.48178488,-0.11094905,-0.17359923,-0.5256447,0.0035899316,-0.18022917,-0.73509365,-0.0014701918,-0.17480981,-0.84989285,-0.022944491,-0.17121333,-0.9488963,-0.044355407,-0.09316899,-0.54823685,0.021482425,-0.104625754,-0.7625926,0.030601183,-0.10536816,-0.88579255,0.011777225,-0.10779895,-0.9941727,-0.009117504,-0.016026353,-0.5293928,0.02797063,-0.027000915,-0.72250414,0.03752541,-0.03291543,-0.8368725,0.02227159,-0.04000885,-0.93492424,0.0036460508,0.068348065,-0.485898,0.024066243,0.06010934,-0.6342584,0.031084744,0.045206685,-0.72024524,0.030686192,0.028952576,-0.7959061,0.025640344
HELP,0.0,0.0,0.0,-0.09781377,-0.11220187,-0.0719731,-0.120027214,-0.29304585,-0.090388566,-0.03867343,-0.4345213,-0.09935285,0.05300254,-0.49171352,-0.10160126,-0.176987,-0.52227074,0.0038463387,-0.1819331,-0.7341352,-4.2286403e-05,-0.1761019,-0.8501897,-0.020129008,-0.17177534,-0.9485414,-0.04036996,-0.095773384,-0.5452243,0.023269756,-0.10739718,-0.7617663,0.03293412,-0.10800711,-0.8855546,0.014457416,-0.10995976,-0.99393606,-0.0061231744,-0.018221943,-0.5273201,0.031216342,-0.029896354,-0.72194326,0.040064726,-0.036274794,-0.8361641,0.022698745,-0.043083712,-0.9349866,0.002662306,0.06619617,-0.4869116,0.029155308,0.05681202,-0.6371244,0.033447437,0.041230213,-0.72332263,0.030039474,0.024745112,-0.8007726,0.023051796
HELP,0.0,0.0,0.0,-0.09570527,-0.12410039,-0.06971299,-0.11146711,-0.30341825,-0.08789954,-0.016968071,-0.4347445,-0.09837085,0.08139742,-0.48949498,-0.10273619,-0.1664332,-0.52521294,0.009380192,-0.17329939,-0.7334345,0.004751453,-0.17109148,-0.85151464,-0.017203243,-0.17066461,-0.95363706,-0.039010163,-0.08793164,-0.54428214,0.026332404,-0.10277264,-0.7586809,0.034363437,-0.106327966,-0.8843717,0.01184547,-0.11129457,-0.9937874,-0.011433671,-0.011732652,-0.52498275,0.031784568,-0.022926053,-0.71497077,0.040061,-0.030539632,-0.83090866,0.019552544,-0.039487373,-0.93195546,-0.0027333833,0.07157441,-0.48393118,0.027017884,0.06635119,-0.6272127,0.033417262,0.053193245,-0.7113452,0.03051099,0.03886157,-0.7875199,0.023204247
HELP,0.0,0.0,0.0,-0.095391646,-0.11885006,-0.06813267,-0.115467906,-0.29352683,-0.087715164,-0.02524771,-0.4250769,-0.09937632,0.06967971,-0.47745964,-0.10507944,-0.1674992,-0.5235296,0.00026219047,-0.17350999,-0.7337619,-0.010599394,-0.16823085,-0.8513954,-0.034712944,-0.16425367,-0.9509186,-0.056941796,-0.08832256,-0.54426956,0.015946837,-0.09858339,-0.76024824,0.018852703,-0.09964953,-0.8851512,-0.0017361938,-0.10144112,-0.9948415,-0.022840735,-0.011755767,-0.5251988,0.020312972,-0.020652466,-0.7196753,0.023516335,-0.026639266,-0.8367318,0.0051782555,-0.033309378,-0.9384344,-0.014565624,0.07145744,-0.4823049,0.01492409,0.0677191,-0.6306757,0.014464674,0.053868596,-0.7183535,0.009465804,0.038174525,-0.7963012,0.0020364297
HELP,0.0,0.0,0.0,-0.09455018,-0.11716554,-0.07122467,-0.114974916,-0.29101908,-0.09062364,-0.025339328,-0.42464134,-0.10144365,0.07188087,-0.4714755,-0.10590449,-0.16452661,-0.52720195,0.0027593712,-0.17008424,-0.73600554,-0.0045183073,-0.16566226,-0.85144454,-0.027221303,-0.1630416,-0.95064354,-0.04915108,-0.08451907,-0.5483088,0.020253332,-0.09482582,-0.76272386,0.026560739,-0.096846975,-0.88696873,0.0068464107,-0.100423545,-0.99494475,-0.014208911,-0.007879723,-0.52788395,0.025956038,-0.017106721,-0.7216023,0.03126718,-0.024016015,-0.8368275,0.012571521,-0.03239747,-0.9347461,-0.0074775442,0.07632981,-0.48474643,0.02151014,0.0727329,-0.63426965,0.023194887,0.057429742,-0.7204,0.018675696,0.04004929,-0.79579973,0.011328078
HELP,0.0,0.0,0.0,-0.09169365,-0.11789609,-0.069483586,-0.11314863,-0.29192683,-0.088359565,-0.026027964,-0.42396095,-0.09858041,0.06790199,-0.47387254,-0.10246894,-0.16533731,-0.5299634,0.004210206,-0.17080499,-0.7354354,-0.0026653055,-0.16679446,-0.84869766,-0.026308829,-0.16567692,-0.9456157,-0.04969029,-0.086006224,-0.5509131,0.02032117,-0.09715997,-0.76233643,0.026520498,-0.09913761,-0.88540715,0.00516748,-0.10392528,-0.9945851,-0.017486598,-0.010833144,-0.5292352,0.025013046,-0.021110967,-0.7224163,0.029929591,-0.026740113,-0.83703274,0.011556449,-0.03372758,-0.936774,-0.008795825,0.07219919,-0.48214915,0.019838473,0.065849915,-0.63026303,0.019980434,0.052229274,-0.7171509,0.015391231,0.037689447,-0.7956348,0.007918418
HELP,0.0,0.0,0.0,-0.08949583,-0.12356939,-0.076912545,-0.10386686,-0.29708534,-0.097847596,-0.014673555,-0.42439345,-0.108658955,0.07660667,-0.47240388,-0.11251125,-0.16332093,-0.52731866,0.0030824428,-0.16752361,-0.73425245,-0.0016468482,-0.16323157,-0.8487088,-0.024095431,-0.16240326,-0.9470129,-0.04625872,-0.08578138,-0.5455016,0.024147637,-0.09556262,-0.759093,0.032651413,-0.09709436,-0.88491946,0.011265578,-0.10049819,-0.99493724,-0.011131946,-0.011104769,-0.5221478,0.03320567,-0.020426705,-0.715909,0.040865526,-0.02556323,-0.8326827,0.021412812,-0.03168586,-0.93283457,0.000577039,0.07187801,-0.4754748,0.031691607,0.06726232,-0.6245303,0.035804033,0.054355618,-0.71175927,0.031900655,0.04000718,-0.7890583,0.024825966
HELP,0.0,0.0,0.0,-0.09050056,-0.11722321,-0.07340412,-0.111516796,-0.28483117,-0.09431319,-0.029937552,-0.41619557,-0.10567075,0.05856208,-0.47138646,-0.11040327,-0.1615085,-0.52585244,-0.0032706761,-0.16838892,-0.73312235,-0.013357717,-0.16471057,-0.8490694,-0.038043503,-0.16318177,-0.94825894,-0.06146642,-0.081537366,-0.5472845,0.015111175,-0.09379207,-0.76201546,0.018673224,-0.095400035,-0.88511604,-0.0028111415,-0.10044522,-0.9949426,-0.025807587,-0.0070735635,-0.52725285,0.021822797,-0.01664296,-0.7198073,0.023952497,-0.02354123,-0.8352701,0.0039435755,-0.031540785,-0.93395513,-0.017554156,0.07575884,-0.48341933,0.018490842,0.07101416,-0.6299872,0.017163092,0.05791387,-0.7170781,0.010437225,0.043430068,-0.7956257,0.000971468
HELP,0.0,0.0,0.0,-0.09135743,-0.116516724,-0.07100989,-0.110127516,-0.29299086,-0.09049052,-0.024767425,-0.42748708,-0.101201095,0.06798486,-0.4729192,-0.105369374,-0.15819035,-0.529431,0.002667229,-0.16556491,-0.73673296,-0.0038511644,-0.1614539,-0.8503182,-0.02665947,-0.15954587,-0.9471895,-0.049330894,-0.07862401,-0.5502478,0.019833904,-0.09147402,-0.76388377,0.026702711,-0.09282472,-0.8860321,0.006331808,-0.096945465,-0.99528974,-0.015941596,-0.004534315,-0.5288579,0.025551021,-0.014790133,-0.7214217,0.032173872,-0.020915465,-0.83618695,0.014503284,-0.027784737,-0.93502235,-0.0059964745,0.077766635,-0.48256674,0.021063836,0.07187383,-0.6291261,0.024846617,0.05834267,-0.7155402,0.021549769,0.043882817,-0.79340494,0.01404633
HELP,0.0,0.0,0.0,-0.09087106,-0.12196263,-0.07452779,-0.10938294,-0.29178923,-0.09353436,-0.025618404,-0.42190593,-0.10206269,0.06347923,-0.47315058,-0.10339259,-0.15942957,-0.5332058,0.0028572965,-0.16645646,-0.7409239,-0.000640837,-0.1626232,-0.8536427,-0.021706423,-0.16095497,-0.9492169,-0.043089435,-0.07891842,-0.55171394,0.024390934,-0.091483615,-0.76696926,0.03486192,-0.093307726,-0.8879729,0.01573978,-0.0973035,-0.9952547,-0.006180052,-0.0040080273,-0.5287303,0.03421646,-0.01394525,-0.71993744,0.043619256,-0.019873977,-0.8339702,0.02542052,-0.025889197,-0.93179303,0.0039983224,0.07981102,-0.4817504,0.033732053,0.07597589,-0.6278654,0.039421536,0.06345622,-0.7125819,0.035670023,0.049773913,-0.78839546,0.02745863
HELP,0.0,0.0,0.0,-0.08994943,-0.122600906,-0.070051335,-0.10990962,-0.29577762,-0.08913596,-0.02872664,-0.4245743,-0.09916441,0.060736865,-0.46818274,-0.10250762,-0.15879776,-0.53517187,0.0045240205,-0.16691382,-0.7385685,-0.00038276712,-0.16311613,-0.8489064,-0.02314629,-0.16180143,-0.9435726,-0.046322268,-0.08056697,-0.5529598,0.021923099,-0.09343102,-0.76511997,0.02938368,-0.094960906,-0.88556826,0.00798019,-0.09930262,-0.9950573,-0.015398122,-0.00630255,-0.52928114,0.028135644,-0.01701176,-0.72153866,0.03505928,-0.022388216,-0.8360936,0.01592372,-0.028401354,-0.935276,-0.005802579,0.07725665,-0.48018527,0.024466664,0.07179018,-0.6293637,0.028167922,0.059059385,-0.71615595,0.023934456,0.045377895,-0.7943955,0.015504036
HELP,0.0,0.0,0.0,-0.0939244,-0.119520776,-0.070729904,-0.117037885,-0.29022,-0.09020427,-0.033430748,-0.42359522,-0.10066183,0.05847931,-0.4726194,-0.10444988,-0.16259107,-0.52979404,0.00088344037,-0.1683972,-0.7396733,-0.005711904,-0.1643311,-0.85353154,-0.027552191,-0.16291387,-0.95026314,-0.049048286,-0.0831417,-0.54829895,0.01878261,-0.09506145,-0.7651011,0.025384456,-0.09684195,-0.88692915,0.006216618,-0.1016187,-0.99482346,-0.014904868,-0.00816039,-0.52596647,0.025349608,-0.017762654,-0.7197855,0.03134795,-0.023456719,-0.83456576,0.013539509,-0.029810812,-0.93240637,-0.006661409,0.07453442,-0.47970057,0.021960799,0.07000046,-0.62672263,0.025168747,0.05766828,-0.71398675,0.021546979,0.045410182,-0.7918148,0.014146033
HELP,0.0,0.0,0.0,-0.09316139,-0.1239185,-0.06460727,-0.114448145,-0.296519,-0.08149518,-0.031730443,-0.426431,-0.09086485,0.058910448,-0.47334817,-0.09417642,-0.16105895,-0.5298256,0.008217214,-0.16813146,-0.73581433,0.0013860203,-0.16332398,-0.8485974,-0.022009782,-0.16082662,-0.944592,-0.045194503,-0.08227651,-0.54906726,0.022168012,-0.09431835,-0.76444054,0.028083583,-0.095105216,-0.885273,0.0067436215,-0.09972594,-0.99501497,-0.016372839,-0.0076435376,-0.5277996,0.025004013,-0.017115274,-0.72093403,0.029879915,-0.023154644,-0.83405435,0.01113905,-0.029895796,-0.93225986,-0.01005986,0.07720222,-0.48127025,0.01834596,0.07264837,-0.62954265,0.019935872,0.06072338,-0.71633965,0.015580456,0.04786679,-0.79527634,0.007204122
HELP,0.0,0.0,0.0,-0.09330371,-0.12607308,-0.066013806,-0.11209162,-0.30023253,-0.08386417,-0.025385447,-0.43210375,-0.09400181,0.06862915,-0.4698219,-0.09772162,-0.16144131,-0.5299197,0.011646271,-0.16654855,-0.7357151,0.007847655,-0.16085559,-0.8472191,-0.014261383,-0.15809944,-0.9415856,-0.036828313,-0.081569985,-0.5483049,0.02668859,-0.09230744,-0.76452357,0.034820262,-0.09202186,-0.88696235,0.013141268,-0.09600886,-0.99538046,-0.010273417,-0.0060300087,-0.5261976,0.030611495,-0.01447615,-0.71894276,0.037674397,-0.01955108,-0.8339392,0.018340651,-0.025138576,-0.9306441,-0.0033773705,0.07962857,-0.48022103,0.024872098,0.07818826,-0.62574637,0.029994737,0.06734567,-0.71205133,0.026953543,0.055836838,-0.7881472,0.01914472
HELP,0.0,0.0,0.0,-0.09474864,-0.11736256,-0.07112607,-0.11958619,-0.28736812,-0.092567615,-0.038839873,-0.42265266,-0.10542504,0.05111757,-0.46938962,-0.11088995,-0.16577868,-0.52774674,0.0019853234,-0.17332657,-0.7377526,-0.005464592,-0.16796203,-0.852014,-0.02813075,-0.16529718,-0.94972223,-0.04983267,-0.08680091,-0.5471156,0.01952524,-0.09866688,-0.7634298,0.02573915,-0.09876825,-0.8873676,0.006935448,-0.10224627,-0.9947591,-0.013588478,-0.011315065,-0.5264133,0.025520794,-0.021428976,-0.7211092,0.031977028,-0.02660102,-0.8364814,0.016363299,-0.032639116,-0.93282336,-0.0019387695,0.07261263,-0.48364428,0.021235097,0.06743905,-0.62897396,0.026722737,0.05461496,-0.71665037,0.025802962,0.042492542,-0.7941478,0.020484485
HELP,0.0,0.0,0.0,-0.09536053,-0.11853993,-0.07115024,-0.11591537,-0.2928065,-0.08866516,-0.03460894,-0.42767864,-0.096811354,0.053771995,-0.47449526,-0.097656116,-0.16645154,-0.5284728,0.0066781803,-0.17298955,-0.73626024,0.0022314969,-0.16715887,-0.8508328,-0.018886555,-0.1635279,-0.9481863,-0.039542627,-0.087266706,-0.54640687,0.026048742,-0.09808172,-0.76144576,0.034880795,-0.09788396,-0.8860503,0.01643161,-0.09995323,-0.9949921,-0.0037909322,-0.011383712,-0.52403784,0.033761658,-0.021974372,-0.717892,0.04106046,-0.02825841,-0.83391047,0.024763614,-0.033803165,-0.9320879,0.0061255335,0.07427077,-0.48059973,0.03143002,0.06822764,-0.6269791,0.036704697,0.05596927,-0.71344024,0.035493504,0.044743996,-0.7907236,0.030101271
HELP,0.0,0.0,0.0,-0.09244206,-0.13207683,-0.07669916,-0.10730043,-0.30708912,-0.095751464,-0.022157151,-0.43873826,-0.10490882,0.06872086,-0.48172432,-0.10674299,-0.16302277,-0.533003,0.012012181,-0.16916157,-0.7395763,0.009979515,-0.16243264,-0.85278916,-0.0116604045,-0.15859866,-0.9505059,-0.033442758,-0.08343355,-0.5487229,0.03418544,-0.092622206,-0.7601179,0.045007795,-0.091970444,-0.8851443,0.024187922,-0.09261533,-0.99570197,0.001734376,-0.00699185,-0.5253608,0.043639783,-0.0154485535,-0.7168542,0.052864093,-0.020970108,-0.8324645,0.033979457,-0.026521353,-0.9318237,0.013423028,0.07772822,-0.48071474,0.04230189,0.07251789,-0.62933975,0.04914303,0.058833864,-0.715546,0.046572722,0.044881094,-0.792858,0.03986437
HELP,0.0,0.0,0.0,-0.09015072,-0.123212054,-0.06170719,-0.10921161,-0.30024293,-0.07807704,-0.03246925,-0.43611917,-0.08696443,0.052273635,-0.48592302,-0.089476764,-0.16032815,-0.5381474,0.01061393,-0.16381109,-0.7412034,0.00516072,-0.15971978,-0.85152674,-0.018178234,-0.15977153,-0.9456151,-0.042121038,-0.08209627,-0.5579379,0.023033634,-0.090645686,-0.7697207,0.029259138,-0.0903553,-0.8871216,0.006552069,-0.09621451,-0.9953606,-0.017891107,-0.008471428,-0.5367771,0.025122251,-0.015946269,-0.72781056,0.030482247,-0.02014357,-0.84057903,0.011736719,-0.026019214,-0.9387255,-0.010083247,0.07589304,-0.48743883,0.018160956,0.07211822,-0.6349332,0.020440696,0.061714016,-0.7214434,0.016501259,0.049801543,-0.7996162,0.008176304
HELP,0.0,0.0,0.0,-0.09286522,-0.12087334,-0.07446746,-0.11291489,-0.29365277,-0.094753735,-0.03002289,-0.430044,-0.104919046,0.06274835,-0.48278782,-0.107886255,-0.16808885,-0.53924763,0.00287482,-0.1731773,-0.74538654,-0.0019971672,-0.1694692,-0.8570003,-0.024375455,-0.1688495,-0.9527349,-0.047106825,-0.088133164,-0.5575228,0.022606324,-0.098449156,-0.76774466,0.03123892,-0.09892531,-0.8875372,0.012281249,-0.10222063,-0.99476177,-0.009148338,-0.011762092,-0.53495276,0.030372519,-0.021334518,-0.72831446,0.03716777,-0.02801446,-0.8428391,0.019360933,-0.036448866,-0.94475657,-0.001070587,0.07191862,-0.48737335,0.027883181,0.066425644,-0.63805646,0.029653562,0.053336587,-0.7254104,0.025454149,0.03970392,-0.80571437,0.017932257
HELP,0.0,0.0,0.0,-0.09249303,-0.1213407,-0.06531805,-0.11100507,-0.30218768,-0.08233521,-0.026743876,-0.43705314,-0.09194579,0.067048416,-0.47982392,-0.095133156,-0.16711466,-0.53194845,0.008976926,-0.1723141,-0.7401132,0.0035665263,-0.16755311,-0.8539689,-0.017954629,-0.16533712,-0.95095766,-0.039492454,-0.08891745,-0.5513626,0.022883166,-0.09777589,-0.76275647,0.029871535,-0.097557604,-0.8861181,0.0100062555,-0.0994109,-0.9950465,-0.011079225,-0.011862762,-0.5300619,0.02568379,-0.021561155,-0.7241505,0.0319117,-0.027276913,-0.8394839,0.014618026,-0.034651287,-0.94046664,-0.0047541647,0.07175054,-0.4844082,0.018878534,0.06462609,-0.6326601,0.02209077,0.05165352,-0.7199338,0.019986304,0.03940189,-0.79898775,0.014197741
HELP,0.0,0.0,0.0,-0.09250928,-0.12152718,-0.07559262,-0.10930959,-0.30262288,-0.09361067,-0.02630416,-0.43804145,-0.10133449,0.065676555,-0.48716652,-0.10164791,-0.16583902,-0.53522444,0.0049676476,-0.17034137,-0.7444192,0.0014023972,-0.16451403,-0.85880256,-0.019101668,-0.16085991,-0.95688397,-0.03973111,-0.085809976,-0.5527862,0.02689449,-0.09498932,-0.76351774,0.03672545,-0.094818346,-0.8865245,0.0188606,-0.09601461,-0.9953799,-0.0009229653,-0.009281437,-0.5303073,0.036635872,-0.01869545,-0.7224292,0.044975173,-0.025258608,-0.8370419,0.02872629,-0.032412566,-0.93737787,0.010189796,0.074205376,-0.48613313,0.035836272,0.06675414,-0.63486826,0.03949252,0.052183192,-0.7213231,0.036460645,0.037281673,-0.80046946,0.030335885
HELP,0.0,0.0,0.0,-0.096034676,-0.12324628,-0.07276222,-0.11339719,-0.3027941,-0.090892404,-0.028577128,-0.43782014,-0.09960698,0.06541013,-0.48739466,-0.10110146,-0.16771549,-0.5368142,0.007568201,-0.17273186,-0.74609786,0.0042045712,-0.16883132,-0.85990727,-0.016264932,-0.16709024,-0.9573836,-0.037016083,-0.0872896,-0.55426884,0.027279798,-0.097968645,-0.76499075,0.036948416,-0.09908393,-0.88780296,0.018897053,-0.101570584,-0.9948284,-0.0011453809,-0.010074442,-0.53197926,0.034933466,-0.020741139,-0.7251555,0.043141227,-0.028136631,-0.84021366,0.026547171,-0.036697384,-0.9404528,0.0076278695,0.07397526,-0.48813257,0.032261625,0.06714674,-0.63785136,0.035688065,0.052447822,-0.72554755,0.032498132,0.037334457,-0.8051199,0.026147764
HELP,0.0,0.0,0.0,-0.09438142,-0.12338321,-0.0667546,-0.11131135,-0.30657774,-0.08283906,-0.028164715,-0.44466808,-0.090687156,0.063015416,-0.49093416,-0.09148593,-0.17053324,-0.5370566,0.013772833,-0.17469,-0.7450661,0.012141916,-0.16947573,-0.85703444,-0.0075673633,-0.16693729,-0.9522324,-0.027931958,-0.09132936,-0.5545746,0.030334666,-0.10004326,-0.76553875,0.041601244,-0.09983168,-0.88808304,0.023733877,-0.10117725,-0.99486846,0.003941574,-0.013943021,-0.5315276,0.035506114,-0.024254339,-0.72485477,0.045854874,-0.030919572,-0.8397443,0.03029925,-0.03915722,-0.9401518,0.011782759,0.07014889,-0.48544616,0.030846013,0.062567726,-0.63460475,0.036599215,0.048233677,-0.72080535,0.03563989,0.034028877,-0.7979593,0.03082294
HELP,0.0,0.0,0.0,-0.09338969,-0.12720777,-0.07076369,-0.110017754,-0.3044277,-0.08836084,-0.02605047,-0.4407371,-0.09706672,0.06522668,-0.49025545,-0.09898852,-0.16547008,-0.53385293,0.013782356,-0.1709979,-0.73805636,0.011435545,-0.1654911,-0.8496906,-0.010167689,-0.16209272,-0.9447194,-0.032133166,-0.085503235,-0.55080545,0.032774884,-0.095824674,-0.7623953,0.043541763,-0.0966984,-0.8853981,0.023881383,-0.09900926,-0.99508655,0.0020442063,-0.009693378,-0.5274897,0.03964966,-0.018876374,-0.72017944,0.04894288,-0.02616315,-0.83445674,0.031792045,-0.033889294,-0.933618,0.011846193,0.073512375,-0.48108888,0.03629143,0.067508675,-0.63058704,0.040933616,0.053291924,-0.7173042,0.037967402,0.038423922,-0.79593396,0.031066203
HELP,0.0,0.0,0.0,-0.09403533,-0.12180797,-0.06830034,-0.11182696,-0.2989237,-0.08709846,-0.024621485,-0.43445674,-0.09791029,0.07015246,-0.48781326,-0.10249997,-0.16706142,-0.53328854,0.009306283,-0.1714078,-0.739196,0.0032731746,-0.16653775,-0.8529594,-0.02041273,-0.1644782,-0.9506664,-0.04409136,-0.08743807,-0.55282706,0.02470051,-0.09701566,-0.76303047,0.0314812,-0.09703573,-0.8849828,0.010019098,-0.099404454,-0.99504715,-0.013024475,-0.011709272,-0.5311953,0.028429752,-0.021275083,-0.72425926,0.034073915,-0.02733032,-0.83922404,0.015675647,-0.034961525,-0.94085884,-0.0050146542,0.072137155,-0.4845766,0.022289097,0.06564664,-0.63657904,0.02339656,0.051530622,-0.7246169,0.019287823,0.036210597,-0.80509514,0.011760964
HELP,0.0,0.0,0.0,-0.0970648,-0.12164216,-0.06523558,-0.11601883,-0.30093443,-0.08097451,-0.02763292,-0.43682256,-0.089232974,0.067988835,-0.48775077,-0.0913857,-0.16867828,-0.5272505,0.01077747,-0.17236623,-0.73700607,0.004975763,-0.16729999,-0.8530049,-0.017031651,-0.16510817,-0.9518291,-0.03882358,-0.089601904,-0.54884124,0.02542028,-0.09838251,-0.7618962,0.032635957,-0.098236755,-0.88537127,0.013028017,-0.1002395,-0.99496335,-0.008030477,-0.01309184,-0.52936876,0.028660094,-0.022702174,-0.72436583,0.03489381,-0.028968826,-0.84037524,0.017581768,-0.03701349,-0.94212794,-0.0019519216,0.07095187,-0.48549908,0.022265874,0.06482913,-0.6367739,0.023689747,0.05131832,-0.7248276,0.020271758,0.036497634,-0.80358505,0.013683813
HELP,0.0,0.0,0.0,-0.09771238,-0.122147396,-0.068140365,-0.11660039,-0.30150598,-0.084618226,-0.027685288,-0.43777454,-0.093080424,0.06839992,-0.4887906,-0.095168725,-0.16844921,-0.52678365,0.010180501,-0.17280662,-0.73722,0.0049969126,-0.16740213,-0.85388225,-0.016796835,-0.1645875,-0.9537141,-0.038500268,-0.08832742,-0.5478976,0.026702052,-0.09810572,-0.7615366,0.03456557,-0.09793981,-0.8853931,0.014888512,-0.09983234,-0.9950043,-0.006296349,-0.011437681,-0.52811784,0.03148634,-0.02149346,-0.7235037,0.037936844,-0.02787526,-0.8401533,0.020035626,-0.03570872,-0.94143367,0.00021310302,0.07390784,-0.48492366,0.026370592,0.06748228,-0.6358626,0.02789259,0.05195749,-0.72425115,0.023692442,0.034385614,-0.80305874,0.016527312
HELP,0.0,0.0,0.0,-0.09493966,-0.11735212,-0.069171764,-0.113859,-0.2965212,-0.087890014,-0.02618412,-0.43326652,-0.09833611,0.07033919,-0.48280662,-0.10249675,-0.16779408,-0.53330773,0.008196941,-0.17237195,-0.739981,0.0035159125,-0.16790138,-0.8537112,-0.018819217,-0.16600654,-0.9518336,-0.04148072,-0.08869283,-0.55298793,0.02439579,-0.098133214,-0.7634461,0.033332847,-0.09920561,-0.88526404,0.014061901,-0.10187668,-0.994797,-0.007114899,-0.01300162,-0.5318911,0.029061552,-0.022744188,-0.7252607,0.03760184,-0.028984139,-0.83935875,0.022370111,-0.036269654,-0.94009423,0.003886411,0.070166156,-0.48591775,0.02351488,0.06267438,-0.6366221,0.027291976,0.049227387,-0.7232996,0.0258287,0.035181463,-0.8023007,0.020472132
HELP,0.0,0.0,0.0,-0.09566148,-0.118354425,-0.06914555,-0.11330418,-0.29949757,-0.08755866,-0.026480718,-0.4381961,-0.097853675,0.0669302,-0.48911512,-0.101732664,-0.16929801,-0.5251594,0.00786165,-0.17430064,-0.7357226,0.002056575,-0.16870092,-0.8529022,-0.020649908,-0.16578203,-0.95268476,-0.043000646,-0.08858354,-0.5471492,0.024542896,-0.099021204,-0.76211005,0.03195169,-0.099108234,-0.8855473,0.011530412,-0.10154594,-0.99483085,-0.010234246,-0.0127796875,-0.52818626,0.029769115,-0.023181135,-0.72335005,0.0368177,-0.029575301,-0.83955455,0.020133553,-0.036349397,-0.9391353,0.00089878537,0.0714421,-0.48544982,0.02495237,0.064134076,-0.6364654,0.028784385,0.049500756,-0.72444224,0.02674086,0.033490073,-0.80284953,0.020777406
HELP,0.0,0.0,0.0,-0.096220955,-0.13074997,-0.06839341,-0.112193145,-0.30459353,-0.08383577,-0.023079045,-0.43509117,-0.09047419,0.07141427,-0.484207,-0.09041873,-0.17122987,-0.53592765,0.019357149,-0.17447178,-0.74238914,0.020278372,-0.16898015,-0.85539,-0.00011657577,-0.16677865,-0.95168537,-0.021718362,-0.092214525,-0.5520703,0.037949268,-0.1003375,-0.76370347,0.05243071,-0.100556575,-0.8854371,0.033338234,-0.102418825,-0.9947414,0.011556355,-0.016522478,-0.5289559,0.044571307,-0.025086008,-0.72221285,0.057245485,-0.030879647,-0.8360105,0.0402746,-0.037458792,-0.935655,0.020021757,0.06811984,-0.4823999,0.04110524,0.06235407,-0.63550454,0.047431264,0.04985781,-0.7213773,0.04507661,0.035904784,-0.798065,0.03861188
HELP,0.0,0.0,0.0,-0.09792886,-0.12225977,-0.07076429,-0.116050914,-0.3029362,-0.088609,-0.032083776,-0.43733793,-0.09779832,0.06000558,-0.4842944,-0.10001426,-0.17186871,-0.5275131,0.010534079,-0.17939724,-0.7332117,0.0063438825,-0.17376314,-0.84540254,-0.015613684,-0.1702834,-0.94160295,-0.03732554,-0.092744306,-0.5475788,0.028826512,-0.10501411,-0.7609641,0.037985295,-0.105344824,-0.884241,0.017793356,-0.108171195,-0.9941323,-0.004321879,-0.017005477,-0.52799535,0.035060097,-0.027697075,-0.72192305,0.0432055,-0.034174718,-0.8355106,0.024502393,-0.041363638,-0.9339835,0.0035820166,0.065484606,-0.4874012,0.031087985,0.05884417,-0.63495135,0.03639718,0.045368712,-0.7215081,0.033001214,0.032039817,-0.8005104,0.025478335
HELP,0.0,0.0,0.0,-0.096179985,-0.1223625,-0.06863173,-0.11529788,-0.30001393,-0.085005976,-0.030248916,-0.43484193,-0.093109466,0.061931923,-0.48133397,-0.09476244,-0.17005451,-0.5267372,0.012550494,-0.17681737,-0.7331347,0.009320952,-0.17205961,-0.84676296,-0.01213883,-0.16959465,-0.94310564,-0.03372665,-0.089675665,-0.5468982,0.030048063,-0.10149975,-0.7604807,0.040103797,-0.10286388,-0.8843793,0.020090926,-0.10612888,-0.9943524,-0.0019201945,-0.012724813,-0.52672744,0.035777587,-0.023190299,-0.7196047,0.044784714,-0.031261567,-0.83427334,0.02647679,-0.039665703,-0.9332398,0.005579093,0.072409034,-0.48277727,0.031491697,0.06690196,-0.63034034,0.03665433,0.052475307,-0.7162371,0.033487428,0.0373273,-0.7936156,0.026164593
HELP,0.0,0.0,0.0,-0.09826461,-0.11741098,-0.061941784,-0.121590376,-0.29634875,-0.07707013,-0.03976643,-0.43383652,-0.08548197,0.051516112,-0.48002863,-0.08739552,-0.17546965,-0.52371466,0.01229323,-0.18133235,-0.7324033,0.00774237,-0.17480654,-0.84582734,-0.012190816,-0.16999733,-0.9405731,-0.031678416,-0.09558778,-0.54483134,0.025837535,-0.1065417,-0.76186806,0.034740813,-0.10684457,-0.8870393,0.017429704,-0.1085631,-0.99408954,-0.0017115037,-0.017036214,-0.52586156,0.02841556,-0.028390754,-0.7213424,0.037105978,-0.03495518,-0.8369621,0.021819072,-0.04156589,-0.9345898,0.0036563373,0.06826287,-0.48351675,0.021551503,0.061501462,-0.6296789,0.02732038,0.046907715,-0.71758103,0.0267314,0.0334715,-0.79509854,0.021871308
HELP,0.0,0.0,0.0,-0.10199834,-0.118362516,-0.06033567,-0.12492372,-0.2952299,-0.07510688,-0.039045654,-0.43070596,-0.083945505,0.054187726,-0.47687268,-0.08654714,-0.1740509,-0.5227717,0.015855158,-0.18092781,-0.7331747,0.011382116,-0.17476907,-0.84773934,-0.009093968,-0.17003606,-0.94459015,-0.028957948,-0.0945092,-0.543529,0.028028777,-0.10528012,-0.7606958,0.037357666,-0.1058118,-0.8864822,0.01909309,-0.10738503,-0.9942175,-0.00077758206,-0.016635979,-0.5242956,0.029123913,-0.027358418,-0.72138536,0.038214765,-0.033363905,-0.8382918,0.02268298,-0.04023475,-0.9370222,0.0044790218,0.06817993,-0.4815662,0.020789532,0.060793377,-0.6300237,0.027290624,0.045757737,-0.71838397,0.027462298,0.030874256,-0.79609835,0.023163892
HELP,0.0,0.0,0.0,-0.09667685,-0.12032132,-0.066173054,-0.115785055,-0.29317167,-0.08228274,-0.03508022,-0.4287594,-0.08982428,0.049573567,-0.47733456,-0.090932965,-0.17280996,-0.5265287,0.010828056,-0.17637381,-0.73488736,0.0071665943,-0.16899137,-0.8475544,-0.0147523945,-0.16460201,-0.94253176,-0.037084468,-0.0920155,-0.5457146,0.026835732,-0.10092896,-0.7620027,0.035862222,-0.099177174,-0.88448757,0.014910038,-0.10106577,-0.9948798,-0.008220724,-0.016103303,-0.52360684,0.031803843,-0.024750637,-0.71879834,0.03877964,-0.029701356,-0.83323276,0.020403808,-0.034681916,-0.9319841,-0.0006966709,0.06989717,-0.4749545,0.027379707,0.06348394,-0.6253842,0.030024204,0.05064556,-0.7133012,0.026515812,0.037184805,-0.79311335,0.01886574
HELP,0.0,0.0,0.0,-0.09911552,-0.11640982,-0.0694454,-0.118316725,-0.29165238,-0.087748036,-0.033527005,-0.42923734,-0.0974489,0.056531385,-0.47593772,-0.1006355,-0.169809,-0.5245593,0.009793213,-0.17475028,-0.73307604,0.0067145685,-0.16874297,-0.8476199,-0.015032161,-0.16530368,-0.94622606,-0.03707785,-0.08707069,-0.54549897,0.02704071,-0.097560085,-0.7607374,0.037510384,-0.09749646,-0.885245,0.017561797,-0.10029785,-0.9949574,-0.004513119,-0.010273376,-0.52432156,0.03298008,-0.020574814,-0.7173264,0.042847235,-0.027591359,-0.8331633,0.027118929,-0.03492478,-0.93194276,0.008042479,0.0756141,-0.47825065,0.028761536,0.066933185,-0.6275139,0.035612326,0.052318472,-0.713554,0.035754457,0.037104607,-0.7899045,0.030921895
HELP,0.0,0.0,0.0,-0.09844272,-0.11782455,-0.07321587,-0.11750825,-0.29459408,-0.092823714,-0.028544681,-0.43121228,-0.10335971,0.06273728,-0.48726705,-0.10731703,-0.17149504,-0.5276938,0.0041586882,-0.1744662,-0.73855156,-0.0033407882,-0.16799189,-0.8549208,-0.026593797,-0.16391695,-0.95389825,-0.04869661,-0.088217616,-0.5456312,0.02258531,-0.09753453,-0.7607466,0.027936026,-0.09781265,-0.8856759,0.006930477,-0.09972068,-0.99501544,-0.014913238,-0.01025851,-0.5237307,0.028876401,-0.019785967,-0.720003,0.032331996,-0.026452605,-0.83575135,0.013706037,-0.03307289,-0.93615234,-0.0059293644,0.0744691,-0.4798676,0.025022492,0.06646695,-0.631764,0.025111472,0.050110612,-0.7200279,0.020941216,0.033576652,-0.8003966,0.014074236
HELP,0.0,0.0,0.0,-0.10025524,-0.119624585,-0.065383494,-0.12250574,-0.289828,-0.08441331,-0.0323259,-0.42001382,-0.0964188,0.0638557,-0.46601602,-0.10242524,-0.16562165,-0.52823204,0.007621394,-0.1723011,-0.73526496,-0.0018438277,-0.16766593,-0.8491532,-0.026503017,-0.1641627,-0.94683194,-0.04977152,-0.08517803,-0.5467001,0.02057782,-0.097222425,-0.7607107,0.023547824,-0.09953912,-0.88464725,0.0019618804,-0.103360444,-0.9946439,-0.01999323,-0.00834324,-0.52506983,0.022001784,-0.019467268,-0.7210249,0.02433047,-0.02705489,-0.8373459,0.0064994637,-0.03553507,-0.9386638,-0.012514103,0.07763469,-0.47820994,0.01374995,0.069569334,-0.62985885,0.013012787,0.05230407,-0.7173757,0.009537034,0.03330381,-0.79601765,0.0032526813
HELP,0.0,0.0,0.0,-0.09798411,-0.11870515,-0.070659906,-0.12019213,-0.28599265,-0.092734315,-0.035848442,-0.42012653,-0.10628444,0.05255986,-0.47925732,-0.113481924,-0.17405374,-0.5280343,0.0052544554,-0.17772852,-0.73717403,-0.0019424866,-0.17158648,-0.851223,-0.0271762,-0.16943003,-0.94964236,-0.052014396,-0.09206929,-0.5470642,0.02095016,-0.10202235,-0.7620033,0.026933413,-0.10261751,-0.88402677,0.0029210667,-0.106590055,-0.9943031,-0.022399893,-0.015391551,-0.5252257,0.025318604,-0.025390448,-0.72302324,0.030588388,-0.030714972,-0.83780175,0.012447447,-0.036072005,-0.937854,-0.008423642,0.07162272,-0.47628957,0.019775476,0.06256469,-0.6282091,0.022337362,0.047877017,-0.71551985,0.020492915,0.033145934,-0.79415846,0.014210547
HELP,0.0,0.0,0.0,-0.10140575,-0.12252547,-0.06736254,-0.12231457,-0.29381168,-0.0861328,-0.030385982,-0.4283213,-0.09738696,0.06400718,-0.47939005,-0.102413796,-0.17254345,-0.5261724,0.0103639625,-0.17727882,-0.7356376,0.0037654473,-0.17104301,-0.8499303,-0.019752672,-0.1661141,-0.94838464,-0.042465165,-0.090950005,-0.5450504,0.025484288,-0.100734435,-0.7599445,0.032082938,-0.10167556,-0.88423926,0.010383748,-0.103655264,-0.9946133,-0.012298236,-0.013296526,-0.5238308,0.028962713,-0.021598456,-0.7199515,0.03466151,-0.027935669,-0.8351758,0.016472425,-0.034564838,-0.9349587,-0.003443962,0.07339225,-0.47791246,0.022570174,0.06731684,-0.6288536,0.024974564,0.05103055,-0.7159563,0.0221079,0.033862885,-0.79446006,0.015787927
HELP,0.0,0.0,0.0,-0.10833185,-0.12125736,-0.063849345,-0.13645945,-0.29728273,-0.081903055,-0.042100146,-0.42969787,-0.09365937,0.052004553,-0.4767984,-0.09911635,-0.18326148,-0.52942455,0.011683532,-0.19307081,-0.74009866,0.006047722,-0.18857488,-0.8565597,-0.015772274,-0.18616405,-0.955912,-0.036270324,-0.100672446,-0.5494643,0.025113694,-0.11135538,-0.7649067,0.033681765,-0.11078074,-0.88936687,0.015434124,-0.11196723,-0.9937119,-0.0031870173,-0.021686383,-0.52904207,0.027283998,-0.032399774,-0.72469926,0.03632478,-0.038900282,-0.84107596,0.021870054,-0.04702247,-0.9382861,0.00536949,0.06303588,-0.48507425,0.019565046,0.057666007,-0.6321873,0.027105017,0.04576089,-0.7196626,0.028933886,0.033347122,-0.7976279,0.026793811
HELP,0.0,0.0,0.0,-0.10607404,-0.10520979,-0.054869875,-0.13755019,-0.280226,-0.07244273,-0.055903908,-0.42059404,-0.08509315,0.034445375,-0.46657842,-0.09289772,-0.17188159,-0.51637006,0.0010002626,-0.18329582,-0.7222738,-0.0115403095,-0.1816885,-0.84042686,-0.035211492,-0.17972693,-0.9404571,-0.056589182,-0.09123098,-0.54367226,0.0077658584,-0.10448979,-0.76115334,0.008624411,-0.10781354,-0.88560456,-0.009699133,-0.11389534,-0.9934927,-0.028530642,-0.015489921,-0.5278992,0.004977247,-0.025676468,-0.7228713,0.007383017,-0.03301511,-0.83846897,-0.0046189046,-0.03967607,-0.93296576,-0.019507755,0.069383904,-0.48493955,-0.00656281,0.06275636,-0.63093984,-0.0018537529,0.05094499,-0.7168616,0.0014620756,0.038113628,-0.79141057,-0.00046904455
HELP,0.0,0.0,0.0,-0.11418506,-0.110314585,-0.05585953,-0.15138265,-0.28216976,-0.07460721,-0.06810455,-0.4128701,-0.08884847,0.022364568,-0.45831862,-0.098096184,-0.17977244,-0.51356584,0.0038733634,-0.19500436,-0.71969235,-0.011101375,-0.19304353,-0.8383683,-0.03734059,-0.18937215,-0.9385713,-0.06047165,-0.09873718,-0.53989244,0.010155844,-0.11656292,-0.75700766,0.007897609,-0.12000228,-0.88198006,-0.013891746,-0.12435562,-0.9922378,-0.034888074,-0.022473034,-0.5240835,0.0062489994,-0.037060983,-0.72142,0.005650676,-0.045809392,-0.84027463,-0.008892093,-0.05231449,-0.938837,-0.025150295,0.06556124,-0.48059702,-0.006478516,0.05591559,-0.6298205,-0.0041723405,0.04193534,-0.7192259,-0.0027262305,0.026967896,-0.7988471,-0.0058865263
HELP,0.0,0.0,0.0,-0.11740515,-0.110523224,-0.06104086,-0.1555555,-0.28954333,-0.083656356,-0.06869334,-0.42620453,-0.10150258,0.024602706,-0.46998605,-0.11521964,-0.17994586,-0.5120904,-0.0042954963,-0.19675663,-0.71493685,-0.023114808,-0.19639333,-0.831818,-0.05233565,-0.19448364,-0.9338893,-0.0780519,-0.09718694,-0.5386241,0.0020839758,-0.118914634,-0.75202274,-0.0042295507,-0.12631033,-0.8782789,-0.02953687,-0.13453445,-0.9909089,-0.05345935,-0.020077877,-0.52162355,-0.002087781,-0.036528632,-0.7152246,-0.0074570314,-0.04696555,-0.83415747,-0.026152112,-0.056690607,-0.9349929,-0.04512585,0.06629114,-0.47813782,-0.015419605,0.05564163,-0.6240994,-0.018471455,0.04002006,-0.7151525,-0.021279039,0.022218961,-0.79788244,-0.027445668
HELP,0.0,0.0,0.0,-0.11480412,-0.103079416,-0.05389751,-0.1605276,-0.28242272,-0.07404069,-0.08096565,-0.42315167,-0.09082404,0.010257853,-0.47103998,-0.10443648,-0.18129556,-0.5031324,-0.006219033,-0.19963445,-0.7107914,-0.02570873,-0.20236816,-0.8310962,-0.053487066,-0.20392737,-0.93385214,-0.07787983,-0.10046301,-0.53024393,-0.004273397,-0.122416526,-0.74778885,-0.012269826,-0.13114446,-0.8772921,-0.03684743,-0.14080837,-0.99003685,-0.059483614,-0.023181273,-0.51538163,-0.011679383,-0.04300625,-0.71198183,-0.018934507,-0.054156154,-0.83249354,-0.0373919,-0.06409697,-0.93414533,-0.055604026,0.062112343,-0.47256547,-0.027275603,0.047905963,-0.6197267,-0.03260164,0.031736575,-0.71024853,-0.035227593,0.015915373,-0.79004854,-0.040646076
HELP,0.0,0.0,0.0,-0.11032797,-0.10423829,-0.053230934,-0.15203851,-0.27550763,-0.07386125,-0.070913106,-0.42183143,-0.09105429,0.017721627,-0.4885265,-0.105649,-0.17041378,-0.50360036,-0.007821754,-0.18610807,-0.71167344,-0.030682791,-0.18664908,-0.8331215,-0.06066908,-0.18483466,-0.93531436,-0.08684221,-0.08697999,-0.53270936,-0.007262248,-0.10659251,-0.75217754,-0.019837512,-0.11236568,-0.8805911,-0.047469836,-0.11968816,-0.9928115,-0.07265682,-0.010787668,-0.51742804,-0.016075647,-0.025428517,-0.7137585,-0.029214976,-0.0338764,-0.8327046,-0.048868567,-0.041072186,-0.93386734,-0.06789782,0.07526606,-0.47099754,-0.032658447,0.065089546,-0.6210334,-0.04377585,0.0505459,-0.71063817,-0.04859783,0.033964857,-0.7901058,-0.05569764
HELP,0.0,0.0,0.0,-0.1139863,-0.10016194,-0.047689736,-0.15997455,-0.26800865,-0.067621,-0.09215149,-0.41669455,-0.0855829,-0.0118924035,-0.4893334,-0.100602835,-0.17042823,-0.50803477,-0.0007428507,-0.18668768,-0.71600235,-0.021520635,-0.1867709,-0.8336224,-0.050048105,-0.1849091,-0.9317789,-0.074833184,-0.0877602,-0.5371744,-0.0030379505,-0.10773752,-0.75962585,-0.012657706,-0.11324898,-0.88549197,-0.038073283,-0.11984135,-0.9927931,-0.061656132,-0.01112978,-0.5233678,-0.014398079,-0.027607607,-0.72417367,-0.023264343,-0.035380926,-0.8402584,-0.039310057,-0.04150216,-0.9384368,-0.05668306,0.07469943,-0.47719443,-0.033300336,0.062458552,-0.62858844,-0.039741497,0.048602466,-0.7179266,-0.04070295,0.034214724,-0.7976002,-0.045347586
HELP,0.0,0.0,0.0,-0.116232656,-0.10346767,-0.047069106,-0.16802524,-0.27055752,-0.0690915,-0.09847648,-0.42052165,-0.089658305,-0.013527886,-0.49452063,-0.107800044,-0.16982493,-0.5082478,-0.0048488462,-0.18324015,-0.7151608,-0.028458532,-0.18300352,-0.8336297,-0.058475394,-0.1809684,-0.9331652,-0.08470241,-0.08789927,-0.53769726,-0.008890928,-0.10559533,-0.76035696,-0.022131663,-0.10871525,-0.886362,-0.048673633,-0.11274764,-0.9936236,-0.07272402,-0.011625153,-0.52352583,-0.021876367,-0.02675008,-0.72442263,-0.034412928,-0.034277942,-0.8433405,-0.051702,-0.040279914,-0.9447108,-0.06974626,0.07417999,-0.475113,-0.04221418,0.06440379,-0.6224681,-0.052769903,0.050676186,-0.7132597,-0.056081306,0.035655815,-0.79438835,-0.062118385
HELP,0.0,0.0,0.0,-0.117175765,-0.09446839,-0.05060337,-0.17360859,-0.2540577,-0.07571497,-0.105724,-0.40183058,-0.09843646,-0.018188063,-0.4793542,-0.117888786,-0.1738661,-0.5075445,-0.01146221,-0.18810952,-0.7151781,-0.037042487,-0.18761748,-0.83218384,-0.06840617,-0.18533891,-0.9304257,-0.09568319,-0.092315786,-0.53745574,-0.01470231,-0.11202674,-0.76035863,-0.02953596,-0.11448379,-0.88522166,-0.056825776,-0.11872107,-0.9929276,-0.08182777,-0.016124448,-0.5244105,-0.027033623,-0.03280364,-0.7265974,-0.040897567,-0.03931051,-0.8417276,-0.057707347,-0.04530164,-0.94109255,-0.07548174,0.07111845,-0.47702515,-0.047012396,0.060847178,-0.6267283,-0.058313802,0.048965912,-0.7153918,-0.061299786,0.03637784,-0.7945326,-0.06713454
HELP,0.0,0.0,0.0,-0.120105594,-0.08767206,-0.045070812,-0.17831461,-0.24584338,-0.067854285,-0.1187545,-0.39448193,-0.08949939,-0.037699487,-0.47246364,-0.10898652,-0.17669272,-0.49432448,-0.0114247985,-0.18853173,-0.70400894,-0.03802928,-0.18820146,-0.8246058,-0.068207905,-0.18598497,-0.92519855,-0.09367188,-0.09493592,-0.52618587,-0.01756344,-0.11163788,-0.75381035,-0.03389685,-0.11420196,-0.8828307,-0.06010222,-0.11743368,-0.9930808,-0.0833312,-0.01675404,-0.51581854,-0.03206017,-0.032824986,-0.7210703,-0.04703965,-0.039672032,-0.839866,-0.06342754,-0.045511555,-0.942407,-0.08019526,0.070552245,-0.47048616,-0.05348953,0.058631252,-0.6226263,-0.06581971,0.04553057,-0.7141447,-0.068426706,0.031404126,-0.7959417,-0.073350295
HELP,0.0,0.0,0.0,-0.12202176,-0.092604905,-0.04821988,-0.17697874,-0.25118157,-0.070352614,-0.11402717,-0.39995295,-0.08955778,-0.031164384,-0.4705818,-0.105908394,-0.17742401,-0.49221808,-0.011735862,-0.18925764,-0.70374984,-0.03622588,-0.18655002,-0.8244321,-0.066660084,-0.18213381,-0.92673403,-0.09282984,-0.095238835,-0.52328193,-0.014913568,-0.11338436,-0.74996823,-0.029270092,-0.11396889,-0.8796813,-0.05629276,-0.117648974,-0.9930552,-0.08045218,-0.019181065,-0.51041824,-0.02649789,-0.03588955,-0.7099361,-0.040469367,-0.040208116,-0.8297078,-0.057570644,-0.04336119,-0.9326415,-0.07465928,0.06943601,-0.46499756,-0.04522353,0.054993805,-0.61966515,-0.05626206,0.04374005,-0.710736,-0.05813385,0.03191383,-0.7925535,-0.06267045
HELP,0.0,0.0,0.0,-0.118644975,-0.10292854,-0.043912314,-0.17009623,-0.26683003,-0.06498686,-0.09409655,-0.40318012,-0.08520413,-0.0027259414,-0.46449557,-0.10357917,-0.17535366,-0.5010679,-0.0057170633,-0.18582387,-0.70265913,-0.031193763,-0.18337145,-0.82233566,-0.063318714,-0.17852546,-0.9258286,-0.09072831,-0.09481579,-0.5283016,-0.0123067,-0.110311754,-0.74761516,-0.02753186,-0.11211525,-0.8785224,-0.05654318,-0.11517916,-0.9933447,-0.08196656,-0.016650623,-0.51446205,-0.0272959,-0.02981574,-0.7104524,-0.04116038,-0.03449099,-0.8325643,-0.05983011,-0.040049538,-0.93852246,-0.07756405,0.07105556,-0.4676954,-0.049405813,0.05882378,-0.62439555,-0.060128886,0.04866657,-0.7172482,-0.06181458,0.03758163,-0.7992199,-0.066050366
HELP,0.0,0.0,0.0,-0.118945576,-0.0876554,-0.049284466,-0.17754959,-0.25793874,-0.06949981,-0.105500996,-0.40699777,-0.087418675,-0.00881266,-0.45992935,-0.10305197,-0.17934914,-0.5001739,-0.008217566,-0.18789567,-0.7030391,-0.030283982,-0.1831639,-0.82283217,-0.059980426,-0.17525825,-0.9262105,-0.08657253,-0.098349884,-0.5312727,-0.0112617,-0.11401706,-0.75049865,-0.022827916,-0.11388704,-0.8796753,-0.04827597,-0.11421998,-0.9934555,-0.07170826,-0.020589203,-0.51784956,-0.023205385,-0.0344906,-0.7134485,-0.03412191,-0.0373434,-0.8324017,-0.050449207,-0.03976954,-0.9366441,-0.067225955,0.0659231,-0.470659,-0.042995315,0.050752953,-0.6255565,-0.051673315,0.04057791,-0.7152671,-0.052599575,0.030779393,-0.79481435,-0.05677503
HELP,0.0,0.0,0.0,-0.12578164,-0.09257203,-0.053290647,-0.17930754,-0.26449502,-0.07440932,-0.10240981,-0.4103361,-0.092446364,0.00039126564,-0.453442,-0.10709972,-0.1795337,-0.5097445,-0.0012842588,-0.1875344,-0.70832723,-0.020035377,-0.18330182,-0.82568794,-0.04978034,-0.17582576,-0.92810315,-0.07663417,-0.097346045,-0.53746176,-0.001109298,-0.11485512,-0.75410014,-0.008077759,-0.11736186,-0.8807406,-0.033437748,-0.12082929,-0.99267334,-0.05742766,-0.018720577,-0.52254146,-0.010551553,-0.032846708,-0.7158315,-0.016228141,-0.039765466,-0.83417416,-0.032456957,-0.047165208,-0.93585694,-0.04983265,0.06947411,-0.47689027,-0.028631743,0.054887824,-0.62789714,-0.03136182,0.042632617,-0.7139717,-0.029983172,0.03076259,-0.7894609,-0.03310373
HELP,0.0,0.0,0.0,-0.120995894,-0.09016838,-0.05372909,-0.17762177,-0.2614684,-0.07459036,-0.10233342,-0.41289333,-0.092413604,-0.0022070697,-0.46669212,-0.1071309,-0.18382339,-0.49882352,-0.0047673467,-0.19366606,-0.7040588,-0.024332916,-0.19114271,-0.8239468,-0.053529736,-0.18711472,-0.92903566,-0.08010277,-0.10288618,-0.5289969,-0.004718504,-0.120653965,-0.74928164,-0.012683049,-0.12261988,-0.878889,-0.037971534,-0.12534107,-0.9921137,-0.062059503,-0.024867862,-0.5157579,-0.014185318,-0.040067326,-0.71148825,-0.02112572,-0.045324482,-0.8317588,-0.03768531,-0.050301023,-0.93457514,-0.05546015,0.06279333,-0.47090173,-0.03219563,0.04794317,-0.62357795,-0.037046958,0.036111735,-0.71259123,-0.03713546,0.025509184,-0.7906714,-0.041336957
HELP,0.0,0.0,0.0,-0.121326536,-0.09436824,-0.05246968,-0.1755761,-0.26454738,-0.0736608,-0.095454365,-0.41098616,-0.09235424,0.0067226463,-0.46290588,-0.10873566,-0.18153845,-0.4938097,-0.005943211,-0.19079816,-0.69855684,-0.02831098,-0.18673919,-0.8221724,-0.059285063,-0.17955847,-0.92945784,-0.08649948,-0.10069906,-0.52406114,-0.0066834865,-0.11786429,-0.74550587,-0.01729338,-0.11996264,-0.8771441,-0.044592395,-0.121831745,-0.99255073,-0.06978489,-0.02261509,-0.51263523,-0.01672761,-0.0355938,-0.7099426,-0.025879057,-0.042421006,-0.83110255,-0.04416186,-0.048956208,-0.93464214,-0.06261227,0.06473151,-0.4702368,-0.035134472,0.052550733,-0.62345785,-0.041434206,0.03989447,-0.7140693,-0.04279366,0.026900673,-0.79299533,-0.047720596
HELP,0.0,0.0,0.0,-0.12173134,-0.09670744,-0.05595119,-0.17314534,-0.2668651,-0.07798444,-0.09346983,-0.41233468,-0.09651542,0.0054517835,-0.4607723,-0.11210468,-0.18468224,-0.5007531,-0.0051499405,-0.19300865,-0.7047054,-0.025710912,-0.1889359,-0.8252663,-0.056460567,-0.18217888,-0.9302336,-0.08387021,-0.10193841,-0.5290042,-0.0036451751,-0.11863755,-0.74810636,-0.013042923,-0.12013384,-0.8780199,-0.040885787,-0.122052506,-0.99252367,-0.066620074,-0.022140652,-0.5157818,-0.011822981,-0.03578301,-0.71215,-0.02038757,-0.04200445,-0.8322056,-0.03998048,-0.04848623,-0.9353013,-0.059420135,0.06635191,-0.47276103,-0.02851744,0.052733853,-0.6247915,-0.03491006,0.039303407,-0.7141552,-0.03723782,0.025346018,-0.7930839,-0.042840026
HELP,0.0,0.0,0.0,-0.12320755,-0.10018592,-0.052197397,-0.17254555,-0.2725453,-0.07227059,-0.0906484,-0.41806388,-0.08977412,0.0084572965,-0.4676273,-0.10476333,-0.18343073,-0.49758133,-0.0020022022,-0.19179113,-0.7036527,-0.022439577,-0.18766598,-0.82533884,-0.05296113,-0.18068112,-0.93075764,-0.07970059,-0.101167135,-0.52612317,-0.0022017623,-0.11925801,-0.7463077,-0.010952283,-0.121465124,-0.8779236,-0.038355716,-0.12329658,-0.9923699,-0.06341372,-0.022003192,-0.51385176,-0.011814021,-0.03729627,-0.7088146,-0.019208957,-0.043850377,-0.83000946,-0.037666727,-0.04876445,-0.93284315,-0.056027893,0.06583204,-0.4724438,-0.029801218,0.04974616,-0.6275337,-0.034544855,0.036754176,-0.7174475,-0.034843206,0.024947241,-0.7952957,-0.03867151
HELP,0.0,0.0,0.0,-0.12157207,-0.102718994,-0.04920388,-0.16913734,-0.27691355,-0.066283695,-0.07995812,-0.4168324,-0.081482805,0.01984614,-0.4755032,-0.09429907,-0.17627588,-0.5061856,0.00510925,-0.1851429,-0.705829,-0.015148021,-0.17928909,-0.8246192,-0.045960616,-0.16852668,-0.9274237,-0.07301064,-0.09370302,-0.53100777,0.0028688838,-0.1108417,-0.7467718,-0.007158094,-0.11280365,-0.87803054,-0.03684164,-0.113636926,-0.9935223,-0.06299378,-0.01577433,-0.5138719,-0.009278396,-0.029269729,-0.70531625,-0.020457583,-0.03594832,-0.8280392,-0.04367556,-0.041222673,-0.9368379,-0.06485472,0.07096574,-0.46714073,-0.029306166,0.059281964,-0.61637473,-0.039830327,0.046361715,-0.70576394,-0.045227982,0.032660834,-0.78800964,-0.05246303
HELP,0.0,0.0,0.0,-0.117159955,-0.101387285,-0.049522743,-0.16940914,-0.2706454,-0.06747708,-0.08902391,-0.41592044,-0.08334528,0.011277569,-0.46595988,-0.09670369,-0.17809807,-0.5047228,0.0024587875,-0.187057,-0.7068316,-0.016643792,-0.18218456,-0.8255586,-0.0467432,-0.1747711,-0.9292783,-0.07420996,-0.096470304,-0.53440326,0.00087278866,-0.112645134,-0.75052893,-0.007376419,-0.113700464,-0.8795251,-0.03409879,-0.11619716,-0.9932262,-0.059256025,-0.019522743,-0.519783,-0.010265215,-0.032872584,-0.7110012,-0.01890033,-0.038640343,-0.8307369,-0.037356623,-0.044032466,-0.9342748,-0.056188215,0.06795419,-0.4729537,-0.029523836,0.05481847,-0.62475,-0.037839644,0.042880706,-0.714491,-0.040564,0.030170333,-0.7944982,-0.046374805
HELP,0.0,0.0,0.0,-0.12038361,-0.10091612,-0.047632072,-0.17443572,-0.2714831,-0.06461773,-0.097071454,-0.41340145,-0.0801338,0.002166754,-0.4535623,-0.092800565,-0.18417262,-0.5052712,0.0057506105,-0.19515441,-0.70528674,-0.013533657,-0.19180699,-0.8252234,-0.04362751,-0.18550843,-0.92921823,-0.07064601,-0.10389074,-0.53341055,0.003125437,-0.12173253,-0.7479499,-0.0055944873,-0.12361876,-0.8773945,-0.031557385,-0.12600453,-0.99202967,-0.055345908,-0.025438325,-0.51925695,-0.009117583,-0.040887754,-0.710403,-0.017761666,-0.04717446,-0.8319353,-0.035456646,-0.05324254,-0.93688756,-0.05294512,0.06331882,-0.47398597,-0.02946335,0.04885311,-0.62464833,-0.036041074,0.03541595,-0.7134603,-0.036975127,0.02193877,-0.7908286,-0.041154508
HELP,0.0,0.0,0.0,-0.12142363,-0.10359449,-0.04747422,-0.17076029,-0.27380484,-0.066153385,-0.09057877,-0.41235977,-0.083408035,0.0065617617,-0.45295906,-0.098284245,-0.1806632,-0.5083384,0.0028733218,-0.19083688,-0.70529205,-0.018881008,-0.18711464,-0.82523495,-0.051273163,-0.17987555,-0.9293454,-0.07962206,-0.10078064,-0.5376281,-0.00030123015,-0.118042916,-0.75012076,-0.010895343,-0.120539054,-0.8784436,-0.03865368,-0.12384773,-0.9923012,-0.06349176,-0.02408528,-0.52359104,-0.012726916,-0.037580196,-0.7123856,-0.02169104,-0.045927398,-0.83117074,-0.039174005,-0.054409333,-0.933954,-0.056571838,0.06326734,-0.47655097,-0.03329577,0.05152799,-0.6265079,-0.03910529,0.04003499,-0.7145342,-0.039088663,0.027066553,-0.7915725,-0.042526923
HELP,0.0,0.0,0.0,-0.116597705,-0.09898569,-0.05116146,-0.16908462,-0.2683335,-0.07117172,-0.0932487,-0.41152027,-0.08909598,0.0035238082,-0.458986,-0.10361805,-0.18479812,-0.51934737,0.005437472,-0.19503891,-0.71257836,-0.012792302,-0.19123183,-0.82947797,-0.043545656,-0.18503597,-0.93221384,-0.07116737,-0.10455931,-0.54646987,0.0044214195,-0.121210605,-0.7546589,-0.0014082122,-0.12360212,-0.8798212,-0.026368827,-0.12713553,-0.9918853,-0.049884476,-0.026815519,-0.5314947,-0.006382476,-0.040444117,-0.71834713,-0.010880475,-0.048202287,-0.8340794,-0.024555674,-0.05664632,-0.9362145,-0.039784163,0.059920013,-0.48390034,-0.026013922,0.04702213,-0.63375443,-0.027754966,0.035360783,-0.71916,-0.024241257,0.023535894,-0.7947215,-0.025291573
HELP,0.0,0.0,0.0,-0.118130766,-0.10375768,-0.042821378,-0.16537988,-0.27721468,-0.05864974,-0.08819554,-0.41430873,-0.07407336,0.0051508425,-0.4533722,-0.087369636,-0.17899731,-0.51294637,0.0079998765,-0.1894326,-0.71019214,-0.012700587,-0.18676297,-0.83066565,-0.043690357,-0.18087113,-0.93350667,-0.07068519,-0.099972725,-0.5374932,0.002645755,-0.11600648,-0.7510273,-0.007541367,-0.11950728,-0.8791132,-0.033839185,-0.12318723,-0.9923835,-0.057021774,-0.023175275,-0.5211238,-0.011726977,-0.037688747,-0.7122034,-0.020282356,-0.046513367,-0.8318059,-0.035917703,-0.05441169,-0.9357009,-0.05159282,0.06333803,-0.4726851,-0.033882037,0.051244672,-0.62295616,-0.039045185,0.038980775,-0.7109928,-0.037463237,0.02657489,-0.78852636,-0.03955668
HELP,0.0,0.0,0.0,-0.12229817,-0.101082385,-0.054900967,-0.17281513,-0.26175684,-0.080370225,-0.103003494,-0.38905096,-0.10298714,-0.017047966,-0.44115022,-0.12123865,-0.18229902,-0.5071391,-0.010168869,-0.19676103,-0.7038734,-0.038402632,-0.1968661,-0.8209749,-0.07154346,-0.19455598,-0.9205789,-0.097493745,-0.10600468,-0.53429234,-0.009960615,-0.12447764,-0.74767077,-0.025677618,-0.12677862,-0.8762966,-0.049693692,-0.12909095,-0.99163276,-0.06914066,-0.031823337,-0.52164483,-0.019774238,-0.04971354,-0.71324694,-0.031192457,-0.05625981,-0.82714915,-0.043803576,-0.062385436,-0.9267838,-0.05533973,0.05247091,-0.47967076,-0.038380563,0.03786769,-0.6281066,-0.04244942,0.025363358,-0.71435076,-0.037573937,0.012192661,-0.7903176,-0.035799045
HELP,0.0,0.0,0.0,-0.11774922,-0.091974504,-0.059466567,-0.1644989,-0.25919262,-0.08570103,-0.09521377,-0.39995757,-0.10815606,-0.010319344,-0.44929758,-0.12713565,-0.18284734,-0.50825864,-0.01360209,-0.19470747,-0.7039125,-0.04136726,-0.19095658,-0.8238366,-0.07673491,-0.18314949,-0.9271378,-0.10605157,-0.103226624,-0.5342848,-0.012394564,-0.12305133,-0.74535257,-0.02862862,-0.12517865,-0.8740118,-0.059135057,-0.12831572,-0.99173343,-0.085352495,-0.026205482,-0.5189616,-0.020938143,-0.04291732,-0.7073206,-0.034261055,-0.052171078,-0.82885635,-0.054444194,-0.061162543,-0.9336612,-0.07296942,0.05930632,-0.4720085,-0.03827537,0.04587753,-0.62124336,-0.046018057,0.03240641,-0.7122406,-0.047875617,0.018731494,-0.792767,-0.05236059
HELP,0.0,0.0,0.0,-0.11569044,-0.092650875,-0.058975823,-0.16531773,-0.25400326,-0.087477,-0.10504247,-0.39874083,-0.11193033,-0.0267222,-0.46018538,-0.1329983,-0.17770042,-0.50132465,-0.019426467,-0.18830475,-0.70161873,-0.049101554,-0.1848258,-0.8233036,-0.08483309,-0.17820576,-0.92929906,-0.11453407,-0.10068833,-0.5290627,-0.018738097,-0.118652634,-0.7455361,-0.036473315,-0.11955265,-0.8749546,-0.06659454,-0.12202649,-0.9925268,-0.09306427,-0.02473299,-0.5145095,-0.027338516,-0.039486203,-0.7080202,-0.04234359,-0.046920788,-0.831278,-0.061718676,-0.055212576,-0.93702376,-0.08026293,0.061540637,-0.46624756,-0.04436476,0.049022384,-0.61648077,-0.054693714,0.035754133,-0.709699,-0.057684027,0.019922681,-0.79152244,-0.06312364
HELP,0.0,0.0,0.0,-0.11282655,-0.095529355,-0.056331296,-0.15805563,-0.25421932,-0.08353278,-0.084743634,-0.3928718,-0.10762563,0.0042745965,-0.44050992,-0.12890868,-0.17255412,-0.50331324,-0.01429103,-0.18417501,-0.7002241,-0.042221617,-0.18150045,-0.81984824,-0.077968135,-0.17591134,-0.9257836,-0.10875478,-0.096323565,-0.5312559,-0.015506317,-0.11471121,-0.744906,-0.03270641,-0.115361884,-0.8738902,-0.063951924,-0.11801775,-0.9930115,-0.09184654,-0.021970423,-0.5159155,-0.026057186,-0.035822913,-0.7061471,-0.041613363,-0.042499542,-0.8287346,-0.062700436,-0.05064729,-0.93645686,-0.082704626,0.06389731,-0.46690944,-0.044895347,0.052257247,-0.6163028,-0.055770542,0.04066761,-0.70754516,-0.059477463,0.02662151,-0.78960866,-0.066033795
HELP,0.0,0.0,0.0,-0.11239293,-0.093496725,-0.058684718,-0.15771359,-0.255121,-0.08388248,-0.085189395,-0.39406276,-0.1050185,-0.003832723,-0.45397994,-0.123045154,-0.17411597,-0.5017918,-0.015030932,-0.18534093,-0.7015796,-0.042565834,-0.18333235,-0.8229645,-0.077454515,-0.17945717,-0.92852914,-0.10706759,-0.0967379,-0.530031,-0.0141345225,-0.11348126,-0.7444622,-0.030953169,-0.11388865,-0.87460476,-0.061854646,-0.11641874,-0.99320024,-0.089062504,-0.022351757,-0.51475835,-0.022917733,-0.035838127,-0.7064966,-0.03911726,-0.041107144,-0.8283205,-0.060682803,-0.046780687,-0.9351824,-0.08054487,0.062953204,-0.46565393,-0.040026903,0.04989602,-0.61661977,-0.053211007,0.037152626,-0.7079433,-0.05856419,0.023142964,-0.79147476,-0.065656155
HELP,0.0,0.0,0.0,-0.10848376,-0.09909203,-0.05113915,-0.15280691,-0.25803596,-0.07282822,-0.076032765,-0.3956184,-0.091542795,0.014175671,-0.44737035,-0.10761096,-0.17363204,-0.49874568,-0.009048319,-0.1840888,-0.6996762,-0.033743355,-0.18063588,-0.8199588,-0.06676154,-0.1750773,-0.92471343,-0.09606507,-0.09715385,-0.52713543,-0.011234442,-0.11565096,-0.744017,-0.027380135,-0.11577827,-0.87341,-0.05787075,-0.11932541,-0.9928552,-0.085428834,-0.023505937,-0.51106805,-0.022418046,-0.037048012,-0.705023,-0.039179668,-0.042765632,-0.82684964,-0.06238802,-0.04971071,-0.93459886,-0.08389729,0.06273378,-0.46080846,-0.04104269,0.051698733,-0.6119611,-0.056487344,0.039400365,-0.7034791,-0.064473145,0.025468282,-0.78703696,-0.07402936
HELP,0.0,0.0,0.0,-0.110409066,-0.09659278,-0.052489866,-0.15616082,-0.25507748,-0.07491409,-0.07824572,-0.3912796,-0.09418638,0.012761988,-0.44399908,-0.11117339,-0.17623173,-0.4955657,-0.013509749,-0.18561864,-0.69832206,-0.040792067,-0.18200354,-0.81956136,-0.074879386,-0.1762072,-0.92537755,-0.10463353,-0.098493196,-0.525089,-0.015709084,-0.115474,-0.7434736,-0.034030333,-0.11558647,-0.87313795,-0.06531371,-0.119038746,-0.99288964,-0.0934731,-0.023912502,-0.51018924,-0.027054481,-0.03661344,-0.7064904,-0.045979112,-0.04147534,-0.8277763,-0.06984246,-0.04771516,-0.93565005,-0.09166109,0.06254136,-0.46087706,-0.045837354,0.049673248,-0.61584026,-0.06396412,0.037484076,-0.7082186,-0.07328826,0.023480736,-0.79267347,-0.083624914
HELP,0.0,0.0,0.0,-0.10709635,-0.091075554,-0.056823976,-0.15177293,-0.25245216,-0.084885396,-0.0747258,-0.3919861,-0.10966242,0.015834985,-0.45146963,-0.13245544,-0.17278291,-0.4959914,-0.025691126,-0.18139763,-0.700573,-0.05823667,-0.1760972,-0.8254467,-0.09453813,-0.16649312,-0.9325697,-0.12459944,-0.09558989,-0.52378625,-0.027415624,-0.11213652,-0.74226844,-0.049743637,-0.11273763,-0.87445706,-0.08311785,-0.1134645,-0.993542,-0.11152374,-0.019874306,-0.5098703,-0.037942592,-0.03281704,-0.70681417,-0.058049314,-0.039422236,-0.8307791,-0.083364,-0.04657913,-0.9395262,-0.10557084,0.06419989,-0.46244168,-0.056217615,0.054785367,-0.61547774,-0.07285999,0.042463787,-0.70857495,-0.08180612,0.027783774,-0.7912667,-0.09137473
HELP,0.0,0.0,0.0,-0.10802061,-0.093411095,-0.053212367,-0.15258038,-0.25644633,-0.07552591,-0.07525279,-0.39229184,-0.094703294,0.014476984,-0.45234025,-0.112198815,-0.17450985,-0.4910846,-0.017906288,-0.18172006,-0.6944418,-0.04714429,-0.17824286,-0.8181431,-0.08145662,-0.1718509,-0.92495024,-0.1108837,-0.097082675,-0.5203259,-0.020319486,-0.11217782,-0.7400209,-0.040750746,-0.112746604,-0.8720903,-0.07376372,-0.11527756,-0.9933334,-0.10259421,-0.022316754,-0.50588745,-0.031666074,-0.034412906,-0.70187557,-0.052421216,-0.03988613,-0.8245197,-0.07890753,-0.046417065,-0.93398535,-0.10221825,0.06282666,-0.45731792,-0.050250217,0.0516547,-0.6104614,-0.07012168,0.03912296,-0.7030322,-0.081697285,0.024288751,-0.78760606,-0.09342286
HELP,0.0,0.0,0.0,-0.113098204,-0.09345083,-0.054474752,-0.15882118,-0.2588694,-0.077406935,-0.080930136,-0.39579275,-0.09741108,0.009176373,-0.4536001,-0.1158149,-0.17647813,-0.4919796,-0.017285481,-0.18581456,-0.69403434,-0.04719678,-0.18285565,-0.81699955,-0.082460694,-0.17770901,-0.9242615,-0.112615064,-0.098752946,-0.5218762,-0.019441416,-0.11514897,-0.74061096,-0.040050898,-0.11647382,-0.87182117,-0.07309264,-0.120418794,-0.9927232,-0.102047935,-0.023827441,-0.50874835,-0.03084216,-0.037348155,-0.7060852,-0.051471487,-0.04367404,-0.82887965,-0.07729339,-0.05146472,-0.9377512,-0.100208715,0.06074353,-0.46176475,-0.049837112,0.04914118,-0.6143386,-0.068841815,0.03664282,-0.7074368,-0.07945014,0.021775674,-0.7920193,-0.09063403
HELP,0.0,0.0,0.0,-0.10720554,-0.09271277,-0.0542897,-0.15452433,-0.25583717,-0.079007775,-0.07805951,-0.39323148,-0.10057822,0.013421978,-0.4539798,-0.12039042,-0.17803277,-0.49201047,-0.022237644,-0.18609612,-0.69651234,-0.05245623,-0.18278123,-0.8201059,-0.086828284,-0.17669111,-0.92702264,-0.11624779,-0.100851186,-0.521748,-0.02453921,-0.116116896,-0.74238443,-0.04526174,-0.11682519,-0.8737662,-0.07712901,-0.11946295,-0.9928387,-0.10516332,-0.02553126,-0.50837153,-0.03564069,-0.03753938,-0.7065255,-0.055741366,-0.043575227,-0.8300689,-0.08083015,-0.051007252,-0.93875825,-0.10348097,0.058938615,-0.4603051,-0.054203127,0.04923215,-0.612075,-0.07299848,0.0370754,-0.70444393,-0.08352553,0.02228836,-0.78706646,-0.094616584
HELP,0.0,0.0,0.0,-0.107592285,-0.088381864,-0.054265235,-0.15748881,-0.25236565,-0.0783456,-0.08078847,-0.3896225,-0.09940549,0.012006687,-0.44686002,-0.11848968,-0.17997244,-0.4956859,-0.019292638,-0.19024187,-0.6986357,-0.04843806,-0.18645121,-0.8210061,-0.08221262,-0.17910498,-0.9265402,-0.11105436,-0.10293249,-0.52488613,-0.021277111,-0.11954102,-0.74395585,-0.04043268,-0.12085394,-0.8748377,-0.07064496,-0.12286313,-0.99242365,-0.097304866,-0.027364993,-0.51081276,-0.0324391,-0.040424623,-0.70819277,-0.050725136,-0.04608897,-0.8310338,-0.0741214,-0.052522346,-0.9392706,-0.09547485,0.05683961,-0.4628147,-0.05131148,0.046855085,-0.6133729,-0.06848229,0.03455384,-0.7049492,-0.077752635,0.020685116,-0.7872643,-0.08778852
HELP,0.0,0.0,0.0,-0.106949516,-0.09046087,-0.05718237,-0.15318078,-0.2519393,-0.08321881,-0.07573574,-0.38776663,-0.10611787,0.013033478,-0.45166937,-0.12709168,-0.17297526,-0.49657157,-0.022277683,-0.18510024,-0.6977581,-0.05396973,-0.1837713,-0.8194882,-0.08960561,-0.17973994,-0.92511964,-0.11957314,-0.096494116,-0.5248823,-0.02396473,-0.11357117,-0.7420458,-0.045574833,-0.11551653,-0.87248176,-0.07778412,-0.11875122,-0.992924,-0.105900794,-0.022070194,-0.51163155,-0.03522892,-0.036348186,-0.70639706,-0.05623572,-0.042968754,-0.8286824,-0.081073314,-0.050270595,-0.9384309,-0.1030331,0.060892753,-0.46569347,-0.054471623,0.04878552,-0.6170156,-0.07305153,0.035769116,-0.7091774,-0.083143935,0.020755876,-0.7937668,-0.09375165
HELP,0.0,0.0,0.0,-0.111001305,-0.088320844,-0.056704544,-0.1591564,-0.24666467,-0.082567215,-0.0829015,-0.38216126,-0.105331056,0.0029010442,-0.44977257,-0.12647761,-0.17539898,-0.4904299,-0.02191056,-0.18649846,-0.69328076,-0.05487278,-0.18367872,-0.81800425,-0.09176692,-0.17756918,-0.92639166,-0.12271863,-0.09694268,-0.52092147,-0.024149522,-0.114984475,-0.73942405,-0.04710923,-0.11652653,-0.87106353,-0.08145382,-0.11957448,-0.99282527,-0.111408025,-0.022144603,-0.50815564,-0.0358985,-0.03578911,-0.70231915,-0.058490872,-0.042369943,-0.8251421,-0.08497215,-0.04993751,-0.9356791,-0.108455114,0.06159362,-0.4614073,-0.05543846,0.05044048,-0.60992813,-0.07594298,0.036950096,-0.70065933,-0.08740693,0.020618992,-0.7841881,-0.09917421
HELP,0.0,0.0,0.0,-0.11252289,-0.08795466,-0.058600035,-0.16065595,-0.24530499,-0.08598976,-0.083165556,-0.38229063,-0.11008256,0.004977849,-0.44267026,-0.13230981,-0.17790842,-0.4877139,-0.023131344,-0.19006708,-0.69056517,-0.056131918,-0.18780188,-0.81498265,-0.09332345,-0.18226883,-0.9245731,-0.12461736,-0.10037368,-0.5181174,-0.024582941,-0.118825756,-0.736139,-0.047626883,-0.120395474,-0.8692394,-0.08201687,-0.123185396,-0.99238366,-0.1120668,-0.025117924,-0.5062066,-0.03568808,-0.03973003,-0.70119315,-0.05824911,-0.046067912,-0.82567006,-0.08529073,-0.05341666,-0.9371035,-0.10899065,0.05928709,-0.46144953,-0.054830365,0.0472024,-0.6114818,-0.07485615,0.033667635,-0.7042554,-0.08648675,0.01804466,-0.7892192,-0.09841042
HELP,0.0,0.0,0.0,-0.10961087,-0.08898631,-0.06031333,-0.15621583,-0.25150865,-0.08631443,-0.07564514,-0.39052755,-0.10807381,0.014004894,-0.45289806,-0.12765469,-0.17642413,-0.49456438,-0.022111915,-0.18941787,-0.6976252,-0.05260593,-0.18718782,-0.8219705,-0.0885036,-0.18132214,-0.9294999,-0.118868485,-0.09783759,-0.52366734,-0.021360407,-0.1168536,-0.7408445,-0.041755285,-0.11866321,-0.8721002,-0.07507102,-0.121259965,-0.99262077,-0.10412875,-0.022838967,-0.5104804,-0.030333327,-0.037518296,-0.7043676,-0.05045385,-0.044594057,-0.8285306,-0.07696292,-0.050740257,-0.938475,-0.10027698,0.061601434,-0.46451154,-0.04753886,0.04917093,-0.61565316,-0.06579595,0.035267785,-0.7076672,-0.07685788,0.019971725,-0.7911231,-0.088240676
HELP,0.0,0.0,0.0,-0.11298817,-0.090588905,-0.055923425,-0.15802671,-0.2554139,-0.078383975,-0.07957439,-0.39232692,-0.097592436,0.0068689683,-0.4549356,-0.114908725,-0.17714778,-0.49055123,-0.015953202,-0.18947175,-0.6925979,-0.04596451,-0.18815409,-0.817229,-0.08126774,-0.18316898,-0.9251543,-0.11100516,-0.098367415,-0.5200369,-0.017058188,-0.11739676,-0.7377254,-0.037691757,-0.12042695,-0.87029004,-0.07159135,-0.12425421,-0.9922505,-0.10091492,-0.023206748,-0.5076005,-0.027776526,-0.037882816,-0.70246077,-0.04854321,-0.045882348,-0.8254514,-0.07571259,-0.053885493,-0.9349202,-0.099346474,0.06105417,-0.46290857,-0.046253063,0.048939865,-0.6137308,-0.06530659,0.035119373,-0.70582974,-0.07688953,0.019551245,-0.7904225,-0.0886392
HELP,0.0,0.0,0.0,-0.11073375,-0.0920057,-0.05875229,-0.16019,-0.25432414,-0.08440938,-0.08269779,-0.39016718,-0.106163174,0.007902808,-0.44768357,-0.12579073,-0.17911218,-0.495123,-0.022024047,-0.1917819,-0.6981795,-0.052527875,-0.1889762,-0.8208344,-0.08794321,-0.18253851,-0.9276188,-0.1180035,-0.101091124,-0.52348506,-0.02212669,-0.11982636,-0.7412987,-0.04262394,-0.12039982,-0.87239337,-0.07507701,-0.12177691,-0.99255747,-0.10364787,-0.026025584,-0.50893974,-0.031873725,-0.040462565,-0.70505756,-0.052478123,-0.04644944,-0.82840395,-0.07859772,-0.052427515,-0.9372522,-0.101598084,0.058136974,-0.46145687,-0.0496456,0.045246515,-0.6134664,-0.06845096,0.032116637,-0.70567155,-0.079442985,0.017805584,-0.78906566,-0.09082085
HELP,0.0,0.0,0.0,-0.1130722,-0.08782788,-0.057771277,-0.16238669,-0.25166756,-0.08374212,-0.08588406,-0.38916335,-0.10655293,0.0014701505,-0.4529368,-0.1274135,-0.1811043,-0.48845315,-0.022437846,-0.19534735,-0.693466,-0.055506192,-0.19333605,-0.81891954,-0.09160618,-0.18743071,-0.9267339,-0.12133291,-0.1037838,-0.5200493,-0.0236759,-0.12322482,-0.7387972,-0.04682059,-0.12555005,-0.87177104,-0.07969541,-0.1281021,-0.991761,-0.10763661,-0.028638506,-0.5098469,-0.03454192,-0.044846106,-0.7074454,-0.056444835,-0.05246968,-0.8301436,-0.0813538,-0.060151774,-0.93886983,-0.10299928,0.054825436,-0.46682668,-0.05341214,0.042002045,-0.6165836,-0.07254861,0.028167117,-0.70891327,-0.082541205,0.013066953,-0.7928505,-0.09268169
HELP,0.0,0.0,0.0,-0.11097248,-0.08814845,-0.058370426,-0.15976639,-0.25118333,-0.08570587,-0.08142366,-0.38689342,-0.10979239,0.011475836,-0.4434088,-0.13214113,-0.1805021,-0.493347,-0.023952002,-0.19455297,-0.69666,-0.05615327,-0.19219996,-0.8194387,-0.0921285,-0.18562277,-0.92682624,-0.122643486,-0.10320534,-0.5238489,-0.025491318,-0.12311692,-0.7411644,-0.04844221,-0.124819204,-0.8721459,-0.08219532,-0.12719613,-0.99187756,-0.11145701,-0.027265152,-0.5116109,-0.036565248,-0.042178392,-0.7079935,-0.05899196,-0.048204366,-0.8300017,-0.086484365,-0.055993374,-0.938604,-0.11029096,0.056737803,-0.46627918,-0.055528898,0.04530477,-0.6162542,-0.07573919,0.032051854,-0.708554,-0.08821269,0.016643263,-0.7928144,-0.100634485
HELP,0.0,0.0,0.0,-0.11175251,-0.086775586,-0.06323722,-0.16321145,-0.25605705,-0.091703355,-0.08283221,-0.3918656,-0.11550843,0.020176006,-0.43953824,-0.13664219,-0.18523933,-0.49094963,-0.028156282,-0.20117608,-0.69493103,-0.057835795,-0.2010017,-0.8183448,-0.0909,-0.19795506,-0.92459625,-0.1190984,-0.1061653,-0.5213345,-0.026042745,-0.12677148,-0.740106,-0.04592101,-0.12994426,-0.8723899,-0.075320974,-0.13468166,-0.9908889,-0.10099558,-0.028398506,-0.5092786,-0.033677973,-0.0462512,-0.70611644,-0.05264511,-0.05617961,-0.8320574,-0.07667784,-0.067013785,-0.9431493,-0.097844996,0.056520108,-0.46693012,-0.04970272,0.042459138,-0.61486423,-0.065505855,0.026553,-0.7083991,-0.0743769,0.010064186,-0.7926621,-0.084153816
HELP,0.0,0.0,0.0,-0.112154365,-0.09200464,-0.060062546,-0.15954138,-0.2613347,-0.08575054,-0.07924899,-0.39791846,-0.10756047,0.017113503,-0.4425573,-0.12727712,-0.18502134,-0.49474457,-0.021066673,-0.19917735,-0.6975785,-0.049965292,-0.1978237,-0.8211778,-0.08381296,-0.19276269,-0.9276836,-0.11278526,-0.10534503,-0.5250343,-0.020574361,-0.12445445,-0.7417358,-0.0401901,-0.12780638,-0.87241507,-0.07141568,-0.13274959,-0.9911496,-0.09837078,-0.027520088,-0.5132485,-0.029911103,-0.042759407,-0.710004,-0.049552176,-0.05205715,-0.8333432,-0.075221434,-0.062065773,-0.9428784,-0.09739375,0.058160603,-0.469704,-0.047478534,0.046918195,-0.61833,-0.06457614,0.03241,-0.70995337,-0.07462565,0.016330877,-0.7929184,-0.08512501
HELP,0.0,0.0,0.0,-0.111432746,-0.08874871,-0.06001276,-0.16044089,-0.2543976,-0.08552115,-0.081764504,-0.3925028,-0.10724144,0.014343943,-0.44343466,-0.12682681,-0.18433031,-0.49396062,-0.020181902,-0.1990659,-0.6969156,-0.049337406,-0.19761185,-0.8198184,-0.08333298,-0.19240944,-0.9264235,-0.11241634,-0.10583995,-0.524424,-0.01967354,-0.12533645,-0.7413643,-0.03972767,-0.12831144,-0.87229735,-0.07151599,-0.13277088,-0.99114674,-0.09904576,-0.02893968,-0.51251906,-0.02912662,-0.044685774,-0.708486,-0.04952175,-0.052882846,-0.83083344,-0.07614128,-0.06233135,-0.939154,-0.09893045,0.055623546,-0.4695987,-0.0467498,0.043285314,-0.6191754,-0.06544719,0.028368516,-0.7108918,-0.07720861,0.012114269,-0.793466,-0.08881123
HELP,0.0,0.0,0.0,-0.11671707,-0.08891641,-0.061695557,-0.16581804,-0.2573104,-0.08845956,-0.087248296,-0.39768067,-0.11106623,0.0069330176,-0.4479214,-0.13111508,-0.18528393,-0.49619156,-0.020057991,-0.20031796,-0.69889283,-0.048867762,-0.19905747,-0.8213468,-0.083578296,-0.19428793,-0.9278251,-0.1133111,-0.106374525,-0.5262342,-0.018557424,-0.1274944,-0.74209505,-0.03771872,-0.13066314,-0.8717091,-0.06971097,-0.13542755,-0.99078727,-0.097697765,-0.03010064,-0.5137276,-0.027010055,-0.046821013,-0.71010983,-0.045542736,-0.05463652,-0.8323152,-0.070379436,-0.06264248,-0.94014764,-0.092395715,0.05493621,-0.4701505,-0.04398421,0.040114973,-0.62039465,-0.05947576,0.025463901,-0.7125013,-0.06837051,0.010079722,-0.7959734,-0.07828623
HELP,0.0,0.0,0.0,-0.11386498,-0.087685965,-0.057392642,-0.16488579,-0.2540144,-0.083555244,-0.08959202,-0.39274722,-0.10644855,0.005449735,-0.43924415,-0.12767312,-0.1866149,-0.48983178,-0.021678347,-0.20000927,-0.69275403,-0.051793568,-0.19950078,-0.8157197,-0.08690806,-0.19589461,-0.92264175,-0.11718993,-0.10891518,-0.5215306,-0.0231835,-0.12807795,-0.73879683,-0.04451207,-0.13079457,-0.8701628,-0.077640325,-0.13603267,-0.99070436,-0.10653186,-0.03330169,-0.5105399,-0.033998754,-0.048920367,-0.70576054,-0.054478213,-0.056416906,-0.8284576,-0.08131462,-0.06587025,-0.93731016,-0.10486637,0.050371945,-0.467372,-0.052718803,0.03739715,-0.61675996,-0.070664644,0.023741817,-0.70883,-0.08171091,0.00847964,-0.7917181,-0.09333446
HELP,0.0,0.0,0.0,-0.11177841,-0.09023794,-0.055830408,-0.16035266,-0.2582093,-0.07996193,-0.082397,-0.39639223,-0.10124101,0.011376823,-0.4471836,-0.12094061,-0.18262567,-0.49356464,-0.018515462,-0.1968035,-0.69578964,-0.04829789,-0.19618046,-0.8179501,-0.08330896,-0.19243333,-0.92413867,-0.113444865,-0.105279945,-0.5235594,-0.020639513,-0.12595645,-0.7405732,-0.04198751,-0.12910973,-0.8709549,-0.07556066,-0.13457066,-0.990904,-0.10468597,-0.029474786,-0.5118116,-0.032244988,-0.04620865,-0.7076102,-0.053628266,-0.054605402,-0.83032477,-0.0816088,-0.06488666,-0.9394695,-0.10572063,0.055375572,-0.46871012,-0.05158267,0.041869443,-0.62087834,-0.07131387,0.026828106,-0.7135182,-0.08396481,0.009544649,-0.7975947,-0.09660741
HELP,0.0,0.0,0.0,-0.11121789,-0.091726646,-0.05641777,-0.16189478,-0.26249743,-0.07829304,-0.08288345,-0.4037318,-0.096486844,0.01427579,-0.4591699,-0.11203066,-0.18332012,-0.49564746,-0.015275206,-0.19599748,-0.69891727,-0.041038677,-0.19536276,-0.82011425,-0.072543405,-0.19194965,-0.92372286,-0.09979028,-0.10615144,-0.52528375,-0.014402892,-0.12446417,-0.74423045,-0.030251693,-0.12765394,-0.8746044,-0.057851795,-0.1318289,-0.99127245,-0.08233764,-0.030606307,-0.5127317,-0.023216367,-0.04703855,-0.709577,-0.038929444,-0.055323053,-0.8316011,-0.060474567,-0.06287335,-0.9381532,-0.080276094,0.053525392,-0.46948692,-0.04016729,0.040805906,-0.6184624,-0.05413383,0.027714122,-0.70837355,-0.061167095,0.014802241,-0.7888414,-0.06961519
HELP,0.0,0.0,0.0,-0.111469485,-0.09452931,-0.053094205,-0.15966566,-0.26188305,-0.07412174,-0.083302766,-0.40089545,-0.09184899,0.009947116,-0.4531081,-0.107370585,-0.18506384,-0.491513,-0.013614772,-0.19669303,-0.6958297,-0.039302204,-0.19446385,-0.8181649,-0.07127678,-0.1892083,-0.9230835,-0.098958045,-0.10616301,-0.52065104,-0.014185279,-0.12315331,-0.7414324,-0.030167762,-0.12461694,-0.872696,-0.05986053,-0.12837471,-0.99172574,-0.08631681,-0.029408919,-0.50848436,-0.023923377,-0.043714684,-0.70645154,-0.040017348,-0.052368723,-0.8288513,-0.06476203,-0.061609164,-0.9362424,-0.08719458,0.0559411,-0.4657543,-0.041206904,0.044556964,-0.61585027,-0.0564016,0.031156236,-0.70675224,-0.06602194,0.01655862,-0.78831345,-0.07667959
HELP,0.0,0.0,0.0,-0.11122305,-0.091110475,-0.055207808,-0.16174512,-0.26013488,-0.07737808,-0.08611889,-0.4003108,-0.0963691,0.01033015,-0.4515878,-0.11335437,-0.18534873,-0.49244538,-0.014328993,-0.19728,-0.6948279,-0.039924048,-0.19623996,-0.81628644,-0.071762696,-0.19243516,-0.92127085,-0.099438004,-0.10639861,-0.5229177,-0.014505682,-0.123843476,-0.74307775,-0.03003744,-0.12598939,-0.87353754,-0.058724344,-0.12972084,-0.99155056,-0.08451106,-0.028549949,-0.51219,-0.024204401,-0.04452881,-0.7113329,-0.039737035,-0.053313762,-0.8343564,-0.06339086,-0.06240333,-0.9422217,-0.08502672,0.056750026,-0.47069386,-0.0418423,0.043762546,-0.621565,-0.05577325,0.029951558,-0.71319497,-0.0641401,0.015492035,-0.7951324,-0.07401686
HELP,0.0,0.0,0.0,-0.11200958,-0.08838175,-0.05348742,-0.16501746,-0.2577465,-0.07540395,-0.087425746,-0.3995071,-0.09422015,0.0092975255,-0.45061624,-0.111263596,-0.18597631,-0.49204522,-0.01717895,-0.19789214,-0.69498724,-0.04370728,-0.19659802,-0.8172862,-0.07547231,-0.19214576,-0.9226896,-0.10320713,-0.10694922,-0.5220293,-0.018645436,-0.12502395,-0.74090475,-0.03600165,-0.12764685,-0.8723982,-0.0652595,-0.13176617,-0.9912808,-0.09129141,-0.029624943,-0.509641,-0.029191207,-0.045115173,-0.70521283,-0.046906896,-0.054451693,-0.82855004,-0.07148373,-0.064072005,-0.9368716,-0.09355834,0.055388037,-0.46562728,-0.047304112,0.04300638,-0.6149014,-0.06414089,0.028354065,-0.70643055,-0.074250154,0.0131035205,-0.7880227,-0.085066974
HELP,0.0,0.0,0.0,-0.11034554,-0.08723063,-0.052929774,-0.16382565,-0.2576825,-0.0741555,-0.08714511,-0.39900106,-0.092632845,0.008961885,-0.45059875,-0.10959082,-0.18533723,-0.4898098,-0.01688854,-0.19706577,-0.6937434,-0.044057403,-0.19609489,-0.8171091,-0.07595487,-0.19181491,-0.92319405,-0.10356883,-0.10670788,-0.52032065,-0.018712435,-0.12469246,-0.74010974,-0.03672364,-0.12760688,-0.872632,-0.066354685,-0.13169739,-0.9912899,-0.09232968,-0.029443223,-0.50874925,-0.029588588,-0.0448107,-0.70466685,-0.04766781,-0.053630248,-0.8282245,-0.07243997,-0.0631946,-0.93662584,-0.094394155,0.054751452,-0.46532273,-0.047991857,0.042940784,-0.61445075,-0.065151855,0.028874129,-0.7057802,-0.075355336,0.013965424,-0.78713304,-0.08601072
HELP,0.0,0.0,0.0,-0.11404034,-0.09246589,-0.051227544,-0.16403668,-0.25776982,-0.07396698,-0.087057814,-0.39571404,-0.09439961,0.007122787,-0.44733316,-0.1129633,-0.1840467,-0.49260223,-0.015138882,-0.19504353,-0.69650996,-0.043873314,-0.19256437,-0.82049364,-0.077372946,-0.18645808,-0.92744815,-0.10603921,-0.10562335,-0.5217866,-0.018666249,-0.1246781,-0.7400745,-0.038065743,-0.12641232,-0.87250936,-0.0689947,-0.12913115,-0.9916276,-0.096147545,-0.027886134,-0.51030797,-0.031203922,-0.04346993,-0.70269555,-0.050104268,-0.049156226,-0.8258394,-0.074570924,-0.056084793,-0.93346703,-0.09629122,0.058325503,-0.46803614,-0.051236946,0.045894973,-0.6175941,-0.06785286,0.032829423,-0.70872283,-0.0769356,0.018280182,-0.7895342,-0.08691647
HELP,0.0,0.0,0.0,-0.11134792,-0.08883679,-0.053248573,-0.1601498,-0.2563026,-0.075764,-0.081104286,-0.39670518,-0.095559224,0.013723237,-0.45345613,-0.113884166,-0.18340859,-0.49369553,-0.017376127,-0.19414827,-0.69485795,-0.04566084,-0.19259804,-0.8167372,-0.078891255,-0.18710484,-0.9234123,-0.108016975,-0.10447433,-0.52408606,-0.020254375,-0.12141543,-0.74067414,-0.03983569,-0.12388546,-0.8715709,-0.07165702,-0.12757021,-0.9918295,-0.099785104,-0.02700818,-0.5114819,-0.032336604,-0.04097108,-0.7057959,-0.052765775,-0.04949262,-0.8283884,-0.08003137,-0.05979653,-0.93827665,-0.104016356,0.058156308,-0.4654353,-0.051800586,0.046225313,-0.6150274,-0.07228266,0.03098598,-0.7070318,-0.08549944,0.013268289,-0.7908374,-0.09853483
HELP,0.0,0.0,0.0,-0.11108081,-0.0847875,-0.056097373,-0.1606046,-0.2560048,-0.07796962,-0.08236595,-0.39935392,-0.09617342,0.013196372,-0.45087144,-0.11233544,-0.18724762,-0.48996344,-0.018799236,-0.19850415,-0.69280505,-0.045579687,-0.19659981,-0.8150377,-0.07734472,-0.19127111,-0.9207427,-0.104921244,-0.108789414,-0.52082753,-0.01865595,-0.12554011,-0.7397479,-0.03583884,-0.12750803,-0.8719072,-0.06480881,-0.13060059,-0.9914351,-0.09053833,-0.030950537,-0.50990117,-0.027894767,-0.04541669,-0.70500356,-0.045214217,-0.053093992,-0.82721794,-0.07009551,-0.061823115,-0.9345345,-0.092276186,0.05407692,-0.46717405,-0.0449796,0.04241733,-0.6166467,-0.06183457,0.028123781,-0.7073394,-0.07268536,0.012500038,-0.7879237,-0.08393941
HELP,0.0,0.0,0.0,-0.11120648,-0.08670862,-0.05578204,-0.16187792,-0.25558808,-0.07824299,-0.08492157,-0.39799044,-0.097153455,0.009011987,-0.4528859,-0.114011414,-0.18429923,-0.49399582,-0.017852785,-0.19600323,-0.69611454,-0.044603445,-0.19539474,-0.8194993,-0.07684363,-0.19162823,-0.9245568,-0.10478763,-0.10609668,-0.52539754,-0.018184938,-0.12359193,-0.74310017,-0.03573049,-0.12627731,-0.87370616,-0.06507852,-0.13048188,-0.9914507,-0.09079409,-0.029851774,-0.513635,-0.027816882,-0.044594258,-0.70965284,-0.045272883,-0.053001884,-0.8324571,-0.069022216,-0.061889816,-0.9405835,-0.090364486,0.055010665,-0.46835807,-0.045273766,0.0435951,-0.6185771,-0.061143816,0.029701767,-0.70899206,-0.070044816,0.0137355,-0.7898003,-0.079845905
HELP,0.0,0.0,0.0,-0.111091115,-0.08769084,-0.05534903,-0.16099574,-0.25925708,-0.07798511,-0.083709575,-0.40035278,-0.09763711,0.011153816,-0.45206317,-0.115747884,-0.18159987,-0.49124423,-0.018635103,-0.19370906,-0.693716,-0.046550576,-0.19279408,-0.8165537,-0.07925242,-0.18875815,-0.9227469,-0.10744488,-0.10441725,-0.52227473,-0.020004502,-0.1222637,-0.7409377,-0.038503543,-0.12539811,-0.87282234,-0.068593085,-0.12952568,-0.9915761,-0.09487311,-0.028057562,-0.51084596,-0.03067543,-0.044049885,-0.70898616,-0.04880657,-0.052136064,-0.8322623,-0.073564716,-0.061245576,-0.9411251,-0.09549636,0.055155013,-0.46679634,-0.04915802,0.042038124,-0.6173383,-0.06555185,0.027950639,-0.7090201,-0.07514523,0.012888592,-0.790679,-0.085439995
HELP,0.0,0.0,0.0,-0.11185257,-0.087890185,-0.05496914,-0.16234441,-0.25593275,-0.07865928,-0.08546908,-0.39637282,-0.09938627,0.008157445,-0.45001394,-0.11808494,-0.18567967,-0.49296075,-0.017883003,-0.1973395,-0.69776505,-0.045885887,-0.19544369,-0.8206011,-0.079195134,-0.19142315,-0.92762136,-0.108196616,-0.10684757,-0.5233647,-0.019641694,-0.12523726,-0.7413739,-0.037964307,-0.12692134,-0.8723768,-0.06869963,-0.13080011,-0.99140877,-0.096228085,-0.030015774,-0.5113376,-0.030715635,-0.045687336,-0.7064154,-0.04873252,-0.052533966,-0.8282512,-0.07371993,-0.06167781,-0.93574417,-0.09634957,0.054842204,-0.46746007,-0.049571503,0.042678196,-0.61681545,-0.06600514,0.028841982,-0.70777214,-0.07593566,0.012889923,-0.7891289,-0.0868611
HELP,0.0,0.0,0.0,-0.11218934,-0.088530265,-0.054021377,-0.16133197,-0.25665712,-0.07637037,-0.08300467,-0.3966994,-0.09602583,0.010816854,-0.45178872,-0.114212565,-0.18076064,-0.49352634,-0.0163698,-0.19238482,-0.6981396,-0.044462543,-0.19051643,-0.8223554,-0.077733204,-0.18488033,-0.92966866,-0.10650777,-0.1022023,-0.52367324,-0.01844934,-0.12059835,-0.7423335,-0.037558824,-0.123574205,-0.8735158,-0.06897423,-0.12778148,-0.9918024,-0.09660107,-0.025967168,-0.5115824,-0.02988242,-0.04080176,-0.70768213,-0.049087554,-0.048738085,-0.8301272,-0.07503365,-0.057935685,-0.93821144,-0.0980358,0.057812136,-0.46725017,-0.04899841,0.04624913,-0.61783046,-0.06717641,0.031832382,-0.70922685,-0.0785064,0.015243848,-0.7916886,-0.090221785
HELP,0.0,0.0,0.0,-0.111381724,-0.08787592,-0.05723095,-0.16014196,-0.25208563,-0.08149445,-0.082878254,-0.39547533,-0.10207812,0.011127902,-0.45206037,-0.12026058,-0.18181312,-0.4919008,-0.018461432,-0.19341014,-0.6959278,-0.046523243,-0.19060895,-0.81858635,-0.08054618,-0.18454672,-0.9256217,-0.110074885,-0.1042618,-0.5232528,-0.01894388,-0.12201233,-0.7409556,-0.037303045,-0.12286784,-0.87228703,-0.06868736,-0.12576185,-0.9920604,-0.09674478,-0.02910796,-0.5105289,-0.028973011,-0.042859398,-0.7060958,-0.047695003,-0.04826569,-0.82890505,-0.07334382,-0.05514213,-0.9373071,-0.096315034,0.054928422,-0.46581814,-0.046972316,0.042185113,-0.61751264,-0.06468319,0.028984101,-0.7091342,-0.07553898,0.014292981,-0.79176134,-0.08697512
HELP,0.0,0.0,0.0,-0.11470554,-0.08690718,-0.058009923,-0.16381282,-0.25321716,-0.08340232,-0.08727523,-0.39743352,-0.10513202,0.0073742224,-0.45266593,-0.12463197,-0.1857377,-0.49255806,-0.019151596,-0.19717053,-0.6963063,-0.047285944,-0.19518313,-0.8195134,-0.08117549,-0.19070677,-0.9266936,-0.110667996,-0.107106596,-0.5245918,-0.019719796,-0.12537554,-0.7425248,-0.038087387,-0.12673627,-0.87294036,-0.06901888,-0.13052942,-0.99144447,-0.096753195,-0.03102881,-0.5128942,-0.02985246,-0.04601897,-0.7101091,-0.048116762,-0.053146467,-0.8323117,-0.073111385,-0.061765186,-0.939926,-0.095806874,0.053363964,-0.46898767,-0.048067022,0.040698834,-0.6195407,-0.06446244,0.02713482,-0.710924,-0.07423744,0.012234637,-0.79309255,-0.08510158
HELP,0.0,0.0,0.0,-0.1128187,-0.08919581,-0.053015076,-0.16274068,-0.257455,-0.07508561,-0.085446544,-0.39830104,-0.094667815,0.008232339,-0.45534304,-0.11278262,-0.18349797,-0.49026698,-0.015378701,-0.19498877,-0.6954013,-0.04359321,-0.19308577,-0.81961226,-0.07672992,-0.18784773,-0.92700505,-0.1053722,-0.10499385,-0.5215337,-0.017942894,-0.12330895,-0.74090934,-0.03738805,-0.12570296,-0.8723904,-0.06902092,-0.12961335,-0.9915646,-0.09669951,-0.028655747,-0.51055217,-0.029753823,-0.043401703,-0.7071064,-0.04924972,-0.051115554,-0.8294429,-0.07526695,-0.060276154,-0.9373029,-0.0982611,0.055512805,-0.46747524,-0.049081806,0.04361965,-0.6175645,-0.067586176,0.029129209,-0.70933926,-0.079086296,0.012308269,-0.79209346,-0.090844125
HELP,0.0,0.0,0.0,-0.11346722,-0.08762311,-0.054106385,-0.16496336,-0.2600362,-0.07604482,-0.08787975,-0.40034753,-0.09526907,0.009044502,-0.45002213,-0.11255189,-0.18632081,-0.49680656,-0.0139399525,-0.19782035,-0.6979741,-0.040718045,-0.19555318,-0.81936526,-0.07324321,-0.18982106,-0.92508364,-0.10163341,-0.1087392,-0.5260168,-0.015714936,-0.12638621,-0.7424565,-0.033499077,-0.12826817,-0.8733786,-0.06349009,-0.13117506,-0.99135923,-0.08993753,-0.032062363,-0.51365834,-0.027039444,-0.04769889,-0.70926654,-0.044903543,-0.054933913,-0.83027655,-0.069563575,-0.06343035,-0.93667495,-0.09144952,0.051327802,-0.47006446,-0.046205986,0.03837708,-0.61921364,-0.06274931,0.024844948,-0.7096852,-0.0728683,0.010867081,-0.7911139,-0.08359943
HELP,0.0,0.0,0.0,-0.11330221,-0.09276287,-0.05165741,-0.16219057,-0.26170784,-0.073069856,-0.0828884,-0.40164542,-0.092200115,0.013951606,-0.4512372,-0.109826855,-0.18370458,-0.49683374,-0.01236525,-0.19551791,-0.6979744,-0.040463343,-0.1931763,-0.82126904,-0.074516684,-0.18667312,-0.92821044,-0.103969775,-0.10580074,-0.5259671,-0.015522975,-0.124746464,-0.7425668,-0.034749217,-0.12627704,-0.87355924,-0.06635301,-0.128463,-0.9917143,-0.09400869,-0.028837448,-0.51387477,-0.027972644,-0.04445271,-0.70936733,-0.047439907,-0.051543176,-0.8321962,-0.07293086,-0.05943882,-0.94062406,-0.09530636,0.056331024,-0.4702569,-0.04794379,0.04286046,-0.62323874,-0.0663629,0.029408682,-0.7157486,-0.077075906,0.014701693,-0.79937917,-0.08811998
HELP,0.0,0.0,0.0,-0.11212803,-0.08982292,-0.050616108,-0.16202311,-0.25787058,-0.070628844,-0.08180119,-0.39807922,-0.088327296,0.01626359,-0.4528471,-0.104646586,-0.18398622,-0.49438137,-0.011866948,-0.19502145,-0.6974608,-0.038138263,-0.19324356,-0.8211305,-0.07013975,-0.18735722,-0.927425,-0.098119184,-0.105813324,-0.5247363,-0.014906867,-0.12322245,-0.74349594,-0.03252833,-0.12548114,-0.8739806,-0.06274461,-0.12892492,-0.99165434,-0.089369565,-0.02924101,-0.51326466,-0.027029466,-0.0427988,-0.7105857,-0.04530918,-0.050940376,-0.8327867,-0.07020106,-0.06005459,-0.94117934,-0.0923759,0.054789487,-0.46883956,-0.04645602,0.042521685,-0.62042177,-0.064579986,0.029449701,-0.7118356,-0.07521238,0.015161964,-0.79428196,-0.08621517
HELP,0.0,0.0,0.0,-0.10948358,-0.08724773,-0.053206388,-0.15777768,-0.25383514,-0.075375095,-0.07727139,-0.39074543,-0.09473084,0.01702333,-0.44670114,-0.112813614,-0.18162894,-0.4940533,-0.017716488,-0.19127533,-0.69610375,-0.046401676,-0.18784277,-0.8193779,-0.07973428,-0.18039791,-0.925794,-0.10841171,-0.101492524,-0.52392566,-0.020030316,-0.11760396,-0.74204576,-0.039345738,-0.11884104,-0.8732016,-0.07043743,-0.121261634,-0.9926206,-0.09785549,-0.02383036,-0.51174456,-0.031553045,-0.036220558,-0.70637715,-0.05086304,-0.044335473,-0.8283169,-0.07688142,-0.053719547,-0.9370755,-0.10003878,0.061114065,-0.46619967,-0.050560966,0.051391505,-0.61587435,-0.06954197,0.037215035,-0.7071936,-0.08155425,0.02015929,-0.78963715,-0.09375891
HELP,0.0,0.0,0.0,-0.11126662,-0.086771965,-0.056266148,-0.15972821,-0.25442702,-0.07803029,-0.07957673,-0.396418,-0.096390605,0.0149346655,-0.45284057,-0.11242613,-0.18243355,-0.49573666,-0.013599125,-0.19438219,-0.6983733,-0.03976607,-0.1919003,-0.82059705,-0.07174826,-0.18540378,-0.9252095,-0.099224545,-0.10367942,-0.5260218,-0.013316185,-0.119398944,-0.7441286,-0.029418176,-0.120818324,-0.87531626,-0.058226544,-0.12251628,-0.9924665,-0.08370743,-0.027083935,-0.51462793,-0.022890406,-0.040235776,-0.7120501,-0.03902031,-0.04815919,-0.83470374,-0.062433485,-0.055539012,-0.9416326,-0.083661,0.057059474,-0.47101432,-0.040571008,0.04704401,-0.62036735,-0.05546345,0.03411568,-0.7102511,-0.06417289,0.020735884,-0.79013854,-0.07390595
HELP,0.0,0.0,0.0,-0.1089957,-0.087152004,-0.05561067,-0.15956724,-0.25314254,-0.07843794,-0.082420066,-0.39337835,-0.097927,0.011569665,-0.45041114,-0.11536627,-0.1857578,-0.49139526,-0.016868213,-0.19711314,-0.6929752,-0.04413431,-0.19547398,-0.8147801,-0.0766995,-0.19050477,-0.9200314,-0.10509943,-0.10773947,-0.52160144,-0.017965952,-0.123752385,-0.73981047,-0.036237597,-0.124931335,-0.87177616,-0.06635252,-0.12710012,-0.9918899,-0.093089975,-0.030579822,-0.50911254,-0.028675012,-0.044292293,-0.7070125,-0.04768768,-0.051705603,-0.82971436,-0.07297166,-0.05961858,-0.9395292,-0.09553149,0.05481415,-0.46385354,-0.047126114,0.04324782,-0.6137666,-0.06562739,0.029455077,-0.7054631,-0.07686002,0.014965191,-0.7890715,-0.08846405
HELP,0.0,0.0,0.0,-0.107666425,-0.09014876,-0.05615612,-0.15628065,-0.25928327,-0.07756419,-0.07862753,-0.40263927,-0.09544743,0.015487593,-0.45588157,-0.11084587,-0.18873215,-0.4984317,-0.010799937,-0.20175394,-0.6977463,-0.035366084,-0.20084812,-0.8181633,-0.067626394,-0.19744284,-0.9224804,-0.09615004,-0.11120443,-0.5298248,-0.010574016,-0.12925315,-0.744035,-0.025303587,-0.13129213,-0.8727537,-0.05374864,-0.1349402,-0.9908538,-0.07934046,-0.034817852,-0.5183671,-0.020194981,-0.050946303,-0.7132154,-0.035523575,-0.058717016,-0.8333992,-0.057353906,-0.06646339,-0.9421211,-0.07765141,0.049961872,-0.47424135,-0.038035493,0.03430592,-0.623138,-0.052926984,0.020688184,-0.7120692,-0.060599197,0.0073754485,-0.79435086,-0.069538005
HELP,0.0,0.0,0.0,-0.11124427,-0.089671254,-0.05589744,-0.15910658,-0.26038724,-0.07682804,-0.07938628,-0.40225995,-0.094377264,0.014761174,-0.4547191,-0.10979637,-0.19070473,-0.49097183,-0.01280038,-0.20249867,-0.69245577,-0.03889451,-0.20144743,-0.8153531,-0.07146955,-0.19819783,-0.9216207,-0.100118406,-0.11154432,-0.5237214,-0.0127267055,-0.12906584,-0.73986596,-0.029690672,-0.13115755,-0.8708991,-0.059498604,-0.13558002,-0.99076635,-0.08612797,-0.034340527,-0.5139287,-0.0225013,-0.049504165,-0.70798975,-0.039988544,-0.058191,-0.8280001,-0.06434734,-0.06795852,-0.9357018,-0.08630926,0.050780512,-0.47242004,-0.040297583,0.037461754,-0.62011456,-0.05745583,0.02277724,-0.709778,-0.068003364,0.006915966,-0.7912029,-0.07911016
HELP,0.0,0.0,0.0,-0.10960271,-0.088131696,-0.058793932,-0.1593218,-0.25883916,-0.08097431,-0.07984913,-0.4020516,-0.099060796,0.016255677,-0.45203325,-0.1145869,-0.19076782,-0.4966221,-0.014400628,-0.2044579,-0.6974078,-0.03974657,-0.20346078,-0.8187915,-0.07259227,-0.20022984,-0.9244126,-0.10173962,-0.11339676,-0.528942,-0.012888038,-0.13300695,-0.7429194,-0.028340977,-0.1356408,-0.87222916,-0.05696909,-0.14064305,-0.9900604,-0.082911685,-0.03761578,-0.5177197,-0.02148036,-0.05388147,-0.7123701,-0.03748375,-0.062224623,-0.83208483,-0.060500223,-0.07204444,-0.9391625,-0.081643455,0.046888746,-0.47458702,-0.03852264,0.033191103,-0.62311304,-0.054250166,0.019665474,-0.7116916,-0.06349005,0.005217563,-0.7921265,-0.073646195
HELP,0.0,0.0,0.0,-0.11031696,-0.0884008,-0.05640458,-0.15965536,-0.26198208,-0.07711713,-0.07910689,-0.4046788,-0.094427645,0.018059403,-0.45277148,-0.10950486,-0.19013014,-0.49686038,-0.0125634745,-0.20379044,-0.69726217,-0.038140643,-0.20225279,-0.8187838,-0.07067686,-0.19820082,-0.924397,-0.09947788,-0.11270049,-0.5285539,-0.012331119,-0.13214405,-0.74278516,-0.028674455,-0.13498661,-0.87217414,-0.057606276,-0.14021407,-0.9901212,-0.08358144,-0.036637895,-0.5177808,-0.022107488,-0.052731443,-0.7121764,-0.03908702,-0.061360136,-0.8322343,-0.062968105,-0.07169908,-0.9398812,-0.08451228,0.047238182,-0.47591984,-0.040127598,0.034277327,-0.6245226,-0.05687548,0.020893404,-0.714096,-0.06720349,0.006599707,-0.79549557,-0.07812354
HELP,0.0,0.0,0.0,-0.10890647,-0.09276244,-0.05652752,-0.15654491,-0.2613488,-0.07958397,-0.07611201,-0.40383285,-0.09931446,0.021275822,-0.45453048,-0.11684897,-0.18700802,-0.4902823,-0.016576922,-0.20151517,-0.6924712,-0.044163916,-0.20179357,-0.8152329,-0.07728646,-0.19990155,-0.9213368,-0.10592298,-0.11007706,-0.5238699,-0.016969949,-0.12942605,-0.7408926,-0.034385312,-0.13271452,-0.87221843,-0.06269883,-0.13794677,-0.9904396,-0.08773533,-0.033954356,-0.5147293,-0.027076606,-0.05180139,-0.71313435,-0.044326644,-0.06126811,-0.83446336,-0.06637671,-0.071542665,-0.94279176,-0.086320646,0.050336313,-0.47356564,-0.045404237,0.03618671,-0.6224328,-0.06118716,0.022299513,-0.7126275,-0.069092445,0.008195171,-0.7931566,-0.07789757
HELP,0.0,0.0,0.0,-0.10889924,-0.087361366,-0.05416278,-0.1585676,-0.25557068,-0.07558972,-0.08072511,-0.40027887,-0.09407583,0.015635904,-0.45335206,-0.11030468,-0.18907845,-0.49288455,-0.013078657,-0.20242482,-0.6930981,-0.038887784,-0.20227693,-0.813044,-0.07086043,-0.19944578,-0.9163034,-0.09907137,-0.11198903,-0.52697515,-0.01421371,-0.12974943,-0.74229753,-0.03073273,-0.13234375,-0.87322336,-0.05840617,-0.13637093,-0.9906578,-0.08328196,-0.036513884,-0.5165812,-0.025069822,-0.05297756,-0.71392936,-0.04195094,-0.061587602,-0.83345765,-0.06384153,-0.0706714,-0.9397634,-0.08393253,0.04731319,-0.47351834,-0.04387532,0.033560578,-0.6223346,-0.06049304,0.018410873,-0.7118246,-0.06946306,0.002615248,-0.7915103,-0.07914897
HELP,0.0,0.0,0.0,-0.10871377,-0.08788195,-0.056252368,-0.15702449,-0.253805,-0.079249874,-0.0788289,-0.39909253,-0.098797135,0.015460624,-0.45793188,-0.1161402,-0.1890796,-0.49092227,-0.016538408,-0.20274435,-0.6916969,-0.044077236,-0.20264477,-0.81375057,-0.07766253,-0.20007484,-0.9198718,-0.10709068,-0.11107529,-0.5241968,-0.01709347,-0.13053529,-0.74030536,-0.035010472,-0.13351484,-0.8709706,-0.06511766,-0.13859023,-0.99034977,-0.0921542,-0.034935806,-0.51429325,-0.02728177,-0.051742427,-0.7096922,-0.04579283,-0.061169885,-0.83091354,-0.0704071,-0.07132144,-0.93927443,-0.09264555,0.049844645,-0.4724458,-0.045459412,0.036558382,-0.6220124,-0.0635852,0.021858586,-0.71263844,-0.074576825,0.0059771286,-0.79465765,-0.086014576
HELP,0.0,0.0,0.0,-0.10997853,-0.092522666,-0.05181067,-0.15467444,-0.25757116,-0.07254266,-0.07637665,-0.39798936,-0.09061587,0.015928436,-0.45221284,-0.106670044,-0.18793012,-0.49342278,-0.009377805,-0.20173585,-0.69319266,-0.034637902,-0.2017402,-0.81352174,-0.06627228,-0.1987979,-0.9177163,-0.09402045,-0.108558044,-0.52595776,-0.011574315,-0.12754288,-0.7425352,-0.027862217,-0.13155131,-0.8730865,-0.056977026,-0.13720945,-0.99054205,-0.08282411,-0.030438978,-0.5148601,-0.023169177,-0.046743214,-0.71201,-0.04085741,-0.058043633,-0.8326564,-0.06450497,-0.07019544,-0.93995035,-0.08563009,0.057317104,-0.47147876,-0.042164978,0.047040083,-0.62194324,-0.059381876,0.033627473,-0.7134217,-0.06876218,0.018241413,-0.7969976,-0.07868412
HELP,0.0,0.0,0.0,-0.11153696,-0.08782715,-0.057837866,-0.15804939,-0.25584415,-0.082047105,-0.07799076,-0.4008001,-0.10237681,0.016965637,-0.4576911,-0.12035898,-0.19042,-0.49052894,-0.017809873,-0.20539606,-0.69403124,-0.044496164,-0.20479311,-0.8156375,-0.0765806,-0.20169103,-0.9201458,-0.10449078,-0.110644765,-0.5231018,-0.017440882,-0.13044679,-0.7416713,-0.03436842,-0.13380054,-0.8727982,-0.06367025,-0.13924262,-0.9902583,-0.08986295,-0.032639533,-0.511855,-0.026665637,-0.049343653,-0.70941436,-0.04456428,-0.06026727,-0.8318286,-0.06892104,-0.07197673,-0.9408593,-0.09074934,0.053953573,-0.46884444,-0.043725662,0.043849297,-0.61923766,-0.060297634,0.030195635,-0.71139693,-0.06984765,0.014380691,-0.7951177,-0.080113366
HELP,0.0,0.0,0.0,-0.11051501,-0.08989852,-0.054850403,-0.15697992,-0.25979352,-0.07650864,-0.0790096,-0.40379307,-0.095042795,0.014409545,-0.45783246,-0.11115981,-0.18942934,-0.4925075,-0.010808798,-0.2044501,-0.69240576,-0.035822053,-0.2055483,-0.8124397,-0.0673542,-0.20387857,-0.91566217,-0.09514109,-0.111359455,-0.5258608,-0.011652839,-0.13181977,-0.740852,-0.02776869,-0.13664211,-0.87186956,-0.056896392,-0.14297706,-0.989726,-0.082806475,-0.034501333,-0.5149648,-0.022307647,-0.052059278,-0.71157783,-0.039801784,-0.06347771,-0.83399606,-0.06449888,-0.075902775,-0.94323874,-0.08646888,0.051031172,-0.47247043,-0.040707964,0.04086497,-0.6213087,-0.05783236,0.025787603,-0.71292007,-0.06839964,0.008224159,-0.7960844,-0.07927766
HELP,0.0,0.0,0.0,-0.11143005,-0.09035266,-0.055403218,-0.1578873,-0.2593934,-0.076971106,-0.07960224,-0.40468138,-0.095355496,0.01413562,-0.45874268,-0.11124461,-0.19048409,-0.49420872,-0.009311562,-0.20597419,-0.69365406,-0.033907656,-0.20662287,-0.8138732,-0.06559077,-0.20427878,-0.9177476,-0.093664676,-0.11206824,-0.52778614,-0.009901524,-0.13290156,-0.7419971,-0.025655493,-0.1373009,-0.8721277,-0.055036254,-0.14323206,-0.9896892,-0.08128055,-0.03510063,-0.517226,-0.020467158,-0.052391615,-0.7129099,-0.037835427,-0.06346303,-0.83478266,-0.06263428,-0.07541179,-0.94398725,-0.08475788,0.05095783,-0.47506887,-0.038915526,0.04053013,-0.624024,-0.055889208,0.025756229,-0.7155556,-0.06647719,0.008741308,-0.79918176,-0.077488
HELP,0.0,0.0,0.0,-0.113098726,-0.087330416,-0.056065846,-0.1640308,-0.260339,-0.078690305,-0.08453563,-0.40241936,-0.09776158,0.012939391,-0.4461495,-0.11403547,-0.19631025,-0.49664363,-0.013444997,-0.21159954,-0.6995895,-0.037817143,-0.21037795,-0.8190608,-0.068475366,-0.206237,-0.92161584,-0.09545485,-0.11801302,-0.52803665,-0.0130462535,-0.13963158,-0.7426377,-0.02789587,-0.14339758,-0.8726877,-0.05484518,-0.14821824,-0.98895466,-0.07897427,-0.039222684,-0.5165391,-0.02240109,-0.060605127,-0.71310884,-0.037835952,-0.069596775,-0.8344442,-0.059472844,-0.079687774,-0.9419899,-0.078994736,0.047048796,-0.47555506,-0.03980748,0.029497243,-0.6249948,-0.054733586,0.012196119,-0.7157388,-0.06281635,-0.005486164,-0.79697186,-0.07147499
HELP,0.0,0.0,0.0,-0.10953476,-0.09184417,-0.052796897,-0.15748073,-0.26161653,-0.07267017,-0.08158013,-0.4080335,-0.0895532,0.01109557,-0.46106148,-0.10363496,-0.19629095,-0.4921102,-0.0053128246,-0.21198007,-0.69144034,-0.02701844,-0.21372671,-0.809619,-0.05736199,-0.21374924,-0.91235006,-0.08490673,-0.12022314,-0.5284364,-0.0062849927,-0.14096688,-0.7438398,-0.01858217,-0.14553449,-0.87227565,-0.04582436,-0.1531674,-0.9882002,-0.07068762,-0.043859933,-0.5199231,-0.016837804,-0.06265383,-0.71709293,-0.030252557,-0.071321175,-0.8356913,-0.050948195,-0.08110752,-0.9425012,-0.07064938,0.041102268,-0.47931147,-0.035298903,0.024547908,-0.6270971,-0.048716076,0.011160475,-0.71609104,-0.055141814,-0.0010075441,-0.7985424,-0.06313181
HELP,0.0,0.0,0.0,-0.10995841,-0.093274854,-0.05027054,-0.15665793,-0.25935987,-0.070119515,-0.078019336,-0.40120205,-0.08764398,0.013224757,-0.45957488,-0.10308165,-0.19257657,-0.49104866,-0.0061474796,-0.21013892,-0.69022894,-0.029443208,-0.21247499,-0.80705625,-0.060341135,-0.21196732,-0.90768236,-0.08808851,-0.11494398,-0.5278073,-0.0088236965,-0.13715898,-0.74440366,-0.023240857,-0.14209116,-0.8728298,-0.05178082,-0.14919554,-0.98880774,-0.07769804,-0.03943612,-0.5189249,-0.020961568,-0.05932414,-0.71690553,-0.036671292,-0.06945113,-0.8340171,-0.059060343,-0.08014546,-0.9400119,-0.07993845,0.045243967,-0.47761205,-0.040546287,0.028059188,-0.6279255,-0.056825396,0.012657334,-0.7176567,-0.06562059,-0.003177552,-0.80060065,-0.07543413
HELP,0.0,0.0,0.0,-0.10936236,-0.087280855,-0.056071028,-0.1567809,-0.25102517,-0.07820395,-0.08124645,-0.39747307,-0.09664767,0.00764166,-0.46044856,-0.11224089,-0.19437292,-0.49027932,-0.011127568,-0.21310848,-0.69230294,-0.03479928,-0.21580182,-0.8105242,-0.065997444,-0.21533553,-0.91223806,-0.09384441,-0.11570351,-0.5280458,-0.010996556,-0.13940495,-0.7455532,-0.0243442,-0.14458157,-0.8738227,-0.052271865,-0.15094627,-0.98854196,-0.07815113,-0.039527673,-0.5200462,-0.020796385,-0.06099586,-0.7196876,-0.03510912,-0.07144228,-0.83711535,-0.057251833,-0.08164038,-0.94245476,-0.07842998,0.045581203,-0.47854534,-0.038670454,0.026519425,-0.6292816,-0.05357827,0.009610247,-0.7178503,-0.062095642,-0.0070879734,-0.7991921,-0.071965136
HELP,0.0,0.0,0.0,-0.10687784,-0.086807966,-0.05454539,-0.15543135,-0.25222385,-0.07763824,-0.07895923,-0.39987823,-0.0975682,0.0108981775,-0.46299312,-0.11501618,-0.19294894,-0.4902059,-0.012450831,-0.21179245,-0.6908647,-0.036893588,-0.21496871,-0.8086144,-0.06884577,-0.21631677,-0.90987176,-0.09728279,-0.11462457,-0.526377,-0.013738316,-0.13807917,-0.743182,-0.027432704,-0.1436139,-0.8729454,-0.05600493,-0.1511975,-0.9885036,-0.082498305,-0.038530428,-0.5173366,-0.024591405,-0.059154842,-0.71218145,-0.03853079,-0.07009337,-0.83054703,-0.060968205,-0.08157094,-0.93591756,-0.08255984,0.046123028,-0.47544286,-0.043379385,0.029760001,-0.6239197,-0.057007827,0.013929346,-0.7132468,-0.064720914,-0.0022740904,-0.7947044,-0.074251495
HELP,0.0,0.0,0.0,-0.107249685,-0.08917365,-0.055418693,-0.1532787,-0.2539484,-0.07705161,-0.07692829,-0.40080106,-0.09494764,0.010903124,-0.46560162,-0.10997175,-0.19222315,-0.49449584,-0.009001976,-0.2100102,-0.6957536,-0.03132168,-0.21303517,-0.812622,-0.062187225,-0.2138767,-0.91279787,-0.08967638,-0.11376315,-0.5297875,-0.008372109,-0.13599652,-0.74769735,-0.019570027,-0.14152658,-0.8757161,-0.046767347,-0.14872384,-0.9888787,-0.07218969,-0.037908018,-0.5200909,-0.017557934,-0.057670634,-0.71850276,-0.029158002,-0.068549365,-0.8349652,-0.05009552,-0.07945353,-0.93765724,-0.07064674,0.046777975,-0.47721115,-0.034877602,0.029333964,-0.62887126,-0.04707296,0.013152616,-0.7168446,-0.053897757,-0.0032018963,-0.7968312,-0.06261736
HELP,0.0,0.0,0.0,-0.10904911,-0.08812359,-0.054131884,-0.15623258,-0.2549844,-0.07485496,-0.080558546,-0.40392357,-0.09223163,0.009552752,-0.46315438,-0.10638881,-0.19504973,-0.49320492,-0.0056736125,-0.21395382,-0.69427514,-0.026178835,-0.2172455,-0.8093572,-0.055521276,-0.21874693,-0.9076631,-0.08174805,-0.11761873,-0.5289924,-0.005106235,-0.14059034,-0.7476249,-0.014204166,-0.14684984,-0.87620974,-0.039355133,-0.15459067,-0.98797864,-0.06316955,-0.0412007,-0.520453,-0.014353568,-0.062133834,-0.7194212,-0.023583582,-0.073113024,-0.8372775,-0.043290257,-0.08428369,-0.9404936,-0.06303349,0.043293312,-0.4803923,-0.03177593,0.0262345,-0.6292644,-0.041161615,0.009836846,-0.71809036,-0.04630754,-0.0057259086,-0.79821354,-0.053849142
HELP,0.0,0.0,0.0,-0.108531676,-0.091575086,-0.05299125,-0.15428793,-0.2574766,-0.07361097,-0.07883163,-0.40211248,-0.091019355,0.00995867,-0.46180612,-0.10572289,-0.19285758,-0.49049306,-0.00782881,-0.21120544,-0.69220704,-0.030055076,-0.21389583,-0.8092484,-0.060101956,-0.21421081,-0.90901154,-0.08666425,-0.11456425,-0.5266306,-0.007856704,-0.13816552,-0.74540895,-0.0187769,-0.14461964,-0.8746171,-0.04501404,-0.1525657,-0.98829335,-0.0696562,-0.03846048,-0.51827145,-0.017445346,-0.058916718,-0.7150091,-0.028346898,-0.07049339,-0.8327792,-0.04878653,-0.082103334,-0.93651676,-0.06908946,0.04595857,-0.47784814,-0.034995914,0.031106643,-0.625044,-0.04589142,0.015282181,-0.71292055,-0.05191053,-0.0007713565,-0.79234767,-0.060170107
HELP,0.0,0.0,0.0,-0.11058567,-0.092090145,-0.050773576,-0.15509993,-0.2587419,-0.070976995,-0.07906291,-0.40651453,-0.0886625,0.010958828,-0.46744183,-0.1035108,-0.19501889,-0.49448228,-0.0027660485,-0.21313617,-0.69603604,-0.023222972,-0.21587409,-0.810918,-0.0526345,-0.21701409,-0.9096478,-0.07926575,-0.11613184,-0.5311603,-0.004282859,-0.13905966,-0.7489839,-0.013949361,-0.14529893,-0.87628794,-0.040079203,-0.15406863,-0.9880601,-0.0649524,-0.03927965,-0.5229884,-0.01538378,-0.06042256,-0.7213225,-0.02541552,-0.07161628,-0.83733445,-0.045713812,-0.08406889,-0.9396184,-0.0661273,0.04617521,-0.48284268,-0.03426887,0.028526073,-0.6329905,-0.0446417,0.011641081,-0.7214234,-0.05050775,-0.0059047793,-0.8015195,-0.058807105
HELP,0.0,0.0,0.0,-0.10931246,-0.08968659,-0.05392619,-0.15643843,-0.25593036,-0.07521134,-0.080485456,-0.40350667,-0.0935011,0.008557922,-0.46669623,-0.10876796,-0.19550566,-0.49416056,-0.0046755564,-0.21427259,-0.6943849,-0.025933243,-0.21654628,-0.80988944,-0.056178536,-0.21684106,-0.9089769,-0.083186895,-0.11723624,-0.5310979,-0.0047414456,-0.14066431,-0.74859923,-0.014241533,-0.14672717,-0.87575483,-0.0403356,-0.15453571,-0.98798716,-0.065216735,-0.040807117,-0.52325016,-0.014749919,-0.06157171,-0.72116387,-0.02401861,-0.07269174,-0.83801496,-0.043360278,-0.084226854,-0.94171363,-0.0632986,0.044141546,-0.4828465,-0.033038814,0.026831247,-0.6317103,-0.041814968,0.010648244,-0.7194463,-0.04622483,-0.0056054224,-0.799291,-0.053676173
HELP,0.0,0.0,0.0,-0.10975507,-0.08725227,-0.05368962,-0.15781984,-0.25707373,-0.07475421,-0.08068314,-0.40856045,-0.092864364,0.0114279315,-0.46835923,-0.107945144,-0.19388878,-0.49303213,-0.005624511,-0.21337876,-0.6951235,-0.02685808,-0.21632932,-0.8122997,-0.056653697,-0.21765003,-0.91273457,-0.08338448,-0.11565673,-0.5297233,-0.005696739,-0.14048645,-0.74764407,-0.015476627,-0.14731967,-0.8758796,-0.040945128,-0.15613343,-0.98773605,-0.06514939,-0.039415378,-0.5219309,-0.015566454,-0.060864933,-0.7174356,-0.024977803,-0.0729818,-0.83472973,-0.04390622,-0.08542414,-0.9374307,-0.06337612,0.045604654,-0.48276225,-0.033730872,0.029689305,-0.6292251,-0.04230086,0.013588524,-0.7169663,-0.046460792,-0.0026714213,-0.79603016,-0.05361234
HELP,0.0,0.0,0.0,-0.10984625,-0.08907585,-0.05353766,-0.1557639,-0.25565526,-0.07531335,-0.08156419,-0.4062718,-0.09372148,0.005799963,-0.46971816,-0.10872183,-0.19412416,-0.49570024,-0.0054639042,-0.21265447,-0.6957802,-0.025731435,-0.21578111,-0.8096926,-0.05532549,-0.21760263,-0.90799296,-0.08192627,-0.11546291,-0.53225696,-0.005084847,-0.1389899,-0.7497014,-0.013391119,-0.14577015,-0.87669325,-0.038520247,-0.15491979,-0.987927,-0.06283911,-0.039143797,-0.5231917,-0.014333234,-0.06037908,-0.7195381,-0.02236328,-0.07193022,-0.8351121,-0.040639263,-0.08388094,-0.93565536,-0.059972018,0.046629798,-0.48199984,-0.03175369,0.030261325,-0.6306959,-0.03913587,0.0145353,-0.71795464,-0.042510446,-0.0018770009,-0.7964384,-0.049242653
HELP,0.0,0.0,0.0,-0.108025275,-0.087767296,-0.051659796,-0.15438093,-0.25186867,-0.073206015,-0.08172088,-0.40047008,-0.09193244,0.0027808626,-0.46614343,-0.10766377,-0.19224197,-0.49501696,-0.0055128494,-0.2129264,-0.6953835,-0.026737612,-0.21781655,-0.8100231,-0.056615878,-0.22116977,-0.9083304,-0.08314727,-0.11277773,-0.5311702,-0.006506407,-0.13857576,-0.74931276,-0.015777988,-0.14693506,-0.87652683,-0.041458532,-0.1574609,-0.9875252,-0.06607914,-0.03644323,-0.52206254,-0.016935756,-0.059337024,-0.7174699,-0.025726086,-0.0730383,-0.8336069,-0.04445791,-0.0871157,-0.93478024,-0.0641172,0.04852074,-0.4808753,-0.03532588,0.031214006,-0.62806654,-0.04341879,0.01370772,-0.7151925,-0.04711767,-0.0042109955,-0.79365087,-0.054055322
HELP,0.0,0.0,0.0,-0.10965049,-0.08727431,-0.051453885,-0.15719996,-0.2489323,-0.07300811,-0.08623015,-0.39877385,-0.091637895,-0.003430097,-0.46707138,-0.107030064,-0.19409071,-0.49408013,-0.005901694,-0.21726704,-0.69532037,-0.02665995,-0.22304352,-0.8091228,-0.055502977,-0.22648007,-0.90683717,-0.08110837,-0.11459899,-0.53152275,-0.0067395344,-0.1433651,-0.7495534,-0.015518225,-0.15339772,-0.8763884,-0.040511437,-0.16505037,-0.9862851,-0.06460328,-0.03807647,-0.52335286,-0.016883021,-0.062333647,-0.71885145,-0.02537315,-0.07532964,-0.83515066,-0.043716595,-0.08854386,-0.93562067,-0.0630895,0.04654456,-0.48301154,-0.034918275,0.028670987,-0.63006175,-0.042592384,0.0118734995,-0.71710896,-0.046054933,-0.005009293,-0.7953063,-0.052742973
HELP,0.0,0.0,0.0,-0.10801221,-0.0867251,-0.052939154,-0.154954,-0.25089398,-0.07482785,-0.08137445,-0.402266,-0.093641095,0.005960182,-0.46765664,-0.10934799,-0.19111201,-0.49229938,-0.008450604,-0.21376576,-0.6942957,-0.02998806,-0.22093312,-0.80970997,-0.059331995,-0.22650686,-0.9083637,-0.08526763,-0.112190984,-0.52949107,-0.008838754,-0.14049257,-0.74847883,-0.018233988,-0.15106696,-0.87615484,-0.043253202,-0.1634111,-0.9865581,-0.06714974,-0.036480293,-0.5214875,-0.018564329,-0.06108428,-0.7179571,-0.027243158,-0.0747128,-0.83426195,-0.04554332,-0.088042274,-0.93461764,-0.06467451,0.04730352,-0.48170298,-0.036414485,0.028608091,-0.6297095,-0.04394544,0.011620465,-0.7174818,-0.04730587,-0.0046626464,-0.7959935,-0.05386452
HELP,0.0,0.0,0.0,-0.10973985,-0.08553692,-0.05317812,-0.15671885,-0.24614897,-0.075858206,-0.08406962,-0.39578894,-0.09551664,0.0015284661,-0.4611051,-0.11227714,-0.19033466,-0.4888144,-0.010642234,-0.21403056,-0.69289654,-0.034251418,-0.22076875,-0.81041276,-0.06466122,-0.22445294,-0.91075975,-0.090945564,-0.1103429,-0.5272902,-0.011308533,-0.13959073,-0.7471669,-0.022536434,-0.15022999,-0.8759141,-0.048570592,-0.16178739,-0.98682564,-0.07301828,-0.03436177,-0.5202136,-0.021288833,-0.05866501,-0.7154159,-0.031433146,-0.071831845,-0.83172596,-0.05010892,-0.08479604,-0.93127203,-0.069279246,0.04961143,-0.48047635,-0.03936571,0.031071274,-0.6268353,-0.047495674,0.013754375,-0.71263486,-0.050752543,-0.0036873606,-0.788552,-0.05711131
HELP,0.0,0.0,0.0,-0.10749496,-0.08504066,-0.052746996,-0.1547314,-0.24786747,-0.075025916,-0.083134726,-0.39744967,-0.09413975,0.0024455858,-0.4613316,-0.1103205,-0.19070408,-0.49161962,-0.010760312,-0.2118293,-0.6955555,-0.032896753,-0.21762745,-0.81203866,-0.062314335,-0.2215597,-0.9112411,-0.088183396,-0.11032054,-0.5294647,-0.011144579,-0.1374707,-0.74903107,-0.02087977,-0.14687262,-0.87727547,-0.04597757,-0.15812016,-0.98741984,-0.0699666,-0.033684734,-0.5216876,-0.020639744,-0.057591442,-0.71680254,-0.029238403,-0.0704695,-0.833402,-0.047861077,-0.08373195,-0.9332995,-0.06729084,0.050225172,-0.4816612,-0.038137443,0.033051524,-0.6279165,-0.045559864,0.016151464,-0.7144599,-0.049102306,-0.00097065687,-0.7910276,-0.055719465
HELP,0.0,0.0,0.0,-0.10791905,-0.08721032,-0.052535877,-0.15341946,-0.25362408,-0.07364002,-0.07937221,-0.4049794,-0.09165757,0.0086048385,-0.4681745,-0.10665293,-0.19028664,-0.49231976,-0.0074928664,-0.21363074,-0.6964276,-0.028260745,-0.22044511,-0.81285536,-0.056701664,-0.225357,-0.9120284,-0.08186476,-0.11061419,-0.5298991,-0.0074924575,-0.13839611,-0.7494761,-0.01587087,-0.14826034,-0.87740755,-0.04015455,-0.15978968,-0.9871511,-0.06357655,-0.034132037,-0.52279985,-0.01681079,-0.05787264,-0.71827006,-0.02412864,-0.07095903,-0.834961,-0.04255606,-0.084298216,-0.93469584,-0.06196599,0.049421664,-0.4847302,-0.034230333,0.03224255,-0.63161355,-0.0403405,0.015731584,-0.7189421,-0.043605134,-0.0005967654,-0.7961076,-0.050248917
HELP,0.0,0.0,0.0,-0.107947245,-0.087415114,-0.052615542,-0.15359908,-0.24929684,-0.074319795,-0.08298839,-0.39842874,-0.09274439,0.00029361638,-0.46687806,-0.108318135,-0.19127025,-0.491351,-0.009682978,-0.21219325,-0.69430923,-0.031942766,-0.2191812,-0.81137186,-0.061535873,-0.22491984,-0.9110328,-0.08747016,-0.11066453,-0.529097,-0.010107929,-0.13737881,-0.74872905,-0.020118657,-0.14772753,-0.87649006,-0.045775436,-0.1604672,-0.9870412,-0.07035826,-0.034001727,-0.5212393,-0.019749878,-0.056464326,-0.71539503,-0.02912821,-0.06953508,-0.8325361,-0.048710797,-0.08332093,-0.9332997,-0.06894228,0.050003387,-0.48117638,-0.037285153,0.034358975,-0.62794137,-0.04532685,0.018033126,-0.71490324,-0.049590394,0.0008528652,-0.7923346,-0.057011183
HELP,0.0,0.0,0.0,-0.106723726,-0.08798631,-0.052528843,-0.15219074,-0.25207633,-0.074074164,-0.07732272,-0.40045732,-0.09243062,0.010187879,-0.46403673,-0.10796509,-0.18973397,-0.49499255,-0.009345562,-0.21039878,-0.6978925,-0.030689185,-0.21678503,-0.813546,-0.059975903,-0.22199766,-0.91268283,-0.08624262,-0.11003878,-0.5326739,-0.00975506,-0.1362895,-0.7507727,-0.019353133,-0.14576077,-0.87751305,-0.045041554,-0.15812305,-0.98741937,-0.06979476,-0.034163885,-0.5242651,-0.019384459,-0.05584852,-0.718409,-0.028524684,-0.06836982,-0.8341069,-0.048755474,-0.08269245,-0.9336982,-0.069500186,0.04893562,-0.4840014,-0.036882665,0.033975504,-0.63044757,-0.04568681,0.017943555,-0.7172568,-0.051122423,0.00053235574,-0.7945612,-0.05931724
HELP,0.0,0.0,0.0,-0.11055004,-0.08969412,-0.049846295,-0.1587352,-0.25498247,-0.07002436,-0.08602809,-0.40300354,-0.087675616,0.0012168344,-0.4667372,-0.10264646,-0.19279866,-0.49407914,-0.0063236034,-0.21397467,-0.6978543,-0.027498225,-0.21985874,-0.8143072,-0.056097645,-0.22413905,-0.91214406,-0.08116442,-0.11317656,-0.5311473,-0.007590491,-0.13911778,-0.75129044,-0.016972076,-0.14750592,-0.8786326,-0.041557368,-0.15708023,-0.98758584,-0.06482776,-0.03674388,-0.52367353,-0.017919244,-0.05983517,-0.7226118,-0.026277963,-0.07262712,-0.84003544,-0.04445835,-0.085298955,-0.9402968,-0.06337711,0.04748381,-0.48419154,-0.03597474,0.029201437,-0.63442737,-0.043350633,0.012108029,-0.72275704,-0.046567243,-0.0045889723,-0.8002268,-0.05284423
HELP,0.0,0.0,0.0,-0.11069047,-0.08937879,-0.0495204,-0.15951851,-0.25715977,-0.068949625,-0.0858672,-0.40446663,-0.08605336,0.0031282844,-0.46232107,-0.10022741,-0.19355124,-0.49681875,-0.0036890197,-0.21449105,-0.69637436,-0.024808709,-0.21897905,-0.81139475,-0.054095957,-0.22167069,-0.9091731,-0.080027245,-0.11557779,-0.5327425,-0.005337756,-0.141292,-0.7499521,-0.015228885,-0.14988236,-0.877521,-0.039841067,-0.15996708,-0.98712236,-0.0629862,-0.039581206,-0.5237681,-0.016369386,-0.06248585,-0.72069335,-0.025900006,-0.07591528,-0.837612,-0.04402496,-0.08982934,-0.93818825,-0.06250169,0.044899218,-0.48285955,-0.035224255,0.028561866,-0.6310579,-0.044280346,0.012055599,-0.7195561,-0.048321757,-0.0048072212,-0.79837126,-0.054925583
HELP,0.0,0.0,0.0,-0.11121974,-0.089680515,-0.05239021,-0.15988642,-0.25814718,-0.07481577,-0.08649292,-0.4064023,-0.094678074,0.003781096,-0.46359023,-0.111438535,-0.19532381,-0.49657458,-0.0075274482,-0.21726012,-0.69651544,-0.0307235,-0.22152282,-0.812306,-0.061552722,-0.22356202,-0.9119865,-0.08864117,-0.11799086,-0.5316354,-0.008919244,-0.14481744,-0.74770284,-0.020834802,-0.15280621,-0.8754375,-0.04710568,-0.1621632,-0.986764,-0.071563825,-0.041654393,-0.52292544,-0.019818718,-0.065137245,-0.7194759,-0.030706465,-0.07736797,-0.8371288,-0.04966435,-0.09016389,-0.9389861,-0.068670444,0.04313014,-0.48290688,-0.038819835,0.025588458,-0.6317414,-0.04787517,0.00902573,-0.72109973,-0.05169108,-0.0077409786,-0.8004664,-0.05826025
HELP,0.0,0.0,0.0,-0.1116953,-0.09115925,-0.050406802,-0.15973288,-0.26098266,-0.07097582,-0.086372115,-0.40706995,-0.089194514,0.00081404316,-0.466872,-0.104855925,-0.19448939,-0.49551356,-0.0069155856,-0.21526986,-0.6949092,-0.029817354,-0.21948434,-0.8115331,-0.06032674,-0.22130159,-0.91179687,-0.08717244,-0.11757039,-0.5310329,-0.009108595,-0.14372955,-0.74813193,-0.02102926,-0.15224685,-0.8754925,-0.047515303,-0.16223961,-0.9867514,-0.071910776,-0.041100837,-0.52190846,-0.020539483,-0.06413657,-0.71973085,-0.03197095,-0.077088825,-0.83665156,-0.051467992,-0.091025546,-0.9383832,-0.0707064,0.044258244,-0.47980112,-0.039726205,0.027299784,-0.6291229,-0.05028501,0.010685973,-0.71818167,-0.055147402,-0.00706244,-0.79782355,-0.06227384
HELP,0.0,0.0,0.0,-0.112026215,-0.09182706,-0.047871936,-0.15917946,-0.25893292,-0.06745167,-0.085182086,-0.40269127,-0.0851076,0.0030732392,-0.46143106,-0.10043023,-0.19334102,-0.4954558,-0.00509568,-0.21431716,-0.6968441,-0.027430743,-0.21807869,-0.81308097,-0.057076927,-0.2191617,-0.91271627,-0.083129704,-0.11438169,-0.53095955,-0.008031851,-0.14009559,-0.7501983,-0.019407433,-0.14829674,-0.87741435,-0.04500111,-0.15800698,-0.98743796,-0.06878439,-0.037153278,-0.52193326,-0.020067252,-0.060430754,-0.7203224,-0.031228077,-0.073860444,-0.8366743,-0.050083075,-0.08809206,-0.9370281,-0.06881819,0.049137108,-0.48058403,-0.039561044,0.03102558,-0.63150626,-0.049682632,0.014340262,-0.7198908,-0.05383456,-0.003600767,-0.79861206,-0.060514882
HELP,0.0,0.0,0.0,-0.11122909,-0.09169863,-0.048702493,-0.159057,-0.25749213,-0.06928332,-0.08572163,-0.40538403,-0.08782199,0.0041922624,-0.4646069,-0.10373696,-0.19317357,-0.49693283,-0.00522411,-0.21504253,-0.69796824,-0.02695669,-0.22076613,-0.81375617,-0.05629894,-0.22391734,-0.9123457,-0.08237579,-0.114847586,-0.53327894,-0.008329218,-0.14181869,-0.7507097,-0.018954428,-0.15088287,-0.8775327,-0.0442214,-0.16111729,-0.9869352,-0.06791663,-0.03801884,-0.5252357,-0.020513164,-0.06200123,-0.721644,-0.030734291,-0.07503728,-0.8381522,-0.04917389,-0.08851238,-0.9397134,-0.06792862,0.047580075,-0.484425,-0.040364143,0.028929725,-0.6342787,-0.049329985,0.012468746,-0.72212756,-0.052701652,-0.0043514753,-0.8005724,-0.058959663
HELP,0.0,0.0,0.0,-0.11031553,-0.08821463,-0.05045663,-0.15925577,-0.25333196,-0.071847245,-0.086889446,-0.4028076,-0.09088269,0.003301441,-0.46442834,-0.10754367,-0.19381562,-0.49191102,-0.009154501,-0.21468984,-0.6936577,-0.032549962,-0.2193821,-0.81087685,-0.06291783,-0.22165778,-0.91118807,-0.089803316,-0.11579829,-0.52910596,-0.011876722,-0.14248465,-0.748026,-0.02477019,-0.15114917,-0.8759705,-0.051353816,-0.16146754,-0.98687804,-0.07594868,-0.03945289,-0.52151364,-0.023751311,-0.0631722,-0.719752,-0.036332645,-0.076314285,-0.8366597,-0.05649142,-0.09043616,-0.9389808,-0.076334275,0.04592867,-0.48112753,-0.04325938,0.02747176,-0.6313765,-0.055099145,0.010037959,-0.71978515,-0.060861122,-0.008488045,-0.798745,-0.068792425
HELP,0.0,0.0,0.0,-0.11057284,-0.09162721,-0.049709458,-0.15704273,-0.25646907,-0.070987195,-0.080956094,-0.40346962,-0.09021989,0.011198096,-0.4621437,-0.10721729,-0.19206318,-0.49549183,-0.0068259933,-0.2125271,-0.69611007,-0.029844977,-0.21745217,-0.8120638,-0.06035778,-0.21940577,-0.9116262,-0.08758853,-0.11464567,-0.5317893,-0.010025324,-0.14111322,-0.7491934,-0.023186352,-0.14977714,-0.8762551,-0.05061132,-0.15981746,-0.9871466,-0.07591635,-0.038038727,-0.5234981,-0.022473594,-0.060612053,-0.72129005,-0.035823096,-0.073248014,-0.8381131,-0.057365555,-0.08760753,-0.9409981,-0.07810197,0.047910888,-0.48244846,-0.04245937,0.031880364,-0.6328464,-0.055332694,0.015024694,-0.72138274,-0.062231988,-0.0037667728,-0.8009433,-0.07097067
HELP,0.0,0.0,0.0,-0.10990963,-0.09212572,-0.04845762,-0.15651064,-0.26010975,-0.06711689,-0.08053922,-0.4071259,-0.083781384,0.010793763,-0.46458372,-0.09824278,-0.1921127,-0.49199358,-0.0034846368,-0.21307516,-0.69256973,-0.024673913,-0.21768725,-0.80956423,-0.05381448,-0.21920116,-0.9095266,-0.07993451,-0.114184245,-0.52865833,-0.0064577577,-0.14073576,-0.7465569,-0.01746147,-0.14923634,-0.8750344,-0.04349789,-0.15869685,-0.9873274,-0.067582764,-0.037239768,-0.52038515,-0.018638557,-0.060567282,-0.71869636,-0.030276755,-0.07308727,-0.8358732,-0.050258495,-0.08605021,-0.93932134,-0.06973784,0.049326092,-0.47957018,-0.038302936,0.031230329,-0.63029814,-0.049491044,0.014871201,-0.71865267,-0.05464758,-0.0022078054,-0.79849845,-0.062036626
HELP,0.0,0.0,0.0,-0.115392946,-0.09129001,-0.05369317,-0.16498287,-0.2628585,-0.074200004,-0.089058265,-0.40436178,-0.09141517,0.0026322324,-0.45554385,-0.10584604,-0.19745865,-0.4970765,-0.0088053,-0.21630608,-0.6978798,-0.031469807,-0.2175881,-0.8156159,-0.061721336,-0.21579058,-0.9161501,-0.08812664,-0.117841065,-0.53097236,-0.008203674,-0.14215359,-0.74618936,-0.019482533,-0.14858681,-0.8743393,-0.044785034,-0.155755,-0.9877957,-0.06822335,-0.040457156,-0.52124214,-0.01733106,-0.06332637,-0.71729094,-0.028137581,-0.07599894,-0.8349532,-0.047153752,-0.08786985,-0.9371858,-0.06573298,0.046030134,-0.4799854,-0.03462951,0.027673401,-0.62948453,-0.04452818,0.009758246,-0.7178612,-0.04942297,-0.008773164,-0.79646474,-0.05648185
HELP,0.0,0.0,0.0,-0.11615093,-0.087500066,-0.055471238,-0.16968778,-0.26151767,-0.07674913,-0.09259622,-0.40665993,-0.094541065,0.006155274,-0.45700163,-0.10960217,-0.19515118,-0.49582464,-0.012923994,-0.21292977,-0.697301,-0.03686279,-0.21409564,-0.81714314,-0.06741266,-0.21219774,-0.9208181,-0.09428461,-0.1174179,-0.52953964,-0.011867215,-0.14071605,-0.74423677,-0.024908675,-0.14574401,-0.873785,-0.050384756,-0.1515462,-0.9884501,-0.07387945,-0.04056843,-0.52008134,-0.020531934,-0.062384978,-0.71381104,-0.032743037,-0.072922006,-0.8324603,-0.052445516,-0.083302766,-0.9350755,-0.07129323,0.0443743,-0.47996747,-0.037552137,0.027318649,-0.6296879,-0.04878651,0.011264829,-0.7194545,-0.05488206,-0.004925022,-0.7982785,-0.06269928
HELP,0.0,0.0,0.0,-0.11823026,-0.0845983,-0.054922644,-0.1751393,-0.2544328,-0.078191884,-0.103264414,-0.39650437,-0.09842281,-0.008240045,-0.44335222,-0.11604432,-0.19637424,-0.49577406,-0.014044358,-0.2138242,-0.6944426,-0.039465867,-0.21498048,-0.8151198,-0.07162116,-0.21355155,-0.9207361,-0.09952836,-0.12025252,-0.5286121,-0.014591569,-0.14324173,-0.7419106,-0.028264482,-0.1482555,-0.87211293,-0.05423938,-0.15418215,-0.9880424,-0.07803656,-0.044096068,-0.51844484,-0.024680762,-0.064417526,-0.7094815,-0.036579855,-0.07450162,-0.8277819,-0.05512408,-0.085628964,-0.9307755,-0.07320377,0.039996587,-0.4770418,-0.043256205,0.023800986,-0.6230164,-0.052733436,0.009184303,-0.711065,-0.056485698,-0.0058961813,-0.78937685,-0.0626004
HELP,0.0,0.0,0.0,-0.1225344,-0.08269531,-0.061226416,-0.17965853,-0.24926381,-0.08841548,-0.10661995,-0.38606152,-0.11129351,-0.011443309,-0.42976373,-0.13117908,-0.19610485,-0.4975205,-0.022447161,-0.21431284,-0.69714874,-0.05189518,-0.21437554,-0.8189059,-0.08633588,-0.21129751,-0.9242844,-0.11532288,-0.12003576,-0.5304951,-0.020228952,-0.14500189,-0.74292815,-0.037713993,-0.1496159,-0.8719127,-0.06499244,-0.15474522,-0.98795444,-0.08909508,-0.044244297,-0.52067214,-0.028012227,-0.0661226,-0.7127316,-0.042385798,-0.07690085,-0.8308745,-0.06086035,-0.08856929,-0.9361039,-0.07836726,0.041026883,-0.479364,-0.04485009,0.024124056,-0.6258872,-0.055486653,0.008592664,-0.71297526,-0.05936354,-0.008083075,-0.7915145,-0.06517549
HELP,0.0,0.0,0.0,-0.122896455,-0.07135386,-0.061537378,-0.18434367,-0.23478717,-0.08989318,-0.117839895,-0.38197976,-0.11413731,-0.023861567,-0.43540233,-0.13578466,-0.1956312,-0.49867585,-0.02325668,-0.2098485,-0.6976737,-0.05325019,-0.20786324,-0.82075936,-0.08853236,-0.20262216,-0.92802674,-0.11827915,-0.11975592,-0.53199315,-0.022111293,-0.14197978,-0.7454285,-0.040092897,-0.14558011,-0.8738969,-0.068329975,-0.14869802,-0.98888266,-0.09315303,-0.043832496,-0.5217171,-0.03083812,-0.06426248,-0.7172228,-0.046015877,-0.07425082,-0.837054,-0.06489201,-0.08407248,-0.94263166,-0.082650386,0.04018232,-0.47864893,-0.048517972,0.021638466,-0.62864894,-0.05969557,0.0058958195,-0.71684986,-0.06352815,-0.00987089,-0.7960628,-0.06921424
HELP,0.0,0.0,0.0,-0.1186628,-0.08313082,-0.056642827,-0.1706191,-0.25009936,-0.08385452,-0.09302696,-0.38590804,-0.108352005,0.005800689,-0.4275286,-0.1310258,-0.18719293,-0.49962512,-0.019956179,-0.19968309,-0.7018131,-0.050392445,-0.19745618,-0.8271713,-0.08645826,-0.1915801,-0.9353363,-0.11685809,-0.11187041,-0.5318982,-0.021851199,-0.13344364,-0.7467865,-0.040651094,-0.13576846,-0.8758647,-0.070849314,-0.1380557,-0.99042445,-0.097203545,-0.036540575,-0.52275336,-0.033037495,-0.055652343,-0.7188288,-0.048343986,-0.06488714,-0.83901215,-0.06835063,-0.07423622,-0.9443262,-0.087253205,0.04766872,-0.4824245,-0.05278124,0.028905991,-0.6322467,-0.06357085,0.014266873,-0.7208487,-0.06699322,-6.045713e-05,-0.80090886,-0.072882615
HELP,0.0,0.0,0.0,-0.118326895,-0.07904414,-0.06269265,-0.17350017,-0.24550833,-0.093784325,-0.09213926,-0.37596425,-0.12112466,0.013692534,-0.41248035,-0.14661345,-0.18744515,-0.4984607,-0.030309075,-0.19777332,-0.6996253,-0.06364531,-0.19345808,-0.82579124,-0.100273155,-0.1858395,-0.9350688,-0.13099784,-0.11108203,-0.5312569,-0.030374913,-0.12926807,-0.7462508,-0.051739648,-0.13002396,-0.8760489,-0.08126476,-0.13096629,-0.9913868,-0.107001916,-0.034846753,-0.52054185,-0.040348332,-0.052309122,-0.72169757,-0.058042638,-0.06089765,-0.842796,-0.079750076,-0.07066094,-0.94929576,-0.09937888,0.047712542,-0.4775918,-0.059356198,0.03267954,-0.62851,-0.07327978,0.016877797,-0.7189153,-0.08036759,0.0007711751,-0.7987937,-0.08861454
HELP,0.0,0.0,0.0,-0.12062585,-0.07830852,-0.058150783,-0.17816459,-0.2519559,-0.08577282,-0.099146634,-0.38028282,-0.1109341,0.0028770147,-0.4191652,-0.13493714,-0.19377461,-0.49496555,-0.025746541,-0.20538102,-0.69704854,-0.059201103,-0.20201327,-0.8240409,-0.09574118,-0.1966275,-0.9350366,-0.12698247,-0.11663965,-0.52849865,-0.028745336,-0.13571061,-0.74255246,-0.052424587,-0.1365628,-0.872242,-0.08367594,-0.13920762,-0.9902633,-0.110689685,-0.039762363,-0.51958495,-0.04158099,-0.059172016,-0.72360057,-0.06290989,-0.067031726,-0.84502995,-0.08682849,-0.07645109,-0.9563578,-0.107903704,0.042861726,-0.47975305,-0.06276083,0.025724605,-0.6314128,-0.08151016,0.010223743,-0.7257678,-0.09208228,-0.0057898546,-0.8147325,-0.102994025
HELP,0.0,0.0,0.0,-0.11730106,-0.074610434,-0.057993323,-0.1766181,-0.24226764,-0.086139806,-0.09701129,-0.37823305,-0.111587346,0.0072194235,-0.42354038,-0.1360128,-0.19289146,-0.4982487,-0.025274243,-0.20480601,-0.69627464,-0.059033554,-0.2020144,-0.82437223,-0.097026,-0.19486658,-0.93448323,-0.12920983,-0.11531918,-0.53351074,-0.028117547,-0.13670298,-0.74456394,-0.05117871,-0.14010836,-0.873216,-0.083611906,-0.14350449,-0.9896497,-0.11155615,-0.03820833,-0.5246185,-0.04043398,-0.056503225,-0.7236526,-0.060198124,-0.06787965,-0.84451586,-0.0833678,-0.08032181,-0.9537761,-0.104263574,0.04551781,-0.48174605,-0.061212614,0.02900063,-0.6326243,-0.07804133,0.011637689,-0.72396,-0.08634393,-0.0073230206,-0.80801076,-0.0954832
HELP,0.0,0.0,0.0,-0.11901744,-0.07520055,-0.05885825,-0.17784207,-0.24761994,-0.08633959,-0.09997664,-0.3868492,-0.11094343,0.003909482,-0.42688355,-0.1342578,-0.1929663,-0.4971306,-0.023333212,-0.20590293,-0.6956503,-0.055077847,-0.20317948,-0.8217694,-0.091732666,-0.19647652,-0.93115634,-0.12301101,-0.11472443,-0.53236204,-0.025007144,-0.13727397,-0.7446179,-0.045839492,-0.14129694,-0.87335443,-0.07674459,-0.14529651,-0.98938817,-0.103780285,-0.03693279,-0.52464044,-0.036383554,-0.05714397,-0.72359,-0.054052602,-0.068999246,-0.84408814,-0.076388545,-0.08156404,-0.95147234,-0.09682939,0.047048293,-0.48559624,-0.05641879,0.028131157,-0.63695985,-0.070673116,0.01012614,-0.7285275,-0.077922106,-0.008449912,-0.81207085,-0.086664826
HELP,0.0,0.0,0.0,-0.12250171,-0.070650235,-0.06011162,-0.18172392,-0.24110337,-0.08719779,-0.106116526,-0.38241038,-0.11119191,-0.0049050427,-0.42556602,-0.13371629,-0.19725432,-0.49090564,-0.02302033,-0.21097335,-0.69355726,-0.0541757,-0.20910734,-0.82231796,-0.09003232,-0.20350893,-0.9330586,-0.120522186,-0.11844189,-0.52602476,-0.023580834,-0.14242995,-0.7409579,-0.04430353,-0.14721191,-0.8719809,-0.074844174,-0.15101998,-0.9885307,-0.10132637,-0.040635884,-0.518268,-0.033924464,-0.06229476,-0.71959805,-0.05173477,-0.07511693,-0.84386116,-0.07388658,-0.0868065,-0.95381755,-0.094128124,0.04426622,-0.4790035,-0.052954234,0.025323102,-0.62966096,-0.067075886,0.0066913133,-0.72286963,-0.073886074,-0.011835909,-0.8082798,-0.08226225
HELP,0.0,0.0,0.0,-0.12013828,-0.069912136,-0.05749873,-0.18009569,-0.24048927,-0.083668865,-0.11061994,-0.3829047,-0.10728052,-0.013999498,-0.42361826,-0.12968144,-0.19669867,-0.48867723,-0.021206494,-0.21169421,-0.6911878,-0.052944165,-0.20841633,-0.8195115,-0.088785276,-0.20016211,-0.9294386,-0.11864949,-0.11812018,-0.52323717,-0.022853877,-0.13981275,-0.73939025,-0.044186663,-0.14259079,-0.87179524,-0.07495311,-0.14356263,-0.98964125,-0.101000346,-0.03982659,-0.5160485,-0.03404616,-0.059753172,-0.7153411,-0.05177303,-0.07118866,-0.83896303,-0.07370666,-0.080970526,-0.9481493,-0.093426265,0.045007158,-0.4786507,-0.05369313,0.027316751,-0.629007,-0.06656536,0.010398919,-0.7210595,-0.07242641,-0.0064349077,-0.8050528,-0.08003685
HELP,0.0,0.0,0.0,-0.12348589,-0.069358386,-0.05739295,-0.18492964,-0.24675046,-0.08179316,-0.1152298,-0.3917072,-0.10387293,-0.01728222,-0.43347934,-0.12468905,-0.19835128,-0.48673272,-0.017928813,-0.21316428,-0.6881416,-0.048243396,-0.21083856,-0.8158801,-0.08295898,-0.20357703,-0.92619246,-0.11211376,-0.119775444,-0.52248544,-0.019438496,-0.14182724,-0.73783565,-0.039478496,-0.14521949,-0.8707161,-0.06940445,-0.14694573,-0.98914456,-0.09486375,-0.040520974,-0.5164956,-0.030853145,-0.061223075,-0.71490294,-0.047694176,-0.07328289,-0.8386509,-0.06948952,-0.08436827,-0.9473712,-0.08905881,0.04470507,-0.48162088,-0.050851755,0.026453823,-0.6324426,-0.06280884,0.009258332,-0.7242788,-0.06841484,-0.0080443695,-0.8078594,-0.075943
HELP,0.0,0.0,0.0,-0.121347934,-0.07393249,-0.05400509,-0.1830836,-0.25111982,-0.07667264,-0.1139504,-0.39586583,-0.09760302,-0.016301813,-0.44220313,-0.11765053,-0.19578564,-0.48824614,-0.016125947,-0.2098251,-0.6912827,-0.045701962,-0.20782758,-0.8207929,-0.07969952,-0.20073888,-0.9313953,-0.108058244,-0.11745316,-0.5217999,-0.018466376,-0.13833576,-0.7378036,-0.037685707,-0.14228353,-0.871771,-0.0673396,-0.14379293,-0.9896078,-0.09250028,-0.038220603,-0.5152964,-0.03023415,-0.057444595,-0.7129114,-0.04608243,-0.06932493,-0.83758354,-0.06791947,-0.07980928,-0.9457144,-0.0876228,0.04657686,-0.47989565,-0.05019928,0.029938072,-0.6300325,-0.06142751,0.01268549,-0.7212406,-0.06676074,-0.005068616,-0.8029771,-0.07408544
HELP,0.0,0.0,0.0,-0.12030685,-0.07471698,-0.05474834,-0.18107048,-0.2483392,-0.07850284,-0.11205421,-0.39167917,-0.09997672,-0.01455126,-0.43614992,-0.120406665,-0.19688915,-0.48951682,-0.017936094,-0.20979694,-0.6920573,-0.046990935,-0.2070127,-0.82031554,-0.080855034,-0.19985256,-0.9303894,-0.10951245,-0.1170959,-0.5234368,-0.019716324,-0.13811174,-0.74031246,-0.038249,-0.14252715,-0.8723716,-0.06774457,-0.1464766,-0.9892141,-0.09338155,-0.037301775,-0.5163162,-0.030716619,-0.056114763,-0.7145047,-0.04604111,-0.06882963,-0.83744544,-0.0676613,-0.08157742,-0.94370484,-0.087589554,0.048278775,-0.47958308,-0.049869303,0.03227755,-0.6305399,-0.060968608,0.015333965,-0.7214046,-0.06632856,-0.0029411053,-0.80210084,-0.07388574
HELP,0.0,0.0,0.0,-0.1237676,-0.07261045,-0.05927235,-0.18774478,-0.24044542,-0.08549841,-0.12521785,-0.3846951,-0.10797129,-0.032352094,-0.43530828,-0.12829545,-0.19977638,-0.4860022,-0.021763425,-0.21663567,-0.6886875,-0.050042856,-0.21923326,-0.8145092,-0.08279114,-0.21839748,-0.92185,-0.11060078,-0.11978174,-0.52170545,-0.020992888,-0.14440049,-0.73824847,-0.039201677,-0.15214428,-0.87040263,-0.06722988,-0.16081478,-0.98698455,-0.091782615,-0.040715538,-0.5141905,-0.029808296,-0.06335589,-0.7120959,-0.0457065,-0.07816966,-0.83708376,-0.06630876,-0.092514955,-0.9443276,-0.08542516,0.04595106,-0.47727308,-0.047028903,0.027681816,-0.62734056,-0.058720056,0.008771522,-0.7199303,-0.06385095,-0.011088679,-0.8028032,-0.071030416
HELP,0.0,0.0,0.0,-0.12833746,-0.07894165,-0.06115204,-0.18788518,-0.23777904,-0.08837395,-0.122376285,-0.37953973,-0.11086975,-0.03170012,-0.4267669,-0.13083777,-0.20155865,-0.47939017,-0.021641225,-0.21965341,-0.68267256,-0.050051216,-0.22239219,-0.8108964,-0.08456744,-0.22076981,-0.9192019,-0.11349434,-0.121760376,-0.5179885,-0.019224416,-0.14929038,-0.7361535,-0.036936034,-0.15787528,-0.86815584,-0.06738583,-0.16757327,-0.98585963,-0.09385747,-0.04390679,-0.5135376,-0.026215795,-0.068273395,-0.71255106,-0.04137904,-0.08377727,-0.83666235,-0.06303583,-0.09754242,-0.9432593,-0.08297639,0.043900292,-0.4783278,-0.04174232,0.022911021,-0.6299328,-0.051866397,0.0041952063,-0.71989137,-0.05577304,-0.015265861,-0.7987686,-0.06211696
HELP,0.0,0.0,0.0,-0.1218673,-0.07487156,-0.06651495,-0.17752141,-0.23702349,-0.09683693,-0.10852188,-0.38056195,-0.12184411,-0.019329047,-0.4321338,-0.14457136,-0.20219381,-0.4805436,-0.030632922,-0.21959782,-0.68323237,-0.06272901,-0.22214891,-0.81085205,-0.09865086,-0.22025111,-0.92114437,-0.1285104,-0.12142119,-0.5174424,-0.027159464,-0.14684583,-0.7340581,-0.049088713,-0.15518086,-0.86681885,-0.08099708,-0.16404666,-0.9864526,-0.10831477,-0.042236835,-0.5123349,-0.03352898,-0.063912235,-0.7073564,-0.05284663,-0.07818598,-0.8291993,-0.076550156,-0.09243959,-0.93695945,-0.09746563,0.0448294,-0.4777986,-0.048767794,0.027409313,-0.6271964,-0.06291019,0.0106782485,-0.71725833,-0.06998167,-0.0078630075,-0.7990511,-0.07840669
HELP,0.0,0.0,0.0,-0.119607836,-0.07533673,-0.064693466,-0.17743564,-0.23841748,-0.09212206,-0.11316315,-0.3846704,-0.113974035,-0.028426975,-0.43973717,-0.13287377,-0.20446084,-0.4882577,-0.023616284,-0.2230591,-0.6900822,-0.052201148,-0.22439541,-0.8170509,-0.08697335,-0.22058405,-0.9260059,-0.11640129,-0.12426606,-0.5229359,-0.019514317,-0.15132152,-0.73708296,-0.037794877,-0.15842105,-0.86858034,-0.06854524,-0.16485015,-0.9863186,-0.09540535,-0.046030544,-0.5141253,-0.025346605,-0.0684437,-0.7086418,-0.042532317,-0.08246611,-0.83051074,-0.06562669,-0.09369866,-0.9375075,-0.08649979,0.042636473,-0.47554383,-0.039901763,0.023629067,-0.62504965,-0.053847365,0.005891109,-0.7145753,-0.061311353,-0.01230457,-0.79763657,-0.07000955
HELP,0.0,0.0,0.0,-0.11571707,-0.07526207,-0.054366738,-0.175901,-0.2448311,-0.074470796,-0.10523637,-0.39630497,-0.09161349,-0.011269884,-0.44972208,-0.10682246,-0.20511746,-0.485373,-0.010748412,-0.22806537,-0.68301165,-0.03350686,-0.23440498,-0.8034082,-0.06339486,-0.23689258,-0.90743023,-0.090332724,-0.12802744,-0.5268557,-0.011339324,-0.15788735,-0.7410672,-0.024403678,-0.17000651,-0.87053955,-0.0498095,-0.18191308,-0.9833146,-0.072999954,-0.05065655,-0.5215826,-0.02168915,-0.077705465,-0.7180892,-0.035316467,-0.094447285,-0.83666193,-0.055613216,-0.11172118,-0.94141716,-0.07497143,0.034734484,-0.4829294,-0.040167537,0.016289774,-0.628584,-0.053104803,-0.0028001433,-0.714818,-0.059458382,-0.022537306,-0.7929982,-0.067532845
HELP,0.0,0.0,0.0,-0.1143503,-0.08095608,-0.053489894,-0.16929193,-0.25232962,-0.07320009,-0.09802338,-0.40351436,-0.09000971,-0.009504855,-0.45803353,-0.104655854,-0.20403305,-0.48532203,-0.009014503,-0.22587404,-0.6822593,-0.03281031,-0.23248152,-0.8024398,-0.06442463,-0.23705137,-0.907033,-0.09267599,-0.12622766,-0.5234492,-0.010019824,-0.15547247,-0.7363073,-0.024322964,-0.16623269,-0.86652845,-0.052015122,-0.1784608,-0.983947,-0.0771891,-0.048987657,-0.5181327,-0.020642111,-0.07564827,-0.71052796,-0.034882095,-0.09099083,-0.8302045,-0.055727657,-0.10651749,-0.93704194,-0.07552977,0.03811955,-0.48104265,-0.03944876,0.017954096,-0.62816876,-0.052416686,-0.00090110936,-0.71743625,-0.058941912,-0.020208659,-0.7990028,-0.0673556
HELP,0.0,0.0,0.0,-0.11549816,-0.07816955,-0.05286058,-0.1707339,-0.25306302,-0.07049045,-0.10024838,-0.4046649,-0.08520043,-0.011389014,-0.4558935,-0.09791686,-0.2062238,-0.48007748,-0.008092429,-0.22756061,-0.6796475,-0.030131578,-0.23387249,-0.80074376,-0.05922601,-0.23697081,-0.90437657,-0.08533595,-0.12834893,-0.5195776,-0.00898335,-0.15744185,-0.735744,-0.022079432,-0.16835725,-0.8676885,-0.04814859,-0.17933372,-0.9837883,-0.0714844,-0.05019624,-0.51418805,-0.019528002,-0.07803632,-0.7122166,-0.03339168,-0.09384256,-0.8341171,-0.055166192,-0.10857031,-0.9427515,-0.07522944,0.035990287,-0.47633302,-0.03796563,0.0142339105,-0.62386274,-0.05168866,-0.005537699,-0.71288425,-0.05930424,-0.024210248,-0.7938173,-0.068123445
HELP,0.0,0.0,0.0,-0.11496348,-0.07978587,-0.055920627,-0.17149122,-0.2521634,-0.07710641,-0.09951633,-0.40215012,-0.094652005,-0.008933441,-0.453523,-0.10952347,-0.20672451,-0.48117515,-0.01356274,-0.22671281,-0.68022406,-0.037147813,-0.23249462,-0.80083114,-0.06751092,-0.23690791,-0.90502924,-0.09432441,-0.13023603,-0.51914066,-0.01253782,-0.15789108,-0.73420894,-0.02581344,-0.16798934,-0.8666608,-0.051336356,-0.17962039,-0.983736,-0.07452326,-0.052961387,-0.51368093,-0.021112397,-0.07802572,-0.70428187,-0.03355305,-0.09169315,-0.8242988,-0.0537013,-0.10625414,-0.9297316,-0.07280006,0.032564443,-0.47871393,-0.038093034,0.015360805,-0.62362874,-0.049191877,-0.0018054022,-0.71196747,-0.055149525,-0.01912362,-0.79060215,-0.06288751
HELP,0.0,0.0,0.0,-0.11433871,-0.07860179,-0.056990553,-0.16853221,-0.25646815,-0.07749972,-0.09680476,-0.41022697,-0.09441102,-0.0072324183,-0.46034217,-0.108646,-0.20654026,-0.48209575,-0.01200553,-0.22800688,-0.6808058,-0.03516679,-0.23551376,-0.801639,-0.06543426,-0.2412261,-0.90620804,-0.09239285,-0.13148737,-0.5194742,-0.011093675,-0.16000584,-0.7333471,-0.024679678,-0.17100976,-0.86542904,-0.05120738,-0.1831762,-0.9830801,-0.07494869,-0.05464542,-0.5138185,-0.020016436,-0.07970311,-0.70586133,-0.033064112,-0.09413754,-0.8278589,-0.054523584,-0.109275214,-0.9355353,-0.07443272,0.030295726,-0.478546,-0.03746262,0.01335613,-0.6240181,-0.04853341,-0.004200162,-0.7132087,-0.054886665,-0.021455199,-0.7938247,-0.06307221
HELP,0.0,0.0,0.0,-0.112413675,-0.08441308,-0.05576392,-0.16539204,-0.25420412,-0.07638941,-0.09155048,-0.40192395,-0.09305278,-0.0013540928,-0.46096367,-0.1071406,-0.20296565,-0.4826962,-0.013569853,-0.22433211,-0.6838465,-0.036901508,-0.2304443,-0.8046507,-0.06724585,-0.23424372,-0.9085744,-0.094187744,-0.126442,-0.5212459,-0.012129093,-0.15558127,-0.7375794,-0.024654655,-0.165467,-0.8674773,-0.050527215,-0.17700003,-0.9842108,-0.07445247,-0.05047229,-0.51543665,-0.02015981,-0.07598131,-0.7081912,-0.032194693,-0.08915641,-0.8259394,-0.051320292,-0.102063976,-0.9299869,-0.07018557,0.0352332,-0.47828302,-0.036539916,0.01605639,-0.6237341,-0.047776278,-0.001194301,-0.7102339,-0.05307329,-0.01861178,-0.78813815,-0.060578316
HELP,0.0,0.0,0.0,-0.11393106,-0.08146425,-0.054027073,-0.16670054,-0.25640115,-0.07334148,-0.09427388,-0.40504792,-0.08926709,-0.0035333494,-0.45724556,-0.10253247,-0.20434812,-0.48171276,-0.010261735,-0.22570063,-0.6829194,-0.032399274,-0.23115312,-0.80152303,-0.061549135,-0.23445463,-0.9035958,-0.08738085,-0.12804556,-0.5196983,-0.009314968,-0.15655757,-0.73715925,-0.0212266,-0.16685352,-0.86846703,-0.046449427,-0.1780645,-0.98401874,-0.069437824,-0.051178265,-0.5148366,-0.017856915,-0.0772982,-0.70916414,-0.029215243,-0.09239908,-0.82922447,-0.04949459,-0.10764965,-0.93362397,-0.06892118,0.0343492,-0.480407,-0.03452455,0.016979687,-0.6251249,-0.04479772,-0.0011386697,-0.712028,-0.050518047,-0.019192426,-0.78936946,-0.058239676
HELP,0.0,0.0,0.0,-0.11375097,-0.08357599,-0.05846199,-0.16214257,-0.25591296,-0.079023585,-0.08762387,-0.4045358,-0.09528109,0.0017580165,-0.4609242,-0.108676165,-0.20356455,-0.4823189,-0.01128852,-0.22511365,-0.6816941,-0.034490857,-0.23125798,-0.8008294,-0.06556355,-0.23531991,-0.9044668,-0.093288414,-0.1272139,-0.52068454,-0.009199462,-0.15599011,-0.7350609,-0.023008268,-0.16582185,-0.86529714,-0.05119871,-0.17719303,-0.98417616,-0.07669979,-0.050862607,-0.51530397,-0.017182829,-0.07765871,-0.71153593,-0.031668402,-0.09217008,-0.831127,-0.05455362,-0.106546074,-0.9393489,-0.07562034,0.034992523,-0.47942677,-0.033552993,0.012941757,-0.6265633,-0.04782345,-0.006495526,-0.71495277,-0.056405082,-0.025378816,-0.7965412,-0.06601538
HELP,0.0,0.0,0.0,-0.11438226,-0.07866145,-0.057342447,-0.16538778,-0.2514683,-0.07686437,-0.091645144,-0.40086073,-0.09229131,-0.0018206536,-0.4587135,-0.10518559,-0.20554423,-0.47964832,-0.012470441,-0.22647728,-0.6806988,-0.03681863,-0.23166908,-0.8023318,-0.06825677,-0.23434885,-0.9076368,-0.09628331,-0.12886013,-0.52029604,-0.010790374,-0.1567277,-0.7353411,-0.025624573,-0.16521949,-0.8656434,-0.053640626,-0.1754926,-0.98448074,-0.07912072,-0.052857477,-0.5160465,-0.01919004,-0.07848162,-0.71052575,-0.0344242,-0.092903174,-0.82830733,-0.0575135,-0.10757287,-0.9349901,-0.07896532,0.03235809,-0.48083577,-0.035862077,0.0119918315,-0.62737644,-0.05172572,-0.0069055194,-0.7145101,-0.061964408,-0.026358858,-0.7948403,-0.07290721
HELP,0.0,0.0,0.0,-0.1116516,-0.079825945,-0.056901157,-0.1624827,-0.2558805,-0.07679009,-0.087037325,-0.40605968,-0.09290833,0.0070886095,-0.46076038,-0.10661141,-0.20161247,-0.4809642,-0.01236697,-0.22371416,-0.6812651,-0.035563193,-0.22950883,-0.80164784,-0.065855704,-0.2325331,-0.90637314,-0.092843466,-0.12712018,-0.5192315,-0.010732347,-0.15522698,-0.73435795,-0.02450113,-0.16519964,-0.8664005,-0.051971294,-0.17598487,-0.9843929,-0.076639615,-0.051302593,-0.5140463,-0.018918622,-0.07737205,-0.70807344,-0.032793153,-0.09195,-0.82605714,-0.056061342,-0.107049175,-0.9304652,-0.077163905,0.03262219,-0.4795787,-0.03533803,0.012965596,-0.6256722,-0.04928668,-0.0065208166,-0.7128412,-0.05866291,-0.025920162,-0.79133713,-0.06870856
HELP,0.0,0.0,0.0,-0.113190964,-0.080292426,-0.059582423,-0.16452734,-0.25420508,-0.079755925,-0.09186149,-0.4037243,-0.09552398,-0.0012927132,-0.46081588,-0.10814859,-0.20343223,-0.48253605,-0.010922219,-0.2260462,-0.6825201,-0.033173773,-0.23151757,-0.80151373,-0.062832095,-0.2339574,-0.90406203,-0.0891953,-0.12781513,-0.5205416,-0.0075792354,-0.15664777,-0.7363114,-0.01991231,-0.16633944,-0.8670632,-0.046061695,-0.17665038,-0.9842737,-0.06982726,-0.051601008,-0.5151828,-0.014627105,-0.07897349,-0.7121891,-0.027601471,-0.09347297,-0.8322705,-0.049762502,-0.10735659,-0.9397123,-0.07024402,0.032616448,-0.48070768,-0.030285724,0.011277867,-0.6262224,-0.04329537,-0.008414906,-0.71414274,-0.05179381,-0.026979918,-0.79448426,-0.061305948
HELP,0.0,0.0,0.0,-0.10982305,-0.08286363,-0.054627158,-0.1604216,-0.25226945,-0.074862815,-0.08852757,-0.40119317,-0.091581866,0.00097261637,-0.45789194,-0.10582779,-0.19971435,-0.4846395,-0.01089376,-0.22060554,-0.68357885,-0.03426496,-0.22575025,-0.80279315,-0.06512182,-0.2283345,-0.9048827,-0.092432454,-0.12405728,-0.523851,-0.0102148,-0.15139094,-0.7402142,-0.023098154,-0.16061561,-0.8698144,-0.049431536,-0.17128769,-0.985221,-0.073536776,-0.049018573,-0.518389,-0.019195981,-0.07437099,-0.71363044,-0.031599183,-0.08917749,-0.83214676,-0.05240832,-0.10393342,-0.93733203,-0.07245711,0.03555112,-0.48197776,-0.036376964,0.016894361,-0.6285723,-0.048702385,-0.0017008615,-0.7146355,-0.055941362,-0.021463627,-0.7919578,-0.06476315
HELP,0.0,0.0,0.0,-0.110345095,-0.08192508,-0.05609285,-0.16190456,-0.25471473,-0.076960206,-0.09082578,-0.40664572,-0.09403719,-0.0023372343,-0.46678263,-0.10824175,-0.19861895,-0.48807368,-0.011997579,-0.22021769,-0.68791837,-0.03425028,-0.22628191,-0.8059545,-0.06396073,-0.2302588,-0.9069158,-0.09029338,-0.121998675,-0.5252047,-0.010541933,-0.15017304,-0.7422966,-0.021781687,-0.16044621,-0.87161016,-0.04682883,-0.17178701,-0.9851341,-0.07009791,-0.045882363,-0.5194077,-0.018806756,-0.07238975,-0.71550745,-0.02921814,-0.08720028,-0.83478636,-0.048815582,-0.10129089,-0.9390464,-0.06819287,0.0382489,-0.48367637,-0.035552293,0.018593743,-0.6318919,-0.044886246,-8.083212e-05,-0.7188213,-0.050176676,-0.018205648,-0.7962089,-0.05789305
HELP,0.0,0.0,0.0,-0.109864414,-0.08087837,-0.059140913,-0.16047299,-0.2509285,-0.08113598,-0.08842355,-0.40123105,-0.09868034,1.9459148e-05,-0.46447816,-0.11327684,-0.19976202,-0.4843173,-0.015340402,-0.22163874,-0.6869703,-0.038958047,-0.22734359,-0.80767953,-0.0693136,-0.23050983,-0.9100547,-0.09580768,-0.12170299,-0.5217701,-0.012255993,-0.14979704,-0.74064845,-0.024587708,-0.15948348,-0.8707152,-0.05034424,-0.16956466,-0.9855191,-0.07400324,-0.044961583,-0.5163032,-0.019074757,-0.07175675,-0.71364194,-0.030445613,-0.08772109,-0.8351147,-0.0509321,-0.10174995,-0.9413337,-0.070867136,0.040162925,-0.4804543,-0.034542378,0.020099532,-0.628275,-0.04491904,-0.00057358155,-0.7155097,-0.051177062,-0.020557538,-0.7926996,-0.059517097
HELP,0.0,0.0,0.0,-0.11096276,-0.08472288,-0.054515168,-0.15971504,-0.2555167,-0.07382555,-0.08828227,-0.40356082,-0.089471325,-0.0006921636,-0.46177757,-0.102101676,-0.20072971,-0.48431894,-0.0087446105,-0.22240177,-0.6836709,-0.031020863,-0.227894,-0.80196357,-0.060784295,-0.23085804,-0.9031073,-0.086817436,-0.123184845,-0.52143985,-0.0074622505,-0.15147962,-0.7390164,-0.019072672,-0.16109252,-0.8696068,-0.044639867,-0.17143679,-0.98519504,-0.067929715,-0.046288323,-0.5157763,-0.01584643,-0.07349046,-0.71182173,-0.027169181,-0.08924932,-0.8306866,-0.047376826,-0.103620395,-0.93529433,-0.066613756,0.03968388,-0.4807099,-0.032421008,0.018159768,-0.629113,-0.043085754,-0.002253632,-0.71615744,-0.04906805,-0.021684429,-0.7944828,-0.056815285
HELP,0.0,0.0,0.0,-0.11179225,-0.08213689,-0.05470816,-0.16240184,-0.25835076,-0.07339037,-0.091624446,-0.4110763,-0.088492155,-0.0026044445,-0.46664757,-0.100615144,-0.19992621,-0.4847946,-0.008648771,-0.22058867,-0.6845866,-0.029346153,-0.22629687,-0.80288017,-0.057434246,-0.23023023,-0.9038857,-0.08228336,-0.12369861,-0.5225428,-0.0071823355,-0.15032528,-0.7403618,-0.017016614,-0.16017711,-0.87134606,-0.04033939,-0.17056875,-0.9853458,-0.06173013,-0.04667195,-0.51735014,-0.015438882,-0.07305847,-0.71517104,-0.024961548,-0.08773687,-0.83528847,-0.04380964,-0.10160128,-0.94013506,-0.062035926,0.037952982,-0.48291174,-0.0320593,0.017981099,-0.6311838,-0.04062163,-0.0011644594,-0.71887964,-0.045246724,-0.019210683,-0.79663455,-0.05204071
HELP,0.0,0.0,0.0,-0.11308943,-0.084106386,-0.05325084,-0.16337608,-0.25924402,-0.07095681,-0.090722024,-0.41196436,-0.085509986,-0.0011185204,-0.4707281,-0.09741182,-0.20139845,-0.48489028,-0.004841137,-0.22066621,-0.6848423,-0.024731265,-0.22628182,-0.80379987,-0.052806754,-0.23048185,-0.9045581,-0.07809541,-0.12416929,-0.5239541,-0.0041280747,-0.15028135,-0.7425035,-0.013642897,-0.16024329,-0.872249,-0.03743035,-0.17149809,-0.98518443,-0.059571397,-0.047093894,-0.51920825,-0.013209436,-0.073157154,-0.71722037,-0.022838132,-0.08905663,-0.83729476,-0.04182191,-0.104540505,-0.94289184,-0.060664587,0.038526494,-0.4838122,-0.030561814,0.019583706,-0.63155025,-0.039713543,0.0009030202,-0.7192292,-0.044472072,-0.017456276,-0.7979186,-0.051707644
HELP,0.0,0.0,0.0,-0.11142652,-0.08454863,-0.052305464,-0.16073896,-0.2594017,-0.06999271,-0.088716835,-0.41003782,-0.08469421,0.00021794323,-0.46811572,-0.09682527,-0.20019205,-0.48705912,-0.005355619,-0.22053853,-0.6848976,-0.025966777,-0.22585474,-0.8016073,-0.0542232,-0.22894557,-0.90153724,-0.07955089,-0.12359307,-0.5254297,-0.0055236793,-0.1499534,-0.7411976,-0.016455648,-0.15991277,-0.8711453,-0.041127436,-0.1710424,-0.98526365,-0.06363729,-0.04654541,-0.5200587,-0.015438125,-0.072928116,-0.7149397,-0.026929447,-0.08840495,-0.8327205,-0.047433022,-0.10407702,-0.9376127,-0.06681173,0.038650963,-0.48355123,-0.033324584,0.018872533,-0.63090247,-0.04460556,-0.0003179606,-0.71745443,-0.05096982,-0.019160759,-0.79625773,-0.058992356
HELP,0.0,0.0,0.0,-0.111857586,-0.08523338,-0.055307776,-0.16177982,-0.25960448,-0.07527986,-0.08904384,-0.4122882,-0.091792926,0.001572392,-0.46994817,-0.10529683,-0.20014475,-0.48610312,-0.007791829,-0.22023572,-0.6874794,-0.028839659,-0.2249998,-0.80656374,-0.05777037,-0.2279609,-0.9081265,-0.08352264,-0.12392016,-0.52391547,-0.006441828,-0.15048616,-0.74180233,-0.01670143,-0.15980063,-0.871971,-0.04122456,-0.1701575,-0.9854169,-0.06384442,-0.047216702,-0.5186507,-0.014864469,-0.07391041,-0.7159592,-0.024474226,-0.08854452,-0.8362595,-0.04315407,-0.10241465,-0.94166213,-0.06167638,0.037829507,-0.48287854,-0.031796936,0.01818102,-0.63043106,-0.040200643,-0.0005893815,-0.7189269,-0.044150714,-0.018257657,-0.7976009,-0.050644718
HELP,0.0,0.0,0.0,-0.11241886,-0.085873485,-0.052661568,-0.16204959,-0.25879645,-0.07192187,-0.090866804,-0.40593532,-0.08792886,-0.0024122267,-0.46063957,-0.101173714,-0.20148224,-0.485482,-0.009410229,-0.22020976,-0.6865367,-0.03182829,-0.22434099,-0.8042762,-0.060818285,-0.22595103,-0.9046037,-0.086386286,-0.12290605,-0.5220762,-0.0093883015,-0.14924975,-0.7399036,-0.021835012,-0.1590244,-0.8706051,-0.04726252,-0.16975383,-0.9854865,-0.07028201,-0.044512596,-0.51574194,-0.01877814,-0.07153523,-0.71199685,-0.031121992,-0.087015316,-0.8314817,-0.051654942,-0.10178721,-0.9366085,-0.07099856,0.04204774,-0.47926283,-0.03604139,0.02127521,-0.62638104,-0.04769324,0.0009481403,-0.71394247,-0.05397717,-0.018716907,-0.7923873,-0.0618589
HELP,0.0,0.0,0.0,-0.11132049,-0.08500842,-0.05475196,-0.1606658,-0.25691137,-0.07581948,-0.09048413,-0.4055414,-0.09343498,-0.00058877433,-0.4626686,-0.10821649,-0.20239726,-0.48485652,-0.011784151,-0.22339346,-0.68508315,-0.035117377,-0.22855,-0.80261564,-0.06492166,-0.23072514,-0.903014,-0.090943,-0.124741666,-0.5221459,-0.011190206,-0.15140972,-0.738506,-0.024301866,-0.16138858,-0.8696391,-0.05063708,-0.17149746,-0.98518455,-0.07436082,-0.046751373,-0.5175615,-0.020072792,-0.0734845,-0.7146691,-0.032495648,-0.08785695,-0.8338781,-0.053516444,-0.101323925,-0.9381086,-0.07314618,0.0384772,-0.4825037,-0.037011597,0.017545067,-0.63029647,-0.04815525,-0.0025709926,-0.7183254,-0.054382473,-0.021261258,-0.79609203,-0.062193364
HELP,0.0,0.0,0.0,-0.110953845,-0.08777576,-0.05332371,-0.1592402,-0.25961488,-0.072881244,-0.08573361,-0.406716,-0.089250855,0.0038563896,-0.46496567,-0.10308938,-0.20090213,-0.48351893,-0.009206959,-0.2224808,-0.68417424,-0.032216936,-0.22804423,-0.8027852,-0.06202227,-0.23060213,-0.90402377,-0.08832017,-0.12327281,-0.5217416,-0.009397616,-0.15056732,-0.73903114,-0.022505904,-0.16048448,-0.86901265,-0.04939168,-0.17113538,-0.9852475,-0.07364557,-0.045987055,-0.51665646,-0.019086488,-0.071802616,-0.714461,-0.032232262,-0.086709104,-0.8333278,-0.053741973,-0.1006469,-0.93858236,-0.07390348,0.03999268,-0.47963107,-0.036691986,0.020352004,-0.62790895,-0.04914891,0.0016858939,-0.7163771,-0.056133077,-0.01644106,-0.79601586,-0.06467422
HELP,0.0,0.0,0.0,-0.111296095,-0.0865582,-0.051960867,-0.15835708,-0.25860044,-0.07051895,-0.08562313,-0.40585878,-0.086117655,0.0029431155,-0.4612716,-0.099290825,-0.20072564,-0.48188326,-0.007884459,-0.22093566,-0.682501,-0.030292638,-0.22539392,-0.80045044,-0.05958337,-0.22732733,-0.9011042,-0.08537285,-0.122209735,-0.5195271,-0.008427966,-0.14890157,-0.7387245,-0.021417411,-0.15891875,-0.86973464,-0.047779895,-0.17005944,-0.98543376,-0.07153773,-0.04414494,-0.51430196,-0.01844473,-0.06994416,-0.71305686,-0.03192188,-0.08551116,-0.8340775,-0.05414642,-0.10020056,-0.9405053,-0.07466467,0.042505387,-0.47866815,-0.036153633,0.023367267,-0.6278167,-0.049243726,0.003995377,-0.7168892,-0.057011317,-0.015111181,-0.79640263,-0.06607284
HELP,0.0,0.0,0.0,-0.112177,-0.08662152,-0.05603478,-0.15969852,-0.25862515,-0.07718895,-0.08717789,-0.40963396,-0.094726,0.0023970252,-0.4662535,-0.109340355,-0.19995339,-0.48505738,-0.009260983,-0.22009926,-0.6853918,-0.032313555,-0.22508727,-0.8041892,-0.06290988,-0.22803023,-0.90615875,-0.089997016,-0.122809775,-0.52070946,-0.008503573,-0.15020163,-0.7368765,-0.021937922,-0.15900494,-0.8680459,-0.049634844,-0.16890778,-0.9856319,-0.07465882,-0.045971606,-0.5139211,-0.01756215,-0.07239864,-0.7104642,-0.031341724,-0.08625871,-0.8309526,-0.053191867,-0.09883345,-0.93796957,-0.073509865,0.0406076,-0.4781128,-0.034807112,0.019673234,-0.62684846,-0.047109824,0.00043248868,-0.7154455,-0.053766277,-0.017619874,-0.7954355,-0.062128507
HELP,0.0,0.0,0.0,-0.11199868,-0.08698218,-0.05369733,-0.16023669,-0.25915912,-0.072373256,-0.08550807,-0.40624914,-0.08771237,0.0055687563,-0.4621376,-0.10045649,-0.20064026,-0.4840337,-0.008173459,-0.22016966,-0.6836046,-0.030635098,-0.22488154,-0.8020472,-0.060216855,-0.22714552,-0.90415454,-0.08676974,-0.12295953,-0.52122635,-0.008307156,-0.14946885,-0.73709416,-0.021688748,-0.1588445,-0.8680448,-0.048062224,-0.1693758,-0.98555154,-0.07203245,-0.045860406,-0.51398164,-0.01829489,-0.07165584,-0.71107763,-0.03337306,-0.08699637,-0.83057845,-0.055802837,-0.10200025,-0.9377246,-0.076255016,0.039985683,-0.47579533,-0.03612108,0.019923786,-0.6244168,-0.052284002,8.8200315e-05,-0.7133715,-0.061808933,-0.019639527,-0.7947434,-0.07182392
HELP,0.0,0.0,0.0,-0.10994087,-0.08638022,-0.053937145,-0.16045272,-0.25916445,-0.07282751,-0.08735525,-0.4057064,-0.08841003,0.003560475,-0.46339506,-0.10132194,-0.20219155,-0.48550197,-0.008747224,-0.22192918,-0.68470323,-0.03136845,-0.22714542,-0.8022629,-0.060997695,-0.22995414,-0.90414906,-0.08745399,-0.12586896,-0.5229932,-0.008529758,-0.15128763,-0.73806113,-0.021619888,-0.16054036,-0.86869776,-0.048090108,-0.17045692,-0.98536515,-0.072073996,-0.04876414,-0.51702255,-0.018111274,-0.07369337,-0.7131761,-0.03223432,-0.08755712,-0.8326201,-0.054966047,-0.10201253,-0.93950146,-0.07571013,0.03561622,-0.4797691,-0.035600763,0.017196512,-0.6276596,-0.050717767,-0.001900255,-0.71602327,-0.060147583,-0.020720275,-0.7961554,-0.07006259
HELP,0.0,0.0,0.0,-0.10946559,-0.08658696,-0.054251786,-0.15784577,-0.2599152,-0.072918385,-0.08442802,-0.40857828,-0.08784284,0.0049189674,-0.4641838,-0.09983773,-0.20075463,-0.4902433,-0.007558661,-0.2208945,-0.6879288,-0.029410403,-0.2255544,-0.8056945,-0.05919737,-0.22765264,-0.9069746,-0.085947156,-0.12445673,-0.52739686,-0.0068838936,-0.15027025,-0.74094987,-0.01891946,-0.1587333,-0.8694792,-0.044919334,-0.16806623,-0.9857757,-0.06868586,-0.047957137,-0.5205114,-0.015970312,-0.07225898,-0.7168134,-0.028690334,-0.08533805,-0.83469754,-0.04926328,-0.0980067,-0.9410217,-0.06869871,0.03743941,-0.4814236,-0.03314562,0.018547367,-0.629936,-0.046578333,0.00059392577,-0.717623,-0.05403013,-0.01680439,-0.79805315,-0.06261177
HELP,0.0,0.0,0.0,-0.111119315,-0.08585643,-0.053712796,-0.16239233,-0.25981385,-0.07275861,-0.08875978,-0.4069658,-0.08831654,0.004250116,-0.46058553,-0.10125147,-0.20254819,-0.4839161,-0.010864328,-0.22249654,-0.68534863,-0.033331078,-0.22656465,-0.803726,-0.062347636,-0.2279165,-0.9054068,-0.088363,-0.12628026,-0.5205162,-0.010478443,-0.15243225,-0.7384273,-0.023494681,-0.16105151,-0.86935586,-0.048992816,-0.17046759,-0.9853633,-0.072227396,-0.04951413,-0.51334316,-0.019643674,-0.07466734,-0.7118499,-0.033224016,-0.08836359,-0.83188176,-0.05478179,-0.10196992,-0.93774104,-0.07471402,0.035412584,-0.47589728,-0.03664057,0.016810501,-0.6248586,-0.050951283,-0.0015659399,-0.71490383,-0.059586737,-0.019200068,-0.79559815,-0.06900125
HELP,0.0,0.0,0.0,-0.108692914,-0.09015146,-0.054168172,-0.15553796,-0.2612783,-0.07303735,-0.082157366,-0.40781423,-0.08804185,0.0073875994,-0.46394867,-0.09997726,-0.19955438,-0.4907254,-0.006627173,-0.2202504,-0.68846667,-0.028118225,-0.22454132,-0.8057122,-0.058230795,-0.22586864,-0.9080611,-0.085609935,-0.12334233,-0.5267357,-0.0057475865,-0.15025474,-0.74018437,-0.017504064,-0.15819916,-0.8685366,-0.044506792,-0.16786498,-0.98581,-0.069662355,-0.046789236,-0.518772,-0.014623346,-0.070778,-0.7127344,-0.02783397,-0.084328875,-0.83106804,-0.04971125,-0.098038554,-0.9372044,-0.07046385,0.04051163,-0.47996736,-0.031476628,0.02271639,-0.62810314,-0.045391746,0.005456677,-0.71495557,-0.053633533,-0.012559984,-0.79437053,-0.06318603
HELP,0.0,0.0,0.0,-0.11127628,-0.08532598,-0.05645225,-0.16317734,-0.2575391,-0.0777519,-0.089428775,-0.40689287,-0.09533052,0.0029031595,-0.46796095,-0.11041287,-0.19924185,-0.48311478,-0.013657042,-0.21910433,-0.6838752,-0.0384414,-0.2234258,-0.80432194,-0.06975636,-0.22558649,-0.9085233,-0.097320616,-0.12260199,-0.52033865,-0.01301892,-0.14731404,-0.7379037,-0.027442973,-0.15416187,-0.8692238,-0.05535808,-0.16263886,-0.98668563,-0.08075726,-0.045885283,-0.5135313,-0.022113116,-0.068607606,-0.7085176,-0.036792662,-0.07987474,-0.8277701,-0.059273403,-0.091318905,-0.93386215,-0.08019616,0.039012354,-0.47610855,-0.039314877,0.02101007,-0.62386596,-0.05296127,0.0052452893,-0.71217513,-0.06067448,-0.010053168,-0.7924302,-0.06988465
HELP,0.0,0.0,0.0,-0.11004927,-0.09176513,-0.050212096,-0.15807912,-0.25825998,-0.0689064,-0.08316782,-0.4037284,-0.08506805,0.00809009,-0.46240363,-0.09897705,-0.19801915,-0.48561332,-0.0044921986,-0.21848822,-0.68344474,-0.026969636,-0.22374743,-0.80110234,-0.057880532,-0.22644232,-0.90384096,-0.086058006,-0.1217481,-0.52337533,-0.0069556343,-0.14686987,-0.7396108,-0.020329436,-0.15307188,-0.8691159,-0.04884594,-0.16174039,-0.98683333,-0.07537192,-0.046012856,-0.5151674,-0.01899263,-0.06748929,-0.70958805,-0.03427722,-0.07896786,-0.827193,-0.05787464,-0.091709636,-0.93238395,-0.07996763,0.041023605,-0.47514036,-0.038490713,0.024383137,-0.6249336,-0.054383647,0.0084709935,-0.71304786,-0.063855134,-0.008997561,-0.7938441,-0.07466533
HELP,0.0,0.0,0.0,-0.10996031,-0.091036364,-0.05368443,-0.15498878,-0.25879663,-0.072963886,-0.07942942,-0.40319505,-0.088763565,0.009763321,-0.4610954,-0.10195567,-0.197797,-0.4873588,-0.0081449365,-0.21920948,-0.6871754,-0.031663388,-0.22364648,-0.80577177,-0.06328589,-0.22527705,-0.9087622,-0.09137887,-0.12038305,-0.5247198,-0.008286061,-0.14648145,-0.74129087,-0.021590717,-0.15358797,-0.87001985,-0.050053556,-0.16245656,-0.9867157,-0.076083146,-0.044127453,-0.51738685,-0.01812013,-0.0669564,-0.714591,-0.032341134,-0.07893932,-0.83214515,-0.055007786,-0.09132588,-0.9372545,-0.07610552,0.042087775,-0.4785892,-0.03581209,0.022432135,-0.6303159,-0.05042336,0.0049101505,-0.71787626,-0.0588022,-0.0133322505,-0.7973286,-0.068316884
HELP,0.0,0.0,0.0,-0.108221404,-0.08538877,-0.05515061,-0.15739344,-0.25604203,-0.07551793,-0.081995785,-0.4042556,-0.092213586,0.010087433,-0.46111867,-0.10672555,-0.20102918,-0.4862482,-0.014079942,-0.22218223,-0.6868022,-0.038156778,-0.22816738,-0.80637187,-0.06909133,-0.2319126,-0.90927285,-0.09676699,-0.1227889,-0.5233263,-0.014227699,-0.14957337,-0.7390354,-0.028593484,-0.15941516,-0.8691303,-0.056717906,-0.17061585,-0.9853377,-0.082234964,-0.045404293,-0.514846,-0.023850119,-0.069159545,-0.70972544,-0.03895047,-0.0827176,-0.82777756,-0.062549524,-0.09689579,-0.9333967,-0.084058836,0.04002186,-0.47473502,-0.041271437,0.02120785,-0.62527996,-0.057001952,0.0023742681,-0.7131642,-0.06669312,-0.016550522,-0.79279584,-0.07692803
HELP,0.0,0.0,0.0,-0.10758721,-0.08766013,-0.05146149,-0.15557058,-0.25767606,-0.07087368,-0.082616694,-0.40421438,-0.08726014,0.0069345525,-0.46262398,-0.101302885,-0.19953896,-0.48664823,-0.010665417,-0.220148,-0.68624115,-0.03382983,-0.22558762,-0.8045535,-0.06376123,-0.22905903,-0.9067111,-0.090665735,-0.122501425,-0.5234857,-0.012519378,-0.14901282,-0.7402642,-0.026094053,-0.15852019,-0.8696407,-0.05289553,-0.16973104,-0.9854904,-0.07741368,-0.045711797,-0.5153933,-0.023552375,-0.07020981,-0.710982,-0.037845716,-0.08357619,-0.8285039,-0.05942099,-0.09710268,-0.93387264,-0.079690576,0.040116645,-0.47549438,-0.042165264,0.021440737,-0.62506247,-0.05692188,0.0041360497,-0.7128269,-0.06498153,-0.013010799,-0.79257685,-0.07416682
HELP,0.0,0.0,0.0,-0.108311966,-0.08546176,-0.051761407,-0.16130336,-0.25689217,-0.07063178,-0.089868,-0.40592378,-0.086446986,0.00030446917,-0.46487322,-0.09964594,-0.20199288,-0.49068838,-0.009923265,-0.2226422,-0.689434,-0.03249884,-0.22867166,-0.80797625,-0.062094055,-0.23314008,-0.9098282,-0.08882068,-0.1255722,-0.5263457,-0.011597343,-0.15226199,-0.74167687,-0.024452595,-0.16210398,-0.8702843,-0.050278563,-0.17330657,-0.98486793,-0.07394582,-0.048853956,-0.51765394,-0.022537941,-0.07412775,-0.71310925,-0.03583764,-0.087075494,-0.83115935,-0.055816956,-0.09976568,-0.93674487,-0.07488969,0.036743168,-0.47731885,-0.04127657,0.017000843,-0.62765664,-0.054882497,-0.00032091787,-0.7161115,-0.061587803,-0.016502766,-0.7958232,-0.069688685
HELP,0.0,0.0,0.0,-0.10989687,-0.08524277,-0.054366235,-0.1607998,-0.25408974,-0.07546322,-0.088002,-0.40200335,-0.093328625,0.0028621466,-0.46072376,-0.109141394,-0.20145649,-0.4832601,-0.014498039,-0.22114822,-0.682526,-0.03958435,-0.22573899,-0.8020902,-0.07107296,-0.22908989,-0.9065313,-0.09910046,-0.124039404,-0.5204495,-0.015597623,-0.14969374,-0.7377821,-0.030651093,-0.15900552,-0.8680762,-0.05803294,-0.1706684,-0.9853285,-0.08316747,-0.046992656,-0.5130225,-0.026182987,-0.07116114,-0.70918274,-0.041693535,-0.084352456,-0.8265571,-0.06352256,-0.09853314,-0.9322161,-0.08386245,0.03792884,-0.47485587,-0.04474731,0.019093215,-0.62491053,-0.060423158,0.0009642427,-0.7138974,-0.06903854,-0.01729008,-0.79435694,-0.07863891
HELP,0.0,0.0,0.0,-0.10876873,-0.08526256,-0.05289237,-0.15897794,-0.25618607,-0.07332724,-0.088017,-0.40328187,-0.090738595,0.0019824835,-0.4532292,-0.10603636,-0.19865178,-0.4840554,-0.014480153,-0.21780898,-0.68142813,-0.03931863,-0.22329938,-0.79991364,-0.0703061,-0.22740231,-0.90369284,-0.09782576,-0.12331682,-0.5204121,-0.01630668,-0.14865568,-0.7361949,-0.031418674,-0.158156,-0.86800396,-0.058298286,-0.16958816,-0.985515,-0.082562596,-0.04663232,-0.5128193,-0.027354766,-0.07149885,-0.7065815,-0.042717278,-0.083733164,-0.8246589,-0.0645573,-0.09723623,-0.9300776,-0.08441697,0.03775116,-0.47490546,-0.046225224,0.019012194,-0.6239075,-0.061233018,0.0020354178,-0.7131854,-0.069504716,-0.0145585695,-0.79330814,-0.07857566
HELP,0.0,0.0,0.0,-0.10942673,-0.085518986,-0.052664395,-0.16067909,-0.25753662,-0.07265132,-0.08930242,-0.403636,-0.08983484,0.0002279912,-0.45872518,-0.10513008,-0.19892907,-0.48220575,-0.015133411,-0.21846546,-0.68206775,-0.040861085,-0.22476682,-0.8025683,-0.07199557,-0.2295682,-0.90714896,-0.09943318,-0.12328907,-0.51854265,-0.017253581,-0.14893444,-0.7356555,-0.03343036,-0.15917322,-0.8676456,-0.060982578,-0.1709086,-0.9852869,-0.08556849,-0.046591062,-0.51104456,-0.028595172,-0.07233262,-0.70916075,-0.044753857,-0.08580437,-0.8280824,-0.067212015,-0.1002858,-0.93439394,-0.087518394,0.036891088,-0.47227493,-0.04766556,0.017166708,-0.621847,-0.063882954,-0.001093788,-0.71178144,-0.07298415,-0.018681034,-0.7919183,-0.08252673
HELP,0.0,0.0,0.0,-0.110185295,-0.086397484,-0.051380724,-0.16061786,-0.255832,-0.0715736,-0.090425625,-0.40070665,-0.089258075,-0.0019964958,-0.4564384,-0.104990214,-0.19991462,-0.48238036,-0.012520283,-0.21895406,-0.680357,-0.03816292,-0.22498213,-0.79923725,-0.069817565,-0.22975117,-0.9032196,-0.09772486,-0.1246906,-0.51900995,-0.015559788,-0.14952277,-0.7353556,-0.031788815,-0.15979464,-0.86716664,-0.059837822,-0.17211148,-0.9850775,-0.08489834,-0.04855386,-0.5112773,-0.02783861,-0.07265274,-0.7077798,-0.04416163,-0.08590865,-0.82525843,-0.06656874,-0.10082354,-0.9311569,-0.086865984,0.03495307,-0.47231895,-0.047741693,0.0160508,-0.6218116,-0.06410005,-0.0017427494,-0.7108736,-0.07289992,-0.019459724,-0.79142433,-0.08221287
HELP,0.0,0.0,0.0,-0.10693293,-0.083844945,-0.051113334,-0.15918285,-0.25546703,-0.070791595,-0.08765089,-0.4027174,-0.08792789,0.003933696,-0.4559771,-0.10326892,-0.19990629,-0.48185527,-0.013619351,-0.2196271,-0.6800278,-0.037979614,-0.22555096,-0.7979294,-0.06819448,-0.23016544,-0.8997633,-0.09503618,-0.12528268,-0.5187792,-0.01606998,-0.15009297,-0.7368077,-0.031247113,-0.16043386,-0.86909455,-0.057597294,-0.17226377,-0.98505086,-0.081093416,-0.048873093,-0.51155597,-0.027602581,-0.07352968,-0.7099739,-0.043013446,-0.08789079,-0.8291994,-0.06530712,-0.104159795,-0.9349488,-0.085340306,0.03464775,-0.47340375,-0.04665711,0.017662704,-0.624401,-0.062627494,-0.0008029109,-0.7139447,-0.071745306,-0.020010022,-0.7926101,-0.081144504
HELP,0.0,0.0,0.0,-0.10836645,-0.086944,-0.052708216,-0.15846027,-0.26038378,-0.071131736,-0.08796914,-0.40768924,-0.08647156,0.0017329355,-0.4588955,-0.099194035,-0.19971536,-0.48570037,-0.008467966,-0.22016004,-0.6843401,-0.030737266,-0.22537822,-0.8027749,-0.060222723,-0.2290718,-0.9055004,-0.08651459,-0.12529026,-0.52126575,-0.008928414,-0.15105012,-0.7381744,-0.021448001,-0.16039547,-0.86924684,-0.046749085,-0.17120463,-0.98523545,-0.06975324,-0.04860453,-0.51369965,-0.018962268,-0.07456981,-0.710737,-0.032156352,-0.087998904,-0.82999825,-0.05241299,-0.10150304,-0.9349708,-0.07113556,0.036853284,-0.47644886,-0.036968313,0.016707415,-0.6274067,-0.050016154,-0.0015285282,-0.716518,-0.05677101,-0.018896116,-0.7952155,-0.064716116
HELP,0.0,0.0,0.0,-0.11015349,-0.085562326,-0.053385608,-0.1623701,-0.26053327,-0.07207043,-0.09022309,-0.40629527,-0.08766093,0.000705917,-0.4599645,-0.101202145,-0.2011866,-0.48147187,-0.012267717,-0.21990456,-0.6818791,-0.036018685,-0.22518133,-0.8020269,-0.065658726,-0.22911656,-0.9054975,-0.09182198,-0.1259356,-0.51731896,-0.012688276,-0.1507648,-0.7360504,-0.027329741,-0.16066726,-0.86857873,-0.053542133,-0.17193988,-0.9851074,-0.07684084,-0.04884022,-0.5102345,-0.022576196,-0.0744022,-0.71071684,-0.03796442,-0.08887823,-0.83152467,-0.06030952,-0.10397736,-0.9386388,-0.08020851,0.03494151,-0.47357368,-0.040214907,0.015526487,-0.62415975,-0.056324687,-0.003317416,-0.7152338,-0.06561848,-0.021266118,-0.7960215,-0.07504091
HELP,0.0,0.0,0.0,-0.105168685,-0.086020954,-0.05402679,-0.15624854,-0.25639066,-0.07576291,-0.08270585,-0.40110004,-0.094472505,0.00864941,-0.459779,-0.11125356,-0.20034975,-0.4833328,-0.017201575,-0.22104852,-0.6823697,-0.043848876,-0.22780678,-0.8027079,-0.07598605,-0.23336168,-0.9065535,-0.104001425,-0.12593035,-0.5192843,-0.018659426,-0.15202056,-0.7357038,-0.035204817,-0.16160981,-0.8670342,-0.06302726,-0.17268877,-0.9849765,-0.08775177,-0.04958201,-0.5124322,-0.029341737,-0.074677706,-0.7081262,-0.04512209,-0.08768277,-0.8265838,-0.06709117,-0.10166849,-0.93298906,-0.08708592,0.034079913,-0.47440857,-0.04793317,0.0152695775,-0.623526,-0.0633205,-0.0027564797,-0.7117345,-0.07148865,-0.020261217,-0.79041773,-0.08032998
HELP,0.0,0.0,0.0,-0.108448505,-0.09138997,-0.05177781,-0.15753356,-0.26136875,-0.07253651,-0.083757706,-0.40227792,-0.090800986,0.0068968157,-0.4586767,-0.10741459,-0.19581509,-0.48040634,-0.015856221,-0.215652,-0.68036044,-0.043049276,-0.22233525,-0.80073005,-0.07460858,-0.2269516,-0.9043173,-0.101872735,-0.120665886,-0.5158782,-0.018675836,-0.14631365,-0.73462135,-0.036836017,-0.15649304,-0.8671612,-0.06548674,-0.16777276,-0.9858257,-0.09037558,-0.043870904,-0.50887424,-0.030540416,-0.06952789,-0.7072946,-0.04877413,-0.083810225,-0.82665724,-0.07198206,-0.09881477,-0.93411,-0.092264205,0.040716223,-0.47085363,-0.049875874,0.021144561,-0.6209917,-0.06762641,0.0026220898,-0.7112099,-0.077030264,-0.015889829,-0.7918358,-0.08648971
HELP,0.0,0.0,0.0,-0.10863566,-0.08888073,-0.054320447,-0.15756002,-0.25951552,-0.077214286,-0.08523508,-0.40381837,-0.09697841,0.0066658617,-0.4594594,-0.11452116,-0.19691919,-0.48282623,-0.017834133,-0.21707682,-0.68352914,-0.044142906,-0.2235476,-0.8024412,-0.07545119,-0.22816983,-0.90522486,-0.102700084,-0.12129357,-0.51926917,-0.019350342,-0.1476672,-0.73762804,-0.035981044,-0.15788646,-0.86940014,-0.064155124,-0.16957258,-0.9855177,-0.08911205,-0.04425812,-0.5125243,-0.02995319,-0.069979295,-0.71077853,-0.04615021,-0.08369296,-0.8301067,-0.06912199,-0.0985767,-0.9351174,-0.089733504,0.040112052,-0.4751739,-0.048269205,0.020314164,-0.6247468,-0.06342029,0.0018692672,-0.71444774,-0.071873754,-0.016210385,-0.7934697,-0.08100634
HELP,0.0,0.0,0.0,-0.1101028,-0.08303491,-0.05595776,-0.16271438,-0.25253084,-0.07818195,-0.09219397,-0.40087047,-0.0968369,-0.0017973632,-0.45930117,-0.11313288,-0.19810964,-0.48315978,-0.01770411,-0.2178856,-0.68363214,-0.042852715,-0.22339086,-0.80359113,-0.07339683,-0.22711386,-0.90644777,-0.10014954,-0.121616155,-0.51941556,-0.017916951,-0.14769174,-0.73872375,-0.032928597,-0.15732604,-0.8702501,-0.05944213,-0.16820535,-0.985752,-0.08340164,-0.045066465,-0.5120535,-0.027533734,-0.07031736,-0.7100012,-0.042299956,-0.08412105,-0.8309678,-0.06391974,-0.09774474,-0.93724304,-0.08396719,0.039082136,-0.47389615,-0.04522883,0.019932117,-0.62391305,-0.0587775,0.0017748635,-0.7135658,-0.06620096,-0.015960036,-0.7931331,-0.074988246
HELP,0.0,0.0,0.0,-0.10903748,-0.08455064,-0.054096803,-0.16102734,-0.2542755,-0.075416364,-0.08890752,-0.40070984,-0.09364891,0.0022883927,-0.45976427,-0.109823875,-0.19891821,-0.4797469,-0.014647249,-0.21867126,-0.67812014,-0.039959986,-0.22433916,-0.79799366,-0.070987016,-0.22816506,-0.90121925,-0.09813964,-0.12290143,-0.5169015,-0.015624726,-0.14857878,-0.73574233,-0.031360608,-0.1579094,-0.86839163,-0.058945287,-0.16873288,-0.9856618,-0.083583035,-0.046512395,-0.51033807,-0.025968343,-0.07152941,-0.7070389,-0.041623935,-0.085366614,-0.8272316,-0.064150535,-0.099320754,-0.93373907,-0.08471025,0.036996815,-0.4735408,-0.044153422,0.018530084,-0.62146366,-0.05885137,0.001005678,-0.71077764,-0.06711738,-0.0160471,-0.7913351,-0.07639466
HELP,0.0,0.0,0.0,-0.1079665,-0.08832287,-0.051309854,-0.15830816,-0.25618666,-0.07196659,-0.08413552,-0.40167895,-0.09004166,0.0070628915,-0.4641882,-0.10628112,-0.1960953,-0.4826071,-0.012299973,-0.21655327,-0.6806766,-0.03719808,-0.22371149,-0.7995,-0.06838459,-0.2289467,-0.90245295,-0.09610099,-0.12019014,-0.5200195,-0.014759622,-0.14645818,-0.7368335,-0.030249186,-0.15613233,-0.8678566,-0.058495436,-0.16755,-0.9858636,-0.0840445,-0.044635136,-0.5127893,-0.026298938,-0.06857718,-0.706675,-0.041884996,-0.081177264,-0.82410717,-0.06391012,-0.094329305,-0.9295089,-0.08447601,0.039679427,-0.47419286,-0.04541677,0.021664312,-0.622698,-0.06046744,0.0049310583,-0.7107209,-0.06833733,-0.012428949,-0.7912142,-0.077527545
HELP,0.0,0.0,0.0,-0.10761856,-0.08167581,-0.05631315,-0.1608473,-0.2523323,-0.07823494,-0.08928177,-0.40106982,-0.09653428,0.0023938932,-0.46065512,-0.112429276,-0.19739565,-0.4846048,-0.016490469,-0.21640928,-0.68090063,-0.041209333,-0.22221556,-0.7985086,-0.07220245,-0.2266608,-0.9007492,-0.09955918,-0.121954486,-0.52085406,-0.016157895,-0.14684318,-0.73685527,-0.030562945,-0.15666896,-0.8685572,-0.057102844,-0.1678739,-0.9858085,-0.08125005,-0.045908585,-0.51299727,-0.025366675,-0.06948744,-0.706683,-0.039442677,-0.0829646,-0.82539284,-0.060944673,-0.0970015,-0.93049103,-0.08099214,0.037317693,-0.47422287,-0.04278477,0.020335823,-0.62227714,-0.056194887,0.0027211965,-0.7102381,-0.06383831,-0.0148894815,-0.7888723,-0.07274963
HELP,0.0,0.0,0.0,-0.1090014,-0.08665308,-0.053331926,-0.16114497,-0.25474373,-0.07388974,-0.08901432,-0.40224037,-0.09141901,0.0005604377,-0.46387285,-0.10669193,-0.19813165,-0.48817256,-0.010885247,-0.21802427,-0.6846392,-0.035041634,-0.22429104,-0.8034053,-0.0664004,-0.22902499,-0.90656745,-0.09443551,-0.12192687,-0.5257387,-0.012073805,-0.1478646,-0.7406503,-0.026558135,-0.15713908,-0.869516,-0.053995676,-0.16819578,-0.98575366,-0.07891693,-0.045885686,-0.5186669,-0.022735309,-0.07066562,-0.71330506,-0.03742819,-0.083645955,-0.83092403,-0.058466367,-0.097393446,-0.9369082,-0.07828028,0.038354836,-0.47961938,-0.041382942,0.019130418,-0.62831956,-0.055597134,0.0015323542,-0.7159927,-0.06292606,-0.016519954,-0.79608375,-0.07162274
HELP,0.0,0.0,0.0,-0.10670046,-0.08346412,-0.05554938,-0.1576634,-0.25473008,-0.07664151,-0.08352654,-0.40337658,-0.094205596,0.008707892,-0.46188566,-0.109104134,-0.1955511,-0.48780462,-0.012698788,-0.21566603,-0.6859557,-0.036592476,-0.22135547,-0.8067179,-0.067204475,-0.22483654,-0.9111418,-0.094493546,-0.11979088,-0.52385175,-0.012492291,-0.14628133,-0.7385651,-0.026299652,-0.15434688,-0.8693704,-0.05287159,-0.16347238,-0.9865479,-0.07715101,-0.043360848,-0.5161731,-0.021908717,-0.0676018,-0.7086862,-0.035581075,-0.079142146,-0.8273132,-0.05619494,-0.09070208,-0.9324801,-0.07576556,0.041425593,-0.47816676,-0.039595813,0.02364186,-0.6245726,-0.052175406,0.007045072,-0.7120956,-0.058836598,-0.009185963,-0.7911789,-0.0672066
HELP,0.0,0.0,0.0,-0.1074994,-0.08635445,-0.052854512,-0.15840988,-0.25612137,-0.07233848,-0.08485744,-0.3994814,-0.08867898,0.005391227,-0.45810056,-0.10300051,-0.19474652,-0.48633304,-0.012974413,-0.21281213,-0.68411934,-0.03747209,-0.21816893,-0.8033265,-0.06831059,-0.2212969,-0.90604794,-0.09558282,-0.11856833,-0.523167,-0.013950301,-0.14207989,-0.7394774,-0.028423235,-0.15069583,-0.87035936,-0.055007324,-0.16012093,-0.9870974,-0.07903981,-0.04208748,-0.5148529,-0.024352325,-0.06556558,-0.710518,-0.039083216,-0.079507485,-0.8296513,-0.061019484,-0.0937083,-0.9363984,-0.08139844,0.042486932,-0.47362858,-0.042531673,0.025423063,-0.622136,-0.058157217,0.007385618,-0.7102534,-0.067104205,-0.01137667,-0.7896626,-0.07674652
HELP,0.0,0.0,0.0,-0.107562296,-0.082409956,-0.055621237,-0.1580298,-0.2501456,-0.0768764,-0.08555359,-0.39374313,-0.09428516,0.0040005767,-0.45181727,-0.10914942,-0.1970474,-0.48494923,-0.015789002,-0.2150699,-0.6835251,-0.040832475,-0.2197845,-0.8031612,-0.071745455,-0.22232762,-0.9065862,-0.09880456,-0.11995687,-0.5208057,-0.015076957,-0.14401133,-0.73833805,-0.029667947,-0.15203612,-0.86982554,-0.05595042,-0.16106258,-0.9869442,-0.079936504,-0.042749282,-0.51276433,-0.023942346,-0.06573783,-0.7078831,-0.03828565,-0.07910523,-0.82706845,-0.05986113,-0.092507794,-0.9324631,-0.08006075,0.042284507,-0.47357404,-0.040885113,0.025583813,-0.6213514,-0.055106364,0.007630196,-0.7091184,-0.063545115,-0.010689053,-0.78818,-0.07305824
HELP,0.0,0.0,0.0,-0.10753906,-0.087834015,-0.05550517,-0.15704341,-0.25532725,-0.077723734,-0.084283724,-0.40107194,-0.096562244,0.0061705303,-0.46161443,-0.112815335,-0.19656356,-0.48504946,-0.013917649,-0.2178143,-0.6833125,-0.039877865,-0.22328171,-0.80313563,-0.07204076,-0.22630562,-0.9071322,-0.10017333,-0.12104538,-0.5228368,-0.014073246,-0.1470722,-0.73801446,-0.029921291,-0.15534092,-0.86910844,-0.057945866,-0.16457883,-0.98636395,-0.08305042,-0.044829212,-0.5161342,-0.02386769,-0.06944709,-0.71116394,-0.03940967,-0.08276705,-0.8304828,-0.061581384,-0.096384756,-0.93679917,-0.08203547,0.040205058,-0.47763258,-0.041773543,0.021809334,-0.6249922,-0.056818556,0.0035166952,-0.71300507,-0.06533805,-0.015133529,-0.7924064,-0.0746882
HELP,0.0,0.0,0.0,-0.10630868,-0.08349726,-0.056576602,-0.15622129,-0.2571438,-0.07709441,-0.0823871,-0.40537775,-0.09375845,0.008925173,-0.46297383,-0.10807202,-0.19725941,-0.4839125,-0.01610425,-0.21662535,-0.68450105,-0.041125942,-0.22160584,-0.8062189,-0.0719008,-0.22466715,-0.91029084,-0.09871647,-0.12105167,-0.5207222,-0.014860037,-0.1459194,-0.7383369,-0.029148687,-0.1543811,-0.8701001,-0.054862756,-0.16362435,-0.9865227,-0.07798693,-0.044229835,-0.513959,-0.023323374,-0.06902637,-0.7093512,-0.036826365,-0.08343189,-0.82957655,-0.057677254,-0.09695781,-0.93604636,-0.07721772,0.040027395,-0.47664803,-0.040106867,0.02154943,-0.6236395,-0.053476207,0.0030586564,-0.7113723,-0.06111339,-0.014643084,-0.78997314,-0.069809385
HELP,0.0,0.0,0.0,-0.10700058,-0.08933754,-0.053729158,-0.15519689,-0.2591806,-0.07377044,-0.08207147,-0.40447283,-0.09041036,0.0073984102,-0.46244803,-0.1045454,-0.19588009,-0.48943195,-0.011801975,-0.2144567,-0.6884166,-0.035850346,-0.21884248,-0.80743086,-0.06647734,-0.22136505,-0.90960914,-0.093367435,-0.119863294,-0.52513444,-0.011723805,-0.14391339,-0.7418492,-0.025410853,-0.15212077,-0.8718497,-0.050970826,-0.16173045,-0.98683494,-0.07410674,-0.043641582,-0.5165819,-0.021206906,-0.06741872,-0.7125408,-0.03489981,-0.082206175,-0.83141845,-0.05499132,-0.09692163,-0.93676406,-0.07393588,0.041535553,-0.47645733,-0.038684256,0.024659708,-0.6244252,-0.052771937,0.0067578154,-0.7125372,-0.059998024,-0.011934314,-0.7916878,-0.06820655
HELP,0.0,0.0,0.0,-0.10618122,-0.087803096,-0.05390781,-0.15411343,-0.26075307,-0.07468611,-0.0842941,-0.4080968,-0.092216015,0.0034469352,-0.46547848,-0.10706188,-0.19668986,-0.49214324,-0.012690502,-0.21599609,-0.6903662,-0.037166607,-0.22040388,-0.80859715,-0.067838386,-0.22258376,-0.9098578,-0.09462093,-0.120471306,-0.5279795,-0.013210942,-0.14494991,-0.7422757,-0.027206527,-0.15398034,-0.8714526,-0.053110797,-0.16391492,-0.98647445,-0.076381996,-0.043597076,-0.5207261,-0.023177288,-0.068439566,-0.7163217,-0.03618362,-0.082561836,-0.8349483,-0.055812147,-0.09624778,-0.94093645,-0.074501276,0.041403554,-0.48131263,-0.04126821,0.021382585,-0.629447,-0.053328183,0.0020674707,-0.7172934,-0.059093922,-0.016744122,-0.79595095,-0.06642811
HELP,0.0,0.0,0.0,-0.1065844,-0.08655106,-0.05032936,-0.15711807,-0.25422955,-0.0709672,-0.08741586,-0.39805028,-0.089330405,0.0021569026,-0.4538646,-0.10544549,-0.19750454,-0.4886099,-0.012324403,-0.21625993,-0.6901811,-0.03713108,-0.21990408,-0.81007314,-0.06674055,-0.22133106,-0.9116716,-0.09232539,-0.12027536,-0.5233563,-0.014666522,-0.14547272,-0.7419173,-0.029459426,-0.1540737,-0.8727478,-0.054379545,-0.16340213,-0.98655957,-0.076749496,-0.0422164,-0.5163842,-0.026075147,-0.06696205,-0.7128106,-0.03983219,-0.08018483,-0.83214974,-0.058589533,-0.09323346,-0.9367989,-0.07641711,0.043357093,-0.47903168,-0.04524409,0.024947073,-0.6267385,-0.057327848,0.0062644905,-0.7150781,-0.062462147,-0.0119965095,-0.7933799,-0.06931138
HELP,0.0,0.0,0.0,-0.10829176,-0.08649809,-0.050614465,-0.15851222,-0.2560759,-0.070821404,-0.08742468,-0.4001309,-0.088708885,0.002981796,-0.45278832,-0.10427612,-0.19820498,-0.48562568,-0.012887585,-0.21855384,-0.6874806,-0.037810538,-0.2229332,-0.807018,-0.067356125,-0.22462283,-0.9087665,-0.09276356,-0.12202199,-0.52155286,-0.014894594,-0.14722385,-0.73989767,-0.029777708,-0.15612833,-0.87217116,-0.054730747,-0.16502286,-0.98628974,-0.07683416,-0.04410418,-0.515839,-0.026011083,-0.06853702,-0.7139506,-0.039709564,-0.082214475,-0.8341691,-0.059781753,-0.096324146,-0.9388598,-0.07828922,0.04060159,-0.47963136,-0.044882532,0.023890845,-0.6273458,-0.05770994,0.0049358155,-0.71659726,-0.06447671,-0.01404994,-0.7943905,-0.07220685
HELP,0.0,0.0,0.0,-0.10657251,-0.08536253,-0.054902423,-0.15518515,-0.25777772,-0.07467626,-0.083353184,-0.40581244,-0.09088138,0.0058659185,-0.45992184,-0.104143515,-0.19924401,-0.48586592,-0.010615727,-0.21758996,-0.6864236,-0.033206243,-0.22214153,-0.8065762,-0.06260827,-0.22487651,-0.9097014,-0.088574834,-0.12376905,-0.52161574,-0.009886788,-0.14775896,-0.73803616,-0.022198841,-0.15587687,-0.86980283,-0.04787285,-0.16481815,-0.986324,-0.07099677,-0.04656404,-0.5143561,-0.018684769,-0.07010411,-0.70923096,-0.030519871,-0.08234296,-0.82903856,-0.05093746,-0.09433289,-0.9345815,-0.070088096,0.038680386,-0.4761793,-0.035686433,0.020972662,-0.62220824,-0.04697013,0.0028526245,-0.7099078,-0.05321541,-0.014286693,-0.78812015,-0.06085715
HELP,0.0,0.0,0.0,-0.10846017,-0.09175434,-0.05617332,-0.15363005,-0.25493056,-0.080416605,-0.077623844,-0.40047944,-0.10124624,0.011798019,-0.46084237,-0.11938237,-0.19218072,-0.49143702,-0.012970305,-0.21146522,-0.6907452,-0.03884472,-0.21669875,-0.81186146,-0.07219465,-0.22009577,-0.9158754,-0.10145298,-0.116203144,-0.52622205,-0.012846719,-0.14311062,-0.7419363,-0.0287048,-0.15075952,-0.87127817,-0.058213826,-0.16056097,-0.9870259,-0.08510975,-0.041802585,-0.5179613,-0.022351982,-0.06376269,-0.7093716,-0.037407055,-0.07592652,-0.8286005,-0.0598892,-0.088508315,-0.932274,-0.08118505,0.044209585,-0.4794437,-0.0401921,0.030472668,-0.62717396,-0.052878395,0.013337898,-0.7168391,-0.060526554,-0.005827679,-0.7967627,-0.070173204
HELP,0.0,0.0,0.0,-0.107722916,-0.08977327,-0.05473007,-0.15506518,-0.25670135,-0.07668827,-0.08350844,-0.40110815,-0.09522488,0.004520302,-0.459092,-0.11089894,-0.19938394,-0.48608,-0.012880217,-0.21798363,-0.6878407,-0.03695313,-0.22222282,-0.8072771,-0.067237586,-0.22450444,-0.90955067,-0.0935053,-0.12096367,-0.5212392,-0.012414543,-0.14450027,-0.7388036,-0.026068324,-0.15168206,-0.8704637,-0.05281181,-0.16011326,-0.98709863,-0.076920055,-0.042807978,-0.5138408,-0.021330236,-0.06617036,-0.7090767,-0.03456307,-0.07825808,-0.8283019,-0.056128096,-0.090277426,-0.9327329,-0.07604828,0.04314726,-0.47631523,-0.0381921,0.024666965,-0.62489665,-0.050204713,0.005739287,-0.7142396,-0.057192717,-0.012865641,-0.7933737,-0.0655004
HELP,0.0,0.0,0.0,-0.10716407,-0.09033679,-0.050312337,-0.15465271,-0.2563959,-0.069664605,-0.081773326,-0.39760983,-0.08632758,0.0051579354,-0.4551062,-0.10077966,-0.19751956,-0.48669198,-0.010817718,-0.21550053,-0.68650585,-0.035109438,-0.22036184,-0.8060056,-0.06543302,-0.22332957,-0.9078541,-0.09184025,-0.120110795,-0.52247703,-0.012401699,-0.1433469,-0.7399145,-0.026589822,-0.1510836,-0.8706674,-0.05327995,-0.16020508,-0.98708373,-0.07723134,-0.0424177,-0.5154226,-0.022996955,-0.06508947,-0.7110752,-0.03685613,-0.07812994,-0.82985294,-0.05819559,-0.091651656,-0.9347431,-0.07795458,0.043264303,-0.47609067,-0.04111613,0.025794525,-0.62423646,-0.055209048,0.0074043996,-0.7135039,-0.06313138,-0.011806185,-0.7928872,-0.071887836
HELP,0.0,0.0,0.0,-0.10848451,-0.086841635,-0.05398524,-0.15763187,-0.254329,-0.07401576,-0.08334302,-0.40059444,-0.090563744,0.0055659907,-0.46055377,-0.104381666,-0.1973701,-0.4923781,-0.01132733,-0.21636863,-0.69118553,-0.034610506,-0.2206354,-0.80906546,-0.064838335,-0.22266768,-0.91140807,-0.09189318,-0.12006636,-0.52817756,-0.011389871,-0.14458045,-0.74195254,-0.024769405,-0.15214044,-0.8706638,-0.051674977,-0.16094664,-0.98696315,-0.07647312,-0.042954825,-0.5198955,-0.02101376,-0.06560249,-0.7148429,-0.03518257,-0.07713697,-0.83285874,-0.057234116,-0.08926999,-0.93874186,-0.07789123,0.042702314,-0.47899508,-0.038542572,0.02514201,-0.62818587,-0.053468995,0.007537918,-0.7177616,-0.06262516,-0.010440089,-0.7992069,-0.072627045
HELP,0.0,0.0,0.0,-0.10786893,-0.0860894,-0.05500303,-0.15588707,-0.25274026,-0.07677108,-0.08117384,-0.3985699,-0.095027156,0.008677951,-0.45730704,-0.11071854,-0.19510946,-0.4868092,-0.014958612,-0.21255575,-0.6879924,-0.03939681,-0.21724275,-0.8076786,-0.06970555,-0.2204872,-0.9104231,-0.09632308,-0.118165545,-0.5221326,-0.014913149,-0.14161135,-0.7393545,-0.029310623,-0.1494855,-0.8709479,-0.056012634,-0.15882842,-0.9873062,-0.0801113,-0.040940106,-0.51379085,-0.024259066,-0.06390951,-0.70875084,-0.038681135,-0.077128746,-0.8279796,-0.06057581,-0.09104435,-0.9335705,-0.08076246,0.04416239,-0.4739104,-0.041536257,0.027348071,-0.62117493,-0.05588742,0.0092071,-0.71045244,-0.06428852,-0.009324843,-0.790396,-0.07345366
HELP,0.0,0.0,0.0,-0.10828752,-0.08597467,-0.055264544,-0.15610969,-0.25335297,-0.076957576,-0.08134861,-0.39963177,-0.095072,0.008833185,-0.45828795,-0.11062141,-0.19513611,-0.48579362,-0.015361519,-0.21248724,-0.6880194,-0.039642815,-0.21700314,-0.807845,-0.06960064,-0.22001982,-0.91044915,-0.09591066,-0.11787654,-0.52114093,-0.015078237,-0.14119697,-0.73891586,-0.029354937,-0.14907645,-0.8709016,-0.05591558,-0.15849505,-0.98735976,-0.079917796,-0.040505033,-0.5130684,-0.024210455,-0.063245155,-0.7082588,-0.038531948,-0.07643675,-0.82794374,-0.06085605,-0.090433456,-0.9336085,-0.08138198,0.04455201,-0.47370648,-0.041260947,0.028025035,-0.62092304,-0.05561722,0.0097193625,-0.7105165,-0.06448057,-0.009051123,-0.7905062,-0.07404732
HELP,0.0,0.0,0.0,-0.10631146,-0.09002581,-0.058579203,-0.15387532,-0.2512207,-0.084901035,-0.080563664,-0.3979257,-0.10818376,0.009876752,-0.45566323,-0.12886466,-0.1965248,-0.4900935,-0.012384647,-0.21574555,-0.6857332,-0.04008433,-0.22108696,-0.80735725,-0.07571291,-0.22405177,-0.913211,-0.106531285,-0.12089605,-0.52667814,-0.013225168,-0.14651671,-0.7376464,-0.031060396,-0.15479288,-0.86771965,-0.06323864,-0.16413917,-0.9864372,-0.09128068,-0.04416713,-0.52021945,-0.023961166,-0.067359656,-0.7109533,-0.040124122,-0.07925737,-0.83077717,-0.063348725,-0.091864154,-0.93789893,-0.08427143,0.042448584,-0.4813274,-0.04335055,0.024804119,-0.63115174,-0.055805918,0.0077585396,-0.72136724,-0.061911378,-0.009512912,-0.80235946,-0.069721386
HELP,0.0,0.0,0.0,-0.10621686,-0.08218516,-0.05946851,-0.15871538,-0.25212222,-0.08273533,-0.085135184,-0.3986021,-0.10201276,0.007966087,-0.458077,-0.11858144,-0.20065117,-0.49025914,-0.015222072,-0.2182071,-0.68889076,-0.040374096,-0.22159757,-0.8086441,-0.0722842,-0.2219904,-0.91169673,-0.100201406,-0.123508036,-0.52391076,-0.01400938,-0.14676933,-0.7368576,-0.029482108,-0.1547858,-0.8679309,-0.058429576,-0.16273527,-0.9866697,-0.08394094,-0.04513853,-0.51462483,-0.022840725,-0.06776901,-0.70680857,-0.038595255,-0.079677254,-0.8279606,-0.0621671,-0.090924606,-0.9381019,-0.08327697,0.04057917,-0.4730859,-0.04006972,0.021409785,-0.61822563,-0.05524912,0.0026409107,-0.7061185,-0.06398027,-0.014591905,-0.78740156,-0.0732874
HELP,0.0,0.0,0.0,-0.10682459,-0.089201845,-0.05339475,-0.15401879,-0.255072,-0.073193654,-0.079414435,-0.39860907,-0.08988447,0.009470425,-0.4558717,-0.10420559,-0.19301867,-0.48873195,-0.0106264455,-0.21036984,-0.6876567,-0.034958716,-0.21512172,-0.80766666,-0.06606508,-0.21794856,-0.91165525,-0.093607046,-0.11676886,-0.5230072,-0.011335895,-0.14064883,-0.73743653,-0.026719304,-0.14783838,-0.86860436,-0.054735992,-0.1567019,-0.9876459,-0.07974398,-0.04067155,-0.5137853,-0.021615798,-0.06312567,-0.70643234,-0.03821605,-0.075546,-0.82463914,-0.060954362,-0.088759154,-0.93121845,-0.08126388,0.04529854,-0.47317547,-0.03972557,0.028771382,-0.62098217,-0.056707084,0.011163471,-0.71001756,-0.06639804,-0.007660871,-0.7915231,-0.0762437
HELP,0.0,0.0,0.0,-0.10589896,-0.090215646,-0.056168698,-0.14918983,-0.25633073,-0.07767239,-0.07229248,-0.40266243,-0.0954143,0.018179446,-0.46101344,-0.11032133,-0.19378822,-0.48919725,-0.011152832,-0.2120836,-0.6897013,-0.03480333,-0.21625708,-0.80803996,-0.065780126,-0.21863195,-0.9096537,-0.09320289,-0.115203485,-0.5254066,-0.010337942,-0.13936678,-0.7408382,-0.02389496,-0.14730541,-0.87108386,-0.051444296,-0.15685457,-0.9876217,-0.07649595,-0.037319846,-0.51841986,-0.019400742,-0.06068527,-0.7146861,-0.033751164,-0.074827366,-0.8356452,-0.057140253,-0.089388125,-0.9438856,-0.078588456,0.049345188,-0.47991663,-0.036546953,0.03292508,-0.62895304,-0.051413428,0.013608118,-0.7184207,-0.060902912,-0.0066424124,-0.7989964,-0.07106355
HELP,0.0,0.0,0.0,-0.10461549,-0.087204084,-0.05713499,-0.14907143,-0.2552672,-0.078813925,-0.07386893,-0.40233606,-0.09633043,0.014004588,-0.4622103,-0.11121537,-0.19108133,-0.4865008,-0.015161167,-0.20836511,-0.6921386,-0.039892547,-0.2102719,-0.8145652,-0.07116659,-0.21005495,-0.918555,-0.09843474,-0.11336741,-0.520553,-0.013556515,-0.13664922,-0.74012405,-0.027942797,-0.14274676,-0.87152416,-0.056045916,-0.15021151,-0.9886539,-0.08143731,-0.037131675,-0.51098573,-0.021544024,-0.059293,-0.70885366,-0.03609159,-0.072157584,-0.8312762,-0.05968785,-0.08450599,-0.93918556,-0.08146561,0.048455775,-0.470699,-0.037548285,0.031985857,-0.62142724,-0.052306607,0.012900581,-0.7105517,-0.061995964,-0.007233893,-0.78972787,-0.07247122
HELP,0.0,0.0,0.0,-0.10691013,-0.089123726,-0.053992126,-0.15126052,-0.2561545,-0.07502611,-0.07659576,-0.39994764,-0.09266271,0.012724842,-0.457874,-0.107665315,-0.19300428,-0.49036098,-0.011839481,-0.20981948,-0.69270116,-0.036411904,-0.21154083,-0.8126818,-0.06797342,-0.21071568,-0.91575545,-0.09574943,-0.11468773,-0.52470654,-0.012230482,-0.13789006,-0.7411755,-0.026825394,-0.14433204,-0.8712357,-0.055296693,-0.15221372,-0.9883476,-0.081118114,-0.037803598,-0.5156421,-0.022078035,-0.060063716,-0.7127341,-0.036799025,-0.0734825,-0.8343704,-0.060363777,-0.08650969,-0.9419022,-0.082214296,0.04896851,-0.47490692,-0.03972278,0.03192222,-0.62468225,-0.05439964,0.012764773,-0.7140412,-0.0637813,-0.0074019837,-0.7939517,-0.07416004
HELP,0.0,0.0,0.0,-0.10750376,-0.08478741,-0.05701561,-0.1540857,-0.2533858,-0.07881094,-0.08049178,-0.40114713,-0.09656658,0.008457785,-0.45772988,-0.11123785,-0.1947104,-0.48913717,-0.0136953555,-0.21223547,-0.69334966,-0.037383087,-0.21441941,-0.8138835,-0.06767904,-0.21458387,-0.91715646,-0.09418231,-0.117275685,-0.52334976,-0.011879,-0.14054827,-0.74187106,-0.024910498,-0.14652292,-0.8727053,-0.051155254,-0.1534231,-0.9881606,-0.07515565,-0.040191825,-0.5148829,-0.019784844,-0.06262827,-0.71361774,-0.032549445,-0.0746668,-0.8363687,-0.0541247,-0.08617755,-0.94327044,-0.074472606,0.045531865,-0.47609454,-0.035925616,0.027936505,-0.6254017,-0.047975037,0.008935589,-0.7149774,-0.05547327,-0.009866734,-0.79407424,-0.064437665
HELP,0.0,0.0,0.0,-0.10521174,-0.08771251,-0.055073053,-0.15087882,-0.2569859,-0.07591492,-0.075348504,-0.40655053,-0.093155906,0.015011914,-0.46797237,-0.10767271,-0.19493753,-0.49127105,-0.012179956,-0.21190146,-0.69541174,-0.03593505,-0.21417582,-0.81643015,-0.0666777,-0.21467347,-0.92004144,-0.09421546,-0.1175111,-0.52746224,-0.011718056,-0.14065555,-0.74358195,-0.025542632,-0.14603221,-0.8729077,-0.052723423,-0.15299334,-0.9882272,-0.077752925,-0.041074295,-0.5199657,-0.020928321,-0.06291854,-0.7161869,-0.034727767,-0.07488809,-0.8365827,-0.057096023,-0.08726517,-0.9434232,-0.07840696,0.044432078,-0.48095214,-0.038183253,0.027755216,-0.6303172,-0.053036407,0.008579967,-0.71942896,-0.06280603,-0.011644197,-0.79916644,-0.07349651
HELP,0.0,0.0,0.0,-0.10582098,-0.08704081,-0.057321355,-0.15053707,-0.25168845,-0.08135564,-0.07425473,-0.39889532,-0.101565,0.017242815,-0.45745575,-0.11896038,-0.19456783,-0.49119815,-0.015607889,-0.21304482,-0.69305336,-0.041047066,-0.21560775,-0.812088,-0.07315066,-0.21569763,-0.91513485,-0.1016199,-0.116601765,-0.52694654,-0.015267559,-0.14130124,-0.7421697,-0.031028064,-0.14782761,-0.8714185,-0.059492283,-0.15577906,-0.98779196,-0.08537699,-0.039767098,-0.518578,-0.024682898,-0.062331654,-0.71468467,-0.040566362,-0.074045695,-0.8346252,-0.0635022,-0.08619786,-0.94169044,-0.084786564,0.046659674,-0.47881716,-0.042245306,0.029135818,-0.6278034,-0.057789393,0.010170666,-0.7168629,-0.067226134,-0.009963633,-0.79749423,-0.077537216
HELP,0.0,0.0,0.0,-0.105172575,-0.082773164,-0.06203403,-0.15527704,-0.24729136,-0.08713255,-0.083742745,-0.39437628,-0.107116446,0.007381425,-0.45391732,-0.123526394,-0.20002545,-0.49024656,-0.018116036,-0.21763252,-0.69098943,-0.042926393,-0.22082676,-0.81092924,-0.07446924,-0.22156367,-0.9131505,-0.102129675,-0.123919226,-0.52676535,-0.014607255,-0.14735197,-0.7419954,-0.029199295,-0.15366535,-0.87200487,-0.056870762,-0.16122031,-0.9869185,-0.08165509,-0.04734167,-0.5181707,-0.021137428,-0.07018348,-0.71347296,-0.036015734,-0.082063645,-0.8335223,-0.05902858,-0.09394441,-0.9398065,-0.07999846,0.038400263,-0.4770843,-0.036145415,0.020333461,-0.6222344,-0.051036987,0.00086374517,-0.71007687,-0.06035193,-0.018172892,-0.7891222,-0.070044145
HELP,0.0,0.0,0.0,-0.104635045,-0.086352505,-0.053888775,-0.15262578,-0.25701165,-0.07488166,-0.08236878,-0.40518486,-0.09277523,0.0059935767,-0.46089232,-0.10776583,-0.19740233,-0.49340847,-0.010215939,-0.21517995,-0.6925521,-0.03400039,-0.21848364,-0.8115398,-0.06469022,-0.21971639,-0.91362095,-0.09211904,-0.12172816,-0.5289472,-0.010839165,-0.14477317,-0.7421101,-0.02570228,-0.1505154,-0.8713612,-0.05291197,-0.15737785,-0.9875385,-0.07747023,-0.045185596,-0.52076244,-0.021079265,-0.067853674,-0.71588403,-0.035996374,-0.079075865,-0.8340788,-0.057844795,-0.09052149,-0.9401971,-0.07813727,0.040389284,-0.4817246,-0.039311163,0.023540964,-0.6289865,-0.054295477,0.005142741,-0.7184921,-0.06344393,-0.013593732,-0.7997201,-0.073318556
HELP,0.0,0.0,0.0,-0.10644109,-0.08894587,-0.056505106,-0.15271227,-0.26015988,-0.07889206,-0.08062071,-0.4058279,-0.09776824,0.009016593,-0.46040618,-0.11387943,-0.19845441,-0.49264482,-0.011200218,-0.21651796,-0.69118214,-0.034880806,-0.21895836,-0.8084994,-0.06602509,-0.2189678,-0.90998304,-0.0936891,-0.120429166,-0.5273885,-0.010719241,-0.14455903,-0.74130154,-0.024850655,-0.15205063,-0.8702571,-0.053168483,-0.16078992,-0.9869886,-0.07887007,-0.04255842,-0.5194111,-0.020038497,-0.06618282,-0.71640176,-0.034479,-0.07974733,-0.8375135,-0.05798577,-0.092878394,-0.94600326,-0.079701975,0.043720797,-0.4802523,-0.037488,0.024951318,-0.6280544,-0.0513087,0.0052788397,-0.71858305,-0.06023475,-0.014381082,-0.8010675,-0.07035372
HELP,0.0,0.0,0.0,-0.1066582,-0.08514041,-0.056639336,-0.15536784,-0.25444984,-0.07873233,-0.08477448,-0.40143988,-0.09702216,0.0037029125,-0.45970577,-0.11263592,-0.20077106,-0.48660827,-0.014584653,-0.21782547,-0.68720573,-0.03926215,-0.22054203,-0.8072984,-0.07030802,-0.22093414,-0.91056174,-0.09765816,-0.123520926,-0.5228649,-0.014038288,-0.14641383,-0.7390885,-0.02914409,-0.15358675,-0.86955327,-0.056783233,-0.1619691,-0.98679584,-0.0815546,-0.045466915,-0.51572055,-0.02314241,-0.06880592,-0.71357894,-0.03850629,-0.081972726,-0.83449227,-0.061420716,-0.09452707,-0.94262594,-0.082403496,0.04100556,-0.47646695,-0.04029624,0.022716891,-0.62398136,-0.05559534,0.0037627942,-0.7138002,-0.06478144,-0.014820451,-0.7953129,-0.074637845
