label,f0,f1,f2,f3,f4,f5,f6,f7,f8,f9,f10,f11,f12,f13,f14,f15,f16,f17,f18,f19,f20,f21,f22,f23,f24,f25,f26,f27,f28,f29,f30,f31,f32,f33,f34,f35,f36,f37,f38,f39,f40,f41,f42,f43,f44,f45,f46,f47,f48,f49,f50,f51,f52,f53,f54,f55,f56,f57,f58,f59,f60,f61,f62
I_LOVE_YOU,0.0,0.0,0.0,0.28802466,-0.08598452,0.020871159,0.5427204,-0.20156287,-0.023384314,0.73648983,-0.24354123,-0.08511067,0.8910459,-0.21352036,-0.15626262,0.5294302,-0.6206965,-0.12448283,0.8086166,-0.4802474,-0.25948435,0.93582165,-0.2813324,-0.3496444,0.99595076,-0.08990066,-0.40457767,0.40892982,-0.6097254,-0.207395,0.72511417,-0.4462519,-0.33774585,0.8808683,-0.23906031,-0.39940965,0.966848,-0.04645606,-0.43916258,0.27667192,-0.503024,-0.29030925,0.57451963,-0.3903386,-0.41295904,0.74429595,-0.21613047,-0.4523226,0.86296487,-0.056100406,-0.47295287,0.15283006,-0.33266827,-0.36916158,0.360911,-0.2659285,-0.46471617,0.50736403,-0.18345901,-0.49076805,0.6303847,-0.09861811,-0.50509727
I_LOVE_YOU,0.0,0.0,0.0,0.28997266,-0.08184032,0.044454977,0.5197326,-0.20114845,0.0057680765,0.6972695,-0.25785682,-0.053708345,0.8573944,-0.24487749,-0.1264973,0.49760166,-0.6128801,-0.0968385,0.77350473,-0.48584196,-0.2174245,0.9134243,-0.31749222,-0.30115438,0.98810554,-0.15377706,-0.35353532,0.38920316,-0.6012265,-0.18340111,0.7048135,-0.44452578,-0.29700884,0.870173,-0.26957726,-0.35338196,0.96486473,-0.11046294,-0.39337417,0.27199638,-0.5026905,-0.2672279,0.57273984,-0.39707056,-0.37484637,0.7497843,-0.24556193,-0.40867224,0.8673169,-0.10958734,-0.42858893,0.16131711,-0.34867647,-0.344634,0.37191814,-0.3015926,-0.43055663,0.5179155,-0.22792259,-0.4518706,0.6342776,-0.14917624,-0.4634845
I_LOVE_YOU,0.0,0.0,0.0,0.30133832,-0.055248003,0.026090953,0.5152432,-0.2045225,0.0060431813,0.6623404,-0.31894812,-0.029514685,0.799217,-0.35449177,-0.07254244,0.5337587,-0.6299581,-0.0255374,0.77366227,-0.4506763,-0.10807289,0.90878725,-0.29413167,-0.17914884,0.98926765,-0.14611477,-0.22686377,0.4460121,-0.6314325,-0.087025456,0.7210196,-0.43340018,-0.16395375,0.8792153,-0.2638117,-0.21939903,0.9785673,-0.10778613,-0.25867647,0.33635613,-0.5487223,-0.14947385,0.6067349,-0.40941522,-0.23646852,0.78503156,-0.25376898,-0.28322628,0.9092227,-0.10867123,-0.30896267,0.22438616,-0.4035417,-0.20760682,0.4263243,-0.3375473,-0.28640452,0.5628424,-0.24578837,-0.31380472,0.6692831,-0.15372722,-0.32535553
I_LOVE_YOU,0.0,0.0,0.0,0.2577638,-0.11134643,0.03600195,0.45964417,-0.26616925,0.0015263767,0.61940324,-0.3659034,-0.051567364,0.7588523,-0.4027259,-0.11328094,0.48104972,-0.6162952,-0.08099827,0.7259293,-0.52901435,-0.19716941,0.88140124,-0.37958622,-0.2806559,0.97504944,-0.2219877,-0.32988593,0.39586225,-0.6297539,-0.15571932,0.6819858,-0.5388181,-0.26693866,0.8594449,-0.35443342,-0.32264057,0.9568441,-0.17444575,-0.35388732,0.29970098,-0.5539542,-0.2282588,0.572972,-0.4979818,-0.32820335,0.7697914,-0.33007762,-0.3634901,0.89548826,-0.16100955,-0.37693912,0.20640187,-0.40632477,-0.29576734,0.4270743,-0.37834948,-0.37290436,0.5887588,-0.2883401,-0.39227554,0.7084171,-0.18139686,-0.39689064
I_LOVE_YOU,0.0,0.0,0.0,0.30100635,-0.10636923,0.09671227,0.5327178,-0.22881685,0.09587796,0.6970247,-0.3179878,0.063940406,0.8159955,-0.3682184,0.026117343,0.596653,-0.63004357,0.033294514,0.8567638,-0.42726883,-0.031001179,0.9582399,-0.23492907,-0.08366693,0.99743277,-0.07160888,-0.11227879,0.53659135,-0.6051703,-0.052623164,0.8404127,-0.3819388,-0.091116376,0.9449428,-0.19408557,-0.11546961,0.98037434,-0.021271827,-0.1343921,0.45894256,-0.5003148,-0.13368519,0.7573559,-0.32060912,-0.16554922,0.87966055,-0.14977834,-0.17119619,0.9285881,0.01261682,-0.17425504,0.38281503,-0.3381719,-0.20788386,0.6226784,-0.23649924,-0.21724197,0.73586833,-0.12567565,-0.20065928,0.7963373,-0.0060968525,-0.18690856
I_LOVE_YOU,0.0,0.0,0.0,0.30992407,-0.11421736,0.081878066,0.5248418,-0.24321839,0.061156433,0.6909292,-0.3444122,0.012543708,0.8062959,-0.37924612,-0.042098235,0.5671576,-0.71867543,-0.0416989,0.8605579,-0.49287465,-0.12677468,0.9613645,-0.27527842,-0.17824876,0.9949787,-0.09859532,-0.20402086,0.49957862,-0.6880156,-0.12967238,0.8311579,-0.4544698,-0.19485112,0.93550783,-0.24926165,-0.21277414,0.9662379,-0.0757623,-0.22525035,0.41600567,-0.56037474,-0.21138445,0.73406553,-0.3861935,-0.26820803,0.8690237,-0.2009757,-0.27263293,0.9231631,-0.029214798,-0.272458,0.3324766,-0.36907595,-0.2853842,0.5890541,-0.27022216,-0.3155572,0.7197482,-0.15185113,-0.3044918,0.7934862,-0.025355551,-0.29323325
I_LOVE_YOU,0.0,0.0,0.0,0.32680944,-0.0699567,0.093025565,0.5466496,-0.19416116,0.09158205,0.69739765,-0.29279375,0.059455197,0.7998771,-0.34743297,0.024512272,0.6166254,-0.64410836,0.021134006,0.9079444,-0.40419033,-0.044375185,0.982847,-0.18442258,-0.08979827,0.99580276,-0.01851294,-0.11167796,0.5589316,-0.62285906,-0.06189208,0.88716775,-0.36185622,-0.107035525,0.95656234,-0.1449101,-0.12291839,0.95781815,0.028648838,-0.13093309,0.48588437,-0.5130449,-0.13971165,0.804359,-0.2892896,-0.18042347,0.8951246,-0.0881862,-0.18097825,0.91296726,0.0830899,-0.17446496,0.41594937,-0.3418758,-0.20999159,0.6598337,-0.19877407,-0.22765625,0.7613789,-0.06769301,-0.2141331,0.8135316,0.05983995,-0.19710663
I_LOVE_YOU,0.0,0.0,0.0,0.3105262,-0.10253148,0.090888254,0.5361565,-0.22508478,0.08330158,0.6988865,-0.3188085,0.045975164,0.8114734,-0.3563392,0.0076765534,0.62026644,-0.6492968,0.010016316,0.8915987,-0.42559823,-0.061938323,0.9764934,-0.19890821,-0.10915745,0.999883,-0.015297286,-0.13109012,0.55992097,-0.63223016,-0.074313976,0.87570155,-0.38998836,-0.12735023,0.96110445,-0.17383485,-0.14240293,0.9746386,0.010691323,-0.1499722,0.48591098,-0.52458525,-0.1535479,0.7903862,-0.31192958,-0.19324854,0.88701695,-0.120140806,-0.18780379,0.90935636,0.052194443,-0.17876586,0.4121718,-0.35014716,-0.22666633,0.6643428,-0.21105304,-0.2353523,0.7712949,-0.080641635,-0.21438277,0.8249713,0.046797257,-0.19484818
I_LOVE_YOU,0.0,0.0,0.0,0.26072454,-0.17415455,0.07128235,0.47697583,-0.32356855,0.04891924,0.65278655,-0.42055145,0.0010439751,0.782478,-0.44682848,-0.048668183,0.57231337,-0.67011553,-0.028344005,0.86370057,-0.4919238,-0.12477315,0.9611865,-0.27589947,-0.18586421,0.99134177,-0.090637915,-0.2122817,0.51159585,-0.64162916,-0.10898659,0.82747096,-0.4528064,-0.18392971,0.9424254,-0.24095382,-0.20608312,0.97895354,-0.043631915,-0.213357,0.43353376,-0.52978784,-0.18696754,0.73644185,-0.37501836,-0.24713548,0.87295336,-0.18508528,-0.25050452,0.9238822,0.0017096016,-0.241175,0.35511756,-0.3556887,-0.25946522,0.60574573,-0.26470616,-0.2857985,0.730449,-0.14827964,-0.27241117,0.79423344,-0.017552244,-0.25330928
I_LOVE_YOU,0.0,0.0,0.0,0.28658247,-0.1377287,0.091699004,0.5033543,-0.27881667,0.08571623,0.67055553,-0.3584764,0.048836935,0.7965075,-0.3819989,0.007880409,0.5928287,-0.6319966,0.020791043,0.8694941,-0.45893538,-0.056955665,0.96503997,-0.24619249,-0.11576231,0.9976261,-0.0688637,-0.14464736,0.54190373,-0.6051072,-0.065972365,0.85383916,-0.4144524,-0.11889929,0.9612298,-0.20811132,-0.14369039,0.9953412,-0.02316325,-0.1573479,0.47272095,-0.49890733,-0.1494102,0.7754707,-0.32384536,-0.1929225,0.89897513,-0.1325023,-0.1992521,0.9465921,0.047252975,-0.19671433,0.4031167,-0.33634415,-0.22664711,0.64301974,-0.23842771,-0.24354328,0.76167125,-0.123300545,-0.23101403,0.830544,-0.00016412936,-0.21572128
I_LOVE_YOU,0.0,0.0,0.0,0.3111785,-0.099070646,0.12998967,0.5256744,-0.24377365,0.14169973,0.6754348,-0.35933143,0.118540846,0.7865858,-0.4167662,0.09218054,0.5953141,-0.6546867,0.03626518,0.86574477,-0.47986,-0.021098107,0.95915025,-0.28289708,-0.05188279,0.9912347,-0.113056205,-0.061930697,0.53849465,-0.64458925,-0.063841596,0.8435337,-0.4310322,-0.106074475,0.9443709,-0.23245418,-0.10580617,0.9744399,-0.05714368,-0.0999123,0.46385446,-0.54382735,-0.15552041,0.75802714,-0.34801355,-0.18700536,0.8766418,-0.16896766,-0.1689948,0.9261742,-0.009968914,-0.1495993,0.39134905,-0.38114652,-0.23760992,0.6380772,-0.2730404,-0.24079351,0.75215816,-0.15679726,-0.20921753,0.8152447,-0.038375717,-0.17899567
I_LOVE_YOU,0.0,0.0,0.0,0.31391877,-0.08657415,0.12433498,0.5228687,-0.2177419,0.13260092,0.6703422,-0.3120277,0.10225788,0.7816174,-0.36358947,0.06429576,0.5780895,-0.65349436,0.041665155,0.82042676,-0.54028153,-0.027155548,0.93252426,-0.33392274,-0.07960657,0.98974705,-0.1428312,-0.10953205,0.5232032,-0.6570911,-0.06485977,0.8058374,-0.50813395,-0.12153717,0.9308623,-0.30496302,-0.15063277,0.98178965,-0.11269924,-0.16834472,0.4494612,-0.5635201,-0.16413198,0.7303697,-0.44235966,-0.2153092,0.8713185,-0.2530994,-0.22169949,0.93730056,-0.06946409,-0.21976687,0.37415528,-0.4019337,-0.2542676,0.60625786,-0.3350213,-0.28586298,0.7344303,-0.22604072,-0.27655664,0.8124193,-0.096320316,-0.2626088
I_LOVE_YOU,0.0,0.0,0.0,0.30413684,-0.10395564,0.15548936,0.51156217,-0.22374694,0.17526872,0.66170806,-0.31029364,0.14918248,0.7732801,-0.36607897,0.115151934,0.57861865,-0.66235334,0.08809282,0.83339906,-0.5526718,0.03222794,0.92923075,-0.34119523,-0.012249127,0.97266376,-0.15583195,-0.034339856,0.52675754,-0.6531864,-0.029633978,0.81889063,-0.49792272,-0.07306269,0.9298499,-0.2927362,-0.092785805,0.9683226,-0.10386513,-0.1017253,0.45770782,-0.56118876,-0.13952646,0.7489277,-0.41209322,-0.17404391,0.8913457,-0.22045642,-0.17200038,0.9560735,-0.03766845,-0.16416267,0.39127493,-0.4055071,-0.23824196,0.6355846,-0.31576252,-0.24651691,0.7583888,-0.19331428,-0.22298665,0.82776123,-0.058095023,-0.19949506
I_LOVE_YOU,0.0,0.0,0.0,0.32060623,-0.07609039,0.11953065,0.52501744,-0.19672604,0.12739469,0.6813455,-0.27102935,0.093812495,0.80587596,-0.31541258,0.05540332,0.554587,-0.6755498,0.068783164,0.794123,-0.6075594,-0.010360511,0.91804796,-0.3937457,-0.07640801,0.9814968,-0.19147849,-0.113064475,0.49915907,-0.6714552,-0.039411113,0.7792188,-0.5728078,-0.10926947,0.91999817,-0.36316213,-0.1508547,0.9770372,-0.15772727,-0.17247757,0.43921804,-0.57743526,-0.14416668,0.7161412,-0.48285732,-0.20333478,0.8727088,-0.29298538,-0.21578892,0.9468552,-0.102360174,-0.21345216,0.38757575,-0.4115944,-0.2414417,0.6253618,-0.34947878,-0.27329406,0.7583963,-0.23449795,-0.2627869,0.8398758,-0.10115712,-0.24537268
I_LOVE_YOU,0.0,0.0,0.0,0.30954513,-0.12349661,0.1392358,0.5075979,-0.25332713,0.14647804,0.65213484,-0.34295824,0.1109226,0.7738283,-0.40276444,0.06702879,0.5727367,-0.66384476,0.05229859,0.8213377,-0.5552829,-0.022980217,0.93112,-0.34946388,-0.08029274,0.98545253,-0.16995078,-0.11018651,0.5162548,-0.65584433,-0.064254165,0.78966284,-0.52162385,-0.12561472,0.9304094,-0.3250346,-0.15553826,0.9890846,-0.13312359,-0.17202087,0.44099307,-0.56579614,-0.17406292,0.71321285,-0.44674447,-0.22302233,0.87539166,-0.2658533,-0.23065534,0.9544615,-0.084734574,-0.22873926,0.36941186,-0.41493052,-0.27419496,0.60263175,-0.35317633,-0.30181953,0.7429453,-0.23906173,-0.2928159,0.8295882,-0.100578755,-0.27800316
I_LOVE_YOU,0.0,0.0,0.0,0.21118297,0.045986757,0.028664092,0.39254948,0.010319985,-0.015461062,0.56676465,0.05255835,-0.087463394,0.73292404,0.07678942,-0.16352728,0.34146833,-0.5493311,-0.018299898,0.5586897,-0.7621639,-0.115326166,0.7125241,-0.66207755,-0.18548541,0.80885005,-0.5166792,-0.22354338,0.2870349,-0.5995854,-0.0913313,0.54307806,-0.826125,-0.18347214,0.73146325,-0.68188083,-0.235151,0.8217323,-0.4881284,-0.26080877,0.23482293,-0.5944895,-0.16868305,0.48885152,-0.7937112,-0.24033043,0.68462485,-0.65465015,-0.26634,0.7875888,-0.47710034,-0.27301344,0.20356089,-0.5319818,-0.24529482,0.43452334,-0.6855032,-0.29717347,0.59970903,-0.6129517,-0.30681378,0.70088315,-0.49676284,-0.30483076
I_LOVE_YOU,0.0,0.0,0.0,0.19324853,0.029502645,0.07088343,0.40184125,-0.097757824,0.07700034,0.56761247,-0.11095328,0.04471964,0.7152813,-0.06855461,0.01018163,0.30875203,-0.5811838,0.12951927,0.498197,-0.7810349,0.088064305,0.6510319,-0.7065036,0.044297624,0.7386064,-0.58316106,0.02163484,0.26831052,-0.62011826,0.04342543,0.49632517,-0.8425066,0.0028579738,0.68001187,-0.73320115,-0.03613228,0.7634163,-0.5651775,-0.051393233,0.23768353,-0.6183976,-0.049418837,0.48584017,-0.79627657,-0.083521746,0.66943896,-0.67621934,-0.09729155,0.75143397,-0.5229192,-0.09504536,0.22701922,-0.56416625,-0.14233309,0.4473069,-0.70753753,-0.16851838,0.6044547,-0.6371349,-0.16596235,0.69068336,-0.52657604,-0.15432627
I_LOVE_YOU,0.0,0.0,0.0,0.25258604,-0.015533385,0.09526081,0.45905617,-0.1349873,0.11655229,0.6154561,-0.1593926,0.094802074,0.736318,-0.13070053,0.070543155,0.3601313,-0.59977734,0.17350344,0.5423558,-0.7430258,0.14969268,0.683422,-0.6648076,0.10812397,0.7667115,-0.5576553,0.07873238,0.31932944,-0.62748814,0.078569934,0.550218,-0.81363904,0.04743299,0.71152437,-0.7026614,0.0036514841,0.7814613,-0.5486177,-0.020137088,0.29687953,-0.61384165,-0.021544216,0.5368391,-0.78979003,-0.048279338,0.70474845,-0.66880596,-0.06694467,0.77779377,-0.5192546,-0.0741424,0.30079746,-0.55005175,-0.120213166,0.509307,-0.6689179,-0.14591362,0.64757025,-0.59518486,-0.15129125,0.7246814,-0.4872903,-0.15043776
I_LOVE_YOU,0.0,0.0,0.0,0.27424067,-0.034324095,0.12541586,0.47669345,-0.13840672,0.167991,0.6218839,-0.1528927,0.15953071,0.7375891,-0.10420368,0.1466263,0.42323852,-0.5726029,0.22189556,0.596816,-0.7137563,0.2041113,0.7186072,-0.6441818,0.16457699,0.78525466,-0.53753716,0.13595057,0.37859178,-0.6160617,0.112616666,0.59692127,-0.793113,0.07138249,0.73769146,-0.67513794,0.01817604,0.7839092,-0.507698,-0.0076701962,0.3413844,-0.62411505,-0.0019549937,0.56422305,-0.8120263,-0.040282723,0.7193432,-0.6794808,-0.07191467,0.7826843,-0.5124591,-0.08404737,0.3261065,-0.58865744,-0.111921936,0.5274526,-0.71075344,-0.15205051,0.6659385,-0.6350259,-0.17208,0.7491054,-0.520527,-0.17979579
I_LOVE_YOU,0.0,0.0,0.0,0.26481313,-0.026584327,0.10058695,0.46333894,-0.13510087,0.13282086,0.60726184,-0.15978141,0.120083556,0.7238706,-0.11634225,0.10577482,0.4055511,-0.57351637,0.1908181,0.57335246,-0.7257828,0.16540183,0.6980058,-0.6521937,0.12271549,0.76751214,-0.5406498,0.09311435,0.36472502,-0.61470217,0.094388574,0.582725,-0.80011624,0.050486878,0.7236555,-0.6901614,-0.002751726,0.7787424,-0.53350294,-0.029337052,0.33364782,-0.6212754,-0.008325612,0.55546224,-0.81696296,-0.046225455,0.7058552,-0.6968138,-0.07787275,0.7730987,-0.5379468,-0.09132341,0.32184547,-0.581644,-0.10876427,0.51723236,-0.7017306,-0.14234798,0.6515054,-0.6386386,-0.15861532,0.73384887,-0.53603905,-0.16513765
I_LOVE_YOU,0.0,0.0,0.0,0.26996973,-0.036584735,0.10999481,0.46230105,-0.13190116,0.13659588,0.60675836,-0.15157159,0.11440729,0.7290246,-0.11653172,0.08837152,0.41879705,-0.5752829,0.19440457,0.59992653,-0.7305562,0.16327353,0.7208295,-0.6406366,0.11464456,0.7826852,-0.5191538,0.081664465,0.37436306,-0.6142975,0.08904361,0.599498,-0.8003762,0.040344514,0.73824763,-0.6678799,-0.018555503,0.7831881,-0.4958149,-0.050140582,0.33848393,-0.61943114,-0.022159437,0.5629732,-0.814917,-0.06286622,0.7121438,-0.6772804,-0.0952508,0.77188456,-0.5085918,-0.110249326,0.32157958,-0.581312,-0.13016717,0.51716644,-0.7143607,-0.16734165,0.6519104,-0.64156884,-0.18340117,0.73056996,-0.52920496,-0.19023669
I_LOVE_YOU,0.0,0.0,0.0,0.27665895,-0.033869404,0.11010254,0.4808915,-0.13179246,0.14451621,0.6279263,-0.15167464,0.13104516,0.7482803,-0.09925866,0.11489944,0.419045,-0.5763357,0.21154395,0.59037733,-0.72167075,0.1919354,0.7134054,-0.64395714,0.14955013,0.7826327,-0.5350895,0.1180565,0.37624165,-0.6178504,0.10994905,0.6002129,-0.79286337,0.06921526,0.7388994,-0.67381567,0.0137342075,0.7888105,-0.51290417,-0.015576388,0.34395832,-0.6231292,0.00220718,0.57123196,-0.8157083,-0.033239458,0.7204165,-0.68891656,-0.06457941,0.78297764,-0.52682954,-0.078995496,0.33230424,-0.58162975,-0.102721594,0.5306772,-0.70251966,-0.13712661,0.6620432,-0.63291705,-0.15361638,0.7391634,-0.52624387,-0.1607721
I_LOVE_YOU,0.0,0.0,0.0,0.2805901,-0.042262655,0.100577325,0.4842123,-0.13880953,0.12238362,0.64915574,-0.13604493,0.09576456,0.7743202,-0.06527043,0.06606036,0.42527494,-0.5797655,0.19344003,0.6025665,-0.7273777,0.1657422,0.7251823,-0.6415363,0.11870226,0.7888667,-0.52264625,0.08527388,0.38190266,-0.617337,0.09278032,0.603816,-0.7943897,0.04690524,0.73920023,-0.6734857,-0.00924944,0.78632843,-0.5073587,-0.039685886,0.34859034,-0.6139013,-0.015010541,0.5720845,-0.8041722,-0.055563018,0.71769094,-0.68244886,-0.08881597,0.77831185,-0.51962286,-0.10388556,0.3388428,-0.5678679,-0.12079137,0.53723836,-0.6959198,-0.15425366,0.6672918,-0.63602394,-0.16931437,0.7450834,-0.5318743,-0.17591663
I_LOVE_YOU,0.0,0.0,0.0,0.2790122,-0.029474186,0.10304063,0.48898435,-0.12597896,0.1405343,0.65263516,-0.13849807,0.13302024,0.7725588,-0.08319539,0.12441999,0.4352548,-0.562822,0.21014224,0.6126907,-0.71465725,0.1932251,0.73499805,-0.6281382,0.15519652,0.7976746,-0.5018453,0.12971431,0.3913787,-0.6107086,0.11907425,0.61372715,-0.77968043,0.087697685,0.7476266,-0.6641193,0.041276585,0.79216385,-0.49955162,0.017957838,0.35854667,-0.6178648,0.020349689,0.5813382,-0.79810137,-0.009884498,0.7231133,-0.68605083,-0.038030136,0.7802241,-0.5296159,-0.049712144,0.3469457,-0.5826075,-0.07587684,0.5399302,-0.7016716,-0.108660765,0.67061013,-0.6515512,-0.12613863,0.75086236,-0.55441993,-0.13236226
I_LOVE_YOU,0.0,0.0,0.0,0.28025618,-0.014549913,0.09862518,0.4919203,-0.11722772,0.13254716,0.6572803,-0.12105495,0.11820843,0.7820522,-0.06268965,0.100942634,0.45236003,-0.5395981,0.21892405,0.61947435,-0.68211377,0.19904661,0.7399731,-0.61175114,0.15260015,0.80053526,-0.5009836,0.119369194,0.40604228,-0.58928806,0.121874586,0.6129399,-0.7734266,0.07832346,0.7483009,-0.66335946,0.013188284,0.79179215,-0.49583083,-0.021752246,0.36507267,-0.6042327,0.016289752,0.5744152,-0.80014575,-0.025492342,0.7234025,-0.67945606,-0.07017379,0.78196007,-0.510065,-0.09103662,0.34545347,-0.5752593,-0.087006636,0.5441322,-0.69954044,-0.12346941,0.68169934,-0.645089,-0.14663422,0.764421,-0.5403756,-0.15836194
I_LOVE_YOU,0.0,0.0,0.0,0.27766293,-0.007790575,0.08921574,0.49283305,-0.11388831,0.1255837,0.6621713,-0.12003873,0.11660314,0.7902341,-0.059962764,0.104842,0.46331608,-0.5256709,0.22044359,0.62615526,-0.65364695,0.20203276,0.7404912,-0.5908137,0.15475248,0.79969,-0.49388576,0.1201663,0.4220898,-0.5820675,0.12946464,0.6214473,-0.76132166,0.082097344,0.75350314,-0.6512245,0.011813299,0.7955433,-0.4846958,-0.025739836,0.3794033,-0.60658145,0.028644415,0.5794314,-0.8079787,-0.017265998,0.72702783,-0.6866081,-0.07005935,0.7862002,-0.5145745,-0.09541499,0.3521077,-0.59344816,-0.0703529,0.53977543,-0.7339693,-0.1117354,0.6756409,-0.681983,-0.1423573,0.7611473,-0.5735764,-0.15915744
I_LOVE_YOU,0.0,0.0,0.0,0.28279075,-0.020639995,0.096285045,0.4823707,-0.11972624,0.12285671,0.64973843,-0.11307756,0.10052717,0.78691334,-0.054479167,0.07465108,0.42904437,-0.5567511,0.22340666,0.6009711,-0.6865897,0.20557743,0.7279928,-0.62507266,0.15970975,0.79620624,-0.5249495,0.12537129,0.39086786,-0.6019204,0.12563436,0.60337013,-0.77203673,0.08483404,0.7462981,-0.665612,0.018801054,0.7965031,-0.49908182,-0.018255476,0.36068684,-0.60733503,0.018991971,0.5703583,-0.79803467,-0.014135524,0.72438294,-0.68560404,-0.057259034,0.7908319,-0.5201142,-0.08021784,0.3514141,-0.56571037,-0.08671239,0.54083836,-0.6962667,-0.11363255,0.673303,-0.643406,-0.13321532,0.7540805,-0.534114,-0.1443308
I_LOVE_YOU,0.0,0.0,0.0,0.28065267,-0.017939389,0.10199782,0.48277974,-0.11091133,0.13868742,0.6431086,-0.10532983,0.12675542,0.77432126,-0.053862978,0.10948225,0.44933146,-0.5257668,0.23675552,0.61368394,-0.6643573,0.22487159,0.73520505,-0.617698,0.17922673,0.8019114,-0.5301165,0.14507638,0.41006258,-0.5781602,0.13901843,0.61291564,-0.7545806,0.100015804,0.7526142,-0.6582586,0.029291073,0.7969597,-0.4938665,-0.0107470285,0.36797568,-0.6051021,0.03264396,0.5693473,-0.80452865,-0.0008757862,0.7197769,-0.6942055,-0.050835047,0.7809268,-0.5293995,-0.077582404,0.3398581,-0.59812003,-0.071467385,0.52618754,-0.75100845,-0.10227126,0.65839446,-0.6978678,-0.12636185,0.73716205,-0.5847558,-0.13993631
I_LOVE_YOU,0.0,0.0,0.0,0.2800232,-0.0024401841,0.08722999,0.48826665,-0.09476138,0.115645535,0.6599753,-0.088206284,0.096209906,0.8024288,-0.04432548,0.0721113,0.458627,-0.49830085,0.23526017,0.6197021,-0.6262295,0.22363968,0.7390663,-0.5805942,0.17475998,0.8074243,-0.50325036,0.13662611,0.420359,-0.5593744,0.14133966,0.6163795,-0.7368499,0.101176105,0.7552614,-0.64727175,0.022719087,0.80499554,-0.48671046,-0.023230318,0.37807745,-0.5947596,0.037395176,0.57361495,-0.79638326,0.0030092485,0.72574556,-0.68796325,-0.052166082,0.79229385,-0.5209129,-0.08248629,0.34870917,-0.5896276,-0.06580643,0.536504,-0.7341595,-0.091831565,0.67230904,-0.6834707,-0.11469055,0.7579505,-0.5723024,-0.12854941
I_LOVE_YOU,0.0,0.0,0.0,0.30021304,-0.023282057,0.1710576,0.47852194,-0.10832885,0.23989792,0.6312764,-0.09979774,0.24180982,0.7671494,-0.045413397,0.2344167,0.4170492,-0.536268,0.36307904,0.5915682,-0.64692783,0.39164937,0.72424227,-0.5959196,0.36556238,0.8054916,-0.51432323,0.33815283,0.38510272,-0.5916711,0.23083143,0.59822494,-0.7539268,0.22974351,0.74762696,-0.65847284,0.1691984,0.8095675,-0.49251983,0.13059056,0.36164618,-0.6109656,0.09047645,0.57167894,-0.7973179,0.08825808,0.73294646,-0.6802863,0.05006165,0.81030715,-0.5132229,0.023788847,0.35937348,-0.5768652,-0.044742554,0.55877125,-0.71525866,-0.057469226,0.69587666,-0.6466489,-0.07314839,0.781386,-0.52574664,-0.0851748
I_LOVE_YOU,0.0,0.0,0.0,0.29969278,-0.010226645,0.15463163,0.48704615,-0.09866963,0.20988223,0.6494672,-0.09012189,0.20013465,0.7885509,-0.049873374,0.18198119,0.42240056,-0.5428362,0.34528527,0.59572935,-0.6660941,0.3683551,0.7262039,-0.60511863,0.3351177,0.7971871,-0.5119105,0.3038407,0.38716206,-0.5963579,0.21921778,0.5996104,-0.7657617,0.21782495,0.74580234,-0.66616726,0.15169707,0.79895216,-0.49683875,0.1094028,0.3606797,-0.61621267,0.0851009,0.5711987,-0.797175,0.08672758,0.72864103,-0.6799194,0.048222557,0.79290426,-0.5142864,0.021561772,0.35728177,-0.57664305,-0.045289285,0.56346554,-0.6938567,-0.04741509,0.6968398,-0.63021845,-0.05551661,0.7723777,-0.51941663,-0.06280367
I_LOVE_YOU,0.0,0.0,0.0,0.28117305,-0.02564434,0.11057291,0.48006937,-0.08987888,0.14049189,0.6498472,-0.068230316,0.12126419,0.78338975,-0.047937203,0.0983257,0.42608196,-0.54255,0.227678,0.61783785,-0.6550021,0.2160247,0.75108945,-0.5808633,0.17385495,0.82533383,-0.4749458,0.14288358,0.38941017,-0.59422666,0.12810071,0.6172784,-0.75657284,0.099577926,0.75933254,-0.64538217,0.04366239,0.8144296,-0.48020118,0.010213632,0.3597519,-0.6021098,0.021325443,0.5920957,-0.7830956,-0.0060892524,0.7456527,-0.66633475,-0.042263363,0.809698,-0.50447655,-0.06275434,0.3550784,-0.5585465,-0.08224304,0.5658386,-0.67850274,-0.111174196,0.70113236,-0.6104536,-0.12617402,0.7810395,-0.49169242,-0.13301544
I_LOVE_YOU,0.0,0.0,0.0,0.2659971,-0.012846451,0.10293839,0.46957067,-0.086361036,0.13857076,0.64171696,-0.07314295,0.1318334,0.7772059,-0.06291066,0.12337969,0.40543333,-0.5482308,0.21125314,0.6185437,-0.6788482,0.21199228,0.75439334,-0.58881265,0.18273444,0.8295419,-0.47513375,0.16060926,0.3712041,-0.60082155,0.12494828,0.61957276,-0.76921237,0.10921215,0.76483923,-0.6442212,0.058670245,0.8207926,-0.47442815,0.027735675,0.35117137,-0.5962089,0.033727724,0.5933992,-0.7685812,0.01714574,0.7467881,-0.6477482,-0.02026623,0.8101635,-0.49103346,-0.0440464,0.3591174,-0.5397361,-0.053257678,0.56987375,-0.6637507,-0.07304962,0.7003878,-0.60677594,-0.08874634,0.778528,-0.5027962,-0.09791928
I_LOVE_YOU,0.0,0.0,0.0,0.25311607,-0.0061082575,0.055803318,0.46335784,-0.067618325,0.05893038,0.6389177,-0.07036264,0.02948453,0.78935045,-0.058668233,0.0015073793,0.41032255,-0.5331378,0.14743164,0.62757593,-0.6634138,0.1291183,0.7606969,-0.57871985,0.089311734,0.8302164,-0.4616496,0.06344745,0.37329778,-0.5904513,0.08239327,0.6212591,-0.7600515,0.05472599,0.7656605,-0.6432449,0.0038222142,0.8185724,-0.47256285,-0.025460148,0.3501328,-0.59209305,0.011160582,0.5982105,-0.7716119,-0.010533289,0.749221,-0.65761197,-0.041074734,0.80829096,-0.5005134,-0.057983223,0.35439244,-0.5441249,-0.059670646,0.5697179,-0.6663528,-0.075043835,0.7000257,-0.6044806,-0.08041295,0.7736104,-0.496518,-0.080126636
I_LOVE_YOU,0.0,0.0,0.0,0.27094504,-0.0071841027,0.092335485,0.47543755,-0.08016212,0.110522345,0.64675504,-0.0880242,0.08690898,0.7901037,-0.06894371,0.062043317,0.41368124,-0.55251724,0.18409348,0.6258564,-0.69238186,0.17074595,0.75798166,-0.5946883,0.13291475,0.82629234,-0.4669508,0.10649054,0.37207314,-0.60601765,0.09723628,0.6251521,-0.76878244,0.07261708,0.7690537,-0.6391843,0.022669697,0.82067615,-0.46708062,-0.0067418115,0.34936756,-0.604196,0.0054715914,0.5972228,-0.77627915,-0.013121145,0.7490534,-0.65675014,-0.039803576,0.80879295,-0.49760643,-0.0555977,0.35645083,-0.5495979,-0.08398702,0.56653464,-0.67119247,-0.09746501,0.6954697,-0.613355,-0.101180024,0.76906425,-0.5102962,-0.10152111
I_LOVE_YOU,0.0,0.0,0.0,0.25896809,-0.0070211827,0.055005953,0.47258618,-0.07486211,0.055159144,0.65303355,-0.0770564,0.023617793,0.8020148,-0.032271776,-0.005242399,0.39318264,-0.55001324,0.13332205,0.6134907,-0.65929234,0.11071515,0.75389975,-0.57745576,0.07147306,0.8299568,-0.45997062,0.046275467,0.35617003,-0.60640264,0.06891022,0.6121029,-0.76495314,0.04119897,0.7573091,-0.65208423,0.000385388,0.81744474,-0.486755,-0.022029484,0.34043506,-0.6003338,-0.0010934448,0.59397185,-0.7724326,-0.020961275,0.74416924,-0.6679911,-0.04176125,0.80776393,-0.51549673,-0.052765947,0.35854307,-0.5430935,-0.0716866,0.5765043,-0.64928603,-0.08401055,0.70453036,-0.5836383,-0.08406307,0.77695584,-0.47560558,-0.080154784
I_LOVE_YOU,0.0,0.0,0.0,0.24587503,0.0027461806,0.060651824,0.46031308,-0.07051475,0.06959029,0.6491706,-0.061085705,0.043021485,0.80109125,-0.030538552,0.0182784,0.39754188,-0.5678654,0.15640661,0.6255988,-0.66985446,0.12888178,0.7646698,-0.5674847,0.08352785,0.8371999,-0.43773744,0.054884836,0.36923677,-0.61206454,0.089844584,0.6239449,-0.7500571,0.054273773,0.7645456,-0.61176646,0.005736426,0.82413995,-0.4401036,-0.019403398,0.36292884,-0.60039425,0.015600296,0.6131318,-0.77134234,-0.015619067,0.7662205,-0.6425777,-0.04383745,0.8337219,-0.47574958,-0.055638887,0.38739786,-0.53873384,-0.058807433,0.6054653,-0.64902365,-0.085165165,0.73571616,-0.5642856,-0.09417913,0.8122228,-0.43778902,-0.09352889
I_LOVE_YOU,0.0,0.0,0.0,0.2631933,0.0061617214,0.085060455,0.4756171,-0.078002475,0.10748658,0.65005106,-0.0791566,0.09205056,0.7884232,-0.027955638,0.07907202,0.38416064,-0.57924384,0.17522195,0.6132079,-0.6738957,0.15690665,0.75318664,-0.56719285,0.11887549,0.8199823,-0.4304054,0.095529765,0.35415992,-0.6235775,0.10037188,0.623467,-0.7621117,0.07648625,0.7685691,-0.6244142,0.03751993,0.82026005,-0.45306242,0.017627312,0.35129628,-0.6072567,0.020235473,0.62046885,-0.77081656,-0.00074761483,0.7715467,-0.6361726,-0.022405969,0.8234777,-0.46814737,-0.03152975,0.38435334,-0.541591,-0.057938915,0.6096337,-0.64636135,-0.0758453,0.7343608,-0.55639035,-0.07981408,0.796642,-0.4293011,-0.07717429
I_LOVE_YOU,0.0,0.0,0.0,0.27264073,0.00066151744,0.12831254,0.47282532,-0.08140564,0.1676346,0.63363427,-0.087205455,0.15654668,0.7682397,-0.035375662,0.14376897,0.37984332,-0.59279615,0.24316129,0.59728515,-0.69095135,0.24089429,0.7329832,-0.5903332,0.20662624,0.79904294,-0.46047705,0.18216574,0.35280684,-0.63281804,0.14317766,0.61457735,-0.7642553,0.13240893,0.7540708,-0.6297932,0.090152614,0.8021637,-0.45988032,0.065578856,0.35242516,-0.6155453,0.039077483,0.6129517,-0.7792747,0.033438582,0.7620387,-0.6475314,0.014947535,0.815654,-0.48069486,0.004063119,0.38821453,-0.5450826,-0.06121259,0.6079018,-0.654659,-0.06718957,0.7358226,-0.57266945,-0.06672957,0.80487615,-0.45127982,-0.06457736
I_LOVE_YOU,0.0,0.0,0.0,0.28538343,0.0042352313,0.17016089,0.48101574,-0.09142217,0.23589085,0.63641846,-0.10196462,0.24202245,0.76876324,-0.044830848,0.24337871,0.38187075,-0.58888966,0.30422038,0.60260993,-0.6802237,0.32660612,0.7315896,-0.5813312,0.3083935,0.79485077,-0.45657018,0.29167342,0.3574214,-0.634269,0.18378787,0.62734747,-0.7542622,0.19600797,0.76095396,-0.61971056,0.16285118,0.80431676,-0.45353132,0.14219917,0.3598851,-0.61629075,0.06062046,0.62657744,-0.7793593,0.07042705,0.7690689,-0.63297904,0.056773063,0.8174196,-0.46317947,0.04711532,0.40047136,-0.5412255,-0.055819113,0.6213438,-0.67505544,-0.054276787,0.7474809,-0.5801442,-0.051196173,0.8125069,-0.44617015,-0.0489944
I_LOVE_YOU,0.0,0.0,0.0,0.28354812,-0.008194191,0.14792174,0.47601318,-0.10146448,0.19147292,0.62973434,-0.109412104,0.17817011,0.75522596,-0.041812066,0.16087778,0.37237418,-0.5944189,0.2549428,0.595904,-0.70460814,0.25151572,0.7244277,-0.6007436,0.21991786,0.7775201,-0.45976475,0.19942318,0.34692946,-0.6349022,0.13965273,0.6185465,-0.76980096,0.13282059,0.74813724,-0.62642646,0.09813878,0.77731377,-0.4490378,0.08001687,0.34916338,-0.6137563,0.02092396,0.6137197,-0.789524,0.019610306,0.7522166,-0.6467105,0.011073755,0.7899008,-0.4753643,0.007704345,0.3882352,-0.53446984,-0.093010075,0.610475,-0.6669143,-0.09445917,0.7343408,-0.5804295,-0.086247094,0.7912797,-0.4541178,-0.07835912
I_LOVE_YOU,0.0,0.0,0.0,0.27486405,0.0022868756,0.09251431,0.47131872,-0.08714566,0.11376781,0.6282058,-0.10480243,0.093953945,0.75510645,-0.037153136,0.076003715,0.36260656,-0.59878075,0.17447229,0.60630184,-0.7025069,0.15716818,0.7302974,-0.58521867,0.12285339,0.7788419,-0.45035383,0.10319734,0.3346567,-0.63754416,0.09595963,0.6219451,-0.7760849,0.07833464,0.74909556,-0.6257716,0.046355467,0.77983123,-0.45759895,0.03135545,0.34250644,-0.6103275,0.013683634,0.62311226,-0.7821324,0.0030607511,0.7579785,-0.63526624,-0.0068506757,0.79346824,-0.46610188,-0.008126995,0.38732713,-0.52902645,-0.06667017,0.6131761,-0.65430623,-0.07050329,0.73390746,-0.56240374,-0.06317593,0.7885152,-0.433101,-0.053839248
I_LOVE_YOU,0.0,0.0,0.0,0.28314143,0.0017066794,0.16633418,0.46846616,-0.08417788,0.22197701,0.62164444,-0.099682674,0.21505496,0.7542323,-0.041319933,0.20243627,0.37220818,-0.5946059,0.29627272,0.5897955,-0.7091121,0.3067011,0.71484387,-0.60839355,0.27953225,0.7671979,-0.4752852,0.26004568,0.35019442,-0.6297559,0.17504027,0.6118564,-0.7669209,0.18532456,0.7422096,-0.6334049,0.15327604,0.7750031,-0.4699457,0.1329298,0.35525075,-0.6053399,0.050251696,0.6241009,-0.78134376,0.059759915,0.76003987,-0.6336726,0.05530114,0.79136413,-0.46562138,0.052981198,0.39634016,-0.5280611,-0.0687843,0.62577534,-0.6651861,-0.06251011,0.7449513,-0.57033384,-0.048088674,0.79133224,-0.44091174,-0.03692845
I_LOVE_YOU,0.0,0.0,0.0,0.26674017,0.008935526,0.15372561,0.46218067,-0.07154416,0.21405728,0.6218731,-0.07850044,0.22187611,0.74641067,-0.014284815,0.22679017,0.3637357,-0.6234639,0.26389825,0.61168706,-0.7387926,0.27067497,0.74431044,-0.6252638,0.24507232,0.7948559,-0.47984827,0.23021036,0.34599185,-0.64836437,0.15871494,0.6373795,-0.76663864,0.16802223,0.7686878,-0.6128409,0.13716903,0.7955985,-0.44408518,0.11938588,0.36162326,-0.6065384,0.0520298,0.6434763,-0.7654661,0.0633167,0.783449,-0.6183601,0.05672949,0.81497204,-0.4555305,0.053781856,0.41385666,-0.5150529,-0.04849079,0.64246655,-0.6703511,-0.04396121,0.7606179,-0.5833946,-0.0328377,0.8043175,-0.45568973,-0.021786027
I_LOVE_YOU,0.0,0.0,0.0,0.26686296,0.0007339257,0.1582688,0.46362597,-0.08552027,0.21498905,0.6197396,-0.08494638,0.21637702,0.73836225,-0.01558882,0.2140439,0.37253407,-0.6175569,0.25589815,0.6035106,-0.73185253,0.2633114,0.7290219,-0.6160116,0.2410145,0.7810638,-0.47202918,0.22549571,0.3548451,-0.63999873,0.14414807,0.624751,-0.7672368,0.15657927,0.75345814,-0.6201493,0.13590121,0.7824468,-0.4566227,0.122169964,0.36782825,-0.59816414,0.030947924,0.6363111,-0.7714325,0.04269573,0.7679614,-0.62521654,0.046577785,0.7957193,-0.4645813,0.04897861,0.41569448,-0.5052732,-0.076558955,0.63507587,-0.65566283,-0.077000916,0.7492568,-0.5720295,-0.06557144,0.7896041,-0.45158285,-0.055178177
I_LOVE_YOU,0.0,0.0,0.0,0.24660613,0.0019438701,0.06517166,0.45579633,-0.08295678,0.08394821,0.61845386,-0.08290724,0.07185683,0.73004884,-0.013777118,0.06470562,0.36622003,-0.60094804,0.13895153,0.60849243,-0.72023606,0.11783205,0.7340576,-0.6055019,0.08504925,0.781503,-0.4601892,0.06982843,0.33700433,-0.6401936,0.0820759,0.60957885,-0.7857542,0.06697666,0.73874784,-0.64766777,0.04296013,0.7773184,-0.4885628,0.033772096,0.3453111,-0.6130844,0.020120105,0.6144177,-0.78898096,0.0076604974,0.74688196,-0.65946805,-0.003980413,0.784392,-0.5019636,-0.0052483655,0.38855565,-0.5349944,-0.041210927,0.6120506,-0.65352243,-0.049194142,0.72271156,-0.56766635,-0.045220878,0.76609755,-0.44416568,-0.03621207
I_LOVE_YOU,0.0,0.0,0.0,0.24994518,0.010410432,0.13222122,0.45308432,-0.06861624,0.18189596,0.6189916,-0.064546265,0.18528792,0.73418355,0.0011512107,0.18924077,0.3729091,-0.6164181,0.22499345,0.6247255,-0.73988736,0.22834992,0.7495654,-0.6156202,0.20628953,0.79198176,-0.465209,0.19512159,0.3552613,-0.64034295,0.13487582,0.6392449,-0.76725245,0.14872453,0.7653678,-0.6107836,0.12959184,0.78679025,-0.44144765,0.11843252,0.37289208,-0.6016306,0.043047544,0.6450448,-0.7641447,0.05891939,0.7733504,-0.6107588,0.06073186,0.79519033,-0.44225815,0.062577166,0.4253804,-0.51486987,-0.04424343,0.64184886,-0.65758824,-0.037938844,0.75653,-0.5726013,-0.026002062,0.7941252,-0.44455943,-0.0141565725
I_LOVE_YOU,0.0,0.0,0.0,0.24548379,0.007893532,0.15157609,0.45101988,-0.078332245,0.21878506,0.6131504,-0.07985922,0.23612544,0.71739656,-0.022601878,0.25377154,0.3635161,-0.61438566,0.2696827,0.59887624,-0.73771167,0.28212595,0.7363638,-0.62230694,0.25774735,0.7905294,-0.4589777,0.24413477,0.35901275,-0.63476914,0.17253067,0.6341051,-0.7732468,0.1905425,0.7590165,-0.62572366,0.16129903,0.7727629,-0.4471468,0.1449845,0.38182554,-0.5985953,0.074176915,0.6313071,-0.7699813,0.100456476,0.76130134,-0.6286529,0.09492145,0.7808877,-0.4566744,0.09021935,0.4415528,-0.5103103,-0.018997742,0.6471193,-0.6550114,-0.0035900103,0.7545845,-0.57126534,0.0052051363,0.78566283,-0.43855798,0.01328017
I_LOVE_YOU,0.0,0.0,0.0,0.2504721,0.010474351,0.14640921,0.45406577,-0.07750698,0.20589031,0.6164071,-0.07960752,0.21467407,0.72128284,-0.00618892,0.2238241,0.35680804,-0.626637,0.26737505,0.5993159,-0.7415977,0.2773817,0.7309738,-0.6184837,0.24947008,0.7789501,-0.45512694,0.23274198,0.3530726,-0.64445055,0.16918674,0.6401898,-0.7682168,0.18213493,0.76317394,-0.6123044,0.14728828,0.77205604,-0.428819,0.12834282,0.37917182,-0.5985132,0.06999378,0.63479805,-0.768791,0.09669133,0.7658551,-0.61894286,0.09240153,0.7840972,-0.437387,0.0893428,0.44162995,-0.49627653,-0.02507478,0.6467267,-0.6512612,-0.0053132097,0.75550866,-0.5677205,0.0073183435,0.7881381,-0.42949203,0.017842477
I_LOVE_YOU,0.0,0.0,0.0,0.2523989,0.01745184,0.13032979,0.44493052,-0.07559103,0.18180801,0.6072352,-0.08190447,0.18466456,0.7219856,-0.012768186,0.18865916,0.33520022,-0.6133279,0.25326216,0.5768374,-0.7426021,0.2609568,0.7053945,-0.6217363,0.23450221,0.7493811,-0.46319458,0.2195747,0.32383084,-0.6377596,0.16286166,0.60560924,-0.7853762,0.17708983,0.7329243,-0.63432425,0.1485145,0.75277066,-0.4559737,0.13276513,0.3517697,-0.5982895,0.069006816,0.6160386,-0.787716,0.09219938,0.74661237,-0.6333107,0.08753469,0.76551163,-0.45429534,0.084304236,0.41653982,-0.50660574,-0.021877745,0.6303932,-0.6582047,-0.0024874585,0.7340661,-0.5686679,0.010741095,0.75924295,-0.4326742,0.02079321
I_LOVE_YOU,0.0,0.0,0.0,0.26038375,0.00192745,0.20031382,0.45349494,-0.08541478,0.28944758,0.61222446,-0.09019321,0.3163264,0.72485405,-0.032633882,0.34047168,0.34703103,-0.6255701,0.367464,0.5724518,-0.74622506,0.4162017,0.7066903,-0.63661176,0.40485743,0.7676284,-0.48404086,0.39345735,0.35016623,-0.64988625,0.2459243,0.622713,-0.7758145,0.296614,0.75458926,-0.6342383,0.27153385,0.7772703,-0.44822097,0.25440115,0.37990668,-0.6109555,0.124600254,0.62371016,-0.7816558,0.1828159,0.7581214,-0.64071834,0.19124845,0.7872796,-0.45642757,0.19101402,0.45101872,-0.5109557,0.009565743,0.64701396,-0.6696044,0.050790984,0.7565288,-0.5890319,0.07452149,0.7951584,-0.4516585,0.08973815
I_LOVE_YOU,0.0,0.0,0.0,0.27293506,-0.0049680527,0.26676795,0.45323598,-0.08076965,0.387208,0.602086,-0.078300476,0.43102634,0.72003984,-0.02421872,0.46770585,0.36882445,-0.62859094,0.45550498,0.58501977,-0.7066059,0.5404873,0.7001606,-0.5884828,0.5490867,0.7524901,-0.45340368,0.5447368,0.36147928,-0.6613868,0.30101508,0.6217968,-0.7553659,0.38834473,0.74753165,-0.6070259,0.37615162,0.7716311,-0.4295452,0.3611843,0.38496014,-0.6229588,0.14946868,0.62828076,-0.7779867,0.23021384,0.75544184,-0.6268007,0.24747121,0.78113174,-0.4585426,0.24820326,0.45105433,-0.52634853,0.009375254,0.6532651,-0.68476135,0.06465053,0.75373185,-0.59313345,0.0992348,0.78137374,-0.45994437,0.119337045
I_LOVE_YOU,0.0,0.0,0.0,0.27727935,0.01222508,0.26942098,0.45741972,-0.06292436,0.3987511,0.6068173,-0.06704095,0.4484982,0.728654,-0.018253766,0.4914212,0.36494905,-0.60501117,0.5035441,0.5774326,-0.70172584,0.6019012,0.6991693,-0.5947583,0.6139141,0.75196767,-0.45539647,0.613162,0.3597135,-0.6434506,0.3534113,0.6104728,-0.755503,0.45562768,0.7469574,-0.61322695,0.44075403,0.77924937,-0.4271271,0.42436144,0.38859972,-0.6164738,0.20365515,0.6298077,-0.7767511,0.299891,0.75964636,-0.621606,0.3111523,0.78614426,-0.4380378,0.3064479,0.46091884,-0.5347629,0.06412982,0.66290474,-0.67507607,0.13279599,0.76250774,-0.57494324,0.16465028,0.7863755,-0.43149725,0.18151237
I_LOVE_YOU,0.0,0.0,0.0,0.28344578,0.009206313,0.21643883,0.46029776,-0.0663336,0.30838203,0.6107851,-0.05844273,0.32867336,0.7289066,-0.001611879,0.34268856,0.35268638,-0.60006285,0.4015758,0.5816665,-0.702239,0.45891342,0.70486736,-0.5872275,0.45191774,0.7531568,-0.44206813,0.44162518,0.34350783,-0.6353987,0.26528096,0.617554,-0.754638,0.32388052,0.7512497,-0.5995113,0.29780978,0.7760734,-0.4096769,0.27741304,0.37118688,-0.607499,0.12783472,0.631242,-0.7755859,0.1885332,0.76111156,-0.60458213,0.19264841,0.779701,-0.41584307,0.18786176,0.44022477,-0.52141786,-0.0025529168,0.6539191,-0.6704046,0.042392384,0.7561905,-0.56296587,0.06874258,0.7758787,-0.4129073,0.08369705
I_LOVE_YOU,0.0,0.0,0.0,0.29496962,0.012509531,0.2198269,0.47591135,-0.06446091,0.31364304,0.62769157,-0.050236605,0.33420843,0.7440794,-0.002632394,0.3486574,0.3653807,-0.6071325,0.41449514,0.5940481,-0.7066235,0.47380966,0.72129637,-0.58676636,0.46499577,0.77512586,-0.4416987,0.45263496,0.353064,-0.64241207,0.27640545,0.62438005,-0.7538551,0.3375083,0.7626438,-0.59494215,0.3098279,0.7934837,-0.40188435,0.28734815,0.3772384,-0.61458784,0.13672575,0.63652414,-0.7712567,0.2005727,0.77110046,-0.60089344,0.20564875,0.7969143,-0.41233975,0.20070177,0.44382882,-0.52631897,0.0038334671,0.6581915,-0.6651669,0.053888775,0.7615091,-0.55690354,0.08357231,0.78568774,-0.40727323,0.10002597
I_LOVE_YOU,0.0,0.0,0.0,0.29702574,0.013150202,0.20846027,0.47943813,-0.06538953,0.29535776,0.6291497,-0.04341245,0.31086653,0.743384,0.023380488,0.31995514,0.36294824,-0.6079847,0.40024096,0.5940763,-0.7033911,0.45401585,0.7197002,-0.5863096,0.44316202,0.768531,-0.43726206,0.4309682,0.35145652,-0.6455402,0.2655812,0.62456393,-0.751999,0.3223991,0.7592651,-0.59415776,0.2942399,0.7841992,-0.39882004,0.2732334,0.37536,-0.6197477,0.12854286,0.6344447,-0.77296823,0.19022918,0.7645118,-0.6058001,0.19427158,0.78307444,-0.41891098,0.18966265,0.4399863,-0.5341596,-0.0028118738,0.6519614,-0.6719253,0.04465026,0.7532603,-0.5676609,0.07256365,0.77227074,-0.42138296,0.088886805
I_LOVE_YOU,0.0,0.0,0.0,0.29483426,0.0068440456,0.20357089,0.47890052,-0.07748529,0.28693998,0.62932074,-0.058260527,0.3009576,0.7404039,0.006164744,0.3087786,0.3547014,-0.6214024,0.3822145,0.59076196,-0.7128132,0.4299893,0.7194482,-0.59920436,0.4162572,0.7709582,-0.45314157,0.40172768,0.3443541,-0.651753,0.24822949,0.62579095,-0.7589914,0.29444498,0.75999707,-0.60137403,0.2630047,0.78247327,-0.40539673,0.24024986,0.36941558,-0.6223294,0.1124823,0.63004494,-0.77655864,0.16418207,0.7611757,-0.6134117,0.16467656,0.7792331,-0.4265596,0.1589268,0.43554422,-0.5374978,-0.017302023,0.65082425,-0.67006844,0.021629427,0.75533324,-0.5724545,0.04441456,0.77581024,-0.4312806,0.05746402
I_LOVE_YOU,0.0,0.0,0.0,0.29371765,0.0020645543,0.28223535,0.46804497,-0.081728026,0.4113074,0.61546767,-0.082926236,0.45409995,0.7383018,-0.042957727,0.48801377,0.36026382,-0.6081531,0.5334874,0.573852,-0.7044279,0.63129854,0.7018125,-0.5989362,0.63896686,0.76098573,-0.46560305,0.63493925,0.35512915,-0.64528686,0.37268335,0.6106328,-0.75811285,0.4754298,0.7504922,-0.60622907,0.45563236,0.78632593,-0.42219558,0.4345768,0.38314646,-0.62599915,0.21085694,0.62539375,-0.78030926,0.30955338,0.7579455,-0.6150551,0.31678513,0.78608006,-0.4257894,0.30797824,0.45525974,-0.55617535,0.059562325,0.6589938,-0.68392664,0.13558052,0.76137304,-0.5768205,0.16827463,0.78670067,-0.43109354,0.18322039
I_LOVE_YOU,0.0,0.0,0.0,0.28192127,-0.0021934987,0.23571925,0.45327067,-0.087094285,0.34613988,0.59927416,-0.08243983,0.3823273,0.7102621,-0.02316354,0.41251767,0.3341024,-0.6249143,0.44690076,0.5556672,-0.7288927,0.5209158,0.67876655,-0.6144282,0.5219776,0.72291994,-0.46635717,0.51776314,0.32632574,-0.66264147,0.3100373,0.59082836,-0.77667385,0.39042416,0.71954995,-0.62193227,0.37052795,0.7396854,-0.43434247,0.3532512,0.35587257,-0.6362975,0.17189446,0.61015606,-0.7922812,0.24920067,0.73393303,-0.62480503,0.25365025,0.7479472,-0.43840858,0.24803215,0.42732266,-0.557344,0.042296294,0.6390426,-0.69815725,0.096925214,0.73635143,-0.5864043,0.123106025,0.7524506,-0.4340317,0.13825668
I_LOVE_YOU,0.0,0.0,0.0,0.28133726,-0.0051381104,0.25426364,0.4545086,-0.08701487,0.36780852,0.5998326,-0.08615769,0.4036575,0.71662337,-0.03749716,0.43218324,0.341282,-0.6233852,0.45453104,0.566046,-0.71654123,0.52528644,0.6912388,-0.598895,0.52201116,0.7426901,-0.45007578,0.5135698,0.33185437,-0.65732735,0.30422837,0.60076886,-0.7658034,0.37928215,0.73251593,-0.6060714,0.35653922,0.75679195,-0.41397974,0.33713073,0.35768336,-0.6284036,0.15456182,0.611427,-0.7913008,0.2269791,0.7384525,-0.6242255,0.23646142,0.7612854,-0.4368207,0.23467831,0.4298019,-0.54577214,0.014894364,0.63629335,-0.6936224,0.06565727,0.7368368,-0.5868109,0.095609844,0.76336235,-0.44141224,0.113745965
I_LOVE_YOU,0.0,0.0,0.0,0.28137127,-0.0010953877,0.19000465,0.46245757,-0.091512874,0.26840922,0.60959524,-0.08576209,0.2829661,0.71725714,-0.030957052,0.29322818,0.3421131,-0.63618636,0.33982208,0.57660335,-0.73409414,0.37092555,0.70646775,-0.61089593,0.3490118,0.7608697,-0.4540496,0.33178037,0.33122516,-0.6659802,0.21472299,0.61302143,-0.7732147,0.2504787,0.7463976,-0.61189115,0.21976511,0.76942503,-0.4169006,0.19841625,0.35320538,-0.6320015,0.08887469,0.6177899,-0.7863432,0.1308861,0.7495744,-0.6195292,0.1354946,0.7727889,-0.43214223,0.13446513,0.41880918,-0.53935856,-0.030997684,0.63258904,-0.6801153,0.00023718971,0.73800474,-0.57462525,0.026033653,0.766254,-0.42630938,0.043619253
I_LOVE_YOU,0.0,0.0,0.0,0.28717732,0.0033166273,0.18730445,0.46655846,-0.088994205,0.2645759,0.61261314,-0.082872935,0.277941,0.72580236,-0.023711998,0.28615138,0.34794873,-0.63293844,0.33880597,0.5821906,-0.7204632,0.3723951,0.71026236,-0.5997749,0.35243466,0.7642958,-0.45062125,0.3352274,0.33492234,-0.6662075,0.21490315,0.61459213,-0.7635334,0.25127792,0.74822646,-0.6056926,0.22070247,0.7754227,-0.4158247,0.19831166,0.35553825,-0.6338203,0.090067096,0.6230646,-0.7821704,0.13143198,0.75493145,-0.61611074,0.1336261,0.7800697,-0.43281236,0.13025546,0.41896987,-0.54305494,-0.028739966,0.6378359,-0.6790187,0.002298744,0.74374306,-0.57451147,0.026811566,0.77289534,-0.42922148,0.04247392
I_LOVE_YOU,0.0,0.0,0.0,0.28678367,0.000796243,0.19049235,0.46825084,-0.09351943,0.27089617,0.6139211,-0.08799889,0.28673702,0.7217281,-0.02717381,0.29761523,0.34450504,-0.6352021,0.34757364,0.57610303,-0.7263048,0.3837529,0.7087688,-0.6071005,0.36552012,0.76605207,-0.45653558,0.3497571,0.33385003,-0.6694153,0.22298847,0.6098353,-0.76826,0.26174086,0.7465303,-0.6125717,0.23277101,0.77601457,-0.42259517,0.21234016,0.35667306,-0.6371297,0.09722409,0.6208808,-0.7839049,0.14109083,0.7548609,-0.6218505,0.14442208,0.7810738,-0.43907794,0.14241229,0.42253008,-0.5457958,-0.02268643,0.6386168,-0.6809462,0.009114469,0.7455335,-0.5798324,0.033121336,0.7757191,-0.4355095,0.04919776
I_LOVE_YOU,0.0,0.0,0.0,0.29049054,-0.006833836,0.23226404,0.47326165,-0.096284434,0.33711067,0.6199099,-0.08802304,0.3675784,0.73156077,-0.030038182,0.39093164,0.35947537,-0.6210662,0.42453068,0.5816875,-0.71075195,0.48460412,0.7089812,-0.59941065,0.47754583,0.7643998,-0.457455,0.46608368,0.34841564,-0.6585331,0.2784425,0.611436,-0.75963694,0.33711866,0.74812007,-0.60768396,0.31161997,0.7754878,-0.41644228,0.2920856,0.3678547,-0.63235784,0.13085662,0.6204366,-0.78425664,0.18811403,0.7533864,-0.62182385,0.19359225,0.7799154,-0.44036934,0.19128369,0.43055806,-0.54875904,-0.008737072,0.64114994,-0.6879499,0.027778814,0.7459696,-0.5846153,0.05117839,0.77342486,-0.44076127,0.06588747
I_LOVE_YOU,0.0,0.0,0.0,0.29728672,-0.007969801,0.25635543,0.47375485,-0.08904063,0.3727304,0.6182239,-0.08300509,0.40881675,0.7332225,-0.023801105,0.4366882,0.35581696,-0.6213447,0.46695566,0.58065796,-0.70746386,0.5391813,0.70671743,-0.5950884,0.5367675,0.7630509,-0.4571059,0.52699596,0.34376085,-0.66273475,0.31072682,0.61406636,-0.7548953,0.38124278,0.7474506,-0.5989704,0.3545987,0.77450293,-0.40713364,0.33262515,0.36561912,-0.6399993,0.15364392,0.6247471,-0.78082716,0.22085878,0.7521829,-0.6074953,0.22294411,0.77640384,-0.4181967,0.21650861,0.4315669,-0.5627457,0.0062686163,0.6459928,-0.68722373,0.050607126,0.7470834,-0.57019174,0.07303934,0.7725529,-0.41488582,0.085729964
I_LOVE_YOU,0.0,0.0,0.0,0.29902193,-0.00013799415,0.24930342,0.47450322,-0.08274442,0.3620981,0.6188563,-0.07822646,0.395161,0.73452425,-0.024018394,0.41958138,0.36002776,-0.6146951,0.4669701,0.5847405,-0.7011183,0.5414932,0.70984274,-0.58980995,0.5404585,0.7630366,-0.44991124,0.53195727,0.34764975,-0.65545535,0.31595218,0.6168044,-0.75270504,0.3890899,0.7492678,-0.5941464,0.36343133,0.7772107,-0.40091208,0.34175426,0.36960042,-0.63442874,0.16332883,0.63073564,-0.7759978,0.23338109,0.75803334,-0.602039,0.23483671,0.78139585,-0.41346675,0.22722548,0.43467858,-0.5578641,0.01999408,0.65160483,-0.6860462,0.07079659,0.75311846,-0.5687859,0.09621055,0.77619714,-0.41475835,0.10937513
I_LOVE_YOU,0.0,0.0,0.0,0.30027655,-0.00056794466,0.2283598,0.47573367,-0.086944334,0.3301659,0.620105,-0.08178484,0.35675645,0.7298423,-0.018383209,0.37643206,0.35350198,-0.62132627,0.4269914,0.5831178,-0.7072827,0.48493826,0.7075131,-0.58927083,0.4759475,0.7560912,-0.4447705,0.46399057,0.33999407,-0.66255367,0.28409427,0.6139538,-0.7572333,0.3414286,0.74483407,-0.5946106,0.31266955,0.76988924,-0.40320054,0.2905478,0.3612842,-0.6396989,0.13897812,0.6271627,-0.77888834,0.1952199,0.7538652,-0.60185575,0.19440845,0.77423817,-0.41416925,0.18779735,0.4261205,-0.55986446,0.0019324631,0.64651424,-0.68863034,0.041428246,0.7478626,-0.5686978,0.06344935,0.7710155,-0.41228643,0.07613805
I_LOVE_YOU,0.0,0.0,0.0,0.2923273,-0.0018224784,0.24444534,0.45843536,-0.08857875,0.35600385,0.60126346,-0.08892534,0.38865846,0.7203627,-0.04449248,0.41308078,0.33988333,-0.6181712,0.46464947,0.56208277,-0.71199447,0.53784525,0.68720526,-0.598188,0.53502464,0.7371371,-0.45734283,0.52602726,0.3281449,-0.6612713,0.31853715,0.5956499,-0.76373583,0.3922658,0.7277377,-0.60759926,0.3652899,0.75659245,-0.41875026,0.3419196,0.3528284,-0.64256793,0.17047481,0.6132858,-0.7898611,0.24138719,0.739969,-0.6185501,0.24059212,0.7627656,-0.43170366,0.230891,0.42144984,-0.5670933,0.03150019,0.6390101,-0.7007118,0.08354063,0.7405355,-0.5838424,0.10848716,0.7638351,-0.42793784,0.120801486
I_LOVE_YOU,0.0,0.0,0.0,0.28919092,-0.001213919,0.25798085,0.45821416,-0.0906723,0.38076973,0.6020217,-0.0928877,0.42326367,0.7204025,-0.04962582,0.4578784,0.3406484,-0.61734325,0.48614338,0.55984885,-0.71036464,0.5626076,0.69235426,-0.59907323,0.56013536,0.745989,-0.45479977,0.552428,0.33037823,-0.6570411,0.33653682,0.59663683,-0.76367307,0.41613752,0.73521787,-0.6064969,0.39046508,0.764218,-0.4166502,0.36845988,0.35661477,-0.6383286,0.18525074,0.6161225,-0.78765035,0.2599298,0.7455553,-0.6178558,0.26000646,0.7669224,-0.433293,0.2516219,0.4279346,-0.5666466,0.044103652,0.64557046,-0.7006765,0.09849524,0.74480194,-0.58332187,0.12435011,0.76335126,-0.42862093,0.13820156
I_LOVE_YOU,0.0,0.0,0.0,0.28377113,-0.0023910734,0.24208802,0.44257617,-0.10184474,0.35377318,0.5846604,-0.10501527,0.38785616,0.7078192,-0.05570106,0.4134293,0.30688408,-0.6481911,0.45434126,0.52591485,-0.7373204,0.5269198,0.6452739,-0.6226348,0.5235297,0.68310624,-0.48726845,0.5154323,0.297755,-0.6867508,0.31184003,0.5669869,-0.78226435,0.3855281,0.69410527,-0.6187786,0.3583464,0.7107141,-0.4285135,0.33559394,0.32521,-0.6598636,0.1686805,0.5929408,-0.805246,0.23664126,0.71479434,-0.62711954,0.23453869,0.72630435,-0.44289902,0.22622074,0.39737397,-0.57928485,0.035793155,0.62626785,-0.7174898,0.088483214,0.72179884,-0.5927554,0.11755287,0.7310769,-0.43335775,0.13389078
I_LOVE_YOU,0.0,0.0,0.0,0.2784132,-0.0053695054,0.26072192,0.43881184,-0.10718201,0.38655666,0.5847647,-0.11282064,0.43390575,0.71560925,-0.055703837,0.47323355,0.30854762,-0.6402782,0.4856196,0.5273277,-0.7399226,0.56842834,0.6480248,-0.6233795,0.5697285,0.68901354,-0.4779993,0.5645217,0.29805657,-0.67480826,0.33976802,0.56169045,-0.78264385,0.42500585,0.69661176,-0.62248194,0.40361136,0.72243625,-0.4322395,0.38366565,0.3259322,-0.6495338,0.19332245,0.5806513,-0.81415236,0.26847503,0.70675147,-0.6403252,0.2698924,0.72921365,-0.45623526,0.2630949,0.3979207,-0.5766958,0.058642033,0.6128893,-0.72928315,0.11274752,0.711457,-0.6092604,0.14006922,0.7308107,-0.45201752,0.1546804
I_LOVE_YOU,0.0,0.0,0.0,0.2789709,-0.015140417,0.22811842,0.43155742,-0.11240725,0.32820758,0.5778418,-0.11388155,0.3523582,0.6999573,-0.06457284,0.3677354,0.28415573,-0.6368198,0.42692435,0.5044464,-0.7352689,0.48544022,0.6223721,-0.61315984,0.47579217,0.65742207,-0.46948284,0.4655081,0.271323,-0.67760843,0.28947312,0.5395859,-0.7919069,0.35166943,0.67195123,-0.6331205,0.32425544,0.6968444,-0.44673327,0.30223128,0.29729718,-0.6567669,0.1500463,0.5619998,-0.82713735,0.20449083,0.69223315,-0.65138316,0.19928068,0.71164376,-0.46453404,0.19140676,0.37202725,-0.58660287,0.020508742,0.5957425,-0.7463332,0.06071085,0.6970617,-0.62080175,0.08508756,0.716428,-0.45451462,0.099599935
I_LOVE_YOU,0.0,0.0,0.0,0.2703035,-0.0015179676,0.2084272,0.4294331,-0.098760724,0.30454245,0.5803076,-0.099702865,0.33163795,0.7047044,-0.03576507,0.35228795,0.2915975,-0.6309454,0.39424932,0.51414657,-0.73975116,0.43925923,0.63077563,-0.6157309,0.4227749,0.6629446,-0.46284753,0.41047567,0.27919573,-0.6684134,0.2676805,0.5501878,-0.7959929,0.3193408,0.68396574,-0.64201796,0.29076123,0.71024203,-0.4549384,0.2691394,0.30264288,-0.64682585,0.13820949,0.56803983,-0.823001,0.1832661,0.6996786,-0.6515125,0.17900583,0.7231352,-0.47111878,0.17370918,0.37298855,-0.57398033,0.017432123,0.60016936,-0.7370205,0.051122714,0.7020371,-0.6161001,0.0754362,0.723991,-0.4598948,0.09101372
I_LOVE_YOU,0.0,0.0,0.0,0.27492616,-0.003712899,0.23809253,0.4384748,-0.10638327,0.34810835,0.58748347,-0.1076603,0.38386804,0.7178694,-0.043964062,0.4118256,0.30087945,-0.6362088,0.43139794,0.52511334,-0.72949636,0.49438328,0.6432805,-0.60702,0.48828486,0.6811569,-0.45941186,0.48036185,0.28718013,-0.6737426,0.29301593,0.5587033,-0.78031,0.35988006,0.69100267,-0.61592984,0.33769962,0.71273214,-0.4250186,0.3192518,0.3129622,-0.6492261,0.15392245,0.5735471,-0.8191725,0.21200511,0.6999877,-0.63948804,0.21218,0.7194194,-0.4529334,0.20761657,0.38463035,-0.57825667,0.025767833,0.60250586,-0.7424423,0.066610955,0.70245093,-0.61687636,0.09105655,0.72193176,-0.45392615,0.10554286
I_LOVE_YOU,0.0,0.0,0.0,0.27997333,-0.009092657,0.19816713,0.44134414,-0.11244932,0.28005028,0.59033084,-0.10712546,0.29423085,0.70332694,-0.03362142,0.30096546,0.29196113,-0.63383406,0.34918442,0.5305382,-0.7366747,0.37694266,0.6531175,-0.6096807,0.35450846,0.6867554,-0.45085746,0.34061587,0.27086028,-0.67137086,0.22314756,0.5555103,-0.7871535,0.2589445,0.6821022,-0.61703205,0.22989607,0.69860554,-0.42383486,0.21096575,0.29059404,-0.64201134,0.09603677,0.5626854,-0.82667106,0.13009654,0.6907046,-0.65277123,0.12861928,0.7080094,-0.46574554,0.12723932,0.35734904,-0.5595318,-0.02249599,0.58178747,-0.7404049,0.0019412249,0.68449056,-0.6209924,0.025742883,0.70691293,-0.45785055,0.0433465
I_LOVE_YOU,0.0,0.0,0.0,0.26451442,0.021805046,0.16765232,0.43273264,-0.08461131,0.23926252,0.58305824,-0.09681329,0.25188538,0.70984936,-0.021063892,0.25971693,0.3014543,-0.6187596,0.29952312,0.53416586,-0.7255176,0.32035488,0.65963775,-0.608938,0.30171737,0.70070577,-0.45629776,0.2908946,0.28716558,-0.65693843,0.1902994,0.5645084,-0.7866183,0.21812545,0.6995661,-0.6235445,0.19784021,0.7270457,-0.4374878,0.18549751,0.30928156,-0.63027513,0.07883192,0.5775998,-0.81632,0.10049388,0.71023643,-0.64376146,0.10071403,0.73511046,-0.4602981,0.102391295,0.37573636,-0.5542677,-0.025675604,0.5964017,-0.7238074,-0.013263739,0.7021875,-0.6077161,0.004353029,0.72981054,-0.45271188,0.018594088
I_LOVE_YOU,0.0,0.0,0.0,0.2692033,-0.0013814898,0.1839343,0.4372264,-0.10713781,0.26573202,0.5843687,-0.11408158,0.28490618,0.709651,-0.049334023,0.29865485,0.29633826,-0.6254135,0.33281907,0.53297937,-0.7233236,0.36261085,0.6528648,-0.6065331,0.3448653,0.69034916,-0.46093178,0.3333692,0.27887046,-0.66545874,0.2164962,0.5547635,-0.7819644,0.2456686,0.68394744,-0.6224818,0.21639211,0.70658654,-0.43344358,0.19891082,0.29869568,-0.6410852,0.098390765,0.5658831,-0.8244854,0.12309256,0.6947135,-0.6572189,0.115250796,0.7172239,-0.4733701,0.1121857,0.36403662,-0.5664396,-0.011328869,0.5840112,-0.74655265,0.0028557356,0.68930733,-0.633743,0.016726261,0.7179993,-0.47520086,0.028802566
I_LOVE_YOU,0.0,0.0,0.0,0.27750605,-0.015714563,0.21817856,0.443024,-0.116525576,0.31091148,0.59077716,-0.12014225,0.33193895,0.7063602,-0.05610061,0.34557638,0.30229414,-0.6319851,0.38207242,0.53463703,-0.7350887,0.42065713,0.6512593,-0.61014175,0.40533823,0.68469,-0.456693,0.3943967,0.2829787,-0.66605765,0.24614891,0.55800426,-0.78382814,0.28805193,0.6827304,-0.6168447,0.26183188,0.69705296,-0.42669627,0.24466479,0.30098766,-0.63950515,0.108895615,0.56863976,-0.82258666,0.14205942,0.6924826,-0.6409479,0.14032865,0.7084257,-0.4543982,0.14024079,0.36665455,-0.56470865,-0.01799954,0.59108436,-0.73765856,0.0026813145,0.69076693,-0.60847646,0.02334692,0.70971453,-0.44222286,0.039455857
I_LOVE_YOU,0.0,0.0,0.0,0.2737776,-0.018650902,0.18314993,0.43968728,-0.124094956,0.2574175,0.5882202,-0.12693837,0.26752713,0.7015466,-0.059706006,0.27244982,0.29480982,-0.64252144,0.3213566,0.5314157,-0.7529662,0.33887434,0.6479631,-0.6259,0.3142064,0.67884773,-0.46888,0.2999433,0.27434316,-0.6738593,0.20081753,0.5538346,-0.7976329,0.22495246,0.6773844,-0.63059485,0.19590768,0.6912444,-0.4413618,0.17894694,0.29247913,-0.6423974,0.07821885,0.5661603,-0.8242952,0.09780506,0.6894249,-0.6441305,0.095140316,0.7039128,-0.4598217,0.09699908,0.3569522,-0.5615548,-0.036235437,0.58578587,-0.73285544,-0.023335606,0.6845338,-0.6053986,-0.0024861265,0.7032762,-0.44235197,0.015750725
I_LOVE_YOU,0.0,0.0,0.0,0.28304043,-0.009008864,0.21268748,0.45082688,-0.11787859,0.30606475,0.60185695,-0.11377419,0.32807252,0.7207012,-0.03294914,0.3414829,0.30672213,-0.6269852,0.39441887,0.52426857,-0.7337196,0.44488364,0.6365694,-0.61665434,0.43640533,0.6656602,-0.46765685,0.4286422,0.29123554,-0.6706648,0.26482934,0.5531028,-0.7872417,0.31925654,0.67538345,-0.62778956,0.29782045,0.69127107,-0.4387716,0.28235435,0.30857536,-0.64891195,0.13307521,0.571792,-0.8203987,0.17673463,0.6946373,-0.6463995,0.17544487,0.71114343,-0.46318847,0.1734661,0.36995772,-0.5742932,0.0110007515,0.5967387,-0.7367496,0.0386499,0.6975266,-0.61411446,0.05972309,0.7172604,-0.45327094,0.07461947
I_LOVE_YOU,0.0,0.0,0.0,0.29012904,-0.019102901,0.24473238,0.454052,-0.13204186,0.35561728,0.60215074,-0.13391684,0.3881468,0.7225639,-0.061134104,0.41121584,0.3061409,-0.6298996,0.45017165,0.5268221,-0.7271133,0.51201075,0.64420587,-0.6162534,0.50213754,0.68139327,-0.47263476,0.4912141,0.29036844,-0.66511476,0.30341932,0.5590848,-0.7753032,0.3621859,0.6828181,-0.6121846,0.33074874,0.6938505,-0.4190663,0.30839893,0.3112499,-0.6402717,0.15532584,0.570749,-0.82112455,0.20660384,0.68949974,-0.6450479,0.20197149,0.7008922,-0.46119627,0.19681022,0.37565383,-0.5694886,0.018464038,0.603555,-0.7402864,0.054692093,0.70425206,-0.61822313,0.07684654,0.7213864,-0.45977578,0.09086833
I_LOVE_YOU,0.0,0.0,0.0,0.2936757,-0.022321964,0.22178271,0.45324567,-0.12659134,0.31720963,0.60052276,-0.1276132,0.33491796,0.71835893,-0.05798388,0.3427815,0.30348206,-0.62763894,0.42481938,0.5173417,-0.74097407,0.47521034,0.6176406,-0.6306596,0.4615226,0.6401256,-0.4908928,0.44820803,0.28448167,-0.66781354,0.282315,0.5468758,-0.78607345,0.32768255,0.6641282,-0.62757844,0.29115316,0.6763693,-0.43563345,0.26690805,0.30262616,-0.64561903,0.13658926,0.56812674,-0.8229411,0.17169279,0.68730503,-0.6406225,0.16170722,0.6993861,-0.45142344,0.1564509,0.3671051,-0.57159644,0.0004737057,0.5971395,-0.7378291,0.024518702,0.69673896,-0.60637474,0.04498641,0.71495485,-0.43708065,0.06015842
I_LOVE_YOU,0.0,0.0,0.0,0.2865402,-0.026161952,0.21927135,0.44655088,-0.13134061,0.31727758,0.59002095,-0.123164296,0.34316507,0.7048622,-0.05016521,0.36068556,0.3033563,-0.6364786,0.3922644,0.5303351,-0.7268885,0.43301168,0.65077853,-0.6055598,0.41431323,0.6887098,-0.45471936,0.39994246,0.28266802,-0.67502165,0.25646242,0.5498689,-0.78526986,0.29780802,0.676579,-0.61853534,0.2660016,0.6944425,-0.42301038,0.24438094,0.29713264,-0.65089715,0.11920272,0.56002325,-0.8284769,0.15355101,0.6843964,-0.6536731,0.14852235,0.7014516,-0.46943703,0.14539853,0.35747856,-0.5762967,-0.00796764,0.58352184,-0.7460839,0.013162221,0.68587136,-0.62325,0.0334573,0.70913476,-0.46382293,0.049049705
I_LOVE_YOU,0.0,0.0,0.0,0.28274587,-0.030094238,0.15408237,0.448571,-0.14405015,0.21423891,0.6010918,-0.1235147,0.21527354,0.69989383,-0.037104994,0.20991425,0.30547628,-0.640835,0.27465504,0.5460555,-0.7232648,0.27178872,0.6572611,-0.6006334,0.2309635,0.6789856,-0.44386822,0.20680188,0.2769286,-0.6777118,0.16461667,0.5530041,-0.7854609,0.16552083,0.669881,-0.6177454,0.12209799,0.68096244,-0.42700553,0.096089326,0.28484172,-0.6529011,0.05163513,0.5526364,-0.8334225,0.053018954,0.67748934,-0.6662613,0.03352843,0.69244033,-0.48374742,0.025354752,0.33494163,-0.57991356,-0.054621313,0.5637176,-0.76567096,-0.052736394,0.67073107,-0.64913905,-0.04013445,0.69923496,-0.4842388,-0.027798051
I_LOVE_YOU,0.0,0.0,0.0,0.27018994,-0.014731093,0.2043847,0.43819803,-0.12000457,0.2851233,0.5914305,-0.114086986,0.29835448,0.7048515,-0.03992794,0.30460194,0.29627588,-0.64549905,0.33653182,0.5411251,-0.7366252,0.3561027,0.6587578,-0.60023415,0.3271286,0.6850978,-0.43346125,0.30986097,0.2763333,-0.68053234,0.20558172,0.56277955,-0.78775024,0.23275185,0.68453985,-0.6082703,0.20061223,0.6876873,-0.40849873,0.17891783,0.29276296,-0.6496304,0.07452584,0.5701525,-0.82153887,0.100883454,0.689334,-0.64189297,0.09810864,0.69661033,-0.4574629,0.09617964,0.3546492,-0.5717316,-0.046587676,0.589209,-0.75007737,-0.026723638,0.6925589,-0.62999594,-0.0041955034,0.71445316,-0.47526574,0.0120407045
I_LOVE_YOU,0.0,0.0,0.0,0.267503,-0.023908397,0.18033032,0.43042034,-0.13280797,0.25166076,0.5782233,-0.13454394,0.25838518,0.69226336,-0.047185138,0.2582454,0.27919784,-0.6347376,0.3258858,0.5063504,-0.7289123,0.34455645,0.6312284,-0.62022513,0.31345713,0.6678966,-0.47870263,0.29264697,0.2571185,-0.6729017,0.2072215,0.5167878,-0.80262184,0.22627212,0.6489745,-0.6546235,0.18720661,0.66982764,-0.47045007,0.16147862,0.27255246,-0.6520673,0.086350694,0.5282798,-0.84907037,0.10286257,0.6587237,-0.6978127,0.0875992,0.67833835,-0.51788265,0.079930656,0.33455458,-0.59144056,-0.026157206,0.5562204,-0.7797578,-0.010868057,0.66231793,-0.6766263,0.0047800737,0.69051373,-0.52608764,0.016780658
I_LOVE_YOU,0.0,0.0,0.0,0.28574145,-0.023761671,0.20867242,0.45766094,-0.12549768,0.29195777,0.6122397,-0.1187006,0.30616695,0.7255786,-0.03870786,0.3124815,0.31740317,-0.6247268,0.3580624,0.55223256,-0.7340536,0.3902234,0.67119014,-0.61519,0.37096855,0.702408,-0.46694803,0.35667264,0.29589704,-0.6595081,0.22391899,0.5620125,-0.7904414,0.25841486,0.6901482,-0.6302941,0.23059972,0.70357245,-0.44302592,0.21206032,0.3076893,-0.6338256,0.088827714,0.5662477,-0.82423514,0.12022182,0.6914137,-0.6594017,0.12208812,0.7089141,-0.48504305,0.12316598,0.36192015,-0.5593872,-0.03690538,0.5827538,-0.7309888,-0.01886766,0.6905076,-0.6256218,0.0011963034,0.7209958,-0.48457643,0.016594507
I_LOVE_YOU,0.0,0.0,0.0,0.2951081,-0.026112972,0.2601989,0.46492082,-0.12256131,0.36979836,0.615135,-0.13057844,0.39695495,0.7314511,-0.06714069,0.41409847,0.32626647,-0.61769277,0.46904898,0.55139095,-0.7222754,0.5258896,0.67004085,-0.61323637,0.50711817,0.7031351,-0.4665882,0.4903292,0.3058035,-0.6499422,0.30992955,0.5670182,-0.77516145,0.3671873,0.69304264,-0.6171596,0.32497466,0.70763993,-0.42730924,0.29433715,0.3202462,-0.6294684,0.15041204,0.56772864,-0.8232158,0.20821683,0.6920332,-0.65992796,0.20101863,0.7104294,-0.47963646,0.19051187,0.37773755,-0.5660714,0.00243251,0.59129035,-0.7399486,0.045167305,0.69442934,-0.62584466,0.068592,0.72166073,-0.47351053,0.082174934
I_LOVE_YOU,0.0,0.0,0.0,0.2976272,-0.043195315,0.21162158,0.4654103,-0.1445617,0.2905103,0.61562926,-0.15200341,0.29815423,0.7385272,-0.09700367,0.29776436,0.31593713,-0.64432067,0.3463454,0.54893637,-0.74390006,0.36342773,0.6693926,-0.631966,0.330789,0.70789874,-0.48707595,0.3075453,0.29165915,-0.6715073,0.20291455,0.5718249,-0.78422326,0.2194597,0.69718516,-0.6262033,0.1753758,0.7091352,-0.44071138,0.1468125,0.30435136,-0.63804054,0.06012848,0.5755197,-0.8177879,0.07972298,0.69954616,-0.6481367,0.07512014,0.7136436,-0.46816397,0.07299105,0.36280695,-0.5540409,-0.07305111,0.5961689,-0.72506464,-0.05573936,0.701934,-0.6134808,-0.03174741,0.7273282,-0.4616825,-0.013540759
I_LOVE_YOU,0.0,0.0,0.0,0.28833005,-0.04878382,0.21476874,0.4539913,-0.15146783,0.30104324,0.59917,-0.15711218,0.31585726,0.7109097,-0.09861199,0.32232153,0.31913954,-0.6373641,0.35846418,0.5457669,-0.7435389,0.38477814,0.6517895,-0.62661755,0.36020848,0.6776899,-0.4864899,0.3423736,0.2920867,-0.6712764,0.21820103,0.55956936,-0.7870116,0.24358079,0.6733384,-0.625676,0.20586133,0.675309,-0.4397263,0.18139179,0.3004984,-0.64648134,0.0778475,0.5631031,-0.82638675,0.10023613,0.67956054,-0.65416086,0.092199676,0.6879464,-0.47422573,0.088292584,0.3526552,-0.57624346,-0.0519949,0.5752958,-0.75519806,-0.0362413,0.677499,-0.6400075,-0.017208733,0.7013485,-0.48335853,-0.0020793406
I_LOVE_YOU,0.0,0.0,0.0,0.2917405,-0.04316878,0.21304686,0.45769566,-0.13815789,0.2998957,0.6045669,-0.14651535,0.31473592,0.7222953,-0.09145421,0.32146013,0.31513992,-0.63286734,0.3675028,0.53568137,-0.7524347,0.3970504,0.64227855,-0.6509499,0.37457633,0.6700452,-0.51975423,0.35717478,0.28857148,-0.669008,0.22651237,0.5550101,-0.79187715,0.25237855,0.6704943,-0.6413102,0.21393771,0.6777813,-0.46246707,0.18883866,0.29892328,-0.64737236,0.08443257,0.56421304,-0.8256293,0.10348163,0.6820763,-0.6582661,0.092833966,0.69263065,-0.48199433,0.0876016,0.35429728,-0.5781217,-0.047473185,0.57661533,-0.7527619,-0.036143936,0.6815836,-0.6340706,-0.019174483,0.7090956,-0.47273096,-0.0052742884
I_LOVE_YOU,0.0,0.0,0.0,0.2834983,-0.053876072,0.22266687,0.44506085,-0.15854025,0.30940926,0.58942914,-0.17115526,0.32383582,0.70428455,-0.122500606,0.32976556,0.3081481,-0.6509354,0.36093742,0.53663135,-0.76213723,0.38782457,0.6484546,-0.64405954,0.36220124,0.6766684,-0.49902278,0.3440784,0.2820568,-0.6801368,0.21893555,0.5580935,-0.7973014,0.24993521,0.6734334,-0.6398179,0.2143328,0.6733539,-0.4607367,0.1892434,0.2922576,-0.6504784,0.07823058,0.56196856,-0.82715863,0.109088324,0.6762608,-0.6612378,0.10738997,0.68022376,-0.48901707,0.10499099,0.34386134,-0.5800738,-0.05143575,0.57296115,-0.75087297,-0.026073374,0.6713194,-0.63861126,0.00030623862,0.6894643,-0.49243984,0.018930793
I_LOVE_YOU,0.0,0.0,0.0,0.27162504,-0.044538803,0.14079615,0.45129746,-0.16353817,0.18659699,0.6021207,-0.17988917,0.17671746,0.7230006,-0.10812733,0.16305731,0.30179414,-0.64831674,0.23733224,0.53433776,-0.75892776,0.22562957,0.6420795,-0.64048177,0.18762077,0.66763836,-0.5005475,0.1651781,0.27782044,-0.68407106,0.12827599,0.5429276,-0.8040808,0.11995512,0.65771145,-0.6469936,0.08373653,0.66512835,-0.47242194,0.06353959,0.28797835,-0.6551633,0.015844308,0.55130434,-0.8343043,0.0081067495,0.67059875,-0.6799347,-0.0033519526,0.6848095,-0.51128525,-0.0049429634,0.34208035,-0.5784251,-0.090992376,0.5589166,-0.75555485,-0.09560367,0.6649257,-0.6536463,-0.08334407,0.694167,-0.5062095,-0.07043385
I_LOVE_YOU,0.0,0.0,0.0,0.27734834,-0.04703705,0.17460093,0.45612526,-0.14982107,0.23834077,0.6069144,-0.16113484,0.23952524,0.7303053,-0.10617782,0.2349817,0.31488222,-0.6511348,0.28482392,0.53962415,-0.78924906,0.2809303,0.65205014,-0.6767997,0.24877964,0.681512,-0.52852213,0.23139678,0.29062212,-0.67622447,0.16082753,0.56403464,-0.80746645,0.16147253,0.6730649,-0.6545769,0.1288413,0.6758932,-0.4821865,0.111843176,0.30353564,-0.64815956,0.03395513,0.5702081,-0.8215003,0.033634655,0.6857913,-0.6657182,0.029978277,0.69534165,-0.5029947,0.03382295,0.35423076,-0.57548,-0.08552511,0.57002157,-0.7563278,-0.08953072,0.6784324,-0.65813637,-0.07559194,0.70799994,-0.5143801,-0.060310245
I_LOVE_YOU,0.0,0.0,0.0,0.2811201,-0.04823729,0.16049734,0.45924485,-0.15614675,0.2118706,0.60289687,-0.17246641,0.20409763,0.71665984,-0.107909076,0.19177647,0.318453,-0.64812636,0.24948351,0.54812336,-0.7711249,0.24033457,0.66072905,-0.6731604,0.20734444,0.69989717,-0.53245896,0.18698186,0.2924661,-0.67071927,0.12763391,0.5583867,-0.81292987,0.11640937,0.6803122,-0.67196584,0.082027495,0.70079833,-0.49829066,0.06356743,0.3018371,-0.6374261,0.0038089592,0.565817,-0.8245309,-0.0049422174,0.6928115,-0.6749388,-0.011465454,0.71621406,-0.5067889,-0.010867778,0.3558208,-0.5584045,-0.113528945,0.5727684,-0.72773284,-0.123181365,0.6836519,-0.63312835,-0.114607796,0.72076863,-0.49590793,-0.104783215
I_LOVE_YOU,0.0,0.0,0.0,0.28668076,-0.03721749,0.17910165,0.45634684,-0.13529357,0.24142274,0.60257393,-0.15139432,0.23891939,0.7206172,-0.09632837,0.23062006,0.30848327,-0.6372396,0.30082998,0.5372246,-0.7511515,0.31350374,0.6539517,-0.6566791,0.28797382,0.6941308,-0.5276919,0.26906434,0.28335828,-0.67051077,0.17302491,0.5514581,-0.8092367,0.18094184,0.67603207,-0.6671382,0.14552538,0.696812,-0.49077627,0.12331107,0.29479,-0.6451392,0.04393206,0.5621089,-0.82706326,0.053819016,0.6918595,-0.6741114,0.047101974,0.71384305,-0.50332636,0.043177724,0.3530003,-0.57186085,-0.07791878,0.5755854,-0.72991204,-0.06897951,0.68224365,-0.6238156,-0.05247072,0.71471906,-0.47918516,-0.04054135
I_LOVE_YOU,0.0,0.0,0.0,0.2792494,-0.040263712,0.1469747,0.45659786,-0.14804018,0.1919643,0.6020665,-0.15850876,0.17838468,0.7139554,-0.09164646,0.15994999,0.32030436,-0.62973994,0.24069881,0.5360102,-0.76014924,0.22335349,0.6440257,-0.64955294,0.18347536,0.67285115,-0.50138205,0.16114886,0.29094252,-0.6608797,0.12601247,0.5448702,-0.80446255,0.11460311,0.6593939,-0.65328485,0.07914859,0.670943,-0.4805134,0.059308376,0.2957626,-0.6364391,0.007354796,0.5552741,-0.83166736,-0.005670323,0.67690665,-0.67067456,-0.013232042,0.69408226,-0.4985354,-0.011298522,0.34040663,-0.5613507,-0.10555435,0.5636063,-0.74145776,-0.11544585,0.67691535,-0.63489133,-0.102796085,0.7126899,-0.48932168,-0.089022085
I_LOVE_YOU,0.0,0.0,0.0,0.2743602,-0.041018985,0.13651751,0.45678335,-0.14310753,0.17794004,0.60639066,-0.1587701,0.16473933,0.71879065,-0.094385594,0.14809726,0.33073243,-0.6391773,0.23263131,0.55927896,-0.7703866,0.2205563,0.67567796,-0.6645485,0.18455231,0.7054323,-0.52422935,0.16374113,0.3001294,-0.6669408,0.12894769,0.5579782,-0.81204665,0.119769074,0.671339,-0.6689294,0.08332222,0.67729115,-0.50563437,0.062017374,0.30454388,-0.641621,0.022004554,0.5631897,-0.8263276,0.014999335,0.6842022,-0.681748,0.003829382,0.6957319,-0.5162509,0.0014898818,0.34780723,-0.5737624,-0.079787016,0.5684238,-0.74080527,-0.083785646,0.6804267,-0.64863825,-0.07427071,0.7121741,-0.5113316,-0.063879974
I_LOVE_YOU,0.0,0.0,0.0,0.27639002,-0.015834456,0.13022281,0.46634534,-0.13168682,0.17599559,0.6198946,-0.14362182,0.17120905,0.7326553,-0.064581215,0.16374922,0.33330482,-0.6317313,0.21547319,0.5718323,-0.75874126,0.1958244,0.69111747,-0.64621717,0.15823509,0.72315747,-0.49904945,0.1389162,0.30505037,-0.66059065,0.114984676,0.5826543,-0.7987159,0.1009842,0.7047129,-0.6492533,0.0669494,0.7192918,-0.48282254,0.050327986,0.31380242,-0.6261624,0.0108045,0.58693504,-0.80963403,-0.0030467492,0.712558,-0.6578767,-0.013980119,0.7322248,-0.49503115,-0.0128075,0.36319834,-0.54288334,-0.08827298,0.5849059,-0.7237953,-0.099436186,0.69634753,-0.63335645,-0.09186738,0.7321983,-0.4989494,-0.080409124
I_LOVE_YOU,0.0,0.0,0.0,0.28463155,-0.030897295,0.13846263,0.47241285,-0.14248596,0.1846159,0.6262732,-0.15093651,0.17493173,0.7334908,-0.06968187,0.16342087,0.3361792,-0.6314524,0.24526165,0.5631184,-0.74781084,0.23348275,0.6704851,-0.63043416,0.19633639,0.6874447,-0.4912151,0.17452379,0.31056407,-0.66081256,0.13882238,0.5722632,-0.7947523,0.12812218,0.68832666,-0.6383315,0.088971354,0.6900263,-0.4725881,0.067498825,0.32233572,-0.6326235,0.028413542,0.58365756,-0.8119999,0.01725617,0.7021362,-0.64700806,0.0042808186,0.7065218,-0.4790943,0.0036534627,0.37659636,-0.5563721,-0.07662666,0.59789395,-0.726123,-0.08139915,0.6997798,-0.6187108,-0.06953483,0.7171754,-0.47213668,-0.056572013
I_LOVE_YOU,0.0,0.0,0.0,0.27043065,-0.009331906,0.13770498,0.46234033,-0.14190376,0.19420587,0.6105779,-0.16526018,0.19638212,0.72604007,-0.09243668,0.1969661,0.3265855,-0.63756984,0.27063695,0.5457561,-0.7517601,0.2698616,0.66686434,-0.646081,0.23631206,0.6999272,-0.5074072,0.21748579,0.30502483,-0.66593295,0.17056175,0.5627785,-0.796033,0.1720382,0.6856905,-0.65456057,0.13390084,0.7014696,-0.4917759,0.11313565,0.32129467,-0.63693976,0.06510608,0.5804554,-0.81429195,0.06818123,0.7038439,-0.669096,0.050685935,0.7208669,-0.5013571,0.04520218,0.38232553,-0.5652358,-0.03578146,0.59158874,-0.74139607,-0.02783785,0.69787765,-0.65145046,-0.018513478,0.7287355,-0.5104393,-0.009117042
I_LOVE_YOU,0.0,0.0,0.0,0.272635,-0.031192807,0.14602003,0.45568419,-0.14934821,0.19892856,0.5968731,-0.165702,0.19678572,0.7081321,-0.10887517,0.19208755,0.32251433,-0.64151096,0.24848536,0.5510535,-0.75301033,0.23224494,0.6644034,-0.6357814,0.18919085,0.69179577,-0.48136348,0.16529594,0.29830226,-0.6664516,0.13955013,0.5666671,-0.79805833,0.1302476,0.6848823,-0.6417155,0.08815006,0.6943201,-0.46562558,0.06369914,0.30864358,-0.630628,0.027368234,0.57336164,-0.8193024,0.020011213,0.6902058,-0.65329295,0.00856241,0.7019444,-0.48020762,0.0068917763,0.35752186,-0.5447037,-0.078914694,0.57416064,-0.72454965,-0.083441935,0.6803354,-0.6215134,-0.07174498,0.71015674,-0.48021147,-0.05948207
I_LOVE_YOU,0.0,0.0,0.0,0.27589265,-0.028820688,0.14523858,0.4559571,-0.14308535,0.19962928,0.5940817,-0.15480977,0.19801332,0.71211594,-0.11013204,0.19437431,0.32361054,-0.6400831,0.2620144,0.5488921,-0.74647814,0.25236902,0.65600413,-0.6306818,0.21041252,0.6786844,-0.47697353,0.18583873,0.2993748,-0.6674407,0.15412152,0.5631587,-0.7912692,0.14696936,0.67128867,-0.63153523,0.100485496,0.67305213,-0.4504773,0.07289384,0.31232598,-0.6340949,0.04272302,0.573115,-0.819475,0.037571058,0.68374985,-0.6562509,0.019438282,0.6899473,-0.4804378,0.012507831,0.36754036,-0.5515545,-0.06276158,0.5838763,-0.7192468,-0.064256474,0.68379027,-0.6098452,-0.054640274,0.70786285,-0.46200022,-0.044835255
I_LOVE_YOU,0.0,0.0,0.0,0.27948746,-0.027629497,0.15070307,0.45057806,-0.1329067,0.19963685,0.5931823,-0.15681899,0.19092157,0.7149158,-0.10595773,0.17964019,0.3027139,-0.6358701,0.25092286,0.54487765,-0.76286256,0.23503041,0.66136974,-0.6419678,0.19201429,0.6863634,-0.48635927,0.16845699,0.27827615,-0.6624325,0.14043763,0.5647074,-0.8058657,0.13191982,0.679677,-0.64755404,0.09159417,0.6843715,-0.47201884,0.06824091,0.29550034,-0.62284684,0.027459973,0.57672894,-0.8169356,0.024529465,0.6912494,-0.6538132,0.016560987,0.697367,-0.47959086,0.015334391,0.35540074,-0.5336021,-0.07939417,0.5829774,-0.6931807,-0.07708174,0.6858863,-0.5857222,-0.06182152,0.7136008,-0.4419667,-0.0488365
I_LOVE_YOU,0.0,0.0,0.0,0.2827122,-0.017734408,0.1464045,0.45701033,-0.12978996,0.19641867,0.5966302,-0.1495742,0.18896775,0.7193491,-0.08786403,0.17811072,0.30849308,-0.63928646,0.25598153,0.5467496,-0.7580216,0.24316128,0.6656346,-0.6502948,0.20240957,0.70106494,-0.49184918,0.17922236,0.2817731,-0.66863436,0.14649737,0.56824785,-0.8063381,0.13741884,0.6887651,-0.65148616,0.09647021,0.70654094,-0.46756136,0.0735071,0.29699698,-0.6318691,0.03372008,0.57589597,-0.8175229,0.028980443,0.69761854,-0.65338105,0.017616898,0.71544665,-0.4705806,0.015228593,0.35470504,-0.54646885,-0.07347856,0.58186275,-0.70386237,-0.07192753,0.68703675,-0.59625894,-0.058460902,0.71788335,-0.4488153,-0.046466406
I_LOVE_YOU,0.0,0.0,0.0,0.2637266,-0.016129604,0.1279273,0.4390924,-0.12865743,0.16047354,0.57807654,-0.14190875,0.1430902,0.68801475,-0.062142402,0.122727826,0.3029857,-0.63380045,0.1827427,0.5514618,-0.76997775,0.14509535,0.67173773,-0.6397585,0.096614614,0.6966145,-0.48179612,0.07231515,0.27243316,-0.6580161,0.0801678,0.57325137,-0.81459016,0.053524494,0.6988359,-0.6546457,0.015282828,0.70767,-0.48228633,-0.0048602847,0.28545246,-0.6170173,-0.024235489,0.57744884,-0.8164269,-0.044732396,0.69931114,-0.65704393,-0.055053573,0.7114399,-0.48894805,-0.054091137,0.34006375,-0.5246773,-0.12272033,0.56586087,-0.701379,-0.13415523,0.6728768,-0.6007418,-0.12344622,0.7006394,-0.46064484,-0.1112469
I_LOVE_YOU,0.0,0.0,0.0,0.2578675,-0.029751621,0.11935137,0.43776038,-0.13330807,0.14715984,0.5784184,-0.14690039,0.12481564,0.69229543,-0.07565184,0.10024434,0.30789325,-0.6616156,0.1925388,0.53846955,-0.805998,0.15363637,0.65981925,-0.68209404,0.09982917,0.68720067,-0.5224812,0.07248715,0.28503072,-0.68007076,0.09310129,0.55954605,-0.8287993,0.065097965,0.6827593,-0.6759341,0.0204578,0.6907947,-0.49514434,-0.0030659146,0.3012551,-0.6381537,-0.00983439,0.572285,-0.81756413,-0.02920843,0.69297194,-0.6695217,-0.04163196,0.70700794,-0.5007145,-0.04072923,0.35362062,-0.54612434,-0.10834178,0.5724544,-0.7122401,-0.113666885,0.6809086,-0.62282395,-0.09897937,0.7121004,-0.488909,-0.08268009
I_LOVE_YOU,0.0,0.0,0.0,0.25280654,-0.028889183,0.13756084,0.42733946,-0.14280705,0.17622373,0.56868327,-0.1684001,0.15822968,0.678985,-0.11088375,0.1376435,0.27101955,-0.6648497,0.24297802,0.50153756,-0.8177,0.22657952,0.6217493,-0.7066186,0.18423827,0.6519597,-0.5454152,0.16220413,0.2506336,-0.68310505,0.13724385,0.528236,-0.84909755,0.12870744,0.6510528,-0.6987742,0.08718937,0.662591,-0.51221883,0.06478538,0.2757918,-0.6430721,0.028337121,0.5461855,-0.8352266,0.028376075,0.6680804,-0.6753128,0.017525425,0.6827943,-0.49051335,0.016313119,0.34506983,-0.55737567,-0.07589732,0.56110597,-0.7269928,-0.06502171,0.66706204,-0.6236491,-0.046858598,0.69601727,-0.47134122,-0.03117372
I_LOVE_YOU,0.0,0.0,0.0,0.26202372,-0.033109993,0.1750767,0.43283275,-0.1480585,0.24531299,0.5745394,-0.16839664,0.2535873,0.6903335,-0.09029269,0.2539386,0.28410682,-0.6691361,0.2957546,0.46821105,-0.86035514,0.3050312,0.5883002,-0.79314035,0.27912727,0.63610303,-0.6714733,0.2639684,0.2660731,-0.6967503,0.17660515,0.5319961,-0.84674686,0.18338782,0.65885246,-0.7030393,0.14882706,0.67443645,-0.51398474,0.13101786,0.28562284,-0.6578989,0.055992693,0.5583658,-0.8117381,0.057769652,0.68264097,-0.6551498,0.043050762,0.7047778,-0.47818014,0.041039973,0.34209445,-0.57267106,-0.055707093,0.5661865,-0.72540355,-0.053865567,0.67639345,-0.617982,-0.041815,0.7107057,-0.46840137,-0.02822919
I_LOVE_YOU,0.0,0.0,0.0,0.26695517,-0.038328007,0.11766016,0.43830144,-0.15974906,0.1454607,0.5809906,-0.17793414,0.12233321,0.6957789,-0.10945631,0.09714815,0.26592633,-0.6924071,0.1767222,0.5083554,-0.83460283,0.13197279,0.62843853,-0.6955726,0.0790427,0.6621672,-0.5239921,0.054082293,0.240989,-0.72078556,0.07592857,0.5392278,-0.84216,0.046376932,0.6616615,-0.66731256,0.009325502,0.67409205,-0.4783263,-0.00766201,0.2571405,-0.67759264,-0.028611023,0.5540676,-0.8272965,-0.054064687,0.67714816,-0.6498991,-0.060849138,0.69824225,-0.46658087,-0.05345296,0.31452566,-0.57940125,-0.12875716,0.549125,-0.7376848,-0.14153767,0.6688369,-0.6264035,-0.12415616,0.7151089,-0.4729529,-0.103249334
I_LOVE_YOU,0.0,0.0,0.0,0.27576652,-0.02673533,0.13051541,0.44712612,-0.14437993,0.16700593,0.5894275,-0.15859511,0.15162505,0.702462,-0.089970596,0.13185425,0.28519067,-0.6698339,0.19375908,0.5225233,-0.8017465,0.15931848,0.64781713,-0.68044966,0.11091287,0.6873636,-0.516016,0.08674137,0.2594945,-0.69874746,0.08967581,0.5520722,-0.8337963,0.06929636,0.67970157,-0.6737716,0.03458301,0.6977953,-0.48403084,0.016760439,0.27276355,-0.6586393,-0.016987938,0.560592,-0.8259634,-0.034224205,0.687421,-0.6635843,-0.04193959,0.71145225,-0.4861356,-0.038528886,0.325263,-0.565214,-0.11826907,0.55256706,-0.7302844,-0.12844789,0.6748021,-0.63243115,-0.115339495,0.72443384,-0.49025804,-0.10001158
I_LOVE_YOU,0.0,0.0,0.0,0.27455384,-0.01948105,0.11903297,0.45330596,-0.13368607,0.15484908,0.5969953,-0.14560863,0.14206171,0.706773,-0.07716907,0.1267835,0.29421785,-0.6619392,0.19791546,0.5258487,-0.79299414,0.16739999,0.6569472,-0.6872795,0.119378485,0.70076185,-0.5340311,0.094619125,0.27138695,-0.6869258,0.10287632,0.5559634,-0.8312067,0.079384014,0.6845125,-0.67409265,0.037805375,0.7011153,-0.4851512,0.017689742,0.29087824,-0.6467938,0.004847659,0.56690305,-0.8237059,-0.012544737,0.69392097,-0.6673775,-0.026722029,0.71633244,-0.49075755,-0.02572958,0.34868303,-0.5551992,-0.08860927,0.5655706,-0.7273331,-0.094808735,0.679574,-0.63886297,-0.08383134,0.72172254,-0.5014485,-0.06960103
I_LOVE_YOU,0.0,0.0,0.0,0.2656881,-0.004683878,0.08792594,0.45407945,-0.13165818,0.12017752,0.60623163,-0.15684977,0.114496514,0.70191413,-0.0830173,0.11101706,0.2893575,-0.6604161,0.17179087,0.5388114,-0.78262657,0.15100649,0.6785767,-0.66349745,0.114702486,0.72402686,-0.5039435,0.09875064,0.25880855,-0.6909879,0.103056125,0.5463385,-0.83657545,0.09256197,0.692064,-0.69235814,0.064785875,0.72632194,-0.5165405,0.0530336,0.27518162,-0.65497726,0.030041283,0.56105095,-0.8277813,0.019044032,0.70524967,-0.69065744,0.0064759036,0.7405153,-0.52179,0.008194853,0.33719355,-0.57260686,-0.040288195,0.56779784,-0.7384242,-0.045643393,0.684736,-0.6561557,-0.037591144,0.7263538,-0.5184447,-0.024252841
I_LOVE_YOU,0.0,0.0,0.0,0.26597688,-0.0045945765,0.10123381,0.44353497,-0.12603493,0.13067847,0.588638,-0.14842334,0.11630959,0.69447464,-0.07456311,0.10287027,0.27400348,-0.67176443,0.18328112,0.5290296,-0.7955464,0.15436025,0.6681562,-0.6792028,0.11184652,0.71389574,-0.51865375,0.09279353,0.24561563,-0.70015913,0.1018509,0.5394625,-0.8420096,0.087106794,0.6818353,-0.6948938,0.056910213,0.7174373,-0.51745605,0.043806348,0.26615745,-0.6609427,0.016075628,0.5521543,-0.8329935,0.003055556,0.6967147,-0.68918514,-0.0065945173,0.73552126,-0.5137341,-0.0028502578,0.33100802,-0.5731409,-0.06662844,0.5610958,-0.7307271,-0.07116692,0.6846229,-0.6431469,-0.059092354,0.7351944,-0.5027003,-0.04321975
I_LOVE_YOU,0.0,0.0,0.0,0.25979927,-0.010751004,0.12634923,0.43626076,-0.12357342,0.16096963,0.57244617,-0.14713807,0.14712219,0.68733585,-0.103413954,0.12822658,0.31902695,-0.63069755,0.17988592,0.5499932,-0.7672907,0.1479827,0.69624984,-0.6761867,0.10274448,0.7596194,-0.53495926,0.079522535,0.29520833,-0.6454285,0.07887878,0.56833076,-0.8027183,0.062595434,0.7224485,-0.6914247,0.027569316,0.7688869,-0.5315646,0.007503272,0.31075326,-0.5980198,-0.023533052,0.57915926,-0.78174645,-0.03397583,0.73034805,-0.67696726,-0.04236988,0.7798902,-0.5361686,-0.042518765,0.36759332,-0.49706385,-0.120657526,0.58252454,-0.6733871,-0.12011364,0.7043137,-0.60955834,-0.102119215,0.7546517,-0.4910925,-0.08565056
I_LOVE_YOU,0.0,0.0,0.0,-0.26018748,0.03248776,-0.042847,-0.52671736,-0.029664727,-0.095674925,-0.71023494,-0.11753906,-0.1561208,-0.8558911,-0.16839814,-0.21315573,-0.5302961,-0.52524936,-0.0834247,-0.7036878,-0.6910658,-0.19309285,-0.7641205,-0.64507365,-0.26441318,-0.7867842,-0.60136056,-0.30434167,-0.39501524,-0.6332209,-0.11716531,-0.57124317,-0.70114696,-0.21769652,-0.61196935,-0.5978652,-0.25350752,-0.61471915,-0.53278524,-0.26794574,-0.23809162,-0.6734538,-0.15897919,-0.35220963,-0.5865084,-0.25363758,-0.31898913,-0.39123112,-0.23289019,-0.26829052,-0.27006224,-0.20299998,-0.06808735,-0.67398053,-0.20517881,-0.1524936,-0.56493586,-0.27392057,-0.15228163,-0.37896597,-0.24954185,-0.13284494,-0.25388828,-0.21601073
I_LOVE_YOU,0.0,0.0,0.0,-0.119476914,-0.16089237,0.08189885,-0.2659962,-0.32161328,0.084538355,-0.39870614,-0.40955234,0.06520717,-0.51957214,-0.4292786,0.04131973,-0.22096445,-0.4956967,-0.028609931,-0.5337318,-0.6667983,-0.10829188,-0.7465781,-0.5696738,-0.14558429,-0.8549963,-0.4583579,-0.15707251,-0.22436124,-0.5006703,-0.10831908,-0.5644206,-0.71029556,-0.19202511,-0.7785877,-0.5998549,-0.20992391,-0.8818682,-0.471496,-0.20883611,-0.24713874,-0.43094534,-0.1825757,-0.5660526,-0.6666824,-0.2531917,-0.7701707,-0.55044657,-0.25785625,-0.8731301,-0.41473988,-0.246923,-0.28536963,-0.30083385,-0.24696085,-0.5260005,-0.45465484,-0.30741784,-0.68971676,-0.40051746,-0.31444183,-0.78352845,-0.3061504,-0.3075897
I_LOVE_YOU,0.0,0.0,0.0,-0.25680655,0.06588543,0.0583676,-0.43929768,-0.09916094,0.06665053,-0.56497926,-0.19573286,0.047859687,-0.6628676,-0.28446397,0.029863443,-0.33882508,-0.5761629,0.05832327,-0.59997237,-0.68497735,-0.002085664,-0.7599106,-0.5622473,-0.04772988,-0.82621795,-0.4209057,-0.07057236,-0.296917,-0.6127023,-0.017610477,-0.6140415,-0.7523789,-0.077971876,-0.794513,-0.6072472,-0.10879731,-0.8598468,-0.45626143,-0.119621344,-0.28353384,-0.5693229,-0.09883473,-0.5951082,-0.73947835,-0.15992682,-0.77676517,-0.60606104,-0.1730801,-0.8549866,-0.46429265,-0.17009373,-0.3119952,-0.44904068,-0.1770212,-0.5611349,-0.58684576,-0.22872789,-0.7171974,-0.5205208,-0.23408863,-0.7952086,-0.413801,-0.22794715
I_LOVE_YOU,0.0,0.0,0.0,-0.25403488,0.007355422,0.04716206,-0.46215114,-0.10825702,0.035833128,-0.62059784,-0.12351525,-0.0008440299,-0.7438531,-0.116508365,-0.036142524,-0.3507807,-0.61876154,0.048288103,-0.5961385,-0.7141162,-0.01805296,-0.7546403,-0.59920335,-0.072922125,-0.83376294,-0.4552937,-0.10172602,-0.31694874,-0.6362618,-0.021037143,-0.62922454,-0.75470394,-0.0640549,-0.79065824,-0.6122578,-0.09071651,-0.8545448,-0.47511014,-0.10729327,-0.3013391,-0.57868344,-0.096733525,-0.6069805,-0.7181447,-0.13827373,-0.7680275,-0.5782055,-0.14575307,-0.8380933,-0.4362813,-0.14790998,-0.31864643,-0.45400196,-0.17065504,-0.56836337,-0.5621769,-0.20507666,-0.7084406,-0.48782992,-0.20380509,-0.78372985,-0.3853204,-0.19813594
I_LOVE_YOU,0.0,0.0,0.0,-0.26552117,-0.0123521695,0.052990623,-0.46200246,-0.11180102,0.033001073,-0.61537015,-0.12461527,-0.012852904,-0.7415439,-0.09438263,-0.05768107,-0.3417485,-0.60739124,0.03874615,-0.5915402,-0.72088283,-0.03287297,-0.74745196,-0.61190736,-0.08995229,-0.8311831,-0.46641016,-0.118566886,-0.31248158,-0.6137895,-0.03147138,-0.63753957,-0.75009125,-0.083196014,-0.78762275,-0.61615777,-0.11569989,-0.84468246,-0.46308124,-0.13468575,-0.30574423,-0.5460486,-0.10538802,-0.6183585,-0.6872578,-0.14481936,-0.77014005,-0.5672925,-0.15181012,-0.84007275,-0.42826542,-0.15378703,-0.33391213,-0.4178184,-0.17663817,-0.58117217,-0.53105265,-0.20107494,-0.70816255,-0.48795998,-0.1955661,-0.780746,-0.4121534,-0.18880904
I_LOVE_YOU,0.0,0.0,0.0,-0.25837278,-0.021338372,0.04463087,-0.4487399,-0.12050211,0.024812475,-0.60264194,-0.1290661,-0.021032136,-0.74065983,-0.09576321,-0.064853474,-0.35156983,-0.60311776,0.052818146,-0.56814194,-0.74316037,-0.019273544,-0.7294534,-0.6478573,-0.08045611,-0.81733346,-0.5086228,-0.11157025,-0.32055792,-0.61806196,-0.012525721,-0.6056876,-0.76330715,-0.063414775,-0.7616966,-0.64793384,-0.09849472,-0.8277597,-0.504047,-0.1191323,-0.30611205,-0.5626325,-0.08489978,-0.59328943,-0.6888065,-0.12376064,-0.7504985,-0.58631146,-0.1342509,-0.82910913,-0.4569245,-0.13892254,-0.3225247,-0.44900963,-0.1564022,-0.5621002,-0.5485513,-0.17741597,-0.69329756,-0.5064827,-0.17280483,-0.7748973,-0.42745802,-0.1678247
I_LOVE_YOU,0.0,0.0,0.0,-0.26055464,-0.019937221,0.03160661,-0.45093042,-0.12184301,0.007529677,-0.6049567,-0.14340408,-0.040289324,-0.74520075,-0.11400984,-0.08514483,-0.36214814,-0.6093166,0.047000736,-0.5794008,-0.75477797,-0.029475993,-0.73887086,-0.66597754,-0.0945405,-0.8240455,-0.5288489,-0.1275651,-0.33021683,-0.6230168,-0.010851153,-0.6165922,-0.75399375,-0.06546085,-0.76984787,-0.63822746,-0.1040963,-0.83262986,-0.49231598,-0.12747064,-0.31708503,-0.5699138,-0.07749696,-0.60092175,-0.69944054,-0.12063538,-0.7611751,-0.5955798,-0.13626547,-0.8411098,-0.4572042,-0.14386491,-0.3343228,-0.45810246,-0.14427987,-0.5716457,-0.54556674,-0.17076163,-0.70662403,-0.5040163,-0.17369147,-0.7924944,-0.42452648,-0.173107
I_LOVE_YOU,0.0,0.0,0.0,-0.26826966,-0.023891272,0.08442856,-0.474064,-0.1343612,0.10246577,-0.6230528,-0.15318447,0.08388747,-0.74857116,-0.12965135,0.06735346,-0.37162974,-0.56397337,0.16654249,-0.55030805,-0.70649964,0.13908052,-0.6942483,-0.68660784,0.100524604,-0.7929611,-0.60927224,0.07812397,-0.33422568,-0.5963549,0.08337243,-0.55985343,-0.7538807,0.070397824,-0.713926,-0.69919217,0.04569135,-0.79553187,-0.58832973,0.029480578,-0.31181365,-0.5720466,-0.009965476,-0.5474277,-0.72641534,-0.025599483,-0.70932543,-0.6633777,-0.036041614,-0.7933215,-0.5561529,-0.04164084,-0.32301193,-0.49689066,-0.10124004,-0.53053457,-0.61856896,-0.106912926,-0.65893763,-0.5864179,-0.10116749,-0.7363191,-0.5102745,-0.09699918
I_LOVE_YOU,0.0,0.0,0.0,-0.2629345,-0.018108033,0.07512872,-0.46729818,-0.14015588,0.0954085,-0.61485535,-0.15328966,0.082450174,-0.7443216,-0.11706155,0.06998259,-0.3840976,-0.5430729,0.15391777,-0.5553672,-0.6749276,0.118522674,-0.7100376,-0.6383564,0.07385791,-0.81939495,-0.5579888,0.047109876,-0.3487574,-0.57716876,0.075324565,-0.5804285,-0.7245262,0.05380186,-0.7400987,-0.66599756,0.022928696,-0.82781076,-0.5610074,0.002481328,-0.32481444,-0.55234766,-0.013939336,-0.5619854,-0.7006048,-0.039485026,-0.7276979,-0.6358601,-0.058444522,-0.82026565,-0.53239805,-0.06831834,-0.33178198,-0.47737083,-0.10154004,-0.53928083,-0.59705245,-0.117006026,-0.6678453,-0.5675282,-0.119633056,-0.7479874,-0.49241564,-0.12092773
I_LOVE_YOU,0.0,0.0,0.0,-0.26989484,-0.016399749,0.08709011,-0.47829393,-0.12758406,0.10641197,-0.62781084,-0.13931626,0.08787461,-0.7631529,-0.10697025,0.07001536,-0.41551018,-0.528491,0.16814472,-0.59173274,-0.67076653,0.1279981,-0.74225247,-0.61474705,0.07839867,-0.8396134,-0.51836646,0.04778789,-0.3800175,-0.56863725,0.079003066,-0.61023444,-0.7275392,0.050960626,-0.7684264,-0.63993806,0.016943967,-0.8427749,-0.51519924,-0.00577572,-0.34893262,-0.55297333,-0.021166949,-0.58214635,-0.69748557,-0.045904808,-0.74348986,-0.59990364,-0.059490405,-0.82265973,-0.47941923,-0.06821476,-0.34004596,-0.4900997,-0.119892396,-0.5443465,-0.59948033,-0.12986748,-0.6754113,-0.5536209,-0.12745406,-0.7548649,-0.47605306,-0.12795961
I_LOVE_YOU,0.0,0.0,0.0,-0.26910335,-0.028216,0.085684665,-0.48842978,-0.1364163,0.10465207,-0.64829844,-0.1500993,0.082752064,-0.78939736,-0.113588884,0.06141259,-0.4313083,-0.52137744,0.18393481,-0.6130419,-0.65721536,0.13944489,-0.75843495,-0.59248304,0.08297059,-0.85036975,-0.48991328,0.048451554,-0.39755812,-0.5631724,0.09251206,-0.62720793,-0.71750414,0.058491684,-0.78216,-0.6230777,0.016671687,-0.85841054,-0.49090385,-0.010242784,-0.36749262,-0.55833834,-0.01170752,-0.604666,-0.714854,-0.040800527,-0.76399153,-0.607881,-0.057712927,-0.8443832,-0.47567314,-0.06691795,-0.35591552,-0.51093876,-0.11519383,-0.5719108,-0.6160662,-0.124372244,-0.7016481,-0.56030315,-0.12030416,-0.77981645,-0.47302967,-0.11895955
I_LOVE_YOU,0.0,0.0,0.0,-0.26537275,-0.022410745,0.07892627,-0.48162636,-0.12671128,0.08047712,-0.64818186,-0.13012177,0.04353948,-0.7867326,-0.06307869,0.008125447,-0.39640972,-0.556402,0.1415959,-0.60094005,-0.7047149,0.08348949,-0.7518133,-0.60802984,0.024959225,-0.8332645,-0.4747946,-0.00819249,-0.3578347,-0.5910134,0.051185124,-0.6236335,-0.74679935,0.0047683064,-0.7852131,-0.6192257,-0.035567496,-0.8448102,-0.4595316,-0.059730776,-0.33208025,-0.5694009,-0.049974058,-0.59837687,-0.7128532,-0.08250139,-0.7629903,-0.57963264,-0.09533642,-0.83368844,-0.42938393,-0.10178135,-0.33167315,-0.50332135,-0.15022616,-0.5588469,-0.6129133,-0.15913694,-0.69189364,-0.5552824,-0.153278,-0.76749355,-0.46336743,-0.1509185
I_LOVE_YOU,0.0,0.0,0.0,-0.2632515,-0.013223038,0.07366612,-0.48411983,-0.12006365,0.082592726,-0.65084785,-0.12597175,0.052905392,-0.7877143,-0.07181402,0.025029287,-0.4196531,-0.53855586,0.16444382,-0.6011081,-0.6873633,0.115309544,-0.74132836,-0.6096145,0.059196454,-0.8192985,-0.4897064,0.026429653,-0.3788634,-0.5821963,0.076445274,-0.6165733,-0.75611377,0.036528174,-0.771083,-0.6367347,-0.004977184,-0.83417857,-0.48227358,-0.028041242,-0.34486338,-0.575659,-0.024289882,-0.5838968,-0.7463332,-0.055846725,-0.745398,-0.6270305,-0.07153265,-0.8190231,-0.4844327,-0.07750795,-0.33402726,-0.5189074,-0.12506585,-0.5521154,-0.63200927,-0.13497493,-0.687356,-0.57811606,-0.13023914,-0.766368,-0.49094176,-0.12687759
I_LOVE_YOU,0.0,0.0,0.0,-0.27156356,-0.016677463,0.09477025,-0.49424732,-0.12042575,0.111889616,-0.6555576,-0.12117682,0.08713371,-0.78784704,-0.06538318,0.06278041,-0.41507885,-0.5488553,0.18369816,-0.6043807,-0.6842444,0.14309071,-0.7432998,-0.6009691,0.09200786,-0.82081175,-0.47974497,0.061814364,-0.37176058,-0.59302926,0.08665524,-0.62436396,-0.74953085,0.055075902,-0.7768639,-0.62966853,0.01645942,-0.8349676,-0.4739042,-0.006613064,-0.34026778,-0.5795332,-0.021245655,-0.59205794,-0.7362568,-0.0451072,-0.7512224,-0.61862695,-0.058477525,-0.8222221,-0.47708598,-0.06518537,-0.3365706,-0.51202315,-0.12728988,-0.558055,-0.61749446,-0.13252722,-0.6902502,-0.5687038,-0.12648772,-0.7691158,-0.4892918,-0.12364297
I_LOVE_YOU,0.0,0.0,0.0,-0.2790666,-0.022649817,0.10256391,-0.5030815,-0.12869748,0.1196623,-0.6659685,-0.12612726,0.092304155,-0.799579,-0.06429854,0.06494355,-0.4152562,-0.55353934,0.18687542,-0.6117508,-0.68559015,0.14499247,-0.7476006,-0.5937928,0.09350236,-0.8164605,-0.4670386,0.063282326,-0.37479165,-0.5934958,0.083534345,-0.635341,-0.7454492,0.052966,-0.78748655,-0.6163319,0.01489332,-0.8385651,-0.45676783,-0.008392967,-0.34463674,-0.5760522,-0.030006805,-0.60655916,-0.7345085,-0.0525126,-0.76717347,-0.60378164,-0.063698195,-0.8318488,-0.45554945,-0.06954579,-0.34181345,-0.5046003,-0.14115128,-0.5712232,-0.61386627,-0.14624324,-0.70464313,-0.5565469,-0.13794889,-0.77611613,-0.46951637,-0.13330905
I_LOVE_YOU,0.0,0.0,0.0,-0.26374564,-0.019124933,0.08033646,-0.49259648,-0.12571247,0.09295102,-0.6558608,-0.13224001,0.06863608,-0.7873172,-0.075611755,0.045461632,-0.41238588,-0.5502843,0.1581487,-0.5973967,-0.68225646,0.116545945,-0.7337861,-0.6092869,0.06706858,-0.8152033,-0.5001855,0.037445605,-0.37248406,-0.5924666,0.07139552,-0.62218374,-0.74664295,0.04059256,-0.76839626,-0.6399743,0.0072976677,-0.82959354,-0.4948123,-0.012526675,-0.3417694,-0.57785153,-0.025830818,-0.5946569,-0.73188394,-0.049627565,-0.747495,-0.6256492,-0.05931805,-0.82081026,-0.49235168,-0.06390706,-0.33660495,-0.50795,-0.12198472,-0.5578748,-0.6094345,-0.12907758,-0.6849716,-0.56610304,-0.122569546,-0.76329833,-0.49217308,-0.11897947
I_LOVE_YOU,0.0,0.0,0.0,-0.27033517,-0.013325837,0.10959911,-0.50364166,-0.12315901,0.1413125,-0.6678311,-0.12837833,0.12703907,-0.8041409,-0.066230066,0.11223524,-0.43021676,-0.52551,0.22495982,-0.60084033,-0.6536798,0.20568652,-0.73380893,-0.5990428,0.16519547,-0.82391155,-0.5078369,0.1372178,-0.39052662,-0.5735679,0.12016344,-0.6131126,-0.7284524,0.10331267,-0.76513106,-0.6438746,0.068431504,-0.84074146,-0.5093395,0.04582671,-0.357907,-0.5647794,0.0037539622,-0.5908826,-0.7161943,-0.015491684,-0.7544805,-0.61824566,-0.031197004,-0.84094703,-0.4872214,-0.04016773,-0.3523078,-0.5033209,-0.11008906,-0.5660455,-0.6059155,-0.11529671,-0.69983095,-0.55900466,-0.1116215,-0.7847221,-0.4799065,-0.1115072
I_LOVE_YOU,0.0,0.0,0.0,-0.2463707,-0.025124352,0.059701357,-0.4773198,-0.14074989,0.05905874,-0.64815795,-0.15203127,0.023554314,-0.786963,-0.09682268,-0.008972973,-0.38846755,-0.55151373,0.12808171,-0.5789587,-0.71337664,0.06430228,-0.7263472,-0.629779,0.0014039777,-0.8161204,-0.49604502,-0.034914926,-0.34807813,-0.588318,0.044075,-0.5981303,-0.767357,-0.013870565,-0.760374,-0.6494855,-0.059968248,-0.8325267,-0.4841837,-0.08391928,-0.31487313,-0.5738836,-0.052324746,-0.56817555,-0.7583454,-0.099909045,-0.73262614,-0.6389033,-0.11870019,-0.81034845,-0.48433244,-0.12318738,-0.30233198,-0.5146409,-0.14887337,-0.5167585,-0.6467001,-0.17571355,-0.6554791,-0.6024136,-0.17974107,-0.7391987,-0.5127173,-0.17994548
I_LOVE_YOU,0.0,0.0,0.0,-0.23244214,-0.030135864,0.03906819,-0.46129686,-0.15294757,0.032145757,-0.63386446,-0.17268501,-0.0045326245,-0.7723279,-0.1158879,-0.038793843,-0.37515402,-0.550288,0.106163725,-0.55247825,-0.7259231,0.03694689,-0.6926104,-0.65544105,-0.031267896,-0.7759412,-0.5243181,-0.070171386,-0.327466,-0.58946526,0.0342482,-0.5461501,-0.7999812,-0.027028903,-0.70641553,-0.70779747,-0.07909153,-0.78652686,-0.5571345,-0.107064575,-0.2822782,-0.578237,-0.0507785,-0.51259565,-0.800694,-0.10166326,-0.6775588,-0.70794994,-0.12675895,-0.76298153,-0.5692238,-0.13543056,-0.25802264,-0.5179854,-0.13686825,-0.47124207,-0.65495515,-0.1676031,-0.6114464,-0.6181058,-0.17472923,-0.6983846,-0.54212856,-0.17672892
I_LOVE_YOU,0.0,0.0,0.0,-0.20128956,-0.0420379,0.018345434,-0.41052878,-0.1594833,0.00045438786,-0.58898246,-0.18071355,-0.038484916,-0.73951447,-0.13331254,-0.07715031,-0.31690118,-0.5383688,0.06824309,-0.5046796,-0.6978577,0.008143398,-0.6467746,-0.6791563,-0.053781226,-0.75003225,-0.6020336,-0.091525055,-0.27809843,-0.58048123,0.014757448,-0.48361593,-0.77773243,-0.039366342,-0.6364508,-0.74845004,-0.092823766,-0.7405952,-0.6535756,-0.12626639,-0.24250248,-0.5789217,-0.048657283,-0.45160168,-0.7972994,-0.10035127,-0.61555874,-0.7713993,-0.13327649,-0.7290617,-0.68444806,-0.15007897,-0.22381705,-0.535646,-0.1116937,-0.413071,-0.6638466,-0.14772056,-0.5394752,-0.6658628,-0.15948868,-0.6333702,-0.62680525,-0.16467391
I_LOVE_YOU,0.0,0.0,0.0,-0.19479528,-0.041278023,0.003885869,-0.40563256,-0.16804115,-0.017216036,-0.5779514,-0.18950498,-0.05613715,-0.7203479,-0.1522093,-0.095675744,-0.32639146,-0.5398267,0.04645872,-0.50779176,-0.7044853,-0.026267903,-0.6509755,-0.6903926,-0.097385675,-0.7615253,-0.6159189,-0.14083463,-0.28195813,-0.5806651,-0.0010444198,-0.483518,-0.7722446,-0.07163066,-0.6423551,-0.74280727,-0.13505603,-0.7605543,-0.64927423,-0.17340702,-0.23129398,-0.5773564,-0.059588596,-0.42902112,-0.80039173,-0.12397067,-0.59868747,-0.77400476,-0.16447683,-0.72661525,-0.6853766,-0.1839507,-0.19314218,-0.53242874,-0.11905748,-0.37118343,-0.66499,-0.16617645,-0.4989084,-0.67970437,-0.18707183,-0.6025169,-0.6568261,-0.19748381
I_LOVE_YOU,0.0,0.0,0.0,-0.14495832,-0.050075304,-0.11583202,-0.35970813,-0.14532894,-0.16270187,-0.5534344,-0.16296081,-0.18648764,-0.6920087,-0.19852896,-0.19671655,-0.24901882,-0.56624615,-0.065673985,-0.43396434,-0.771384,-0.101846725,-0.5659754,-0.78273773,-0.14165315,-0.6876559,-0.71796006,-0.15861505,-0.23150747,-0.59374803,-0.0052952687,-0.42720658,-0.81620985,-0.024454068,-0.574487,-0.8185137,-0.060216945,-0.6834471,-0.7295281,-0.0803912,-0.22200797,-0.5845525,0.043913856,-0.3772595,-0.77087414,0.033851217,-0.52503526,-0.77267206,-0.0070077972,-0.6436155,-0.7089355,-0.029723482,-0.21709736,-0.5622673,0.086586155,-0.34909904,-0.69837797,0.08792628,-0.45160165,-0.7125868,0.07507513,-0.54077107,-0.6777215,0.068996914
I_LOVE_YOU,0.0,0.0,0.0,-0.20338447,-0.08226563,0.008053274,-0.40249377,-0.24753523,-0.032568984,-0.5768235,-0.27872777,-0.09095592,-0.72392696,-0.2699276,-0.1474957,-0.21919693,-0.6476121,0.011435863,-0.40371808,-0.8346043,-0.07745329,-0.5604935,-0.80142987,-0.15335386,-0.68000793,-0.697429,-0.19671181,-0.17431039,-0.64736444,-0.047291663,-0.42786336,-0.86964744,-0.13445087,-0.5982896,-0.80128,-0.1952507,-0.6920456,-0.6671729,-0.2265179,-0.14250667,-0.5954315,-0.11440798,-0.37773314,-0.81600296,-0.18049215,-0.55551815,-0.7646217,-0.21252018,-0.66161805,-0.653599,-0.2233966,-0.13531256,-0.5026618,-0.18249519,-0.31941497,-0.67847264,-0.2275033,-0.46108535,-0.7001492,-0.24567263,-0.56006104,-0.6636625,-0.2523419
I_LOVE_YOU,0.0,0.0,0.0,-0.23183371,-0.10787783,0.009414747,-0.43919298,-0.24773563,-0.033645716,-0.6159665,-0.28104746,-0.091886,-0.75436,-0.26115677,-0.14703597,-0.26139697,-0.649775,0.015270555,-0.4612225,-0.8185483,-0.067578584,-0.60591316,-0.7897648,-0.14215879,-0.71189195,-0.7022889,-0.18468001,-0.22398488,-0.6366481,-0.031935297,-0.48694548,-0.842347,-0.11323375,-0.6357877,-0.766057,-0.17418717,-0.71124357,-0.6325062,-0.20703924,-0.19758338,-0.576498,-0.08541231,-0.43077388,-0.77094686,-0.1375646,-0.59534746,-0.7271351,-0.16470146,-0.69306934,-0.62567663,-0.1760007,-0.19117418,-0.48039454,-0.13941352,-0.36277232,-0.62916344,-0.16266842,-0.48653308,-0.65904206,-0.17012541,-0.57832587,-0.6489518,-0.17312364
I_LOVE_YOU,0.0,0.0,0.0,-0.24574998,-0.11897781,0.04844671,-0.44531313,-0.25408822,0.023947222,-0.6134197,-0.27778304,-0.028390365,-0.7546015,-0.2527356,-0.08117745,-0.29450163,-0.64055276,0.07399961,-0.4942976,-0.8015933,0.0024916292,-0.6342566,-0.7627628,-0.06769028,-0.73483366,-0.6782474,-0.110528365,-0.24688244,-0.63895756,0.000580783,-0.5014448,-0.82947594,-0.06985585,-0.6531078,-0.75425476,-0.1291279,-0.7346412,-0.6297856,-0.16495393,-0.21540314,-0.58152723,-0.07947772,-0.45204258,-0.77687377,-0.12681672,-0.6105878,-0.72589314,-0.15006676,-0.70441145,-0.6294641,-0.16248581,-0.20624653,-0.48781368,-0.15824896,-0.3810623,-0.63109547,-0.18130559,-0.5016541,-0.6581565,-0.18573873,-0.589984,-0.65095645,-0.18905157
I_LOVE_YOU,0.0,0.0,0.0,-0.2611416,-0.12145058,0.12987289,-0.45456365,-0.2455955,0.13676047,-0.61281896,-0.2545401,0.093908004,-0.7565722,-0.23252736,0.043694682,-0.3169722,-0.6244938,0.1616908,-0.51029867,-0.7837886,0.10599832,-0.6486316,-0.7434041,0.04310257,-0.74282753,-0.6571119,0.0010512138,-0.2659852,-0.6250621,0.03381814,-0.51353407,-0.8183104,-0.023993276,-0.6670514,-0.74501175,-0.08449801,-0.74314165,-0.6227977,-0.12681562,-0.23711734,-0.57611614,-0.09881397,-0.4713653,-0.7713134,-0.14225872,-0.63495034,-0.7094574,-0.17055573,-0.7259526,-0.6118456,-0.19231254,-0.23291396,-0.49724045,-0.22451822,-0.4209627,-0.64300436,-0.25252578,-0.5531971,-0.649222,-0.2624115,-0.64573395,-0.62179106,-0.27395922
I_LOVE_YOU,0.0,0.0,0.0,-0.25602627,-0.119137935,0.106369756,-0.45344186,-0.24600025,0.106102414,-0.6147996,-0.25581613,0.062388312,-0.7564459,-0.22817229,0.015002141,-0.30639285,-0.6295528,0.141989,-0.5026639,-0.7949193,0.08437121,-0.6442702,-0.74954456,0.0222732,-0.74231684,-0.65554637,-0.0176764,-0.25966787,-0.6310035,0.03136764,-0.5097982,-0.8187346,-0.025842996,-0.6657132,-0.74620765,-0.08242704,-0.74540657,-0.62223685,-0.121137105,-0.23359714,-0.5818409,-0.08513856,-0.47080365,-0.76930887,-0.12462802,-0.63375705,-0.7085728,-0.14862993,-0.72595084,-0.60809094,-0.16686183,-0.23243502,-0.5015626,-0.19686662,-0.419891,-0.641631,-0.21981934,-0.5506191,-0.6442418,-0.22694261,-0.64133143,-0.6097398,-0.23568307
I_LOVE_YOU,0.0,0.0,0.0,-0.2563315,-0.1237679,0.0691238,-0.45824772,-0.24918033,0.048491012,-0.6233374,-0.25840616,-0.0046704463,-0.7638503,-0.22072715,-0.05999005,-0.31130105,-0.642768,0.08089963,-0.5198074,-0.7909436,0.0050449297,-0.65963674,-0.74493504,-0.06721571,-0.7584945,-0.65167946,-0.11157846,-0.25940034,-0.64273643,-0.007885686,-0.5233823,-0.8167322,-0.08065275,-0.6737118,-0.7350255,-0.1395229,-0.75453043,-0.61058426,-0.17705658,-0.22596665,-0.5822331,-0.102221146,-0.47139457,-0.76851815,-0.15238756,-0.63002825,-0.7062866,-0.1730846,-0.7243581,-0.60806817,-0.1856565,-0.21914038,-0.48038033,-0.19350347,-0.39931747,-0.61035335,-0.22196287,-0.51985687,-0.62944996,-0.22777797,-0.6083916,-0.62086165,-0.23301485
I_LOVE_YOU,0.0,0.0,0.0,-0.2530901,-0.112833835,0.040472038,-0.46145955,-0.23197481,0.01610979,-0.6333331,-0.2464131,-0.036777683,-0.77296376,-0.2068566,-0.08821303,-0.34023818,-0.62834775,0.08325854,-0.5324391,-0.79353863,0.0084209535,-0.6705814,-0.74183595,-0.06484969,-0.76068383,-0.6414592,-0.10846911,-0.29157868,-0.63603777,0.013746293,-0.5365208,-0.81041497,-0.054064766,-0.68517566,-0.72763515,-0.112482935,-0.7551167,-0.59952176,-0.14850412,-0.25294682,-0.59291136,-0.0658116,-0.48665148,-0.7611615,-0.11211169,-0.64671624,-0.6943598,-0.13721651,-0.7307522,-0.58397865,-0.15085815,-0.23061027,-0.5139764,-0.14588661,-0.4151007,-0.6418518,-0.16592306,-0.54567003,-0.63932323,-0.17015126,-0.6340047,-0.5979774,-0.17344435
I_LOVE_YOU,0.0,0.0,0.0,-0.25446635,-0.113239676,0.03419058,-0.46451026,-0.22591409,-0.0011143693,-0.6357366,-0.23765217,-0.063030794,-0.77392375,-0.18708129,-0.124333635,-0.33577192,-0.6347023,0.059340246,-0.53366137,-0.7930934,-0.029881625,-0.67434585,-0.7384156,-0.11128073,-0.76605356,-0.63431084,-0.1602927,-0.28543842,-0.64068097,-0.011947549,-0.5376157,-0.8143776,-0.098035306,-0.6866424,-0.7248781,-0.1631919,-0.76273876,-0.5938604,-0.20176342,-0.24160334,-0.59104496,-0.09270746,-0.47670949,-0.7623744,-0.15347306,-0.6349324,-0.694369,-0.18035758,-0.72890645,-0.58798444,-0.19398427,-0.21078306,-0.49944612,-0.17365214,-0.3754887,-0.6120588,-0.20423917,-0.4942186,-0.6250889,-0.21315002,-0.5853017,-0.6137,-0.21991432
I_LOVE_YOU,0.0,0.0,0.0,-0.24204323,-0.108325146,0.018833928,-0.45864666,-0.22716248,-0.009786377,-0.6348476,-0.23720765,-0.06284359,-0.7703837,-0.19759092,-0.11284331,-0.34207308,-0.6201676,0.070269614,-0.52782345,-0.7821952,-0.013514951,-0.6705031,-0.7339816,-0.09263637,-0.7633187,-0.63242894,-0.1390274,-0.2968512,-0.6293274,0.01071997,-0.53178257,-0.81356716,-0.07060346,-0.6844325,-0.7290762,-0.13731891,-0.76191294,-0.59420335,-0.17470738,-0.2541982,-0.5932245,-0.060928438,-0.47657627,-0.76418567,-0.122075215,-0.64266753,-0.696701,-0.1570474,-0.73735386,-0.58189285,-0.17220463,-0.22440118,-0.5161819,-0.13412659,-0.411582,-0.6283903,-0.16369246,-0.5445829,-0.6221578,-0.17398332,-0.6382806,-0.57773554,-0.17907771
I_LOVE_YOU,0.0,0.0,0.0,-0.23390849,-0.09989677,0.01682013,-0.44658282,-0.22229993,-0.011129743,-0.625715,-0.23065281,-0.06231779,-0.76425713,-0.18659668,-0.10943874,-0.33975562,-0.62174416,0.07016847,-0.5288704,-0.78657615,-0.011115895,-0.6712086,-0.73516566,-0.08812461,-0.76588917,-0.6290887,-0.13300946,-0.2960442,-0.6325011,0.01310762,-0.5351008,-0.8091321,-0.063618,-0.68518025,-0.7283736,-0.12595223,-0.7611869,-0.5979587,-0.16136561,-0.25488514,-0.5945678,-0.05633857,-0.48421785,-0.7644922,-0.112788446,-0.64898455,-0.7008215,-0.14323062,-0.7419361,-0.58909506,-0.15626603,-0.22770946,-0.5176309,-0.12798986,-0.41397175,-0.6420884,-0.15707526,-0.549281,-0.641593,-0.16811904,-0.6440486,-0.5992755,-0.17365405
I_LOVE_YOU,0.0,0.0,0.0,-0.24377114,-0.11368866,0.0098939445,-0.4627409,-0.22256094,-0.032410234,-0.64164084,-0.22844508,-0.095779315,-0.7786425,-0.17468031,-0.15592474,-0.340646,-0.6288667,0.042218268,-0.5284293,-0.7940796,-0.053882632,-0.67092997,-0.740412,-0.14099638,-0.7617757,-0.6298855,-0.1917017,-0.29547024,-0.6339348,-0.0141418455,-0.5392018,-0.821452,-0.10740538,-0.68452483,-0.7289896,-0.1783044,-0.75203246,-0.5883861,-0.21697016,-0.24866872,-0.5915843,-0.0813261,-0.47137782,-0.77044064,-0.14808007,-0.6313582,-0.70053726,-0.18147504,-0.7207481,-0.5817311,-0.19469135,-0.21027736,-0.5066639,-0.15015286,-0.38448456,-0.62373596,-0.18017808,-0.5081822,-0.6233095,-0.18851693,-0.5971885,-0.58653605,-0.19216232
I_LOVE_YOU,0.0,0.0,0.0,-0.26255202,-0.09756918,0.0353952,-0.4849325,-0.18903975,0.0013902214,-0.65667427,-0.17334847,-0.05868328,-0.78723556,-0.11101026,-0.118300386,-0.38397533,-0.60622704,0.05479493,-0.5845584,-0.76067144,-0.035603445,-0.7209423,-0.6929951,-0.11652892,-0.80755746,-0.5734868,-0.1638758,-0.3360097,-0.60959476,-0.015303187,-0.59810734,-0.77817315,-0.09831408,-0.733002,-0.67298806,-0.16001719,-0.78863096,-0.5322444,-0.19529924,-0.28412965,-0.5606201,-0.094409294,-0.5283187,-0.7369196,-0.15304694,-0.6751096,-0.6497449,-0.1781994,-0.7511315,-0.5276855,-0.18921071,-0.24120426,-0.4655261,-0.17306378,-0.42133564,-0.57386965,-0.20257072,-0.542294,-0.5719611,-0.20903397,-0.62916034,-0.5477331,-0.21257252
I_LOVE_YOU,0.0,0.0,0.0,-0.25949872,-0.09082327,0.025170457,-0.4793851,-0.17389728,-0.015305736,-0.65141535,-0.15113235,-0.08120328,-0.79177845,-0.090426914,-0.14550862,-0.3876167,-0.60091424,0.049166985,-0.5815442,-0.7579175,-0.049290888,-0.71929383,-0.6848176,-0.13798167,-0.8032052,-0.56141317,-0.19054697,-0.33286524,-0.6137189,-0.021120647,-0.5816706,-0.7936513,-0.11277248,-0.7236265,-0.6901918,-0.18141815,-0.78337055,-0.5457154,-0.22158231,-0.27839705,-0.5689808,-0.10213047,-0.51948655,-0.74068236,-0.16813876,-0.67121595,-0.6535034,-0.1975896,-0.74861526,-0.5304349,-0.21216862,-0.23508899,-0.47413358,-0.18404193,-0.41683185,-0.5779773,-0.2195697,-0.54225844,-0.57149327,-0.22986847,-0.6300965,-0.5417461,-0.23661962
I_LOVE_YOU,0.0,0.0,0.0,-0.26435232,-0.08004416,0.029328523,-0.4874166,-0.15521988,-0.011640487,-0.6590163,-0.12908176,-0.07794556,-0.79305,-0.05933686,-0.14335103,-0.3889732,-0.58650917,0.038059838,-0.5827926,-0.7535829,-0.065626256,-0.72655165,-0.68711185,-0.15553035,-0.81375116,-0.55949396,-0.20816363,-0.33567864,-0.59616786,-0.035162818,-0.5912974,-0.77305937,-0.13425167,-0.7391405,-0.6637139,-0.20255624,-0.80086976,-0.5112042,-0.24007781,-0.28127128,-0.55279315,-0.11834724,-0.52478266,-0.72258717,-0.18748772,-0.6735713,-0.6304727,-0.21594104,-0.7486616,-0.5019408,-0.22830217,-0.23285621,-0.4621131,-0.20204979,-0.4016099,-0.56161714,-0.24014395,-0.52203435,-0.55538654,-0.25215173,-0.61095065,-0.5268208,-0.25889605
I_LOVE_YOU,0.0,0.0,0.0,-0.26974845,-0.07476391,0.049515706,-0.49319604,-0.14411625,0.020139521,-0.6618794,-0.108205535,-0.04143,-0.79360175,-0.04112665,-0.10225167,-0.40249684,-0.5718431,0.07572613,-0.59738034,-0.74061525,-0.017500391,-0.74028724,-0.6649294,-0.101830855,-0.82500595,-0.53283584,-0.15072685,-0.35291883,-0.5826046,-0.008211037,-0.60900855,-0.75932485,-0.094603345,-0.7600681,-0.64984345,-0.15939836,-0.81517684,-0.49956912,-0.19706249,-0.30808198,-0.5425252,-0.10264461,-0.5527301,-0.71090764,-0.16285473,-0.7123711,-0.61556494,-0.18968381,-0.7822587,-0.48438287,-0.20165376,-0.27623054,-0.46065095,-0.19685185,-0.4739088,-0.5780897,-0.22603564,-0.6110214,-0.5544517,-0.23154344,-0.6983403,-0.495747,-0.2341821
I_LOVE_YOU,0.0,0.0,0.0,-0.27580014,-0.070193775,0.09769883,-0.49651882,-0.13596883,0.08283244,-0.6572096,-0.091506556,0.022329422,-0.79498106,-0.02471808,-0.044170458,-0.41602,-0.5605188,0.12027248,-0.6188047,-0.7202393,0.03360669,-0.7544244,-0.64959234,-0.051821213,-0.8346111,-0.5184357,-0.10536226,-0.36122358,-0.57186866,-7.83129e-05,-0.62017524,-0.74762946,-0.08915706,-0.7658305,-0.64304245,-0.1681177,-0.8159057,-0.48513788,-0.21788685,-0.3129523,-0.5344512,-0.12832734,-0.55837387,-0.7068738,-0.19138043,-0.71027,-0.60707015,-0.2288374,-0.77625304,-0.47105,-0.25163704,-0.2758204,-0.45591256,-0.2526472,-0.47354394,-0.5658269,-0.2881867,-0.60325557,-0.5456835,-0.30115095,-0.68754053,-0.49343324,-0.3125067
I_LOVE_YOU,0.0,0.0,0.0,-0.26646233,-0.07718785,0.13042341,-0.4871232,-0.14680052,0.1333444,-0.6442638,-0.10328982,0.08407884,-0.7807139,-0.047750335,0.027743855,-0.4057998,-0.55670047,0.15506601,-0.5971873,-0.7287488,0.08131348,-0.7388426,-0.66067684,0.0070520076,-0.82805437,-0.5361703,-0.040664162,-0.35464987,-0.56265867,0.018422872,-0.6083015,-0.75150484,-0.05965308,-0.76163125,-0.6480107,-0.1288135,-0.8173844,-0.49571106,-0.17359848,-0.3136781,-0.52571535,-0.12482968,-0.55653834,-0.70168203,-0.18116175,-0.71466136,-0.60478103,-0.21314335,-0.7860195,-0.4779941,-0.2341865,-0.28308782,-0.45930335,-0.26201442,-0.48588267,-0.57924396,-0.2967283,-0.62552685,-0.5548451,-0.30986056,-0.71626335,-0.49632394,-0.32251194
I_LOVE_YOU,0.0,0.0,0.0,-0.27138063,-0.07686007,0.101304665,-0.48823938,-0.14610967,0.09145799,-0.64764094,-0.101279125,0.037391417,-0.78116393,-0.031617757,-0.021742266,-0.41932625,-0.55356365,0.11555179,-0.6067051,-0.7276439,0.033436336,-0.7429735,-0.6572466,-0.042297635,-0.8288171,-0.5355803,-0.08980942,-0.3681938,-0.5636533,-0.0014940798,-0.61805445,-0.755265,-0.087531425,-0.76391214,-0.6453203,-0.1531038,-0.82216126,-0.49461508,-0.19306971,-0.3214904,-0.5249268,-0.12573066,-0.5599134,-0.7045072,-0.18725018,-0.71207815,-0.6064432,-0.21712162,-0.78781253,-0.47984132,-0.23535642,-0.2851454,-0.45189822,-0.24564658,-0.46822,-0.57185817,-0.283059,-0.5962382,-0.5593214,-0.29827386,-0.6868002,-0.51610917,-0.3117116
I_LOVE_YOU,0.0,0.0,0.0,-0.27273846,-0.07244487,0.07323037,-0.49827135,-0.14220665,0.044979922,-0.66212326,-0.09395297,-0.020000335,-0.79897,-0.023160126,-0.088876024,-0.4130378,-0.56312984,0.061144274,-0.6133801,-0.72881174,-0.041267976,-0.7528771,-0.65323395,-0.12759085,-0.83993846,-0.523232,-0.17903157,-0.35701957,-0.57020515,-0.043526262,-0.62150365,-0.7531882,-0.14705564,-0.76801646,-0.64043015,-0.21675305,-0.8283377,-0.49048403,-0.25732267,-0.30427474,-0.5251195,-0.15539633,-0.5571533,-0.70580345,-0.23190166,-0.7148446,-0.6101582,-0.26250118,-0.79423386,-0.48625183,-0.27727434,-0.2637823,-0.44035274,-0.26382542,-0.4624589,-0.55650246,-0.311991,-0.6012102,-0.5494096,-0.32859346,-0.6998793,-0.51349914,-0.3398219
I_LOVE_YOU,0.0,0.0,0.0,-0.27404308,-0.07556326,0.14871183,-0.4855546,-0.14230391,0.15384819,-0.64107263,-0.09220745,0.10272599,-0.77775764,-0.027372716,0.039961997,-0.4186024,-0.54674053,0.14141212,-0.60406417,-0.7157539,0.056164697,-0.7399069,-0.65391195,-0.024536064,-0.82769513,-0.53101456,-0.07928733,-0.36126593,-0.5512048,-0.0128998635,-0.6066422,-0.75618356,-0.114360966,-0.75617105,-0.654374,-0.19662134,-0.826747,-0.5044442,-0.25029293,-0.3166347,-0.5106954,-0.17162523,-0.5505598,-0.7039731,-0.25117475,-0.70363104,-0.61162776,-0.29923305,-0.7866976,-0.48919407,-0.33220917,-0.28738195,-0.43848854,-0.3214115,-0.4648113,-0.56403124,-0.384195,-0.59275216,-0.56217086,-0.4213428,-0.6872265,-0.5285668,-0.45325568
I_LOVE_YOU,0.0,0.0,0.0,-0.2488775,-0.064062,0.03492507,-0.46854123,-0.13395216,0.003666923,-0.6345952,-0.089586586,-0.055540126,-0.76548904,-0.010541643,-0.1121776,-0.42262948,-0.5374148,0.057379108,-0.5988264,-0.7426493,-0.03789099,-0.7342566,-0.67596745,-0.1170708,-0.8130345,-0.55232006,-0.16197008,-0.37613362,-0.55230784,-0.018289603,-0.60934407,-0.7612463,-0.114350215,-0.7526164,-0.6584592,-0.17463326,-0.80967945,-0.51094073,-0.20431265,-0.32721418,-0.5196231,-0.105681606,-0.555193,-0.7038404,-0.17140518,-0.7020981,-0.61803985,-0.19804737,-0.77582115,-0.49689576,-0.2085222,-0.28362393,-0.45162183,-0.19427967,-0.451842,-0.5689426,-0.23015672,-0.5755549,-0.56756705,-0.24491107,-0.66369516,-0.5374511,-0.25414264
I_LOVE_YOU,0.0,0.0,0.0,-0.24436615,-0.04796292,0.024933329,-0.4674594,-0.11273347,-0.005511803,-0.63558763,-0.06809095,-0.06171022,-0.7622983,0.010301287,-0.11364235,-0.42270008,-0.5276986,0.06401114,-0.60353476,-0.7232734,-0.02483475,-0.74156255,-0.65919787,-0.10168393,-0.8228822,-0.54074,-0.14450854,-0.38030523,-0.5507282,-0.0014718673,-0.6117851,-0.7584413,-0.086877614,-0.7547503,-0.6560122,-0.14408004,-0.80672574,-0.5117778,-0.17264734,-0.33540103,-0.5272135,-0.07936048,-0.55682176,-0.72657156,-0.1359925,-0.7080737,-0.6337541,-0.16121443,-0.77682316,-0.50323224,-0.17005971,-0.29711667,-0.46401122,-0.1594586,-0.47876683,-0.58639604,-0.18382208,-0.6079641,-0.56858104,-0.19176963,-0.6920132,-0.5142467,-0.1957585
I_LOVE_YOU,0.0,0.0,0.0,-0.23535065,-0.045083784,0.010722979,-0.46396422,-0.11669667,-0.0233123,-0.64172673,-0.07574985,-0.08286065,-0.7762966,0.004550158,-0.13813409,-0.41837838,-0.5201489,0.06168126,-0.5961681,-0.7112297,-0.030412875,-0.7311268,-0.6500772,-0.11122186,-0.8049117,-0.5337159,-0.15709436,-0.37381926,-0.5496357,-0.001405882,-0.59372926,-0.76957685,-0.095714495,-0.7417571,-0.6706686,-0.16137218,-0.79628676,-0.5140397,-0.19346721,-0.32375538,-0.53646743,-0.07892471,-0.5414134,-0.7471734,-0.14854012,-0.6982621,-0.6486784,-0.18406522,-0.7666481,-0.50621474,-0.19594043,-0.28187376,-0.4846736,-0.15935883,-0.4775674,-0.6122573,-0.19429131,-0.61222535,-0.5842133,-0.20889826,-0.6934219,-0.5147927,-0.21580075
I_LOVE_YOU,0.0,0.0,0.0,-0.24177146,-0.05300037,0.021827022,-0.4698129,-0.122371145,-0.01204178,-0.64477515,-0.07613434,-0.07211404,-0.77414733,0.00024339076,-0.128117,-0.39500308,-0.54027176,0.066201046,-0.5705574,-0.7310386,-0.019858645,-0.7112984,-0.6821071,-0.09746887,-0.7963819,-0.56930894,-0.14197317,-0.35101643,-0.5592387,-0.00086128357,-0.5790229,-0.76907927,-0.086456455,-0.73167974,-0.6816486,-0.14808616,-0.7908442,-0.5337929,-0.18061027,-0.30621216,-0.5358348,-0.08056455,-0.5262922,-0.73863995,-0.14028206,-0.6900185,-0.6526681,-0.17129624,-0.7637065,-0.5175293,-0.18330315,-0.27299464,-0.47511736,-0.16236691,-0.46180278,-0.6080076,-0.18977885,-0.5961115,-0.58820736,-0.20037319,-0.67794836,-0.5200364,-0.20598866
I_LOVE_YOU,0.0,0.0,0.0,-0.24280216,-0.04808854,0.025060585,-0.46947062,-0.11513943,-0.0067439275,-0.6406739,-0.07230069,-0.0659514,-0.7731724,0.0017750543,-0.121658646,-0.415587,-0.5304821,0.07067209,-0.58236235,-0.7285845,-0.015747098,-0.7192416,-0.67555606,-0.092592694,-0.8014304,-0.5666392,-0.13695805,-0.36809063,-0.5530679,0.0015695528,-0.58675504,-0.76531696,-0.08344984,-0.7350722,-0.6779889,-0.14404291,-0.7929015,-0.53811884,-0.17572765,-0.316879,-0.53380173,-0.08068541,-0.53285897,-0.73051906,-0.14132029,-0.6910209,-0.6440552,-0.17122178,-0.7638027,-0.515055,-0.1825742,-0.2707977,-0.4807119,-0.16500175,-0.45516065,-0.6091596,-0.19313724,-0.5864126,-0.5905657,-0.20308363,-0.6702466,-0.53029406,-0.2083124
I_LOVE_YOU,0.0,0.0,0.0,-0.23285718,-0.044765577,0.012365071,-0.46103758,-0.12191296,-0.019982377,-0.63591313,-0.08051939,-0.07603625,-0.76571053,-0.0011383356,-0.12707953,-0.40711856,-0.5359357,0.060806155,-0.573186,-0.7392087,-0.022445561,-0.7111641,-0.6912384,-0.09573944,-0.791617,-0.5853242,-0.13749804,-0.36141866,-0.5598259,0.0010628949,-0.5734635,-0.7769505,-0.07929414,-0.7238403,-0.6899676,-0.13433866,-0.7844006,-0.5498797,-0.16228098,-0.31180707,-0.5418023,-0.072355784,-0.52452314,-0.7489477,-0.13093138,-0.6835125,-0.66161567,-0.1577763,-0.75836724,-0.5313029,-0.16667049,-0.27007753,-0.48532605,-0.1486747,-0.45736107,-0.61666214,-0.17599499,-0.5882826,-0.5970787,-0.18461789,-0.6706862,-0.53552586,-0.18840532
I_LOVE_YOU,0.0,0.0,0.0,-0.22787435,-0.03878102,0.01227877,-0.45741603,-0.11572445,-0.017994098,-0.632129,-0.07690118,-0.07239427,-0.75994813,-0.00024946732,-0.12107539,-0.40975294,-0.52700365,0.070648104,-0.57176983,-0.7336696,-0.008589061,-0.7065948,-0.6916449,-0.08052628,-0.7838322,-0.58511955,-0.120691866,-0.36887452,-0.54743147,0.011836281,-0.57498866,-0.770222,-0.063647784,-0.72042567,-0.6935322,-0.11787705,-0.7734834,-0.5521342,-0.14436188,-0.32180622,-0.53076136,-0.061301026,-0.5261974,-0.7431044,-0.11302478,-0.6815352,-0.66496354,-0.13921157,-0.7496665,-0.53526694,-0.14768007,-0.2788797,-0.4803889,-0.13808396,-0.45774,-0.6206646,-0.15972914,-0.5864275,-0.60576314,-0.16716802,-0.66336316,-0.5415241,-0.16993926
I_LOVE_YOU,0.0,0.0,0.0,-0.23902777,-0.039157405,0.02665058,-0.46754608,-0.11138728,0.00064543565,-0.6396115,-0.07096833,-0.054594085,-0.76861614,0.0057729934,-0.10579481,-0.4132472,-0.5315649,0.099193804,-0.57354945,-0.7211043,0.02607136,-0.70827013,-0.68330085,-0.04757578,-0.7960013,-0.58190507,-0.092244655,-0.3702468,-0.5503117,0.028546557,-0.5769642,-0.76546264,-0.045597676,-0.72574335,-0.68796545,-0.10564901,-0.78797746,-0.5450647,-0.1381087,-0.3248011,-0.5309781,-0.056391563,-0.5304438,-0.7361491,-0.10782265,-0.69071895,-0.6528735,-0.136908,-0.7662634,-0.5207581,-0.14868063,-0.2861787,-0.47544837,-0.14442241,-0.47044253,-0.6132267,-0.16586529,-0.60566485,-0.5880994,-0.1736137,-0.6899,-0.5150344,-0.1782669
I_LOVE_YOU,0.0,0.0,0.0,-0.24070267,-0.03570012,0.043088675,-0.4650377,-0.115666084,0.02754544,-0.6307584,-0.07802856,-0.02194406,-0.75886923,-0.0034922299,-0.06956922,-0.43252027,-0.5061988,0.1122106,-0.5902731,-0.70470726,0.036216237,-0.71891516,-0.6695796,-0.037574746,-0.79241246,-0.56854934,-0.08142832,-0.38708654,-0.5366952,0.029785087,-0.579586,-0.76315266,-0.04646393,-0.72568244,-0.68802977,-0.10813883,-0.7814426,-0.54476076,-0.14152794,-0.3344934,-0.5288602,-0.06695238,-0.5263888,-0.75605875,-0.12233592,-0.6828874,-0.66662735,-0.15551813,-0.7508282,-0.52992177,-0.1701378,-0.2863333,-0.4841842,-0.16556412,-0.46215844,-0.63114727,-0.19368437,-0.5978516,-0.5993345,-0.20615809,-0.6773765,-0.52143466,-0.21381858
I_LOVE_YOU,0.0,0.0,0.0,-0.23764221,-0.047068257,0.039746735,-0.46075118,-0.13065867,0.022215143,-0.6219317,-0.09377163,-0.026192393,-0.74808913,-0.010974125,-0.07280448,-0.41828686,-0.52659786,0.089517035,-0.56805694,-0.73620886,0.0124765765,-0.7006363,-0.700729,-0.056802213,-0.78277916,-0.6041137,-0.0973713,-0.37258896,-0.5521351,0.012829208,-0.56010824,-0.78067863,-0.0587144,-0.7088987,-0.7053103,-0.10853342,-0.7758259,-0.5804871,-0.13537413,-0.32346502,-0.53584176,-0.07689331,-0.51526034,-0.76237696,-0.13166133,-0.67302936,-0.6792801,-0.15501605,-0.7531246,-0.55931544,-0.16321458,-0.2807847,-0.47984737,-0.16792755,-0.45390254,-0.62430334,-0.194532,-0.58580506,-0.60202074,-0.2007561,-0.6684268,-0.53874934,-0.20373042
I_LOVE_YOU,0.0,0.0,0.0,-0.23464386,-0.048825085,0.019348435,-0.4583166,-0.1306371,-0.0047785663,-0.62697846,-0.09548041,-0.056492653,-0.7552732,-0.011999341,-0.1047089,-0.42240125,-0.5187986,0.08329416,-0.56896067,-0.71625143,0.0044516074,-0.7013077,-0.6876627,-0.06857292,-0.78311634,-0.60479647,-0.11256396,-0.37672034,-0.5496155,0.017042503,-0.55298084,-0.7842712,-0.060438603,-0.7015436,-0.71262646,-0.115625255,-0.7673575,-0.58404166,-0.14459443,-0.32596278,-0.54166716,-0.06429025,-0.5089686,-0.7732039,-0.12281465,-0.67101264,-0.6886184,-0.15225017,-0.749725,-0.5619592,-0.16336088,-0.2808215,-0.4935597,-0.14899603,-0.45213205,-0.64017785,-0.17667267,-0.59122545,-0.61145085,-0.18804777,-0.67930335,-0.5392946,-0.19491988
I_LOVE_YOU,0.0,0.0,0.0,-0.23200442,-0.0500167,0.020374876,-0.4548996,-0.13105297,-0.00646457,-0.62301975,-0.08896865,-0.060833726,-0.75317425,-0.009752914,-0.11120886,-0.41492495,-0.52882975,0.08251659,-0.56468827,-0.7296118,0.0014675567,-0.6950421,-0.69332796,-0.074060075,-0.7745655,-0.5972872,-0.11872238,-0.3693504,-0.5570885,0.016173478,-0.5549833,-0.7905561,-0.06258836,-0.69790196,-0.71619326,-0.120036565,-0.7547706,-0.57948107,-0.15026665,-0.3184434,-0.5470194,-0.06474138,-0.5061134,-0.77802783,-0.11993501,-0.6619645,-0.6932809,-0.14733124,-0.73357207,-0.5612878,-0.15760241,-0.2712772,-0.49846765,-0.14916906,-0.441253,-0.64871657,-0.17339018,-0.5788231,-0.6263493,-0.18313244,-0.66576886,-0.5569828,-0.18893643
I_LOVE_YOU,0.0,0.0,0.0,-0.23780768,-0.05104575,0.03288427,-0.45883512,-0.13043593,0.013146897,-0.62374073,-0.08839154,-0.03804288,-0.75484955,-0.014720475,-0.08647862,-0.41676372,-0.52904916,0.10645037,-0.5638504,-0.72082144,0.033142533,-0.6931712,-0.6923707,-0.03926268,-0.77676356,-0.6046078,-0.08360343,-0.3711128,-0.55691695,0.031401914,-0.5533169,-0.78224605,-0.040501285,-0.6990604,-0.7150627,-0.098008424,-0.76323926,-0.583024,-0.13039564,-0.3219741,-0.54543555,-0.05863583,-0.50580424,-0.76938593,-0.11268123,-0.6652469,-0.6858275,-0.14301944,-0.74242526,-0.5557255,-0.15618421,-0.28087637,-0.49365652,-0.15134592,-0.45209864,-0.64089626,-0.17629695,-0.5873123,-0.6115465,-0.18656377,-0.672198,-0.5366998,-0.19349006
I_LOVE_YOU,0.0,0.0,0.0,-0.24291378,-0.048352808,0.021228459,-0.4601646,-0.12796883,-0.0055172383,-0.62678564,-0.09383311,-0.061264608,-0.7589676,-0.014820891,-0.11474744,-0.4456404,-0.5008222,0.08457201,-0.58632517,-0.70884526,-0.0012106637,-0.71030474,-0.6843326,-0.080024935,-0.7893504,-0.60189945,-0.12736641,-0.3953446,-0.53176266,0.014166113,-0.56176794,-0.779996,-0.07291101,-0.7013989,-0.7127689,-0.13501139,-0.7656135,-0.58300257,-0.16677341,-0.33443502,-0.5281633,-0.07165183,-0.50320286,-0.78202575,-0.13638812,-0.6600143,-0.70587075,-0.1686278,-0.7405348,-0.57887715,-0.18015058,-0.27251956,-0.48917645,-0.16077219,-0.4347579,-0.6467859,-0.19308822,-0.57159525,-0.6296045,-0.2065664,-0.66291237,-0.5668077,-0.21387166
I_LOVE_YOU,0.0,0.0,0.0,-0.2336284,-0.047987223,0.006481722,-0.458711,-0.13279672,-0.027446512,-0.62950194,-0.09917033,-0.08378892,-0.75982046,-0.009768024,-0.13630153,-0.42719933,-0.52296,0.0505967,-0.5655145,-0.74510825,-0.038227286,-0.6956287,-0.7145409,-0.11441579,-0.78279084,-0.6222849,-0.15921836,-0.37475482,-0.5509172,-0.007864457,-0.5504335,-0.7894992,-0.098934576,-0.6938404,-0.717762,-0.15590766,-0.7625263,-0.5896646,-0.18292421,-0.31540045,-0.53948855,-0.08045513,-0.49628955,-0.7696847,-0.14669503,-0.6534969,-0.69947046,-0.17446086,-0.74212706,-0.58119535,-0.18222287,-0.25595057,-0.49105933,-0.1565891,-0.41676486,-0.63403964,-0.19002372,-0.5510896,-0.63125026,-0.20324099,-0.64758354,-0.58522654,-0.20954527
I_LOVE_YOU,0.0,0.0,0.0,-0.22786598,-0.043757726,0.0004849889,-0.45080298,-0.12532412,-0.033139072,-0.6217086,-0.090941004,-0.08907298,-0.7498259,-0.012905117,-0.14047034,-0.42937058,-0.49987185,0.05395877,-0.5676611,-0.71397734,-0.034236174,-0.6951173,-0.6943766,-0.11235258,-0.77869946,-0.6104476,-0.15860581,-0.3815619,-0.53045446,-0.002489361,-0.5497551,-0.78150886,-0.09401229,-0.69364744,-0.7203147,-0.15563338,-0.76186776,-0.59142375,-0.18539917,-0.32355317,-0.5259284,-0.07385435,-0.4891108,-0.7789986,-0.13955909,-0.64724845,-0.7126585,-0.17182471,-0.73218864,-0.5899151,-0.18236075,-0.26387015,-0.48351952,-0.14986211,-0.4122895,-0.6465457,-0.1832226,-0.54842764,-0.6409692,-0.19904575,-0.6414416,-0.58322746,-0.20714141
I_LOVE_YOU,0.0,0.0,0.0,-0.22542115,-0.042275082,0.0009955552,-0.45343488,-0.12883502,-0.032946177,-0.6266829,-0.09448513,-0.08842825,-0.75407666,-0.0045451485,-0.13946144,-0.43423367,-0.5012282,0.046988912,-0.5708545,-0.72837263,-0.044236265,-0.6994857,-0.702838,-0.12206809,-0.78090036,-0.6114277,-0.16685514,-0.38419065,-0.5295534,-0.009019015,-0.54868555,-0.7885126,-0.100595884,-0.6918869,-0.7220059,-0.15819208,-0.7575742,-0.5917931,-0.18504214,-0.32470113,-0.52454275,-0.079739876,-0.4872508,-0.78288865,-0.1449533,-0.64447725,-0.71471184,-0.17431623,-0.7303231,-0.5934094,-0.18325639,-0.26242748,-0.48421708,-0.15480787,-0.41035616,-0.645028,-0.18689291,-0.5439262,-0.64200175,-0.20084132,-0.6362315,-0.58938783,-0.20782802
I_LOVE_YOU,0.0,0.0,0.0,-0.23080932,-0.04190561,0.0026375193,-0.45701805,-0.13057446,-0.029079422,-0.6282075,-0.09853315,-0.08323264,-0.7573647,-0.014098574,-0.13344452,-0.4441885,-0.4973323,0.056492005,-0.57885,-0.71716547,-0.033160836,-0.7056045,-0.6970411,-0.11215458,-0.78678036,-0.61500067,-0.15889062,-0.39197385,-0.531114,-0.001593822,-0.54818773,-0.78927106,-0.09681049,-0.6902489,-0.72357196,-0.15839167,-0.7559452,-0.59316057,-0.18629125,-0.327854,-0.5292249,-0.07460033,-0.4841218,-0.7859874,-0.14129862,-0.6399405,-0.72066736,-0.1718516,-0.7242468,-0.6026684,-0.18046679,-0.2583148,-0.4899098,-0.15221417,-0.40132487,-0.6462627,-0.18514712,-0.5366409,-0.6515351,-0.20036173,-0.6316376,-0.6109672,-0.20754097
I_LOVE_YOU,0.0,0.0,0.0,-0.22752129,-0.048439156,0.0005134515,-0.45751336,-0.14000738,-0.031087067,-0.630829,-0.10510672,-0.08409613,-0.7609622,-0.020067317,-0.13298027,-0.4321354,-0.51186526,0.052564025,-0.5741676,-0.72391784,-0.03563067,-0.7017957,-0.69599044,-0.11271537,-0.78519416,-0.60825485,-0.15832223,-0.38200587,-0.5448698,-0.002913044,-0.55273455,-0.78836334,-0.09514476,-0.69497776,-0.7190312,-0.15559298,-0.7624377,-0.58713734,-0.18447146,-0.32015803,-0.54179454,-0.073282555,-0.49015948,-0.79193985,-0.14025258,-0.6460914,-0.72276926,-0.17159753,-0.7320067,-0.6000455,-0.18142179,-0.255512,-0.49904692,-0.14790283,-0.40830618,-0.6532111,-0.1825607,-0.54249066,-0.65480673,-0.19867742,-0.63673,-0.609272,-0.206986
I_LOVE_YOU,0.0,0.0,0.0,-0.24483205,-0.052908126,0.03477447,-0.4627803,-0.13726015,0.009724357,-0.6298908,-0.10121815,-0.04757642,-0.76347226,-0.02931606,-0.10378115,-0.431237,-0.5164582,0.0938887,-0.5745907,-0.7108162,0.007507202,-0.7019022,-0.69056535,-0.075478576,-0.7866431,-0.59990436,-0.12763037,-0.38079083,-0.54428357,0.011137798,-0.5533438,-0.7740408,-0.0828361,-0.69899887,-0.71512276,-0.15478414,-0.7686653,-0.5783723,-0.19427116,-0.32204187,-0.5348137,-0.08592622,-0.48908108,-0.7746479,-0.15413167,-0.65235955,-0.71140236,-0.19382302,-0.7410454,-0.58653295,-0.21194547,-0.2656116,-0.48552012,-0.18543592,-0.41787872,-0.6360106,-0.22444113,-0.55818665,-0.6300589,-0.24594662,-0.6552812,-0.5723768,-0.2596788
I_LOVE_YOU,0.0,0.0,0.0,-0.25170982,-0.05543418,0.044039037,-0.47103015,-0.13921621,0.027330048,-0.6344247,-0.107684925,-0.024542524,-0.7639473,-0.035085373,-0.07561611,-0.4436061,-0.51213264,0.119172506,-0.5907651,-0.6947948,0.040406696,-0.7165808,-0.67167795,-0.04033993,-0.8067523,-0.58671784,-0.09205033,-0.39375404,-0.54205847,0.033655297,-0.5710017,-0.7631753,-0.05528141,-0.71526104,-0.69885737,-0.12831168,-0.7889117,-0.56288004,-0.16841704,-0.33526668,-0.5373858,-0.066142604,-0.5029366,-0.77195156,-0.1290946,-0.6606665,-0.6995281,-0.1671122,-0.74739134,-0.5721865,-0.18391001,-0.2768252,-0.49604818,-0.1683214,-0.42670566,-0.6504899,-0.20078984,-0.56532377,-0.6377233,-0.2184146,-0.6620905,-0.57613266,-0.22991756
I_LOVE_YOU,0.0,0.0,0.0,-0.235383,-0.053545848,0.013651479,-0.46157968,-0.14348838,-0.014242826,-0.6316179,-0.110647336,-0.06715989,-0.75649333,-0.02546142,-0.11591422,-0.43294084,-0.5265753,0.07042798,-0.58533263,-0.7226448,-0.013939432,-0.714166,-0.6871353,-0.09118963,-0.79797953,-0.5912481,-0.13716584,-0.38646075,-0.5540384,0.008699632,-0.57378143,-0.77752525,-0.0790358,-0.7131034,-0.70105875,-0.14032365,-0.77422076,-0.5641204,-0.17093319,-0.329689,-0.54631317,-0.067203596,-0.5098063,-0.7827499,-0.12727195,-0.6625942,-0.70621586,-0.15600681,-0.7410271,-0.5782355,-0.16562787,-0.27115577,-0.50268275,-0.14696461,-0.42754066,-0.65814656,-0.17532678,-0.56382555,-0.65113187,-0.18778968,-0.65677786,-0.59383965,-0.19435914
I_LOVE_YOU,0.0,0.0,0.0,-0.22967908,-0.053479325,0.008560026,-0.45346707,-0.14316677,-0.021941345,-0.6218242,-0.111913584,-0.07608805,-0.74750364,-0.026754063,-0.1259201,-0.43172285,-0.51523995,0.060026526,-0.57210165,-0.72994727,-0.028650407,-0.701371,-0.69999963,-0.10718145,-0.78146845,-0.605517,-0.15280297,-0.38369212,-0.54406106,0.0010268277,-0.5529458,-0.7857345,-0.08509707,-0.6955869,-0.71844196,-0.1425352,-0.7578867,-0.5873923,-0.17167467,-0.32512462,-0.5385975,-0.07283938,-0.4932815,-0.7841569,-0.13337615,-0.6491979,-0.7109124,-0.16115957,-0.7283956,-0.58513534,-0.17098315,-0.26318148,-0.49808902,-0.15090822,-0.4146939,-0.6588854,-0.17940755,-0.549069,-0.6506667,-0.191183,-0.63841647,-0.59215957,-0.19782743
I_LOVE_YOU,0.0,0.0,0.0,-0.21415593,-0.043263495,-0.0025598449,-0.4455461,-0.13855448,-0.033603,-0.62002236,-0.10544638,-0.08448174,-0.7468218,-0.022106959,-0.12970199,-0.4092336,-0.5245539,0.04804234,-0.554858,-0.7373994,-0.03793011,-0.6868416,-0.7038746,-0.11224903,-0.7710587,-0.60538983,-0.15530652,-0.3637645,-0.5505451,-0.0036502124,-0.5424247,-0.79303366,-0.08950155,-0.68711394,-0.7265497,-0.14548667,-0.7540372,-0.595169,-0.17259632,-0.3101975,-0.5403819,-0.0703146,-0.48946482,-0.7783597,-0.13295984,-0.64895165,-0.71133745,-0.16437262,-0.73666376,-0.5911808,-0.17554516,-0.25795674,-0.49503544,-0.14132233,-0.42389348,-0.6448824,-0.17358375,-0.5602333,-0.6338145,-0.18961717,-0.6531308,-0.5748189,-0.19866195
I_LOVE_YOU,0.0,0.0,0.0,-0.22402515,-0.0441456,-0.00028145243,-0.44865766,-0.13337311,-0.0330063,-0.6219814,-0.099987276,-0.08766882,-0.752766,-0.026404643,-0.13752867,-0.42205623,-0.5246004,0.058663946,-0.56758153,-0.73163474,-0.02752182,-0.69354606,-0.7034163,-0.105613805,-0.771097,-0.6108648,-0.15148772,-0.3729314,-0.5555041,0.0040463973,-0.5485294,-0.79178315,-0.08097462,-0.6881834,-0.72553676,-0.14250061,-0.7487397,-0.59241796,-0.17421134,-0.31295174,-0.5483604,-0.06595543,-0.4864026,-0.78964806,-0.12766403,-0.64387125,-0.7189385,-0.16179048,-0.72477394,-0.5928948,-0.17548484,-0.25345472,-0.5008807,-0.14033656,-0.41474584,-0.6523415,-0.17185158,-0.54881257,-0.63872474,-0.1878499,-0.6373309,-0.57700837,-0.1968866
I_LOVE_YOU,0.0,0.0,0.0,-0.22397235,-0.045719095,0.0010396432,-0.44758037,-0.13614687,-0.030760864,-0.62023115,-0.103926495,-0.08445872,-0.7523027,-0.030196028,-0.1338087,-0.42006674,-0.52576244,0.06056814,-0.56301624,-0.7294099,-0.023359388,-0.6882025,-0.7035128,-0.10041219,-0.76616234,-0.61474544,-0.14635828,-0.3712419,-0.5580123,0.0060814563,-0.5454891,-0.7920908,-0.07764656,-0.68497354,-0.72856796,-0.13890935,-0.7479851,-0.5974889,-0.17085105,-0.3115695,-0.5513533,-0.06339389,-0.4854966,-0.7902517,-0.124348916,-0.64191973,-0.7245285,-0.1580627,-0.7245589,-0.6021686,-0.17178716,-0.25227135,-0.5033304,-0.13706242,-0.41327322,-0.65058196,-0.16848336,-0.54814595,-0.644234,-0.18483979,-0.6400752,-0.59064233,-0.19431749
I_LOVE_YOU,0.0,0.0,0.0,-0.22071762,-0.039273083,-0.004585257,-0.44795173,-0.12984368,-0.04118825,-0.62243825,-0.09948192,-0.09759879,-0.7533804,-0.019556278,-0.14905396,-0.41666386,-0.5164791,0.040671654,-0.5671081,-0.73236495,-0.049914196,-0.6967712,-0.70116144,-0.128314,-0.77221787,-0.60427374,-0.17313983,-0.36677566,-0.5472468,-0.011243213,-0.54907256,-0.7898827,-0.100176506,-0.69130456,-0.7225635,-0.15960884,-0.7483628,-0.58721745,-0.18858224,-0.3066358,-0.5391881,-0.07783311,-0.48750484,-0.78151625,-0.1405693,-0.6441851,-0.7135431,-0.17182583,-0.72183585,-0.58971286,-0.18315178,-0.24595368,-0.49220914,-0.14889276,-0.40764448,-0.64427143,-0.18109474,-0.54184777,-0.6389248,-0.19627248,-0.6306009,-0.5844738,-0.20427272
I_LOVE_YOU,0.0,0.0,0.0,-0.2335655,-0.044161536,0.022181183,-0.4564411,-0.13295552,-0.0026508924,-0.62638485,-0.099131286,-0.055340357,-0.75678146,-0.024136622,-0.105446056,-0.4081331,-0.52966493,0.08418022,-0.5522831,-0.72776216,0.005944865,-0.6837748,-0.7067675,-0.06913214,-0.76851946,-0.6168142,-0.11524708,-0.3582537,-0.5582696,0.01402076,-0.5345526,-0.785359,-0.06350091,-0.68329936,-0.73013836,-0.123957,-0.7542859,-0.6008302,-0.15842909,-0.30322886,-0.54744494,-0.07086549,-0.48250815,-0.77950054,-0.12967046,-0.64679927,-0.71313405,-0.16439497,-0.73344445,-0.58931375,-0.18091927,-0.25610027,-0.4960033,-0.15869533,-0.42438328,-0.64518464,-0.19077092,-0.5612802,-0.6261925,-0.20699255,-0.65088344,-0.5554977,-0.21782473
I_LOVE_YOU,0.0,0.0,0.0,-0.2375362,-0.04882781,0.01469236,-0.45940167,-0.13306819,-0.016834555,-0.6298203,-0.09862319,-0.0741642,-0.7625328,-0.028676819,-0.12741652,-0.41174304,-0.5299013,0.07188848,-0.5569781,-0.7333391,-0.014325196,-0.68992347,-0.708827,-0.09428206,-0.7729738,-0.6147718,-0.14219055,-0.36516237,-0.55577606,0.006903043,-0.5463251,-0.7854553,-0.0784207,-0.69234455,-0.72156703,-0.14164688,-0.7554796,-0.58898,-0.1758463,-0.31154585,-0.5424559,-0.072750434,-0.4916844,-0.7730324,-0.13283107,-0.65206915,-0.7038706,-0.16536227,-0.73245704,-0.57993585,-0.17923284,-0.2613459,-0.48789468,-0.1560136,-0.4243134,-0.63385224,-0.18559052,-0.5617254,-0.62397045,-0.19976671,-0.6528466,-0.56655294,-0.20842116
I_LOVE_YOU,0.0,0.0,0.0,-0.23688859,-0.04925821,0.02491146,-0.457471,-0.13547418,-0.00112586,-0.6241961,-0.10446589,-0.055780206,-0.75601655,-0.03305263,-0.10776152,-0.41180855,-0.5305293,0.08581697,-0.5584352,-0.7337412,0.0023845136,-0.68948764,-0.708398,-0.076541975,-0.7738815,-0.6138656,-0.12400205,-0.36310452,-0.55779785,0.014477855,-0.5441453,-0.7902523,-0.069590785,-0.68907684,-0.7246883,-0.13391703,-0.7538997,-0.5892173,-0.16861345,-0.30859405,-0.54708195,-0.07123472,-0.48987505,-0.7840644,-0.13197662,-0.64834785,-0.71037537,-0.1657007,-0.72847885,-0.5823854,-0.17993398,-0.2580741,-0.49638665,-0.15967321,-0.4231662,-0.64464635,-0.19016626,-0.5581764,-0.6291781,-0.20393077,-0.6467774,-0.5666644,-0.21207143
I_LOVE_YOU,0.0,0.0,0.0,-0.23280787,-0.05438183,0.015485064,-0.4552126,-0.14071201,-0.015186065,-0.6234552,-0.112558134,-0.07078373,-0.7532258,-0.038577054,-0.1231501,-0.39764774,-0.5418116,0.06236974,-0.5422374,-0.7498877,-0.024492254,-0.6748637,-0.7255751,-0.10165346,-0.76109755,-0.6342205,-0.14663367,-0.34963116,-0.5672981,-0.001348326,-0.5249971,-0.8049506,-0.08531541,-0.6717697,-0.7407601,-0.14290088,-0.7413138,-0.6119167,-0.17278512,-0.2980354,-0.55176264,-0.07900381,-0.4789439,-0.78831255,-0.14185806,-0.6395363,-0.7149314,-0.17215843,-0.72444224,-0.59133446,-0.18317617,-0.25238442,-0.49396324,-0.1593981,-0.41967252,-0.6431684,-0.1906065,-0.5546605,-0.6280624,-0.20274816,-0.6457727,-0.5667186,-0.20918374
I_LOVE_YOU,0.0,0.0,0.0,-0.23344018,-0.04799116,0.011792881,-0.4565791,-0.13583426,-0.018116362,-0.6259747,-0.10634617,-0.072792314,-0.7574939,-0.03348082,-0.12339096,-0.4052143,-0.54127634,0.070273444,-0.5411819,-0.75391966,-0.012248381,-0.6700025,-0.7315208,-0.08780131,-0.7531547,-0.6413657,-0.13247696,-0.35554582,-0.5648677,0.008830844,-0.52029365,-0.8072864,-0.072578914,-0.6659385,-0.74600667,-0.13098823,-0.73611265,-0.61733085,-0.16119233,-0.3016519,-0.54908997,-0.06756826,-0.47174597,-0.78446025,-0.12819469,-0.6327572,-0.7175135,-0.16116433,-0.7199665,-0.5974264,-0.17412795,-0.25443307,-0.49171466,-0.14730427,-0.41724408,-0.63736117,-0.17718625,-0.55290854,-0.62376845,-0.19135177,-0.64607066,-0.5647383,-0.19947763
I_LOVE_YOU,0.0,0.0,0.0,-0.24078023,-0.053106774,0.02051706,-0.45946667,-0.1366585,-0.008499462,-0.62655294,-0.10495243,-0.066386335,-0.76037496,-0.040127132,-0.12152622,-0.4125202,-0.51612765,0.083473094,-0.553256,-0.72913706,-0.003765588,-0.6823919,-0.710465,-0.08488688,-0.7645076,-0.62378734,-0.13359451,-0.3621046,-0.54274434,0.012069667,-0.53309894,-0.7937611,-0.08047655,-0.67793757,-0.73511946,-0.1492941,-0.7425187,-0.60206753,-0.18468551,-0.30730587,-0.53468806,-0.07448912,-0.4779661,-0.7859203,-0.14050883,-0.6391792,-0.7211663,-0.17828456,-0.72109365,-0.5969518,-0.19349404,-0.25557724,-0.48985285,-0.1643497,-0.41604543,-0.64476544,-0.19790058,-0.55691487,-0.6352682,-0.21584232,-0.6523228,-0.57605505,-0.22650623
I_LOVE_YOU,0.0,0.0,0.0,-0.24237952,-0.055869393,0.03046774,-0.46173063,-0.14353712,0.00433131,-0.62922215,-0.109390855,-0.05204483,-0.7582283,-0.03365274,-0.10658321,-0.41088912,-0.52992094,0.08599024,-0.54570115,-0.7443158,4.249727e-05,-0.6753875,-0.72303045,-0.07936483,-0.7645169,-0.6323985,-0.12774286,-0.3605141,-0.55382687,0.009328861,-0.5301556,-0.7980598,-0.08157335,-0.6747733,-0.73802507,-0.14730793,-0.744639,-0.6093775,-0.18191078,-0.30613118,-0.5411178,-0.08135707,-0.47516346,-0.7879208,-0.14725278,-0.63452804,-0.7236521,-0.18119833,-0.7228661,-0.6030438,-0.1945148,-0.2541151,-0.4929285,-0.17444576,-0.40676847,-0.6494568,-0.20923038,-0.54385966,-0.6510513,-0.22589722,-0.6416473,-0.60185486,-0.23585767
I_LOVE_YOU,0.0,0.0,0.0,-0.24876723,-0.056349143,0.04302807,-0.46293962,-0.14645384,0.023631638,-0.6227386,-0.11683175,-0.029165328,-0.75224626,-0.044013243,-0.0808085,-0.42424196,-0.5170398,0.100234106,-0.550911,-0.7401807,0.016896723,-0.6735536,-0.72312933,-0.059837993,-0.75091934,-0.6323474,-0.10495218,-0.3728708,-0.5451514,0.017514031,-0.52693355,-0.79706424,-0.06481145,-0.6700036,-0.74235785,-0.124026306,-0.7345968,-0.61359763,-0.15454203,-0.31567246,-0.53723496,-0.07932762,-0.47274122,-0.79144573,-0.13911045,-0.6303804,-0.72877795,-0.16772273,-0.7118585,-0.60864663,-0.1781663,-0.25994506,-0.49353898,-0.17810829,-0.40337664,-0.6544368,-0.2093959,-0.5364183,-0.65075606,-0.22136664,-0.626248,-0.5952849,-0.22735009
I_LOVE_YOU,0.0,0.0,0.0,-0.24659406,-0.052299753,0.02986474,-0.45940098,-0.14222449,0.0056517203,-0.6230432,-0.11264163,-0.048553467,-0.75362736,-0.035058286,-0.10116148,-0.432132,-0.5118192,0.079789884,-0.5500884,-0.7449759,-0.008707748,-0.6761802,-0.73017013,-0.08705874,-0.758142,-0.64131343,-0.13378175,-0.37936637,-0.5394914,0.003400706,-0.5246451,-0.7985658,-0.086895764,-0.6683246,-0.7438698,-0.14818555,-0.73843056,-0.62135226,-0.17972744,-0.31784835,-0.53190595,-0.08745854,-0.4654469,-0.7879136,-0.15578254,-0.62439716,-0.7286203,-0.18931517,-0.7129901,-0.6142074,-0.20230106,-0.25525686,-0.49038664,-0.18073387,-0.39666578,-0.64597535,-0.22002771,-0.5308476,-0.6419603,-0.2380782,-0.622928,-0.5889087,-0.24802198
I_LOVE_YOU,0.0,0.0,0.0,-0.23589596,-0.048032735,0.016190134,-0.45565826,-0.14017637,-0.009405146,-0.62277704,-0.11055937,-0.06047344,-0.7502035,-0.03048455,-0.10788181,-0.42314196,-0.51666987,0.0694772,-0.5457977,-0.749441,-0.017918823,-0.67462313,-0.7266593,-0.09430661,-0.7556911,-0.63153064,-0.13876635,-0.37213528,-0.54421437,0.004547258,-0.52247447,-0.8033432,-0.08229936,-0.6682787,-0.7439111,-0.1403044,-0.738001,-0.6185599,-0.16915593,-0.31286088,-0.5359211,-0.075352825,-0.46770817,-0.7896863,-0.14005812,-0.625567,-0.72743994,-0.17204988,-0.7123172,-0.61147416,-0.18367471,-0.25325638,-0.4933386,-0.1585269,-0.39956772,-0.6444848,-0.19418275,-0.53355706,-0.63850653,-0.21092398,-0.6248254,-0.5849149,-0.21969578
I_LOVE_YOU,0.0,0.0,0.0,-0.2344114,-0.054173738,0.017030284,-0.45615503,-0.14475892,-0.009862848,-0.62699175,-0.111276045,-0.063149564,-0.7535879,-0.030261232,-0.11235605,-0.40286744,-0.5364201,0.07864087,-0.53655213,-0.76380473,-0.001845812,-0.66548514,-0.7428903,-0.074460745,-0.74806905,-0.65014935,-0.116915084,-0.35256696,-0.5568897,0.013969871,-0.5176715,-0.8061708,-0.06465324,-0.66293675,-0.7486754,-0.12026453,-0.7327198,-0.6255505,-0.14930183,-0.2975016,-0.54319215,-0.065772675,-0.46615303,-0.7923231,-0.12481076,-0.62782305,-0.7270291,-0.15511636,-0.7170453,-0.6067087,-0.16667601,-0.24818169,-0.49310628,-0.1486181,-0.4067513,-0.6466674,-0.17845218,-0.5398384,-0.63331133,-0.19100179,-0.6301294,-0.5709031,-0.19786742
I_LOVE_YOU,0.0,0.0,0.0,-0.23911755,-0.056597922,0.013347839,-0.45809776,-0.14467765,-0.017709486,-0.6285756,-0.11273015,-0.074688904,-0.76221687,-0.036919802,-0.1272195,-0.41191357,-0.52631193,0.07289809,-0.5427479,-0.75497234,-0.013779583,-0.67383665,-0.73131686,-0.091921225,-0.76066303,-0.640187,-0.13798961,-0.3632645,-0.54965794,0.009594543,-0.5257561,-0.8030669,-0.07522862,-0.6715259,-0.74098104,-0.13411853,-0.7405369,-0.6167542,-0.16470927,-0.30829403,-0.53879035,-0.068987615,-0.4717275,-0.7926079,-0.12999494,-0.63144267,-0.7240996,-0.15939593,-0.71686685,-0.6028705,-0.1702301,-0.25473988,-0.4931362,-0.15140761,-0.4053394,-0.6533436,-0.18025032,-0.53973985,-0.6392824,-0.1916736,-0.631187,-0.57655406,-0.19801082
I_LOVE_YOU,0.0,0.0,0.0,-0.23719378,-0.056693185,0.01142826,-0.45559087,-0.14562427,-0.022040559,-0.62439686,-0.11306491,-0.07960303,-0.75341487,-0.035377253,-0.13275844,-0.40940607,-0.5251985,0.055028375,-0.5343095,-0.7673027,-0.038966008,-0.66516894,-0.7466929,-0.11936382,-0.7492648,-0.64882106,-0.16488975,-0.3587583,-0.5449092,-0.0071553253,-0.5144172,-0.8047828,-0.09800637,-0.66120046,-0.746192,-0.15650582,-0.72886264,-0.62117976,-0.18541926,-0.30144417,-0.5298153,-0.08393318,-0.45712277,-0.7848424,-0.14879112,-0.61762804,-0.7267529,-0.17897823,-0.7040311,-0.61240715,-0.18938576,-0.24475741,-0.4799184,-0.16418965,-0.38730025,-0.64072174,-0.19700767,-0.5198604,-0.6392035,-0.21077749,-0.609981,-0.58720475,-0.21750242
I_LOVE_YOU,0.0,0.0,0.0,-0.24183187,-0.05548659,0.012369523,-0.4593994,-0.14090286,-0.021111963,-0.62942266,-0.10832069,-0.0798024,-0.759884,-0.032178216,-0.13513248,-0.41999862,-0.5220323,0.0599225,-0.5501495,-0.7453555,-0.03503697,-0.679919,-0.72560686,-0.11977222,-0.76612985,-0.63456374,-0.16992955,-0.3690645,-0.5455361,-0.00540371,-0.5234985,-0.799565,-0.101892985,-0.6702648,-0.74212205,-0.16808324,-0.7409755,-0.6142255,-0.20221378,-0.3083571,-0.5334711,-0.0851456,-0.4567986,-0.7884085,-0.15400797,-0.61822784,-0.7298724,-0.18874973,-0.7060112,-0.6123934,-0.2019718,-0.24734268,-0.48374575,-0.16848055,-0.38664377,-0.64540863,-0.20398362,-0.51988727,-0.6454937,-0.22017103,-0.6103533,-0.59561753,-0.22893609
I_LOVE_YOU,0.0,0.0,0.0,-0.23495968,-0.051919226,0.0033807575,-0.4526545,-0.14384674,-0.030712966,-0.62214524,-0.11927044,-0.0874338,-0.75214094,-0.0410446,-0.14067106,-0.41923177,-0.5080114,0.049585357,-0.5482531,-0.7322851,-0.041645966,-0.67951334,-0.7187434,-0.12187754,-0.76484376,-0.6442159,-0.16993102,-0.36865827,-0.53530556,-0.00917649,-0.5198584,-0.794173,-0.10725847,-0.66736746,-0.73762167,-0.17060055,-0.7378624,-0.6158735,-0.200574,-0.30660522,-0.5276862,-0.08204231,-0.4562317,-0.78248996,-0.15114227,-0.6134634,-0.7249965,-0.1825556,-0.69779164,-0.61341745,-0.19211471,-0.24044599,-0.48455825,-0.15920651,-0.3776381,-0.6444931,-0.19412343,-0.51097715,-0.6513169,-0.20930108,-0.6033157,-0.61222845,-0.21670975
I_LOVE_YOU,0.0,0.0,0.0,-0.22924472,-0.048990436,-0.0017733127,-0.45036033,-0.14333703,-0.035991564,-0.62163025,-0.11986443,-0.09095277,-0.7516602,-0.039661877,-0.14165801,-0.41593054,-0.50141084,0.038703535,-0.5356908,-0.74879485,-0.054073017,-0.66863114,-0.73638296,-0.13224617,-0.7531271,-0.6571015,-0.17765054,-0.3659251,-0.53026646,-0.016060462,-0.5078076,-0.80356705,-0.10925877,-0.659054,-0.75209564,-0.16486882,-0.73270965,-0.63734394,-0.1911316,-0.3042298,-0.52454084,-0.08547783,-0.45339245,-0.78879756,-0.15279464,-0.613296,-0.73088354,-0.17970361,-0.6992237,-0.6208743,-0.1873003,-0.23771718,-0.48592728,-0.15955602,-0.37969276,-0.64794356,-0.19475754,-0.5151821,-0.6453476,-0.20836408,-0.60664266,-0.5980032,-0.21487035
I_LOVE_YOU,0.0,0.0,0.0,-0.24734062,-0.049614877,0.071112216,-0.46578935,-0.14279027,0.061453443,-0.6265141,-0.1160251,0.012150318,-0.76344985,-0.05125292,-0.040058773,-0.4132037,-0.528669,0.122183956,-0.5609849,-0.7333554,0.04601793,-0.6850817,-0.70758003,-0.027317887,-0.761508,-0.61434907,-0.07178927,-0.3604904,-0.55712914,0.019523948,-0.52815914,-0.8029543,-0.06344647,-0.6764727,-0.73646766,-0.12703857,-0.74395883,-0.5977147,-0.16017544,-0.3049157,-0.54180586,-0.095221624,-0.47365946,-0.7967409,-0.15853392,-0.636353,-0.72969294,-0.19072568,-0.7239596,-0.61252534,-0.20399404,-0.25710827,-0.48732665,-0.20866631,-0.4166403,-0.65342236,-0.24677259,-0.5512939,-0.65105414,-0.26003295,-0.641191,-0.6068431,-0.26705903
I_LOVE_YOU,0.0,0.0,0.0,-0.23290491,-0.045944266,0.008274973,-0.44825274,-0.1327435,-0.029338522,-0.6146711,-0.0993891,-0.090287164,-0.74598855,-0.02452927,-0.14807974,-0.42197436,-0.52304083,0.039280288,-0.5479695,-0.7640169,-0.06349196,-0.6762155,-0.73427165,-0.14951792,-0.75257874,-0.6274069,-0.1975723,-0.37046245,-0.54770124,-0.024248708,-0.5265056,-0.8083953,-0.12361098,-0.6736837,-0.73901975,-0.1863221,-0.73626703,-0.6026242,-0.21653427,-0.30928323,-0.53240025,-0.102194004,-0.46702406,-0.78965646,-0.1747244,-0.6254079,-0.72562766,-0.20808478,-0.7050147,-0.6060547,-0.21913368,-0.24616775,-0.48044774,-0.18345173,-0.39283302,-0.6441937,-0.22439867,-0.528763,-0.64726585,-0.24147686,-0.61787325,-0.59967506,-0.24879663
I_LOVE_YOU,0.0,0.0,0.0,-0.23412251,-0.04540387,0.009533106,-0.44981137,-0.13105346,-0.029442454,-0.614761,-0.09531326,-0.09218334,-0.74663085,-0.021699993,-0.1520322,-0.42337534,-0.5131727,0.03597053,-0.54544973,-0.76252586,-0.06601174,-0.66909504,-0.7402178,-0.15079515,-0.74431086,-0.6385578,-0.19857985,-0.368759,-0.5382908,-0.029274777,-0.5174292,-0.8089495,-0.12859096,-0.6614589,-0.7499814,-0.19014838,-0.72666514,-0.6201249,-0.21993932,-0.30471188,-0.52392995,-0.108288005,-0.46043977,-0.78576386,-0.17960209,-0.6160646,-0.7272851,-0.21046516,-0.6979877,-0.6122918,-0.2209728,-0.23868497,-0.47132447,-0.1905332,-0.381676,-0.6326415,-0.22929318,-0.51310444,-0.6309925,-0.24398102,-0.6011842,-0.5811006,-0.25072366
I_LOVE_YOU,0.0,0.0,0.0,-0.24136099,-0.05216191,0.025712853,-0.45893216,-0.13947695,-0.0050355284,-0.62106705,-0.10550207,-0.06313591,-0.74886084,-0.028287582,-0.11956127,-0.41352364,-0.52314115,0.05399281,-0.5451116,-0.7674364,-0.04369287,-0.6732887,-0.73937976,-0.12481197,-0.75304645,-0.641841,-0.17038314,-0.3612278,-0.544295,-0.019243052,-0.52791953,-0.80518585,-0.118847914,-0.6760273,-0.73133594,-0.17996044,-0.73873675,-0.59927714,-0.20815021,-0.3033109,-0.52713865,-0.1052783,-0.46826103,-0.78784233,-0.17525783,-0.62693095,-0.72166276,-0.20463814,-0.70746964,-0.6064565,-0.21264546,-0.24701788,-0.47566712,-0.19335666,-0.39706662,-0.6403285,-0.23093137,-0.5322393,-0.64803505,-0.2452802,-0.6222007,-0.6085617,-0.25083333
I_LOVE_YOU,0.0,0.0,0.0,-0.23283145,-0.05052529,0.015699089,-0.45399135,-0.13571793,-0.017324215,-0.61895454,-0.10440494,-0.0747245,-0.7466973,-0.031735323,-0.12898658,-0.40458393,-0.5244182,0.044634864,-0.54258144,-0.76410925,-0.05411831,-0.67657906,-0.7312609,-0.13592817,-0.75605035,-0.6226446,-0.18034229,-0.35535976,-0.5472177,-0.020120045,-0.5262253,-0.8085525,-0.112435386,-0.67869246,-0.7344225,-0.16941848,-0.7419867,-0.5989848,-0.19670092,-0.29984754,-0.53174174,-0.09836977,-0.4686374,-0.7916523,-0.16494304,-0.6306104,-0.7184224,-0.19288006,-0.70947593,-0.59463495,-0.20083815,-0.24641488,-0.48139834,-0.17920624,-0.40115184,-0.6480934,-0.21386085,-0.5361345,-0.6382524,-0.22448406,-0.62137085,-0.5776014,-0.22764738
I_LOVE_YOU,0.0,0.0,0.0,-0.23201568,-0.05885392,0.007480932,-0.45043403,-0.1431483,-0.030231625,-0.61541855,-0.114148185,-0.090757385,-0.74720573,-0.044340327,-0.14778292,-0.40920144,-0.518978,0.03519222,-0.5412519,-0.7637041,-0.06454543,-0.67167425,-0.73947644,-0.14655551,-0.7463537,-0.64268124,-0.19225651,-0.35764915,-0.54567945,-0.025636865,-0.5145405,-0.8151188,-0.12064434,-0.66247576,-0.74908334,-0.17799838,-0.7240503,-0.61710775,-0.20556058,-0.29827565,-0.5340286,-0.100384966,-0.46163023,-0.79819703,-0.16812609,-0.621489,-0.7314463,-0.19609836,-0.6990793,-0.6103946,-0.20486274,-0.2391633,-0.48565528,-0.17846403,-0.39201823,-0.6473995,-0.2130643,-0.5279142,-0.63965434,-0.22524711,-0.6161402,-0.58408415,-0.23045106
I_LOVE_YOU,0.0,0.0,0.0,-0.25060374,-0.045656953,0.05219855,-0.4678506,-0.12863559,0.030335646,-0.6290506,-0.09323498,-0.026010374,-0.7605435,-0.02278444,-0.08411917,-0.42208874,-0.5065254,0.08113807,-0.5602864,-0.7301285,-0.010797761,-0.68607324,-0.7133368,-0.09145859,-0.75956863,-0.61970127,-0.13829035,-0.37020528,-0.5348121,-0.011778205,-0.538344,-0.78767186,-0.10794615,-0.6868957,-0.726756,-0.17277889,-0.7471017,-0.58779895,-0.20482357,-0.31199852,-0.52147615,-0.1166768,-0.4830497,-0.77137274,-0.18682528,-0.6427343,-0.7093542,-0.22021635,-0.7207281,-0.59099644,-0.23257639,-0.25640535,-0.47025508,-0.22167099,-0.41367573,-0.6263291,-0.26305676,-0.5511617,-0.63221014,-0.27980095,-0.6411403,-0.5903633,-0.28814033
I_LOVE_YOU,0.0,0.0,0.0,-0.24851225,-0.044818707,0.07251698,-0.4632533,-0.13340661,0.058739927,-0.6231392,-0.09702294,0.0037755154,-0.7598399,-0.032956194,-0.054842453,-0.42115965,-0.51448435,0.10262105,-0.5585604,-0.7448346,0.01219181,-0.6876669,-0.7132059,-0.06740668,-0.7653799,-0.6125581,-0.11562716,-0.36850265,-0.5376441,-0.006112036,-0.5370637,-0.80154073,-0.107761756,-0.68831104,-0.7254157,-0.17871198,-0.75017846,-0.5836067,-0.21554446,-0.31233793,-0.52270114,-0.12643035,-0.47900233,-0.7817057,-0.20359021,-0.6410471,-0.7034236,-0.24360865,-0.72273415,-0.58031565,-0.26095888,-0.25866732,-0.47720408,-0.24525347,-0.4174673,-0.6439521,-0.29509866,-0.55614394,-0.6389123,-0.319087,-0.64710563,-0.5884855,-0.3336958
I_LOVE_YOU,0.0,0.0,0.0,-0.23857257,-0.066092364,0.018845124,-0.45875204,-0.14998908,-0.01833005,-0.62487537,-0.111436814,-0.08057107,-0.75446856,-0.038022693,-0.13976844,-0.39179614,-0.5512157,0.04432284,-0.5274377,-0.78531283,-0.05417597,-0.66063154,-0.7507103,-0.13637014,-0.74838805,-0.643037,-0.18334581,-0.34157488,-0.5636844,-0.023817394,-0.52723795,-0.8077384,-0.12667264,-0.67308295,-0.7329446,-0.18985565,-0.7384914,-0.5975706,-0.2193452,-0.2872605,-0.53463644,-0.10442921,-0.47169334,-0.76262575,-0.17703351,-0.62547874,-0.6986821,-0.2068943,-0.7094148,-0.58406025,-0.21534033,-0.23529772,-0.47111222,-0.18702562,-0.38801217,-0.6170454,-0.22496061,-0.5176029,-0.627252,-0.2396456,-0.6116231,-0.5951882,-0.24636878
I_LOVE_YOU,0.0,0.0,0.0,-0.24558909,-0.06604118,0.028483307,-0.4607696,-0.1473698,-0.0068123653,-0.62689126,-0.11544912,-0.0720761,-0.7650995,-0.056076735,-0.13494238,-0.40099868,-0.5497389,0.067123845,-0.53777516,-0.7731064,-0.027000047,-0.6690646,-0.7408216,-0.109772,-0.7522281,-0.6387765,-0.1589542,-0.3508062,-0.5668641,-0.010054282,-0.53047097,-0.8087258,-0.10536794,-0.678676,-0.7344379,-0.17082545,-0.74181736,-0.5943754,-0.2056213,-0.29706025,-0.54240876,-0.10078132,-0.4784488,-0.7693514,-0.16880028,-0.63703614,-0.69462496,-0.2007352,-0.71452296,-0.568497,-0.21380167,-0.24826413,-0.48206148,-0.19380923,-0.4084248,-0.63112646,-0.22870591,-0.54191846,-0.6233608,-0.24287148,-0.6300989,-0.56866443,-0.25131863
I_LOVE_YOU,0.0,0.0,0.0,-0.24167472,-0.05828004,0.017419204,-0.45713356,-0.14485352,-0.018557768,-0.6231048,-0.11338918,-0.07977726,-0.7537587,-0.04487342,-0.1374004,-0.39840084,-0.5413602,0.049562912,-0.54048675,-0.7760831,-0.04550731,-0.66950953,-0.74280345,-0.12581299,-0.746615,-0.6370424,-0.17164432,-0.35034022,-0.5600548,-0.01645669,-0.53893197,-0.8009337,-0.11329873,-0.6821439,-0.72836846,-0.17729983,-0.74053687,-0.5906329,-0.20899099,-0.29715198,-0.5365588,-0.09546571,-0.48374444,-0.7667148,-0.16285141,-0.6376767,-0.7035969,-0.19686922,-0.7156651,-0.5850677,-0.21047641,-0.2477093,-0.4765425,-0.17669328,-0.40453026,-0.61715305,-0.21147661,-0.53126913,-0.6201201,-0.22797185,-0.6176189,-0.57874477,-0.23732439
I_LOVE_YOU,0.0,0.0,0.0,-0.23885013,-0.06278623,0.012896352,-0.45628858,-0.14937824,-0.02606563,-0.62347865,-0.11608803,-0.08954589,-0.7554575,-0.04830226,-0.14920092,-0.3929487,-0.54558605,0.046248868,-0.5382387,-0.77228373,-0.05022449,-0.67014897,-0.7394526,-0.13304612,-0.7480832,-0.63094443,-0.18031363,-0.34524864,-0.56405056,-0.017847259,-0.5318734,-0.8053732,-0.112377934,-0.67773175,-0.7353092,-0.17664702,-0.7369381,-0.59518355,-0.2102322,-0.29180914,-0.5412746,-0.09523314,-0.47918382,-0.77148044,-0.1611407,-0.63587457,-0.70260024,-0.19415677,-0.711478,-0.57548034,-0.20782721,-0.2432069,-0.48118675,-0.17540005,-0.40902847,-0.6237044,-0.20825198,-0.54180604,-0.61927736,-0.22289082,-0.6300576,-0.5667077,-0.23137535
I_LOVE_YOU,0.0,0.0,0.0,-0.24787337,-0.0616839,0.043494966,-0.45765382,-0.14681654,0.0140382815,-0.61928695,-0.11447208,-0.048727863,-0.7549128,-0.05572942,-0.11117444,-0.39641967,-0.5468559,0.07975466,-0.5413691,-0.77005684,-0.009857665,-0.6683317,-0.73984295,-0.09062902,-0.7477774,-0.6386991,-0.1395157,-0.34569055,-0.56412005,-0.007033195,-0.5326946,-0.80276674,-0.1012759,-0.67784053,-0.735209,-0.17038748,-0.7393329,-0.5968437,-0.20818745,-0.2923307,-0.53921723,-0.10612135,-0.47673598,-0.76864785,-0.17195775,-0.63406664,-0.70734406,-0.20813158,-0.7152727,-0.5903461,-0.22558054,-0.24516077,-0.4779896,-0.20612769,-0.4052961,-0.6245954,-0.24161558,-0.5364,-0.62849826,-0.2588482,-0.626146,-0.5845104,-0.2705455
I_LOVE_YOU,0.0,0.0,0.0,-0.23664267,-0.05902294,0.02003646,-0.4550007,-0.14984992,-0.012775067,-0.62442005,-0.12064149,-0.070798695,-0.75614244,-0.055141833,-0.12458272,-0.37519804,-0.5714185,0.06103255,-0.5307524,-0.79130155,-0.025219481,-0.6641854,-0.7464596,-0.10033807,-0.74222493,-0.6326086,-0.142889,-0.32938075,-0.587076,-0.0038021882,-0.5320734,-0.8175876,-0.08842788,-0.6787528,-0.7343668,-0.14654544,-0.7359032,-0.5899502,-0.17581457,-0.2830331,-0.5585546,-0.0814994,-0.4822002,-0.7702426,-0.13896742,-0.63913155,-0.6963934,-0.16718757,-0.71457154,-0.5726364,-0.17815354,-0.24705158,-0.49230182,-0.16154656,-0.42015195,-0.62950903,-0.18804649,-0.5479431,-0.6224636,-0.19816023,-0.63025653,-0.5727141,-0.20364432
I_LOVE_YOU,0.0,0.0,0.0,-0.24145912,-0.06326617,0.03529303,-0.4558942,-0.14956932,0.007468598,-0.62404597,-0.11650663,-0.051170353,-0.76277673,-0.05632574,-0.10738421,-0.39328933,-0.5577685,0.08190321,-0.5388746,-0.7736266,-0.0028535668,-0.66829675,-0.7237612,-0.07862803,-0.7491817,-0.61826926,-0.12359051,-0.34275496,-0.5801853,0.004030742,-0.5347402,-0.8178666,-0.08420836,-0.68304485,-0.7303765,-0.1466055,-0.74816203,-0.5864456,-0.17862833,-0.29095045,-0.55664647,-0.086754166,-0.48218787,-0.76865804,-0.15141143,-0.64025,-0.6875157,-0.18324575,-0.7212574,-0.56334436,-0.19566174,-0.2498451,-0.4964246,-0.17891175,-0.4196219,-0.6354819,-0.21092701,-0.5492282,-0.6236178,-0.2235474,-0.63773066,-0.572352,-0.23098911
I_LOVE_YOU,0.0,0.0,0.0,-0.24439622,-0.058373306,0.05783027,-0.4619646,-0.14529487,0.035628304,-0.627517,-0.11135921,-0.022111263,-0.7678651,-0.05304208,-0.08050676,-0.38330767,-0.57402223,0.0953636,-0.5391533,-0.76985544,0.01746241,-0.6676987,-0.7357796,-0.0549821,-0.74869114,-0.6372568,-0.09981643,-0.32963616,-0.59610224,0.002429479,-0.536023,-0.8085049,-0.07819423,-0.68419194,-0.72930205,-0.13816586,-0.7485301,-0.58605397,-0.17215618,-0.2780332,-0.56661224,-0.10146583,-0.48529807,-0.7648361,-0.16178402,-0.64536613,-0.68693334,-0.1904646,-0.72767997,-0.5640044,-0.20412102,-0.241099,-0.4935274,-0.20482364,-0.420051,-0.6213289,-0.23890598,-0.55034786,-0.61452335,-0.2515116,-0.63927084,-0.56978434,-0.26028228
I_LOVE_YOU,0.0,0.0,0.0,-0.23104832,-0.05220006,0.01677249,-0.44935966,-0.13832352,-0.019272896,-0.61915606,-0.106612116,-0.08009648,-0.7551422,-0.039827205,-0.13791403,-0.39509556,-0.55363667,0.045521908,-0.5543151,-0.75635403,-0.049217377,-0.6869546,-0.7083414,-0.12884478,-0.7624349,-0.60400337,-0.17491776,-0.34199432,-0.57956994,-0.022367408,-0.54641217,-0.8106607,-0.12049599,-0.69447637,-0.7195155,-0.18341658,-0.7519655,-0.57028353,-0.21342741,-0.28579172,-0.5561857,-0.102905914,-0.48669818,-0.76138586,-0.1742027,-0.6460748,-0.67926806,-0.20704609,-0.7222264,-0.5524721,-0.21860582,-0.23970537,-0.49036294,-0.18565443,-0.41517484,-0.62192607,-0.22415039,-0.54828715,-0.60897034,-0.24007607,-0.6372342,-0.5593161,-0.24841651
I_LOVE_YOU,0.0,0.0,0.0,-0.23860042,-0.055324186,0.017603941,-0.45919603,-0.13986446,-0.019747026,-0.6274744,-0.10468587,-0.082966566,-0.7602646,-0.03178066,-0.1439674,-0.3994117,-0.5521473,0.04788469,-0.56016755,-0.75792116,-0.04917008,-0.6924508,-0.7050974,-0.13248517,-0.7696868,-0.5912111,-0.18033585,-0.34624442,-0.5784825,-0.021411411,-0.5499709,-0.8083946,-0.1198401,-0.69834656,-0.7157598,-0.18765108,-0.7597037,-0.5621697,-0.22183008,-0.29085585,-0.55610687,-0.10321877,-0.49356857,-0.77126217,-0.17566472,-0.65299696,-0.68446463,-0.2122754,-0.73100835,-0.5481161,-0.22632909,-0.24770516,-0.4872925,-0.18680185,-0.42670843,-0.61942816,-0.22473489,-0.5587775,-0.60721046,-0.2406158,-0.64719325,-0.554277,-0.24898115
I_LOVE_YOU,0.0,0.0,0.0,-0.24024835,-0.05995975,0.010117165,-0.45977092,-0.13770537,-0.03582095,-0.62895066,-0.096906185,-0.105897576,-0.76159203,-0.020621747,-0.17427008,-0.40033513,-0.54177946,0.026577506,-0.56315213,-0.7463421,-0.07927308,-0.6966428,-0.6977068,-0.1691362,-0.7770114,-0.5879589,-0.22127707,-0.34695408,-0.56601185,-0.040933605,-0.55117196,-0.80851793,-0.15435168,-0.6993067,-0.7148217,-0.22935325,-0.75750345,-0.55399686,-0.26597708,-0.28997388,-0.54257673,-0.120037794,-0.4860383,-0.7686995,-0.19927564,-0.64592826,-0.6866287,-0.23862731,-0.72039354,-0.54941577,-0.25348988,-0.24232686,-0.4756333,-0.20136541,-0.410957,-0.6181879,-0.24131314,-0.54040694,-0.61084443,-0.25797087,-0.6227962,-0.5590434,-0.2669949
I_LOVE_YOU,0.0,0.0,0.0,-0.24808331,-0.05983178,0.022871155,-0.47028348,-0.13516505,-0.018408947,-0.63997287,-0.09498035,-0.08725908,-0.77725446,-0.02777406,-0.15440576,-0.398791,-0.5559114,0.045871884,-0.5670829,-0.7599752,-0.055618577,-0.70083106,-0.70920897,-0.1424256,-0.78217655,-0.598228,-0.19301766,-0.34499693,-0.5771328,-0.028311722,-0.563163,-0.8022106,-0.13517708,-0.7106517,-0.703544,-0.20750034,-0.76832455,-0.54689085,-0.24409783,-0.28918305,-0.55064446,-0.11410562,-0.5004372,-0.7635678,-0.1905887,-0.6611609,-0.6709622,-0.2263643,-0.73767966,-0.53137463,-0.23899807,-0.24490994,-0.481333,-0.20118788,-0.4277217,-0.61348814,-0.24092507,-0.561132,-0.6032084,-0.25593635,-0.6492492,-0.5535027,-0.26319513
I_LOVE_YOU,0.0,0.0,0.0,-0.24111503,-0.057665315,0.021898372,-0.460273,-0.1389613,-0.017039843,-0.6282625,-0.10371184,-0.08322652,-0.76446223,-0.03381426,-0.14775771,-0.40381265,-0.5473962,0.04442309,-0.56350195,-0.7635413,-0.05605887,-0.69399595,-0.7127807,-0.13987873,-0.766125,-0.60238415,-0.18796074,-0.34935623,-0.5722794,-0.028927837,-0.5560384,-0.8087214,-0.13334183,-0.70056933,-0.71358436,-0.20165256,-0.7505726,-0.5582574,-0.23522496,-0.29095614,-0.5499379,-0.11442433,-0.49556583,-0.76850104,-0.18963435,-0.65273124,-0.6796939,-0.22519325,-0.7219754,-0.543115,-0.23813216,-0.24143964,-0.48751846,-0.20142321,-0.42058033,-0.6251324,-0.2411644,-0.5509763,-0.61560655,-0.25722378,-0.63269377,-0.5646654,-0.26553607
I_LOVE_YOU,0.0,0.0,0.0,-0.24605152,-0.05782857,0.04161452,-0.46552798,-0.13565935,0.01090489,-0.6310162,-0.096590884,-0.052181672,-0.76725554,-0.03322406,-0.114431575,-0.40128666,-0.54901916,0.06964524,-0.5646374,-0.75506836,-0.025352696,-0.69781935,-0.7007184,-0.10690376,-0.7767349,-0.58911085,-0.15487087,-0.3495969,-0.5690535,-0.016218167,-0.5615802,-0.8017878,-0.115752906,-0.7107236,-0.70347136,-0.1833345,-0.76744914,-0.55031097,-0.21821758,-0.2954325,-0.5440967,-0.11374619,-0.49943584,-0.7604598,-0.1859068,-0.6610827,-0.6641276,-0.2197194,-0.7369695,-0.52778226,-0.23295774,-0.25240293,-0.47953343,-0.21173605,-0.43318388,-0.6145335,-0.24975426,-0.5673964,-0.59461355,-0.2642037,-0.653845,-0.5395002,-0.27258968
I_LOVE_YOU,0.0,0.0,0.0,-0.25074965,-0.05715588,0.043120995,-0.46902683,-0.13114005,0.0091034025,-0.6345781,-0.08930063,-0.058847085,-0.7727526,-0.023220168,-0.12769315,-0.40922666,-0.5407229,0.068591096,-0.57293385,-0.7374295,-0.028364964,-0.7022772,-0.69345397,-0.11441068,-0.7765694,-0.58655185,-0.16654378,-0.3552212,-0.5657251,-0.021332305,-0.56138146,-0.79367393,-0.1255269,-0.7077932,-0.7064197,-0.19984816,-0.76150703,-0.5488579,-0.24013071,-0.3001197,-0.54234296,-0.12274542,-0.5040766,-0.75568825,-0.19860815,-0.66409606,-0.669466,-0.23716693,-0.7356418,-0.5315867,-0.25447565,-0.2557983,-0.4779267,-0.22447366,-0.43289873,-0.6134889,-0.26714706,-0.5658871,-0.60513556,-0.2854054,-0.6495612,-0.55175674,-0.2971352
I_LOVE_YOU,0.0,0.0,0.0,-0.24726002,-0.05956828,0.029709725,-0.46903923,-0.1339964,-0.006501548,-0.63792497,-0.088111885,-0.07234019,-0.77370274,-0.021361096,-0.1362145,-0.402567,-0.5528902,0.062330447,-0.56740767,-0.7544252,-0.03256579,-0.69937325,-0.70282394,-0.11543921,-0.78147894,-0.592603,-0.16456929,-0.35158697,-0.57103854,-0.015162957,-0.5665054,-0.7957831,-0.11551553,-0.71343833,-0.700718,-0.18521588,-0.7716749,-0.5492676,-0.22150485,-0.29810318,-0.5447517,-0.10474732,-0.503272,-0.7527814,-0.17577785,-0.6638451,-0.6625751,-0.21071005,-0.74155915,-0.5275728,-0.22451608,-0.2543669,-0.48050895,-0.1957185,-0.43243253,-0.61359614,-0.2314864,-0.56643134,-0.5993371,-0.24636172,-0.6559357,-0.5452935,-0.25505325
I_LOVE_YOU,0.0,0.0,0.0,-0.26605853,-0.06584402,0.09467118,-0.48102897,-0.13791215,0.073538594,-0.6408275,-0.09010348,0.005470272,-0.78350276,-0.02480462,-0.070134036,-0.41267103,-0.55241483,0.09665069,-0.5736449,-0.7435746,0.002780656,-0.70271933,-0.69649464,-0.082043834,-0.7837791,-0.59133387,-0.13705382,-0.35199058,-0.5718765,-0.030457495,-0.5661308,-0.791255,-0.13596545,-0.7142488,-0.69989187,-0.21508501,-0.7699328,-0.54728913,-0.26292163,-0.29702914,-0.5430134,-0.16553947,-0.5067045,-0.74763227,-0.24466729,-0.6694432,-0.6585043,-0.28803012,-0.7448276,-0.52763754,-0.31290945,-0.2546293,-0.47649148,-0.29678154,-0.4363571,-0.61239904,-0.3473694,-0.5734117,-0.603829,-0.37245142,-0.6632165,-0.55220604,-0.3924075
I_LOVE_YOU,0.0,0.0,0.0,-0.2541172,-0.05914291,0.05084252,-0.47191882,-0.13458583,0.02246388,-0.6360479,-0.087118246,-0.040754464,-0.77332914,-0.020133639,-0.10411445,-0.41514996,-0.54557383,0.08158706,-0.56696135,-0.7485425,-0.008118692,-0.6939985,-0.7090493,-0.08786903,-0.76922363,-0.6065522,-0.13637419,-0.3601058,-0.5689274,-0.010382991,-0.5561674,-0.79607624,-0.103966735,-0.7023401,-0.7118415,-0.16886559,-0.7581681,-0.56180286,-0.20403966,-0.3041868,-0.54573256,-0.114262305,-0.49759057,-0.7576352,-0.18060283,-0.65664124,-0.67510664,-0.21127127,-0.7327299,-0.5457403,-0.22518061,-0.25798458,-0.48080286,-0.21865837,-0.42788532,-0.6125271,-0.2537655,-0.5589825,-0.6025777,-0.26747125,-0.646089,-0.5520982,-0.27698514
I_LOVE_YOU,0.0,0.0,0.0,-0.25818184,-0.053577967,0.06508297,-0.47493744,-0.12664145,0.036893196,-0.63838285,-0.0813465,-0.032068644,-0.78366554,-0.020466408,-0.104172125,-0.41606453,-0.541524,0.09055757,-0.58045596,-0.73752654,-0.0057832724,-0.71022826,-0.6924881,-0.09273494,-0.7831545,-0.58199596,-0.14664426,-0.3596565,-0.5677837,-0.017128112,-0.5685029,-0.7909745,-0.11988629,-0.71663004,-0.6974535,-0.19601704,-0.7692433,-0.53924423,-0.23939793,-0.3031519,-0.5460149,-0.13626221,-0.5079684,-0.75836766,-0.2111413,-0.6693214,-0.662829,-0.24990545,-0.7415821,-0.52384675,-0.26958224,-0.256353,-0.4818533,-0.2546811,-0.43754268,-0.6117825,-0.2986323,-0.57494277,-0.5917384,-0.31816974,-0.6630945,-0.53293127,-0.33222726
I_LOVE_YOU,0.0,0.0,0.0,-0.24715224,-0.061750766,0.017559376,-0.4678462,-0.13271543,-0.023556782,-0.63799775,-0.085512854,-0.0914846,-0.7739925,-0.019121746,-0.15617722,-0.40688893,-0.5494619,0.05341201,-0.5677987,-0.7538058,-0.04567822,-0.7023611,-0.7056863,-0.13229498,-0.78302777,-0.5940821,-0.18294875,-0.35757476,-0.56814635,-0.01644449,-0.56242466,-0.7985967,-0.119508736,-0.7088899,-0.7053191,-0.19070062,-0.7660338,-0.5493214,-0.22722906,-0.30369183,-0.54487896,-0.099349394,-0.50022423,-0.7645082,-0.17118704,-0.65982664,-0.67598623,-0.20614597,-0.73580605,-0.5359718,-0.21941467,-0.25771692,-0.48040837,-0.18468525,-0.43198425,-0.6145313,-0.21936697,-0.5640953,-0.6018023,-0.23342386,-0.6512887,-0.54726964,-0.24102277
I_LOVE_YOU,0.0,0.0,0.0,-0.26388803,-0.06345258,0.084662914,-0.47669345,-0.12897873,0.060935605,-0.63587445,-0.08173906,-0.00908597,-0.7811139,-0.02197574,-0.08514917,-0.41997007,-0.5359379,0.10497634,-0.5784423,-0.7318242,0.01184633,-0.7079811,-0.6907553,-0.07430209,-0.78457004,-0.5881049,-0.12983486,-0.36319575,-0.5623067,-0.016954903,-0.5687162,-0.78957087,-0.12059218,-0.71624637,-0.6978476,-0.20068699,-0.76630306,-0.5399478,-0.24781188,-0.30802014,-0.54252166,-0.14886105,-0.51020336,-0.756926,-0.22510102,-0.6714918,-0.66064376,-0.26686868,-0.7406866,-0.5212336,-0.2896613,-0.26007003,-0.4843457,-0.2784434,-0.43502706,-0.61861074,-0.32412547,-0.5718764,-0.60296994,-0.3453961,-0.6587197,-0.54588395,-0.3618475
I_LOVE_YOU,0.0,0.0,0.0,-0.24490404,-0.05919937,0.04429752,-0.45833573,-0.13408642,0.016203467,-0.61929274,-0.09128568,-0.045326233,-0.7511799,-0.021558778,-0.105940655,-0.41390607,-0.5302164,0.07588741,-0.5627055,-0.75019175,-0.01760865,-0.6932061,-0.7115272,-0.09792784,-0.7632255,-0.6061381,-0.14506534,-0.36441126,-0.55541664,-0.011565916,-0.55117446,-0.7972293,-0.106393054,-0.70070356,-0.71345264,-0.1691123,-0.75517553,-0.563916,-0.20209882,-0.31016842,-0.53749865,-0.1118838,-0.49627182,-0.7657989,-0.17958091,-0.65423316,-0.67769974,-0.20966801,-0.72469205,-0.5440137,-0.2226175,-0.26162127,-0.4832783,-0.21339972,-0.42622915,-0.62383336,-0.24995649,-0.55548346,-0.6075726,-0.26398835,-0.63510007,-0.55111796,-0.27308032
I_LOVE_YOU,0.0,0.0,0.0,-0.23957056,-0.052581675,0.015682684,-0.46243608,-0.12344562,-0.025902016,-0.6327062,-0.079399854,-0.092419505,-0.7661529,-0.0051036277,-0.15585575,-0.4011072,-0.5415372,0.043636672,-0.55834746,-0.75227374,-0.052375108,-0.69296056,-0.71538866,-0.13461761,-0.77370894,-0.6127571,-0.18275008,-0.35260305,-0.56261784,-0.024133975,-0.55841553,-0.795132,-0.12360447,-0.705039,-0.70916843,-0.18872066,-0.76075035,-0.5565855,-0.2212451,-0.29849693,-0.5385401,-0.104290895,-0.49772632,-0.75190026,-0.1737087,-0.65672374,-0.6704876,-0.20539235,-0.73173815,-0.5374549,-0.21695983,-0.251165,-0.4742671,-0.1868455,-0.42335618,-0.607485,-0.22158146,-0.5541154,-0.59871763,-0.23495714,-0.63973427,-0.5480675,-0.24218112
I_LOVE_YOU,0.0,0.0,0.0,-0.24482596,-0.046996117,0.030418355,-0.46984848,-0.1183911,-0.0036611238,-0.6383507,-0.0766778,-0.06758892,-0.77146626,-0.0015605714,-0.13018689,-0.41421792,-0.5295219,0.0612203,-0.57639855,-0.73170894,-0.033380415,-0.7088306,-0.69197184,-0.11562593,-0.78982127,-0.59282076,-0.16453035,-0.36276287,-0.55487823,-0.017733734,-0.56900984,-0.78610134,-0.119330876,-0.71655434,-0.6975313,-0.18840459,-0.77144295,-0.5421038,-0.22320902,-0.3076646,-0.5369569,-0.10886587,-0.50887287,-0.7491004,-0.1812555,-0.6704183,-0.660282,-0.21766956,-0.7433339,-0.5232134,-0.23166764,-0.26091608,-0.48123547,-0.2014277,-0.43831825,-0.61560404,-0.23822322,-0.5723897,-0.59938115,-0.2538968,-0.65645623,-0.54006934,-0.262818
I_LOVE_YOU,0.0,0.0,0.0,-0.23585518,-0.0513023,0.013626288,-0.46294287,-0.12384454,-0.027185693,-0.63308847,-0.07679625,-0.09150908,-0.7641766,-0.0023939507,-0.15183184,-0.3970553,-0.542816,0.03667878,-0.5594967,-0.759269,-0.060888533,-0.6966145,-0.71116483,-0.1418188,-0.7802123,-0.5985792,-0.1874647,-0.3496576,-0.55975425,-0.027951404,-0.5603151,-0.80047745,-0.12947838,-0.7092896,-0.70491725,-0.19344375,-0.76480633,-0.5451038,-0.22318801,-0.29815447,-0.5356528,-0.104665,-0.49977666,-0.7519607,-0.17476998,-0.66064745,-0.6653778,-0.20737806,-0.7358687,-0.52765644,-0.21805327,-0.25323436,-0.47590584,-0.18359548,-0.42687896,-0.61082333,-0.21790229,-0.5590755,-0.60023654,-0.23205625,-0.64541674,-0.54560554,-0.23884857
I_LOVE_YOU,0.0,0.0,0.0,-0.23637785,-0.05278615,0.0089420965,-0.45482513,-0.12946665,-0.031434264,-0.62148505,-0.08894287,-0.09568798,-0.75588375,-0.011827267,-0.15676449,-0.4135382,-0.53973633,0.041042473,-0.5625821,-0.7527205,-0.05757809,-0.6936588,-0.7102685,-0.14160722,-0.77462244,-0.60854286,-0.19063863,-0.36193067,-0.5671361,-0.023008397,-0.5495499,-0.80779505,-0.12462062,-0.69640607,-0.7176479,-0.19091012,-0.75852656,-0.5670166,-0.223366,-0.30305338,-0.5497023,-0.10051092,-0.48806515,-0.7755817,-0.17379472,-0.646906,-0.69002104,-0.20840766,-0.7263793,-0.5568168,-0.22086133,-0.24753809,-0.49078497,-0.18100582,-0.41054973,-0.6322808,-0.21845362,-0.541126,-0.6195576,-0.23407698,-0.6289848,-0.5666521,-0.24234346
I_LOVE_YOU,0.0,0.0,0.0,-0.22844112,-0.050792262,0.010875249,-0.44844547,-0.12755062,-0.025646681,-0.61493766,-0.08645483,-0.08662568,-0.74375606,-0.011505569,-0.14382505,-0.40789542,-0.5265699,0.0448677,-0.5568814,-0.7522814,-0.051006574,-0.6896245,-0.7139217,-0.13189127,-0.76447195,-0.60763115,-0.17753121,-0.3598185,-0.55371153,-0.018962959,-0.5420371,-0.8029095,-0.11447009,-0.6917324,-0.7221539,-0.17687553,-0.749597,-0.5713832,-0.20761637,-0.30451375,-0.54034877,-0.09669335,-0.48724243,-0.7739342,-0.16485211,-0.64730513,-0.6917167,-0.19934388,-0.72064203,-0.5555353,-0.21270601,-0.2526608,-0.4907367,-0.17752436,-0.4171979,-0.6371023,-0.21252017,-0.5488767,-0.6210974,-0.22859979,-0.6314231,-0.5577837,-0.237498
I_LOVE_YOU,0.0,0.0,0.0,-0.23052879,-0.049702313,0.009809703,-0.44996554,-0.12411251,-0.03184614,-0.61591864,-0.08339186,-0.096205756,-0.7491488,-0.008470909,-0.15723616,-0.40671915,-0.52973413,0.03216702,-0.5563179,-0.7601816,-0.068015404,-0.68973476,-0.72226125,-0.1515126,-0.7644733,-0.6108488,-0.19832289,-0.35461602,-0.5560225,-0.030787103,-0.54249984,-0.8036058,-0.13137902,-0.69069976,-0.7231416,-0.19510642,-0.7492311,-0.5702278,-0.22565068,-0.29551652,-0.5388399,-0.10663897,-0.48504382,-0.76932746,-0.1771218,-0.6437477,-0.69767004,-0.21011691,-0.721929,-0.5677599,-0.2224451,-0.23831609,-0.48410586,-0.18506236,-0.4033969,-0.6212882,-0.2229342,-0.5348491,-0.6179886,-0.23903888,-0.6245199,-0.5714057,-0.24742149
I_LOVE_YOU,0.0,0.0,0.0,-0.22445375,-0.043123063,0.0045809234,-0.44971505,-0.12211388,-0.0337285,-0.6191174,-0.084784284,-0.09302288,-0.7496977,-0.00852617,-0.14752239,-0.40913934,-0.52549577,0.029238136,-0.5515359,-0.7578971,-0.06595005,-0.6835111,-0.7170442,-0.14345345,-0.7562097,-0.60934603,-0.18643916,-0.36093405,-0.55132854,-0.028805127,-0.54049957,-0.80456084,-0.121360056,-0.68794763,-0.72576034,-0.17644618,-0.74394226,-0.5800992,-0.20195109,-0.30510324,-0.5348984,-0.100270554,-0.48765483,-0.7625322,-0.1652536,-0.64468247,-0.6876598,-0.19393967,-0.71787274,-0.5615249,-0.20392491,-0.25111735,-0.48288536,-0.17522278,-0.413603,-0.6303713,-0.20947853,-0.54565215,-0.61952674,-0.22411269,-0.6310865,-0.56241566,-0.23178998
I_LOVE_YOU,0.0,0.0,0.0,-0.23067306,-0.039103422,0.003940484,-0.45332554,-0.1143179,-0.036483362,-0.62183154,-0.075830154,-0.099566214,-0.75356656,-0.0015670076,-0.1583144,-0.42001206,-0.5168849,0.035299886,-0.56451994,-0.74830973,-0.066363245,-0.6960118,-0.7151865,-0.15155227,-0.7715056,-0.6067635,-0.1996727,-0.37088233,-0.54056025,-0.025638735,-0.55112815,-0.7906618,-0.12903732,-0.69878125,-0.7153354,-0.19530216,-0.7557322,-0.56483257,-0.22700296,-0.3112154,-0.5257686,-0.10083668,-0.4926187,-0.7518988,-0.17333442,-0.6513234,-0.6763681,-0.20998052,-0.72530043,-0.5448215,-0.2239251,-0.24977623,-0.478123,-0.17981401,-0.40854275,-0.62240833,-0.21915744,-0.5438328,-0.61202,-0.23944318,-0.63269424,-0.5534134,-0.25050262
I_LOVE_YOU,0.0,0.0,0.0,-0.22653815,-0.043028995,0.0037031055,-0.44900146,-0.119651794,-0.036340024,-0.6185903,-0.079812445,-0.09838107,-0.75044733,-0.00020048291,-0.15596358,-0.4133049,-0.5206006,0.035437528,-0.55450404,-0.75960463,-0.06362562,-0.68490076,-0.7237387,-0.14634806,-0.76049006,-0.61302376,-0.19262284,-0.3638913,-0.54487336,-0.023577468,-0.54049665,-0.8011518,-0.121353,-0.6878333,-0.72586864,-0.18320207,-0.7475257,-0.58084625,-0.21279791,-0.30502206,-0.5293714,-0.096583806,-0.48530254,-0.7604387,-0.16517407,-0.6436659,-0.6854251,-0.19778246,-0.7217109,-0.5565383,-0.20968731,-0.24557161,-0.47961846,-0.17322545,-0.40506402,-0.62331903,-0.2088363,-0.5387005,-0.61382645,-0.22519624,-0.6283946,-0.5583899,-0.23391862
I_LOVE_YOU,0.0,0.0,0.0,-0.23686826,-0.04009017,0.029295648,-0.46087754,-0.11570755,-0.0005171594,-0.62630045,-0.07319988,-0.058838587,-0.7568952,0.005241958,-0.114799224,-0.4138908,-0.5238467,0.06266967,-0.56161207,-0.749062,-0.02864474,-0.6929018,-0.7130478,-0.10682695,-0.7660323,-0.60629463,-0.15198128,-0.36280483,-0.5511499,-0.012509776,-0.54831505,-0.7943725,-0.10307887,-0.6987335,-0.71538204,-0.16269128,-0.7544355,-0.56711054,-0.1932572,-0.30628604,-0.5363097,-0.10088781,-0.4954336,-0.7622918,-0.1654885,-0.656485,-0.680559,-0.19692075,-0.72895217,-0.54840297,-0.2099579,-0.25476274,-0.48562917,-0.19126283,-0.4236094,-0.62688714,-0.2266298,-0.5601164,-0.6110949,-0.24289553,-0.64706653,-0.550017,-0.2525896
I_LOVE_YOU,0.0,0.0,0.0,-0.23734902,-0.042873394,0.027294727,-0.45816767,-0.1179042,-0.004662246,-0.62302065,-0.07258322,-0.06560959,-0.75670123,0.0020998013,-0.12443933,-0.42098948,-0.5274558,0.065785155,-0.571319,-0.7434451,-0.029119002,-0.70167136,-0.70555985,-0.11196198,-0.7718646,-0.59333855,-0.15938862,-0.36844403,-0.5565181,-0.009868546,-0.55354375,-0.79434353,-0.10191807,-0.7005616,-0.71359193,-0.16479707,-0.7551089,-0.5614664,-0.19765593,-0.3093268,-0.54433,-0.09960443,-0.49649835,-0.78071153,-0.16643731,-0.65548867,-0.6954155,-0.19909824,-0.72659457,-0.5561465,-0.21253204,-0.2544131,-0.49326873,-0.19154593,-0.42450982,-0.6368794,-0.22928107,-0.56266737,-0.61605734,-0.24580388,-0.65062666,-0.5495099,-0.25509578
I_LOVE_YOU,0.0,0.0,0.0,-0.23783998,-0.043931924,0.026425349,-0.45871684,-0.11863134,-0.005573096,-0.62384737,-0.07600979,-0.06594826,-0.7549877,-5.489406e-05,-0.124018885,-0.41637075,-0.5276939,0.06410442,-0.5653871,-0.7460521,-0.028737726,-0.69530636,-0.7111863,-0.1097126,-0.7642724,-0.60135883,-0.1561291,-0.36452213,-0.5564188,-0.009733298,-0.5494781,-0.7944532,-0.100814104,-0.69716346,-0.71691227,-0.16326135,-0.7504196,-0.5641697,-0.19593094,-0.30575004,-0.54415315,-0.0972425,-0.49228325,-0.7746322,-0.16202174,-0.65198606,-0.69272876,-0.19523098,-0.7227828,-0.55447185,-0.20955715,-0.25126207,-0.49390694,-0.18696131,-0.4181389,-0.6352718,-0.22228502,-0.5527616,-0.61856544,-0.23869443,-0.6377564,-0.55410224,-0.24836719
I_LOVE_YOU,0.0,0.0,0.0,-0.2313382,-0.0431325,0.00929907,-0.4543705,-0.11484792,-0.028170463,-0.6220009,-0.07315264,-0.08984546,-0.75196797,0.0070036435,-0.14751288,-0.42165408,-0.52213067,0.0463664,-0.56963295,-0.7473259,-0.05255363,-0.70038116,-0.70748925,-0.13642742,-0.7722128,-0.59472466,-0.18332234,-0.37313452,-0.551803,-0.016031517,-0.5519423,-0.79844725,-0.10953332,-0.69471663,-0.7192836,-0.17058022,-0.74832743,-0.5734396,-0.20112616,-0.316715,-0.54186296,-0.09316462,-0.49879125,-0.7845925,-0.16063847,-0.6521272,-0.6995537,-0.19196676,-0.72053087,-0.56185293,-0.20324105,-0.26069397,-0.4933649,-0.17375906,-0.4235172,-0.6429098,-0.20953023,-0.55867857,-0.625602,-0.22511856,-0.64614415,-0.56222254,-0.23312762
I_LOVE_YOU,0.0,0.0,0.0,-0.21852063,-0.036511686,0.01553616,-0.4398649,-0.118231386,-0.01798745,-0.6026937,-0.086567424,-0.074377656,-0.7294354,-0.0013127511,-0.12739065,-0.42151684,-0.52112454,0.03858123,-0.5549495,-0.7833132,-0.060276933,-0.67700505,-0.7359783,-0.13865644,-0.73518854,-0.6194218,-0.17947815,-0.36879745,-0.54681784,-0.024538973,-0.53436023,-0.82241255,-0.11727648,-0.67172337,-0.7367648,-0.1693189,-0.7151622,-0.5937213,-0.18977307,-0.30751583,-0.53407604,-0.10079194,-0.4782081,-0.7900396,-0.16410187,-0.6191664,-0.71864897,-0.18551423,-0.6800766,-0.60226285,-0.18876125,-0.24099003,-0.48763537,-0.1797387,-0.39015967,-0.64060533,-0.21194585,-0.51294076,-0.65188307,-0.22046794,-0.591431,-0.62611234,-0.22172345
I_LOVE_YOU,0.0,0.0,0.0,-0.22257607,-0.04136838,0.028276242,-0.44239485,-0.12125989,0.003047441,-0.6051669,-0.08212289,-0.05022123,-0.7309342,0.0017731878,-0.10113723,-0.41024864,-0.52329004,0.073852226,-0.5496299,-0.763763,-0.013635186,-0.67458093,-0.72815895,-0.088813126,-0.7379198,-0.61993647,-0.1292975,-0.3615324,-0.5524534,0.0028509856,-0.52750677,-0.8174642,-0.07701087,-0.67240244,-0.74018574,-0.12936525,-0.7268258,-0.5958696,-0.15360771,-0.30889106,-0.5444101,-0.08214907,-0.48119584,-0.8003821,-0.14001442,-0.6329575,-0.7220273,-0.16405565,-0.7019523,-0.59434426,-0.17023559,-0.25994626,-0.50096065,-0.16935171,-0.4213936,-0.6537284,-0.19710077,-0.54877084,-0.6440253,-0.20333026,-0.62766707,-0.59071255,-0.20407857
I_LOVE_YOU,0.0,0.0,0.0,-0.2269353,-0.044983964,0.023757542,-0.44566455,-0.1194963,-0.0065348335,-0.6109972,-0.08312014,-0.06530885,-0.7418435,-0.010488077,-0.12121282,-0.41432226,-0.5157741,0.075241484,-0.55236465,-0.7473158,-0.016324712,-0.67915654,-0.7110899,-0.09724626,-0.7469972,-0.60330117,-0.14278588,-0.36528423,-0.54659075,0.0034568566,-0.5302081,-0.8089302,-0.08578671,-0.67852783,-0.73457474,-0.14598052,-0.7369258,-0.5842665,-0.17500846,-0.30943018,-0.5413956,-0.08327442,-0.48085165,-0.79663193,-0.14668886,-0.63740295,-0.71969485,-0.17491828,-0.70930016,-0.58512706,-0.1835598,-0.25416768,-0.5045092,-0.17304452,-0.41486233,-0.6588628,-0.20474224,-0.5494286,-0.64936435,-0.21584795,-0.6358793,-0.593592,-0.22053748
I_LOVE_YOU,0.0,0.0,0.0,-0.22564667,-0.053180974,0.022708215,-0.44434398,-0.12817542,-0.0098626185,-0.60987407,-0.09029762,-0.069857344,-0.74144006,-0.018704211,-0.12696941,-0.3987909,-0.5233369,0.06437436,-0.5446097,-0.75747377,-0.03073304,-0.6768063,-0.7181607,-0.11231475,-0.7477555,-0.605852,-0.15732537,-0.35136548,-0.55214363,-0.0062471866,-0.52756506,-0.811641,-0.09677661,-0.6785923,-0.73451513,-0.15593204,-0.7376273,-0.5863732,-0.18463378,-0.29964903,-0.54327726,-0.09120847,-0.4835266,-0.7961631,-0.15591288,-0.6412649,-0.7170412,-0.18322179,-0.7129781,-0.5825519,-0.19134374,-0.25122923,-0.50156987,-0.17879866,-0.4196939,-0.6540919,-0.2119663,-0.5560763,-0.64390725,-0.2231519,-0.6437595,-0.58796674,-0.22769976
I_LOVE_YOU,0.0,0.0,0.0,-0.23653157,-0.053340074,0.034021948,-0.454037,-0.12799668,0.0077096033,-0.6191191,-0.08613064,-0.05046761,-0.7490604,-0.014693363,-0.10667379,-0.4098981,-0.52509034,0.09408446,-0.5560386,-0.7391491,0.009229102,-0.68182987,-0.70903546,-0.07022716,-0.75415224,-0.6094431,-0.11717029,-0.36361614,-0.5517602,0.015707705,-0.5404794,-0.79397815,-0.07100138,-0.68663794,-0.7269995,-0.13672106,-0.7462413,-0.5819818,-0.17146711,-0.31151012,-0.5428082,-0.07723172,-0.48959288,-0.7792747,-0.13809171,-0.6474792,-0.7067457,-0.17284633,-0.721268,-0.57512945,-0.18758686,-0.26298746,-0.50075346,-0.17267853,-0.4268757,-0.6502302,-0.20286822,-0.56345,-0.6416738,-0.21854627,-0.6533195,-0.5837929,-0.22820456
I_LOVE_YOU,0.0,0.0,0.0,-0.23445897,-0.044067994,0.023794595,-0.45095465,-0.11539551,-0.0059987544,-0.61517507,-0.07628052,-0.064474,-0.7448022,-0.007865471,-0.1196503,-0.4218577,-0.5111338,0.07192956,-0.5607245,-0.73820955,-0.017346883,-0.68744296,-0.7122062,-0.096125424,-0.7569448,-0.6130791,-0.14189333,-0.37554508,-0.54007494,0.00048457203,-0.54607934,-0.78993237,-0.08753692,-0.6910475,-0.7228093,-0.14831628,-0.7463373,-0.57797563,-0.18038335,-0.32030025,-0.5319728,-0.08559422,-0.49287504,-0.7750888,-0.14808549,-0.6521673,-0.69886017,-0.18069623,-0.7255466,-0.5638206,-0.19490823,-0.26682562,-0.48948383,-0.17474474,-0.42644393,-0.63981414,-0.20865214,-0.56605613,-0.6259779,-0.22625577,-0.6577487,-0.56279564,-0.23724404
I_LOVE_YOU,0.0,0.0,0.0,-0.24595472,-0.04175281,0.061676912,-0.45521358,-0.1087345,0.04129804,-0.614167,-0.06866365,-0.017986258,-0.7464687,0.0042769476,-0.0783292,-0.4331342,-0.49968866,0.10538722,-0.57248276,-0.730282,0.01620753,-0.69731873,-0.69331586,-0.06499141,-0.76748794,-0.5896457,-0.1137162,-0.38305908,-0.52776694,0.0054588653,-0.5524322,-0.7905528,-0.087302424,-0.69768757,-0.7164021,-0.15243702,-0.7511266,-0.5718458,-0.18674262,-0.32454842,-0.5187639,-0.10752973,-0.4950532,-0.77313673,-0.1724277,-0.6514309,-0.69394046,-0.20356168,-0.7234301,-0.565582,-0.21719263,-0.26425964,-0.47984803,-0.22134288,-0.42041305,-0.6379975,-0.25816807,-0.56048137,-0.62687224,-0.274531,-0.653415,-0.57254714,-0.2852994
I_LOVE_YOU,0.0,0.0,0.0,-0.23256898,-0.03417202,0.02509821,-0.45390344,-0.10856638,-2.6172855e-05,-0.6177445,-0.065637805,-0.052488122,-0.74091643,0.022735713,-0.10088887,-0.4343507,-0.5100309,0.07642422,-0.5687226,-0.75171316,-0.011247657,-0.69212604,-0.7093034,-0.087625295,-0.75698024,-0.59518987,-0.13012691,-0.38600147,-0.5422672,0.007830001,-0.54814416,-0.8019617,-0.074330956,-0.68972975,-0.7240669,-0.12661086,-0.7391083,-0.58019435,-0.1512308,-0.32790148,-0.53514904,-0.07573159,-0.49444672,-0.77780133,-0.13126984,-0.6459055,-0.7002671,-0.15514517,-0.713425,-0.57361466,-0.16330715,-0.26681277,-0.4961414,-0.16270809,-0.41423813,-0.6450114,-0.19098186,-0.54379386,-0.6319251,-0.20208895,-0.62545043,-0.5753689,-0.20768696
I_LOVE_YOU,0.0,0.0,0.0,-0.23276913,-0.03581175,0.009170145,-0.45941633,-0.10446996,-0.030032236,-0.6291418,-0.06162976,-0.09246236,-0.7593433,0.025415193,-0.15137719,-0.43542272,-0.5157076,0.0409363,-0.5786655,-0.7562095,-0.06023893,-0.70514584,-0.7090623,-0.1461532,-0.7752026,-0.5901841,-0.19467352,-0.38177487,-0.5477852,-0.022094969,-0.5539284,-0.8045933,-0.12142361,-0.6964005,-0.71763164,-0.18379276,-0.7496512,-0.5641982,-0.21361005,-0.31788498,-0.53644353,-0.09936182,-0.49424863,-0.7755057,-0.16849867,-0.64707476,-0.6979317,-0.19913009,-0.71860224,-0.56814164,-0.21028358,-0.2511091,-0.488288,-0.18001287,-0.4066491,-0.63069654,-0.21657316,-0.5365226,-0.6203223,-0.23184076,-0.6218831,-0.5690796,-0.24007887
I_LOVE_YOU,0.0,0.0,0.0,-0.24912913,-0.03440843,0.06900122,-0.4674101,-0.10104194,0.053477768,-0.6264731,-0.057508755,-0.0030326773,-0.7598894,0.017564444,-0.06324899,-0.44767267,-0.49269143,0.11590032,-0.5937532,-0.71003795,0.027710596,-0.7165738,-0.67759305,-0.05719623,-0.785812,-0.56882644,-0.10914132,-0.3912099,-0.53368455,0.010000345,-0.55835044,-0.78566927,-0.083120644,-0.7023687,-0.71181333,-0.15562202,-0.75771874,-0.5538977,-0.19572434,-0.32693562,-0.5313616,-0.10891284,-0.4969111,-0.7792319,-0.17733914,-0.6525228,-0.70006245,-0.2166461,-0.72333276,-0.5647635,-0.2364527,-0.26278147,-0.4897971,-0.22750178,-0.41904047,-0.6352419,-0.26998383,-0.5543523,-0.61859965,-0.29140642,-0.64139974,-0.5585496,-0.30615845
I_LOVE_YOU,0.0,0.0,0.0,-0.2293455,-0.03847962,0.011806489,-0.45193478,-0.108025245,-0.02269116,-0.61785585,-0.06210611,-0.08150225,-0.74602765,0.019848794,-0.13606913,-0.4268939,-0.5115478,0.05165342,-0.56899583,-0.7464413,-0.04586837,-0.6983335,-0.7012543,-0.12986854,-0.7711,-0.58504087,-0.17738989,-0.37863708,-0.54375774,-0.012202805,-0.54716337,-0.80110997,-0.10396593,-0.69378406,-0.72018313,-0.16243094,-0.7505927,-0.57528734,-0.1920595,-0.32076177,-0.5356458,-0.09090068,-0.49290532,-0.7853939,-0.15473121,-0.64877135,-0.70119685,-0.18219319,-0.7205007,-0.5669558,-0.19243011,-0.26104,-0.48939145,-0.17352352,-0.41355845,-0.6448994,-0.20694034,-0.5466901,-0.62596184,-0.21996665,-0.6316465,-0.5607729,-0.22720374
I_LOVE_YOU,0.0,0.0,0.0,-0.2346131,-0.039111678,0.016675178,-0.45375878,-0.10686385,-0.015170838,-0.61990225,-0.06441594,-0.074780986,-0.75040877,0.014301048,-0.13191652,-0.43952376,-0.495195,0.07164602,-0.57671237,-0.7129363,-0.021235323,-0.703361,-0.6823913,-0.106717326,-0.77837193,-0.5841199,-0.15814531,-0.39033434,-0.53395146,0.0018929258,-0.5469982,-0.7956356,-0.09268533,-0.69355685,-0.72040194,-0.15879343,-0.75678325,-0.57159597,-0.1930529,-0.32918155,-0.53432506,-0.08314579,-0.4851449,-0.7981842,-0.15009972,-0.64579725,-0.7160506,-0.18461308,-0.7237692,-0.5780007,-0.19908805,-0.26528507,-0.49525315,-0.17212692,-0.4091358,-0.65491325,-0.20662434,-0.5468904,-0.6293287,-0.22325684,-0.6374547,-0.55722624,-0.2337513
I_LOVE_YOU,0.0,0.0,0.0,-0.22525188,-0.031094134,0.0070713107,-0.44688505,-0.103121586,-0.025396232,-0.6155279,-0.06070137,-0.08175873,-0.7451816,0.019310158,-0.13446823,-0.43560562,-0.49625286,0.05839935,-0.56800705,-0.7229423,-0.03330044,-0.6923462,-0.6924802,-0.11515307,-0.7635728,-0.59147555,-0.16305618,-0.38535205,-0.5329876,-0.0033422743,-0.5333809,-0.7985486,-0.092874505,-0.67904437,-0.7340973,-0.1535964,-0.74559623,-0.59754366,-0.18487056,-0.32209155,-0.5322293,-0.08047581,-0.47488987,-0.7996623,-0.14602993,-0.63300663,-0.72808325,-0.17854246,-0.7138891,-0.60042816,-0.1915183,-0.2564258,-0.49404073,-0.16169424,-0.40262517,-0.6523365,-0.19790514,-0.5381673,-0.6364355,-0.21472603,-0.62828314,-0.57487833,-0.22430542
I_LOVE_YOU,0.0,0.0,0.0,-0.22433083,-0.035178002,0.008764642,-0.44617444,-0.11005329,-0.023370352,-0.6163936,-0.06651775,-0.0803372,-0.7449425,0.017998418,-0.13316908,-0.4326211,-0.49667615,0.060628958,-0.5627121,-0.7292576,-0.03224104,-0.6905696,-0.69627655,-0.11417683,-0.7632759,-0.59579116,-0.1616427,-0.38357884,-0.5313026,-0.0029187389,-0.532106,-0.80062574,-0.09295222,-0.68205893,-0.73129725,-0.15186651,-0.7471817,-0.5954022,-0.18131372,-0.32145143,-0.5313517,-0.082238376,-0.47208235,-0.797549,-0.14645264,-0.63342005,-0.71863973,-0.17675151,-0.7125847,-0.5896759,-0.18800524,-0.2556893,-0.49571875,-0.16608894,-0.39738548,-0.6583623,-0.19983037,-0.5341643,-0.6394959,-0.21507135,-0.6227892,-0.5753559,-0.22362886
I_LOVE_YOU,0.0,0.0,0.0,-0.23474894,-0.031269886,0.029382994,-0.44971064,-0.102144845,0.0007409498,-0.61231494,-0.056973025,-0.057882536,-0.7436653,0.02243721,-0.114048205,-0.43984348,-0.49220225,0.07659901,-0.56892264,-0.7221228,-0.017401692,-0.69256115,-0.6890356,-0.10013443,-0.75919926,-0.58353573,-0.14775023,-0.38829902,-0.5298569,-0.0015637974,-0.531279,-0.80036205,-0.093594186,-0.6782875,-0.7347967,-0.15305215,-0.73778063,-0.5913948,-0.18200281,-0.32585132,-0.529855,-0.09491962,-0.47143883,-0.7965775,-0.16132762,-0.6278077,-0.72255176,-0.18996459,-0.70151305,-0.5925037,-0.19970565,-0.2609584,-0.49254924,-0.19136763,-0.39520112,-0.6525439,-0.23046674,-0.5283335,-0.6408066,-0.24669418,-0.6151642,-0.58090746,-0.25470927
I_LOVE_YOU,0.0,0.0,0.0,-0.23737852,-0.035922974,0.050446194,-0.45348874,-0.11236672,0.033070736,-0.6119894,-0.07126442,-0.019351339,-0.7382333,0.011202557,-0.07182056,-0.43825474,-0.4941662,0.102639325,-0.5644621,-0.7253365,0.017247435,-0.68645257,-0.69879127,-0.061721466,-0.75400275,-0.5993724,-0.10903134,-0.38669932,-0.531465,0.011393352,-0.529735,-0.80078197,-0.07648092,-0.6760089,-0.7368935,-0.13761508,-0.735158,-0.59460986,-0.1686611,-0.32498696,-0.53146213,-0.093934685,-0.47156966,-0.79712135,-0.15660486,-0.62886256,-0.72603506,-0.18705402,-0.70572793,-0.60011405,-0.19959325,-0.25987074,-0.4950821,-0.20108107,-0.39728332,-0.6542964,-0.23775622,-0.5325545,-0.64738595,-0.25494176,-0.6241547,-0.59432185,-0.2653604
I_LOVE_YOU,0.0,0.0,0.0,-0.24547234,-0.03913105,0.056780268,-0.45805097,-0.1086259,0.035859954,-0.6160217,-0.067265354,-0.022277635,-0.7469187,0.007680166,-0.082869805,-0.43562323,-0.48804352,0.09231148,-0.569385,-0.71322954,0.0016952252,-0.69514996,-0.6918984,-0.08028952,-0.76499283,-0.5991614,-0.13034046,-0.3812054,-0.5246903,-0.0068114707,-0.53182137,-0.7990599,-0.10643076,-0.68155175,-0.7317699,-0.1739038,-0.7413359,-0.5813461,-0.20799622,-0.31849688,-0.522361,-0.11856337,-0.47043958,-0.7936952,-0.19138382,-0.6340448,-0.72186893,-0.22782697,-0.71412504,-0.5919139,-0.2432657,-0.25615475,-0.4826646,-0.23083119,-0.4043612,-0.6431223,-0.27684823,-0.54451495,-0.63503474,-0.29919395,-0.63883287,-0.5790655,-0.3127367
I_LOVE_YOU,0.0,0.0,0.0,-0.24544168,-0.035807375,0.06547648,-0.45578417,-0.106166534,0.049748156,-0.61028206,-0.058936063,-0.0051165326,-0.73899543,0.015789034,-0.060990244,-0.43552095,-0.5002451,0.10533118,-0.5574247,-0.74345714,0.014148123,-0.68219167,-0.7133963,-0.06622922,-0.75034845,-0.6056704,-0.11364685,-0.3817112,-0.5324221,0.0026443757,-0.5235133,-0.81050116,-0.09341132,-0.67279655,-0.7398276,-0.15613934,-0.7298179,-0.5913804,-0.18726774,-0.3210285,-0.5266111,-0.11349967,-0.46588627,-0.7867937,-0.18590428,-0.62731755,-0.70677394,-0.21965845,-0.70466703,-0.57780534,-0.2330614,-0.26061618,-0.48628545,-0.22975594,-0.4009399,-0.6434307,-0.2777998,-0.5363974,-0.62123823,-0.29985896,-0.62208885,-0.5537737,-0.31233093
I_LOVE_YOU,0.0,0.0,0.0,-0.25131267,-0.040330146,0.07265742,-0.46010154,-0.10850574,0.05879963,-0.6136335,-0.058970526,0.0037425237,-0.7429894,0.014793742,-0.053302675,-0.43592507,-0.499753,0.11609876,-0.5600034,-0.7362124,0.027413033,-0.6841777,-0.7077395,-0.053760912,-0.75686234,-0.5997291,-0.10281926,-0.3827869,-0.53087276,0.008972881,-0.5302517,-0.8043116,-0.087646484,-0.67855626,-0.73454845,-0.15534595,-0.7378596,-0.58292913,-0.1903408,-0.32352266,-0.52364415,-0.11107839,-0.47252268,-0.7773769,-0.18232809,-0.6340181,-0.70069593,-0.2201465,-0.71426797,-0.5720793,-0.23732188,-0.26459605,-0.48127842,-0.23071209,-0.40592656,-0.63692456,-0.2762136,-0.54234946,-0.61754274,-0.29961857,-0.63187253,-0.5521052,-0.31469584
I_LOVE_YOU,0.0,0.0,0.0,-0.24657355,-0.046276413,0.06152187,-0.45329705,-0.118890606,0.04021201,-0.60862714,-0.07558438,-0.019635526,-0.74046236,-0.0014151318,-0.0821787,-0.44162986,-0.4924319,0.09501508,-0.5725525,-0.72306514,-0.0029098373,-0.6954767,-0.6969867,-0.09089896,-0.76346505,-0.5935828,-0.14387889,-0.38642246,-0.52704823,-0.007631623,-0.5347212,-0.8026383,-0.1144828,-0.6783031,-0.7347822,-0.18876724,-0.73338723,-0.5833954,-0.2269895,-0.3223151,-0.52417475,-0.12285946,-0.46552098,-0.78795314,-0.19892713,-0.62070084,-0.7190532,-0.24040198,-0.6955592,-0.5926763,-0.25977325,-0.25285992,-0.48664722,-0.23819749,-0.38616592,-0.6440489,-0.28527018,-0.51965314,-0.64175266,-0.3109752,-0.6103678,-0.59240586,-0.32780585
I_LOVE_YOU,0.0,0.0,0.0,-0.22693521,-0.04540285,0.013542595,-0.4464711,-0.12214746,-0.020969229,-0.6100669,-0.07527094,-0.07976278,-0.73346347,0.0107150525,-0.13392107,-0.4189533,-0.5184962,0.0488357,-0.54600376,-0.77135956,-0.048061125,-0.6756824,-0.73056835,-0.12771045,-0.74721456,-0.61960053,-0.17213236,-0.3703363,-0.5468115,-0.0155552905,-0.5271417,-0.81738967,-0.10927441,-0.67232656,-0.7402547,-0.16373566,-0.7261343,-0.5988248,-0.18920337,-0.31165415,-0.53577936,-0.09455045,-0.4707685,-0.7941319,-0.15890871,-0.6252584,-0.71673435,-0.18417966,-0.69941276,-0.58866733,-0.19258651,-0.2500634,-0.48800468,-0.17726937,-0.39092985,-0.6437341,-0.21222082,-0.524234,-0.6391638,-0.2276858,-0.6149505,-0.59041667,-0.23641607
I_LOVE_YOU,0.0,0.0,0.0,-0.24666731,-0.049365252,0.06348964,-0.46135345,-0.115009815,0.040128462,-0.6175739,-0.06697422,-0.020484285,-0.74834967,0.006078252,-0.08088338,-0.42008427,-0.51883656,0.09042501,-0.54764783,-0.7751253,-0.0017792636,-0.6753867,-0.7298774,-0.08082164,-0.7444327,-0.60730237,-0.12574004,-0.36606714,-0.54241693,-0.008732321,-0.53440714,-0.8094085,-0.09764694,-0.6821398,-0.73122174,-0.15483671,-0.72747684,-0.57999885,-0.18423931,-0.30749002,-0.5248787,-0.120121494,-0.47818878,-0.77381814,-0.18201438,-0.63483065,-0.6956912,-0.2059434,-0.70218813,-0.5664195,-0.21550834,-0.24888386,-0.4745187,-0.23163371,-0.39767972,-0.63117015,-0.26943305,-0.53219974,-0.6206384,-0.28226516,-0.61782986,-0.56177384,-0.28940856
I_LOVE_YOU,0.0,0.0,0.0,-0.24767749,-0.04679875,0.05964891,-0.46432436,-0.11527908,0.033416856,-0.62286806,-0.069308326,-0.029499749,-0.7548487,0.005122381,-0.092988625,-0.43113783,-0.5199814,0.0847713,-0.5715424,-0.76405364,-0.012545612,-0.69666946,-0.71514404,-0.09657409,-0.7638816,-0.5902565,-0.14480875,-0.37408644,-0.5469372,-0.013708646,-0.5509983,-0.80814826,-0.1114296,-0.6926357,-0.72128755,-0.17616618,-0.7367061,-0.56282324,-0.2094916,-0.31110126,-0.5317483,-0.12441122,-0.49015486,-0.77999604,-0.19210005,-0.6436941,-0.6958562,-0.22196752,-0.71043324,-0.5609441,-0.23497769,-0.24824469,-0.4810377,-0.23508278,-0.403961,-0.6318854,-0.27442482,-0.5394331,-0.6274161,-0.29095265,-0.6291653,-0.57954085,-0.30155188
I_LOVE_YOU,0.0,0.0,0.0,-0.25233352,-0.049048502,0.08281831,-0.46762237,-0.117620654,0.06840786,-0.6225141,-0.06936691,0.011869624,-0.75352925,0.0027132249,-0.046619814,-0.42314154,-0.52532667,0.113588125,-0.5629884,-0.7581674,0.026314234,-0.6911238,-0.71387833,-0.052540433,-0.761923,-0.5914247,-0.099490836,-0.36856258,-0.5504295,0.0024761406,-0.5477946,-0.7992729,-0.08551395,-0.6954907,-0.71853507,-0.14800903,-0.744879,-0.56256735,-0.1831834,-0.31155667,-0.53253484,-0.12012919,-0.49212834,-0.76719105,-0.18279648,-0.6522046,-0.681812,-0.21337652,-0.7249586,-0.54703957,-0.22963165,-0.25954282,-0.47943836,-0.24123973,-0.41854796,-0.6253692,-0.2813222,-0.55666727,-0.609008,-0.2998529,-0.6474572,-0.54824585,-0.31339568
I_LOVE_YOU,0.0,0.0,0.0,-0.25835645,-0.047361284,0.09600015,-0.47021294,-0.11403816,0.08527441,-0.6227352,-0.066794336,0.028402554,-0.7564153,0.0011862081,-0.03302149,-0.43536004,-0.51277107,0.121328145,-0.5716978,-0.7432559,0.03289794,-0.6984734,-0.7029973,-0.048076745,-0.7685316,-0.5851072,-0.097871095,-0.379095,-0.54060566,-0.0009239842,-0.55320084,-0.7916687,-0.09181796,-0.7015519,-0.7126183,-0.15905635,-0.7520217,-0.5581155,-0.19896106,-0.3203281,-0.5255599,-0.13411503,-0.49427083,-0.7694583,-0.20117883,-0.655616,-0.684959,-0.23689054,-0.72803277,-0.5503193,-0.25780007,-0.26472658,-0.47600225,-0.26467428,-0.42028135,-0.62627137,-0.31102785,-0.55984145,-0.60928416,-0.3347147,-0.65096515,-0.5467454,-0.35288486
I_LOVE_YOU,0.0,0.0,0.0,-0.24965821,-0.04617244,0.07634691,-0.46098703,-0.11334073,0.059761137,-0.61335975,-0.06708627,0.0023006636,-0.74242055,0.0025951625,-0.05677201,-0.42282286,-0.5098918,0.102364026,-0.5599006,-0.74788076,0.011282008,-0.68765616,-0.7054097,-0.067657605,-0.75593454,-0.5883171,-0.113808334,-0.3691325,-0.5385694,-0.005779179,-0.5422058,-0.800706,-0.09695083,-0.69166785,-0.7222157,-0.15757968,-0.741168,-0.5704196,-0.19021045,-0.31205314,-0.5244706,-0.12561108,-0.48353386,-0.77606976,-0.19194597,-0.6427305,-0.69141024,-0.22079034,-0.7129957,-0.55768365,-0.23399109,-0.25896826,-0.47507104,-0.24437465,-0.41111583,-0.6289938,-0.28763697,-0.5476206,-0.6121774,-0.30586112,-0.6350386,-0.5495144,-0.3175691
I_LOVE_YOU,0.0,0.0,0.0,-0.23401485,-0.04839335,0.01675811,-0.45826796,-0.11944066,-0.020849686,-0.6262082,-0.0696758,-0.08382009,-0.75333285,0.01685081,-0.14286882,-0.41037327,-0.54026836,0.05115742,-0.553911,-0.77339065,-0.04335362,-0.68917465,-0.7245953,-0.12443081,-0.76096934,-0.6036291,-0.16983007,-0.35951078,-0.5693072,-0.015127979,-0.53512836,-0.8156871,-0.100821316,-0.6849498,-0.7266253,-0.15479343,-0.73405653,-0.57447726,-0.18294998,-0.30418327,-0.551704,-0.095528424,-0.48488364,-0.7927341,-0.15571964,-0.64716053,-0.7041419,-0.17939748,-0.7156534,-0.56436265,-0.18790017,-0.25577864,-0.49057412,-0.17889883,-0.4178541,-0.63868773,-0.20833144,-0.55183095,-0.6204833,-0.2166069,-0.63213915,-0.5539619,-0.22070426
I_LOVE_YOU,0.0,0.0,0.0,-0.25880864,-0.035154358,0.11433971,-0.47032246,-0.09912536,0.10692816,-0.6259172,-0.05101863,0.04721074,-0.7623296,0.02811592,-0.022280568,-0.4405562,-0.50210136,0.1280932,-0.5842951,-0.7183638,0.04051224,-0.70946646,-0.6858707,-0.03972429,-0.7761575,-0.57999957,-0.09099571,-0.37881383,-0.53653246,-0.011871573,-0.5579445,-0.78656554,-0.10791074,-0.70739084,-0.7068226,-0.17940862,-0.75792783,-0.5531329,-0.22184664,-0.3178167,-0.5266535,-0.16129285,-0.49597833,-0.7693211,-0.23720257,-0.6606888,-0.6834484,-0.27779126,-0.73083746,-0.54682326,-0.30111253,-0.26297083,-0.4794104,-0.30611616,-0.42467484,-0.62684226,-0.36151555,-0.56274855,-0.6102549,-0.3894453,-0.64889944,-0.5488112,-0.4107453
I_LOVE_YOU,0.0,0.0,0.0,-0.24311964,-0.044475395,0.061472796,-0.45957887,-0.11413237,0.038550023,-0.61650705,-0.06510534,-0.020353217,-0.74520236,0.010678253,-0.07901674,-0.40340635,-0.52856576,0.08124485,-0.54622227,-0.77225316,-0.009639956,-0.68106735,-0.72644264,-0.08603042,-0.7564116,-0.60434926,-0.12959525,-0.35068893,-0.55538136,-0.015164467,-0.5371245,-0.8074015,-0.10082497,-0.6939525,-0.72002083,-0.15413076,-0.74776983,-0.5688247,-0.18320362,-0.29976848,-0.5338478,-0.123184375,-0.48778775,-0.7759961,-0.18613826,-0.6529633,-0.68316466,-0.21030907,-0.72579396,-0.5456173,-0.22058572,-0.2605967,-0.47090125,-0.23068838,-0.42390764,-0.61962557,-0.26882038,-0.5589564,-0.594186,-0.28155443,-0.641346,-0.5226279,-0.28926376
I_LOVE_YOU,0.0,0.0,0.0,-0.26075158,-0.040739514,0.11806762,-0.47468752,-0.10861892,0.108763896,-0.6293952,-0.060015786,0.046582736,-0.7671471,0.018777814,-0.025946734,-0.43292943,-0.5224581,0.12094351,-0.57979983,-0.73509735,0.03016153,-0.7063794,-0.6986759,-0.053291574,-0.7761396,-0.5875218,-0.10710477,-0.37095025,-0.54780793,-0.02266155,-0.5559274,-0.79466176,-0.123168625,-0.7053018,-0.7089072,-0.198762,-0.7546118,-0.54793197,-0.2447201,-0.31352922,-0.5271419,-0.1747069,-0.50274765,-0.7567593,-0.2540026,-0.666791,-0.66526204,-0.29808,-0.73505706,-0.526546,-0.3243821,-0.26549459,-0.4681406,-0.3214603,-0.43835658,-0.60946506,-0.37938792,-0.5784076,-0.59418863,-0.4099239,-0.6645613,-0.5343115,-0.4340446
I_LOVE_YOU,0.0,0.0,0.0,-0.2599798,-0.04769845,0.14022528,-0.47282794,-0.11307754,0.14272486,-0.6243837,-0.0604061,0.088674664,-0.76144105,0.0058285217,0.025724638,-0.41899872,-0.5268555,0.14497602,-0.56176746,-0.7583571,0.062740415,-0.6907809,-0.7122295,-0.009996755,-0.7637158,-0.5887979,-0.055148374,-0.35903376,-0.5525513,-0.00554955,-0.54993916,-0.79955757,-0.09425745,-0.70260876,-0.71157634,-0.15559511,-0.7528138,-0.5558837,-0.1921121,-0.30845484,-0.5292054,-0.16374531,-0.5020281,-0.7627424,-0.23490156,-0.6634807,-0.66514814,-0.26561198,-0.7339943,-0.52845854,-0.28268817,-0.27172384,-0.46930724,-0.31514633,-0.4470138,-0.6108905,-0.36903965,-0.5854549,-0.58090526,-0.39215246,-0.6709154,-0.50893486,-0.4094903
I_LOVE_YOU,0.0,0.0,0.0,-0.26579076,-0.04488991,0.15708432,-0.47607967,-0.10484022,0.16418295,-0.6272286,-0.055124994,0.1117897,-0.7657795,0.00945963,0.047988288,-0.4205812,-0.5268353,0.14796847,-0.5678543,-0.7487478,0.06674241,-0.6983021,-0.7026194,-0.0053366837,-0.7708648,-0.58380973,-0.051623035,-0.35813555,-0.54867786,-0.013239346,-0.5550556,-0.79646856,-0.10742096,-0.70752597,-0.70668733,-0.17183064,-0.75612134,-0.5519751,-0.21067412,-0.30744195,-0.5228327,-0.18013392,-0.5041641,-0.7491249,-0.25625932,-0.6672266,-0.65464413,-0.28983882,-0.73531985,-0.5221798,-0.30942026,-0.2699471,-0.46290073,-0.33832118,-0.44748646,-0.60451365,-0.39741334,-0.587225,-0.5807415,-0.42429858,-0.67143476,-0.514562,-0.44536012
I_LOVE_YOU,0.0,0.0,0.0,-0.2600102,-0.041670837,0.13479555,-0.46981883,-0.10381115,0.1337448,-0.6211464,-0.057329003,0.07704679,-0.75960433,0.009644972,0.010399905,-0.42298555,-0.5125464,0.12782085,-0.56279457,-0.75028384,0.0408994,-0.6928298,-0.7110405,-0.033139557,-0.76190615,-0.5946799,-0.07936154,-0.36271775,-0.53942525,-0.021309659,-0.55083066,-0.79563856,-0.11609334,-0.7050098,-0.7091975,-0.17998637,-0.75560516,-0.55667627,-0.2182428,-0.3096584,-0.52021104,-0.17780097,-0.4995691,-0.7546905,-0.25457212,-0.6631332,-0.6589695,-0.2905366,-0.7314205,-0.52175677,-0.31148204,-0.2683476,-0.46812615,-0.3275167,-0.43970034,-0.61363727,-0.3868413,-0.576157,-0.5882651,-0.41514274,-0.6577095,-0.5176375,-0.43651748
I_LOVE_YOU,0.0,0.0,0.0,-0.26138753,-0.04889665,0.12148433,-0.47025853,-0.112163715,0.11568239,-0.62255436,-0.060737927,0.05714258,-0.7586817,0.0074052787,-0.008462738,-0.42433602,-0.5155377,0.13123582,-0.55937773,-0.75665176,0.045781102,-0.68850845,-0.72082233,-0.028831666,-0.75966215,-0.60659844,-0.07456409,-0.36775786,-0.5398817,-0.008272277,-0.5460261,-0.7954901,-0.09969695,-0.70005864,-0.7140854,-0.16071416,-0.7492303,-0.5581837,-0.19562042,-0.31543317,-0.5201702,-0.15687974,-0.49537894,-0.7573262,-0.2260377,-0.65920043,-0.6701618,-0.25550887,-0.7298582,-0.53652453,-0.2714803,-0.27198696,-0.46924087,-0.3009036,-0.43451497,-0.6182194,-0.35113788,-0.5737565,-0.59841347,-0.3731804,-0.6609682,-0.5315571,-0.38933057
I_LOVE_YOU,0.0,0.0,0.0,-0.27552524,-0.024489969,0.16619577,-0.4763305,-0.0720367,0.17751788,-0.627867,-0.03203148,0.12425651,-0.7724565,0.03379303,0.058287926,-0.45177728,-0.49123433,0.17827715,-0.58654034,-0.72272164,0.10028607,-0.7171578,-0.68124247,0.029033175,-0.7832696,-0.5557734,-0.015427698,-0.39367464,-0.5178449,0.010275678,-0.5749036,-0.7732042,-0.07551513,-0.72571266,-0.68799794,-0.13724363,-0.7764498,-0.54072374,-0.17387009,-0.33982092,-0.50495476,-0.16502829,-0.51703346,-0.7413904,-0.23716591,-0.6773701,-0.65440995,-0.26683593,-0.7436059,-0.5208911,-0.28338698,-0.29105633,-0.46094215,-0.3321584,-0.4578058,-0.60771614,-0.39144722,-0.60133094,-0.57653487,-0.41560066,-0.68888927,-0.5005528,-0.43323544
I_LOVE_YOU,0.0,0.0,0.0,-0.26587915,-0.028863631,0.15684095,-0.47485647,-0.09302218,0.17415918,-0.6233942,-0.04582766,0.1321056,-0.7540016,0.025504502,0.08095393,-0.4338478,-0.49117845,0.1724133,-0.56705815,-0.73082846,0.097850375,-0.698013,-0.69181526,0.03251659,-0.7633531,-0.5698439,-0.0068246075,-0.38037622,-0.51963913,0.016247746,-0.551905,-0.78729326,-0.066869125,-0.7072228,-0.70699066,-0.120007955,-0.7556821,-0.5564012,-0.1483758,-0.33090225,-0.5039037,-0.14756812,-0.50473666,-0.7584232,-0.21491487,-0.6689603,-0.6676261,-0.24019836,-0.73928076,-0.53560346,-0.25177163,-0.2908575,-0.45539126,-0.30386582,-0.45558974,-0.60670567,-0.36027956,-0.5978863,-0.5731257,-0.38428357,-0.68392444,-0.49798325,-0.3999093
I_LOVE_YOU,0.0,0.0,0.0,-0.27660093,-0.025788723,0.16545984,-0.47780958,-0.07804537,0.17780024,-0.6254111,-0.032582663,0.13020164,-0.76177645,0.033269845,0.07084406,-0.4338514,-0.4959006,0.14282244,-0.5824714,-0.7253327,0.053239867,-0.7170775,-0.67452216,-0.020717824,-0.77978027,-0.5409279,-0.06503805,-0.37556756,-0.5173782,-0.022427134,-0.56662804,-0.78352654,-0.12520102,-0.7219598,-0.691935,-0.18852155,-0.76765835,-0.5359406,-0.22296838,-0.32567635,-0.49484012,-0.19272727,-0.5089335,-0.7465687,-0.2759089,-0.6734623,-0.6608366,-0.30913958,-0.73843896,-0.52918833,-0.32537147,-0.2849123,-0.4395223,-0.35325104,-0.45384672,-0.590574,-0.4245885,-0.5989243,-0.5689656,-0.45763412,-0.6851517,-0.50182545,-0.47948185
I_LOVE_YOU,0.0,0.0,0.0,-0.27356973,-0.032038398,0.17032155,-0.47760618,-0.08455088,0.18410067,-0.6275488,-0.03972051,0.13844557,-0.7657936,0.029580468,0.08082747,-0.4328986,-0.5166849,0.14172994,-0.57851267,-0.7534378,0.056600437,-0.7084659,-0.6930504,-0.011802514,-0.77395904,-0.5562499,-0.053032063,-0.3690801,-0.53318316,-0.023566725,-0.5668143,-0.7958986,-0.12406401,-0.7150697,-0.69905317,-0.1821181,-0.7569567,-0.5422909,-0.21282,-0.31502855,-0.50458294,-0.19318394,-0.5075402,-0.7484985,-0.27647424,-0.66596854,-0.6625745,-0.30742195,-0.7313007,-0.533402,-0.32240853,-0.26895562,-0.44817364,-0.35188732,-0.43807906,-0.59690666,-0.42672914,-0.5747968,-0.5792234,-0.4621424,-0.6588537,-0.5180913,-0.48583868
I_LOVE_YOU,0.0,0.0,0.0,-0.25688392,-0.04738046,0.07758181,-0.47324228,-0.113216676,0.058249857,-0.62776357,-0.06139738,-0.0010053823,-0.7594703,0.018459847,-0.06256578,-0.4263372,-0.5212335,0.08901734,-0.5659894,-0.7664383,-0.0030938447,-0.6974556,-0.716628,-0.081374116,-0.76535887,-0.5907785,-0.12689227,-0.37257984,-0.54515654,-0.017952591,-0.5534789,-0.8005761,-0.108546615,-0.7024886,-0.7093505,-0.16638897,-0.74575347,-0.5535669,-0.19799283,-0.3181218,-0.52107215,-0.13548893,-0.50542945,-0.7656662,-0.20046116,-0.6643018,-0.6768191,-0.22701344,-0.7306021,-0.5428797,-0.23985144,-0.26952344,-0.4583414,-0.25125068,-0.43046328,-0.60987484,-0.29391116,-0.5695016,-0.5995351,-0.3115019,-0.65821385,-0.5431702,-0.32315633
I_LOVE_YOU,0.0,0.0,0.0,-0.2780117,-0.02719348,0.1702266,-0.479517,-0.07563759,0.1796214,-0.631134,-0.025874468,0.1286983,-0.7762443,0.042538363,0.06346944,-0.44906303,-0.50927716,0.1273742,-0.5943359,-0.7388817,0.034679238,-0.7287335,-0.67820036,-0.040197786,-0.79424906,-0.5392263,-0.08657194,-0.38213858,-0.52156585,-0.042293046,-0.5802007,-0.7843786,-0.15292841,-0.728506,-0.68503946,-0.21919383,-0.7737296,-0.53110117,-0.25629738,-0.32256618,-0.49103576,-0.2155637,-0.5136357,-0.73677087,-0.30811757,-0.67484504,-0.653103,-0.34655008,-0.7417863,-0.5250994,-0.36717942,-0.26864317,-0.4295934,-0.37739652,-0.4367687,-0.5854748,-0.45781177,-0.57848483,-0.5778676,-0.49758962,-0.6649392,-0.52427804,-0.5258653
I_LOVE_YOU,0.0,0.0,0.0,-0.26596555,-0.039529525,0.1611006,-0.47700232,-0.0997159,0.1749695,-0.6272084,-0.050944548,0.13015157,-0.76298463,0.0191427,0.07510608,-0.42895225,-0.52030796,0.1623909,-0.57115394,-0.7520834,0.08500994,-0.69921726,-0.70197076,0.016452149,-0.7686459,-0.568779,-0.02549075,-0.36900464,-0.54210085,0.0052280617,-0.5578091,-0.79752713,-0.08060327,-0.7070554,-0.7071582,-0.13713458,-0.7558196,-0.54971284,-0.16914663,-0.3178632,-0.51687104,-0.15807894,-0.50957674,-0.761716,-0.22633895,-0.66760314,-0.67217046,-0.25211278,-0.7382441,-0.5398296,-0.26558727,-0.27717006,-0.45922178,-0.3125639,-0.44793707,-0.60394835,-0.3684205,-0.5874517,-0.5835838,-0.39274052,-0.67821825,-0.5240604,-0.40998802
I_LOVE_YOU,0.0,0.0,0.0,-0.2789018,-0.044094868,0.15933193,-0.48593283,-0.09951695,0.1699181,-0.6351978,-0.044977605,0.11913668,-0.77443683,0.023646735,0.057566136,-0.43097854,-0.5256591,0.1795273,-0.5733818,-0.7485433,0.105465956,-0.7037792,-0.7044876,0.030973041,-0.78134406,-0.57982147,-0.017450059,-0.3740826,-0.5435714,0.0205078,-0.55920917,-0.7848001,-0.06171221,-0.71115464,-0.70303565,-0.12988417,-0.76566726,-0.5528843,-0.17400423,-0.32750508,-0.5184144,-0.14571306,-0.51205784,-0.75107205,-0.2099282,-0.6757496,-0.66729736,-0.2447351,-0.74978185,-0.53650284,-0.2673318,-0.2914651,-0.45974097,-0.30412173,-0.4612442,-0.6073185,-0.35079598,-0.60370743,-0.5841559,-0.37294874,-0.69524264,-0.5152284,-0.3921188
I_LOVE_YOU,0.0,0.0,0.0,-0.2772365,-0.013558262,0.19526605,-0.47916546,-0.05195107,0.21651202,-0.633973,-0.012091216,0.1671416,-0.78361666,0.0571656,0.1034279,-0.4432922,-0.50645596,0.20399982,-0.5977825,-0.7194006,0.13746229,-0.7301185,-0.66158986,0.07830848,-0.79048306,-0.5225518,0.042973932,-0.38475516,-0.5264167,0.023275552,-0.58617777,-0.7742956,-0.054678686,-0.7350159,-0.67804986,-0.104900666,-0.78680307,-0.52958554,-0.13088112,-0.33606607,-0.50893974,-0.16271785,-0.5313917,-0.73493147,-0.23197293,-0.68794245,-0.6441976,-0.24992266,-0.7531243,-0.50874674,-0.25590366,-0.29677418,-0.46133003,-0.33767453,-0.4781325,-0.5988341,-0.39603135,-0.6189752,-0.5651354,-0.4134757,-0.7023547,-0.4904761,-0.42418143
I_LOVE_YOU,0.0,0.0,0.0,-0.27368128,-0.030847855,0.17076392,-0.4808293,-0.086389266,0.18442799,-0.632582,-0.038969424,0.13681231,-0.7743244,0.028706698,0.07708537,-0.43058357,-0.51577115,0.15632553,-0.5816645,-0.73626614,0.072888106,-0.7165839,-0.6847253,-0.00046894213,-0.7900318,-0.5477289,-0.04590516,-0.37200135,-0.53812426,-0.009941904,-0.5686842,-0.78068197,-0.10242118,-0.7245787,-0.68919206,-0.1650552,-0.77934444,-0.53499436,-0.20306341,-0.32356825,-0.5141599,-0.18106061,-0.51748526,-0.7478894,-0.25806573,-0.6836073,-0.65556324,-0.2904809,-0.757008,-0.52147156,-0.30918738,-0.2864354,-0.45669162,-0.34190962,-0.46054804,-0.6039365,-0.40659326,-0.60496914,-0.5769423,-0.43566906,-0.6943488,-0.50676954,-0.45689434
I_LOVE_YOU,0.0,0.0,0.0,-0.26362398,-0.04261629,0.11748232,-0.47383603,-0.10738061,0.10685934,-0.62542725,-0.05283448,0.045647606,-0.76212615,0.020349154,-0.02319879,-0.42200968,-0.5240445,0.108202115,-0.5638699,-0.7738352,0.01262756,-0.69470984,-0.7188021,-0.066258624,-0.7619249,-0.581974,-0.11209558,-0.35980463,-0.5464376,-0.02890309,-0.5454271,-0.8091427,-0.12618366,-0.69729537,-0.7167838,-0.18790068,-0.74223226,-0.55618477,-0.22184147,-0.30369043,-0.52270675,-0.17435421,-0.49338076,-0.7703705,-0.24945398,-0.6556833,-0.68220496,-0.2807649,-0.7240209,-0.54681695,-0.29638618,-0.25763005,-0.46608123,-0.3142394,-0.42598704,-0.6116746,-0.37171093,-0.5631471,-0.59722567,-0.39688858,-0.6469854,-0.53680456,-0.4130848
I_LOVE_YOU,0.0,0.0,0.0,-0.274899,-0.02119332,0.19337128,-0.47631797,-0.06478992,0.21255292,-0.63051665,-0.023026144,0.16240263,-0.782455,0.041636236,0.097829305,-0.43900782,-0.5134551,0.19287065,-0.5842183,-0.7318217,0.12432697,-0.7148253,-0.68935657,0.06546204,-0.7819321,-0.56497985,0.029616212,-0.37974966,-0.5289931,0.012532058,-0.5728909,-0.7792632,-0.068500504,-0.7237548,-0.6900572,-0.11696218,-0.77945423,-0.5456945,-0.14203577,-0.33103803,-0.50786144,-0.17286727,-0.5192802,-0.7347461,-0.2445376,-0.67977923,-0.64977014,-0.2610645,-0.75065845,-0.52168936,-0.2663461,-0.29269564,-0.45728797,-0.347303,-0.4674275,-0.5997958,-0.40678445,-0.6070013,-0.57576185,-0.42431614,-0.6918672,-0.5106863,-0.43550643
I_LOVE_YOU,0.0,0.0,0.0,-0.27265552,-0.014099244,0.16449724,-0.47922024,-0.06211646,0.17726916,-0.6320665,-0.0185212,0.12988615,-0.7736691,0.05263395,0.06959624,-0.44864655,-0.4968438,0.14667109,-0.59305936,-0.72475064,0.059412412,-0.7246155,-0.6745178,-0.014022326,-0.7911927,-0.53616333,-0.058294356,-0.38671944,-0.52148706,-0.017799735,-0.57631356,-0.77419955,-0.11665032,-0.72603583,-0.6876569,-0.17976092,-0.77911776,-0.535479,-0.21457827,-0.32935628,-0.5048721,-0.18775758,-0.5149891,-0.7411337,-0.2721461,-0.6740447,-0.6601191,-0.30592114,-0.74394006,-0.52955616,-0.32236093,-0.2780084,-0.45833042,-0.3477216,-0.44804257,-0.5994481,-0.42159757,-0.58879423,-0.5809289,-0.45508206,-0.6770743,-0.51971984,-0.4767118
I_LOVE_YOU,0.0,0.0,0.0,-0.272878,-0.027621277,0.16958466,-0.48152614,-0.08760674,0.18997091,-0.63168406,-0.03778364,0.14865625,-0.7703048,0.033233643,0.097432755,-0.44169667,-0.51178074,0.18565457,-0.580642,-0.7403466,0.11393666,-0.70851624,-0.6899042,0.04953889,-0.77376544,-0.55542773,0.011275153,-0.3855775,-0.53638965,0.023797007,-0.5663321,-0.7850509,-0.056126263,-0.7145053,-0.6996301,-0.10928139,-0.7606875,-0.5477772,-0.1376017,-0.33561578,-0.51683956,-0.14499973,-0.5183909,-0.75107265,-0.21157126,-0.6771296,-0.66678125,-0.23432313,-0.7444576,-0.5384919,-0.24371739,-0.29349342,-0.46372932,-0.30489385,-0.46358123,-0.6046446,-0.36144263,-0.6037047,-0.5827696,-0.38383132,-0.6885793,-0.52025187,-0.39756536
I_LOVE_YOU,0.0,0.0,0.0,-0.27631643,-0.022803947,0.18052764,-0.47674832,-0.06557627,0.19688316,-0.62774795,-0.021383671,0.14590363,-0.77268755,0.048294388,0.081880115,-0.4395065,-0.500234,0.19471614,-0.58424336,-0.7251995,0.12218462,-0.7150843,-0.67264974,0.056967873,-0.77751297,-0.5409468,0.017481925,-0.38309512,-0.5245017,0.020550542,-0.57461315,-0.7811337,-0.05943188,-0.7242504,-0.68953705,-0.11263273,-0.7741017,-0.54258895,-0.14195979,-0.33381924,-0.5087136,-0.16043292,-0.51995075,-0.7500949,-0.22956905,-0.675476,-0.6586712,-0.24883066,-0.7400758,-0.525027,-0.2566435,-0.29159498,-0.46108463,-0.3320359,-0.46325874,-0.6113088,-0.38850576,-0.60203487,-0.5786694,-0.4048903,-0.686664,-0.503898,-0.4155692
I_LOVE_YOU,0.0,0.0,0.0,-0.28119788,-0.02902552,0.16696891,-0.48833027,-0.08330371,0.17902929,-0.63988084,-0.032837663,0.12925713,-0.78108466,0.04002454,0.06787648,-0.43921632,-0.51415694,0.16709943,-0.5891179,-0.72751385,0.08850697,-0.71783626,-0.6828479,0.01690785,-0.7880447,-0.55449,-0.02753156,-0.37974754,-0.5376872,0.0027165387,-0.5712082,-0.7740349,-0.085680574,-0.7239813,-0.68981963,-0.14723521,-0.77541053,-0.53488255,-0.18346979,-0.32864264,-0.5160447,-0.16748638,-0.51700777,-0.7450663,-0.2387672,-0.68314564,-0.66114485,-0.26662177,-0.7562286,-0.52928066,-0.2815135,-0.28905824,-0.4600075,-0.32863712,-0.4603754,-0.6016515,-0.38534722,-0.6044631,-0.57741266,-0.40781307,-0.69500667,-0.50902146,-0.42377117
I_LOVE_YOU,0.0,0.0,0.0,-0.2766835,-0.019646721,0.17455366,-0.4819027,-0.0675416,0.19183722,-0.63266987,-0.020678572,0.14549561,-0.7758731,0.048220042,0.08618324,-0.44623643,-0.502179,0.17186983,-0.5902832,-0.72560364,0.09447159,-0.72315276,-0.67325175,0.0258539,-0.7924935,-0.542087,-0.017272376,-0.3837113,-0.5248079,0.0013514478,-0.57496166,-0.77899045,-0.091915995,-0.72575694,-0.68795127,-0.15472035,-0.7785221,-0.5404067,-0.19007999,-0.32809368,-0.50559634,-0.17471457,-0.51575536,-0.73223853,-0.25488538,-0.67534137,-0.6422821,-0.2880459,-0.74491566,-0.5132255,-0.30476263,-0.27779043,-0.45451376,-0.34055668,-0.4494874,-0.59856224,-0.4071532,-0.58829457,-0.56772125,-0.43632683,-0.6726632,-0.49560902,-0.45689532
I_LOVE_YOU,0.0,0.0,0.0,-0.2765483,-0.028459277,0.18031813,-0.48071125,-0.07868591,0.20132487,-0.6307762,-0.029301707,0.15813248,-0.7703898,0.041263513,0.10255976,-0.44212496,-0.5071514,0.18820573,-0.59236836,-0.728762,0.113993205,-0.7205102,-0.67487013,0.04350348,-0.7874286,-0.5414712,-0.0005059376,-0.3826043,-0.529995,0.017904196,-0.5762554,-0.78139585,-0.069299825,-0.72349405,-0.6903306,-0.13324067,-0.77058023,-0.53787714,-0.17035395,-0.3305949,-0.51115096,-0.15779556,-0.5200783,-0.7505544,-0.22922243,-0.6752173,-0.65916675,-0.2599844,-0.7394039,-0.5264742,-0.27632347,-0.28529486,-0.46256524,-0.32316902,-0.45545128,-0.6126457,-0.3802668,-0.5930405,-0.5838776,-0.40464666,-0.67704695,-0.51514816,-0.4224177
I_LOVE_YOU,0.0,0.0,0.0,-0.28064194,-0.017707873,0.16144155,-0.48202652,-0.06419533,0.17022498,-0.63153005,-0.01383597,0.117524676,-0.7761251,0.05254863,0.05157593,-0.45139676,-0.49807447,0.15471411,-0.6072636,-0.7056899,0.06379332,-0.73885435,-0.65749484,-0.020297227,-0.8091029,-0.5256199,-0.0735821,-0.39065316,-0.52259713,-0.011869354,-0.58312905,-0.7652425,-0.1165306,-0.73462665,-0.67847157,-0.19592847,-0.789065,-0.5232071,-0.24404217,-0.33604574,-0.5055444,-0.18449284,-0.52096635,-0.73111165,-0.26923034,-0.683892,-0.64803696,-0.31533992,-0.75478786,-0.5168681,-0.34258312,-0.28754625,-0.45331046,-0.34799373,-0.45781726,-0.5924365,-0.41799545,-0.6020359,-0.5733906,-0.4554432,-0.6933674,-0.5110752,-0.48297828
I_LOVE_YOU,0.0,0.0,0.0,-0.2755941,-0.01383926,0.18409768,-0.4793969,-0.058862407,0.20457493,-0.6298271,-0.010630383,0.15854426,-0.77447605,0.05843209,0.09971873,-0.44399944,-0.5078505,0.18809557,-0.5945749,-0.7263096,0.1130381,-0.7275418,-0.66822374,0.04666564,-0.7928155,-0.52841234,0.00584446,-0.38667315,-0.5346092,0.0131002385,-0.58189625,-0.77692497,-0.07357793,-0.7332485,-0.6799608,-0.13133891,-0.7834211,-0.5281165,-0.16347893,-0.33655733,-0.5173311,-0.1677447,-0.52923596,-0.74128157,-0.243773,-0.6894003,-0.6465282,-0.2715543,-0.7576433,-0.5138655,-0.28470963,-0.29489616,-0.46572885,-0.33794585,-0.47288084,-0.59661525,-0.4046979,-0.6150542,-0.56482947,-0.43257254,-0.7004386,-0.49775377,-0.45073444
I_LOVE_YOU,0.0,0.0,0.0,-0.27730325,-0.02928233,0.1538029,-0.48016256,-0.07549289,0.15695722,-0.6324117,-0.025151554,0.099913925,-0.7794081,0.042452544,0.030132761,-0.45090184,-0.5052999,0.14845929,-0.60426646,-0.7186226,0.055510767,-0.73555815,-0.66773325,-0.030346096,-0.8073476,-0.5357166,-0.08478801,-0.38932246,-0.5325064,-0.014014776,-0.58025134,-0.77456737,-0.118093915,-0.7290936,-0.68441397,-0.19645822,-0.78190243,-0.529077,-0.24467935,-0.3320457,-0.51637405,-0.18331002,-0.5201701,-0.7512632,-0.2674342,-0.68335724,-0.666313,-0.3121979,-0.7550544,-0.5332195,-0.33912992,-0.28096235,-0.46555048,-0.34408763,-0.45496997,-0.6014768,-0.41230223,-0.6009753,-0.58341914,-0.4480595,-0.6937765,-0.52425987,-0.4745234
I_LOVE_YOU,0.0,0.0,0.0,-0.2788663,-0.01860042,0.16822766,-0.47884125,-0.063759595,0.17904562,-0.6295915,-0.017025655,0.12706468,-0.7734987,0.053804677,0.06297203,-0.4457412,-0.49674627,0.16263483,-0.59230036,-0.7205147,0.07804274,-0.7269293,-0.6698457,0.005246043,-0.7925302,-0.534501,-0.038641132,-0.38579157,-0.5216379,-0.004884138,-0.5735693,-0.7755061,-0.09932584,-0.7265434,-0.6871205,-0.15975642,-0.77836627,-0.5381242,-0.19308817,-0.3320222,-0.5049807,-0.17870134,-0.5152984,-0.74377805,-0.25743914,-0.6793134,-0.65957063,-0.28549773,-0.74900365,-0.52837723,-0.29879463,-0.28500316,-0.4557389,-0.34329736,-0.45238656,-0.59956366,-0.4099927,-0.59883696,-0.5776859,-0.43749574,-0.6894644,-0.513039,-0.45543703
I_LOVE_YOU,0.0,0.0,0.0,-0.27797332,-0.0102704065,0.180288,-0.47581688,-0.056814324,0.19844034,-0.6251173,-0.014089971,0.15257236,-0.7682742,0.05284624,0.09270818,-0.4435707,-0.48248106,0.15760937,-0.59240896,-0.7091114,0.0736503,-0.72738254,-0.6619449,0.007838737,-0.7861564,-0.53273904,-0.030885907,-0.38143083,-0.50637615,-0.01791776,-0.5718445,-0.78133583,-0.120259605,-0.7245868,-0.68918353,-0.17636873,-0.7786101,-0.5440492,-0.20304404,-0.32642788,-0.49179518,-0.19820079,-0.5112011,-0.7446581,-0.28909877,-0.6753255,-0.65723675,-0.31780675,-0.74768376,-0.528069,-0.32717538,-0.27872634,-0.4437996,-0.36711574,-0.45649156,-0.59749603,-0.44724417,-0.60427034,-0.57246053,-0.47951442,-0.6927452,-0.5040308,-0.4985492
