label,f0,f1,f2,f3,f4,f5,f6,f7,f8,f9,f10,f11,f12,f13,f14,f15,f16,f17,f18,f19,f20,f21,f22,f23,f24,f25,f26,f27,f28,f29,f30,f31,f32,f33,f34,f35,f36,f37,f38,f39,f40,f41,f42,f43,f44,f45,f46,f47,f48,f49,f50,f51,f52,f53,f54,f55,f56,f57,f58,f59,f60,f61,f62
NO,0.0,0.0,0.0,-0.14098535,-0.027237372,-0.034586836,-0.26731738,-0.08393466,-0.07841383,-0.35410917,-0.10177245,-0.13013878,-0.43073657,-0.12521257,-0.182734,-0.27802706,-0.38671213,-0.09443744,-0.33576405,-0.6110876,-0.16297469,-0.3795211,-0.7734957,-0.19766286,-0.40838203,-0.9075963,-0.21403828,-0.2021418,-0.42359218,-0.12615027,-0.24490887,-0.6436804,-0.19269016,-0.29955304,-0.80937,-0.22748831,-0.3495988,-0.93689954,-0.23871319,-0.12500535,-0.38697904,-0.15764777,-0.25479797,-0.28464937,-0.23322596,-0.31972313,-0.114806905,-0.23704529,-0.3469528,0.009371973,-0.21542306,-0.06405736,-0.28982642,-0.19244775,-0.1798458,-0.14492643,-0.23565365,-0.22701804,-0.02227145,-0.21795547,-0.24374495,0.0666573,-0.18981917
NO,0.0,0.0,0.0,-0.09629693,-0.022510331,-0.046799365,-0.19503222,-0.09193437,-0.09991139,-0.2339257,-0.13851997,-0.15899429,-0.22618218,-0.17769416,-0.21978028,-0.20013466,-0.38592017,-0.10975984,-0.29121715,-0.5762413,-0.17715138,-0.35951516,-0.7028321,-0.21274306,-0.40657803,-0.8135913,-0.23406243,-0.11002361,-0.42166406,-0.14122595,-0.14437999,-0.6809431,-0.21318883,-0.18005742,-0.843334,-0.25313008,-0.2067175,-0.97840065,-0.26919618,-0.02184163,-0.39007056,-0.17316526,-0.11676529,-0.413794,-0.26208383,-0.14827633,-0.2665321,-0.273649,-0.15006489,-0.16863053,-0.2562951,0.051705256,-0.3057702,-0.20734453,-0.047653988,-0.29197183,-0.27132362,-0.0994305,-0.1848127,-0.26201218,-0.117025025,-0.098838024,-0.2388775
NO,0.0,0.0,0.0,-0.122516066,-0.017514668,-0.05318856,-0.2246283,-0.07928454,-0.11547079,-0.25935844,-0.14720564,-0.18573065,-0.23101199,-0.22991715,-0.25471237,-0.20670822,-0.37753007,-0.09986714,-0.28046393,-0.5559251,-0.18207145,-0.33045205,-0.6765323,-0.22750449,-0.36352387,-0.7778711,-0.25115764,-0.11974715,-0.41353038,-0.1280272,-0.13598068,-0.67034584,-0.2186544,-0.1679576,-0.84162843,-0.26532784,-0.19249442,-0.9812981,-0.28031963,-0.035347447,-0.38750952,-0.15954563,-0.12895988,-0.40974012,-0.2671081,-0.1704569,-0.24731892,-0.27382663,-0.17672071,-0.12819545,-0.24429053,0.032831486,-0.3144001,-0.19358784,-0.06306932,-0.30720732,-0.2613599,-0.11713999,-0.19357695,-0.24351373,-0.13819918,-0.09625532,-0.20920686
NO,0.0,0.0,0.0,-0.09835902,-0.039631087,-0.037370786,-0.17683691,-0.13676697,-0.07960637,-0.20184365,-0.22265822,-0.12986384,-0.19191201,-0.3051454,-0.1798532,-0.12956876,-0.41815934,-0.07860543,-0.19979747,-0.60731626,-0.13219969,-0.24729154,-0.7252297,-0.15810686,-0.2822036,-0.83090997,-0.17341115,-0.04442641,-0.4454288,-0.10763219,-0.042466816,-0.7086663,-0.1694893,-0.054169595,-0.8730632,-0.20394705,-0.060727343,-0.99815434,-0.2166683,0.03176754,-0.411103,-0.13838132,-0.05163602,-0.46287015,-0.224333,-0.12815197,-0.3169591,-0.23973273,-0.16488533,-0.20189825,-0.2243691,0.09045187,-0.3331176,-0.1701242,-0.001968582,-0.3583075,-0.23451029,-0.073515035,-0.2576498,-0.23127237,-0.11024903,-0.16317585,-0.21229473
NO,0.0,0.0,0.0,-0.11883353,-0.10295937,-0.039803263,-0.17297582,-0.28710786,-0.059881914,-0.12104729,-0.43583134,-0.08468332,-0.042810395,-0.52518076,-0.10842548,-0.07811836,-0.46905747,-0.039905936,-0.13136646,-0.6671753,-0.07273692,-0.16283156,-0.7943038,-0.08852929,-0.18165605,-0.9011938,-0.09851959,0.024458554,-0.48947686,-0.055239495,0.076833025,-0.74787503,-0.089488275,0.086653195,-0.8955354,-0.11000673,0.10414849,-0.99456173,-0.11556738,0.10825975,-0.44589183,-0.07497958,0.10072542,-0.6166106,-0.13526617,0.035092954,-0.5300425,-0.14457406,0.013071845,-0.44195062,-0.12920608,0.17565888,-0.36781833,-0.09712457,0.14740573,-0.47778922,-0.14665173,0.08705766,-0.4244957,-0.14255372,0.066905834,-0.34872395,-0.12388049
NO,0.0,0.0,0.0,-0.11027721,-0.1380464,-0.024263913,-0.15311225,-0.32445705,-0.04130228,-0.101709135,-0.48060358,-0.06922831,-0.03313878,-0.5848156,-0.09637111,-0.072671816,-0.4772738,-0.0052342606,-0.1310856,-0.68037146,-0.043137547,-0.17271036,-0.8043364,-0.06602573,-0.19715297,-0.9104609,-0.07970878,0.017024714,-0.50012773,-0.026918301,0.070965976,-0.7577989,-0.0661497,0.07507228,-0.9019236,-0.08980833,0.08736291,-0.99617654,-0.09793543,0.09532902,-0.46407196,-0.05458942,0.09059606,-0.66285336,-0.11722536,0.015576925,-0.5882123,-0.12515749,-0.013821713,-0.48723382,-0.10888977,0.1679617,-0.3931505,-0.083967745,0.14716047,-0.5438151,-0.123107836,0.08146597,-0.50730836,-0.11109598,0.050705098,-0.42761353,-0.08971293
NO,0.0,0.0,0.0,-0.11111587,-0.15170945,-0.029201576,-0.14384419,-0.33688363,-0.044412557,-0.078152604,-0.48713505,-0.06965708,-0.0034335207,-0.5912621,-0.09358696,-0.07647551,-0.4864655,0.0036648356,-0.13693702,-0.69416034,-0.03034869,-0.1745714,-0.8192658,-0.052284557,-0.19374034,-0.9227512,-0.064792335,0.015047682,-0.5051579,-0.014634397,0.0674757,-0.7560289,-0.050573777,0.07256388,-0.9025392,-0.07639116,0.08542333,-0.99634475,-0.087166496,0.09188174,-0.46882856,-0.040663972,0.09961081,-0.6698572,-0.103239335,0.02884029,-0.6074475,-0.11936448,-0.0018506582,-0.51501477,-0.10928618,0.15954432,-0.40118286,-0.06859244,0.14945602,-0.5638099,-0.110099055,0.084287204,-0.52669764,-0.10372216,0.048606962,-0.44295764,-0.08677321
NO,0.0,0.0,0.0,-0.11319663,-0.14092015,-0.033641722,-0.14454897,-0.33901477,-0.047823332,-0.07091303,-0.4888321,-0.07153663,0.016565371,-0.5790055,-0.09409634,-0.07978324,-0.4929629,0.0035814347,-0.13387537,-0.6969152,-0.027185105,-0.1673801,-0.8198631,-0.04672534,-0.18482216,-0.9250919,-0.060145788,0.013399348,-0.5074627,-0.013946817,0.06275473,-0.7534751,-0.048778664,0.07233359,-0.89669156,-0.07425078,0.089749925,-0.9959644,-0.0863486,0.08965761,-0.4633883,-0.03989639,0.106744386,-0.67170084,-0.10663368,0.031242793,-0.5943821,-0.124283955,-0.0057219397,-0.4961322,-0.1151151,0.15433498,-0.3873036,-0.06805734,0.14502305,-0.5458005,-0.11997501,0.075902864,-0.50942874,-0.121741846,0.035320196,-0.43240032,-0.109869204
NO,0.0,0.0,0.0,-0.10127111,-0.15125354,-0.034056008,-0.12601735,-0.34310803,-0.051695596,-0.05406062,-0.48757765,-0.07867978,0.031134358,-0.5748157,-0.10461601,-0.064785406,-0.49919522,0.0005498628,-0.11950014,-0.69720834,-0.031039158,-0.15529893,-0.81818646,-0.053338725,-0.17324087,-0.9241263,-0.069548026,0.025146233,-0.5101653,-0.01714866,0.07724418,-0.7503727,-0.052248262,0.08799661,-0.8935492,-0.08198004,0.106702045,-0.994291,-0.09954147,0.10004649,-0.464419,-0.042858284,0.12792921,-0.66691136,-0.105505206,0.055261213,-0.6016235,-0.12726416,0.016993597,-0.50938535,-0.12442511,0.16436315,-0.38764247,-0.070932046,0.16573209,-0.5415011,-0.11734428,0.10440973,-0.50767267,-0.119734064,0.06723259,-0.42942894,-0.11114427
NO,0.0,0.0,0.0,-0.100423254,-0.16503711,-0.034636624,-0.11850157,-0.3571269,-0.050316464,-0.042317577,-0.4958501,-0.076359876,0.044044543,-0.57418764,-0.10130866,-0.064047985,-0.50575733,0.0098933885,-0.11962662,-0.70201045,-0.02280486,-0.15625595,-0.8255388,-0.048737586,-0.17501177,-0.9331697,-0.06772955,0.0273107,-0.5166645,-0.007087009,0.08032904,-0.7477295,-0.042372763,0.09076681,-0.8925109,-0.075417794,0.106707774,-0.9942904,-0.096588455,0.10199033,-0.47340083,-0.033342134,0.13249257,-0.6740024,-0.09543908,0.059353407,-0.62676,-0.122914895,0.016980711,-0.5423666,-0.1252439,0.1649893,-0.40120742,-0.062470537,0.17283465,-0.5553945,-0.10739325,0.10851959,-0.5321009,-0.11350841,0.0627887,-0.4562287,-0.10909514
NO,0.0,0.0,0.0,-0.09877356,-0.16877475,-0.03268999,-0.11067908,-0.360696,-0.046703815,-0.026384452,-0.49288863,-0.07146428,0.059012588,-0.5704565,-0.09504205,-0.06434264,-0.521253,0.016316501,-0.11697056,-0.71272004,-0.015916781,-0.15068156,-0.8345133,-0.041076116,-0.16863865,-0.93988866,-0.057782136,0.028894562,-0.5263147,-0.001594574,0.08302381,-0.7529985,-0.036628667,0.09281425,-0.8926395,-0.066847086,0.11019842,-0.9939096,-0.0824099,0.10426803,-0.47298875,-0.028901557,0.1347829,-0.6531912,-0.09236844,0.06269634,-0.5755994,-0.11270787,0.026900206,-0.48066056,-0.10577832,0.16712983,-0.38892457,-0.058785137,0.17636761,-0.5344787,-0.100775465,0.11279548,-0.49492395,-0.09768672,0.07419227,-0.41747344,-0.08385147
NO,0.0,0.0,0.0,-0.099327,-0.14825147,-0.03266872,-0.11098607,-0.36113867,-0.04316096,-0.0244547,-0.50245386,-0.061492156,0.0667905,-0.5760835,-0.076821856,-0.07694212,-0.5299053,0.0040623043,-0.13196732,-0.7337021,-0.021612035,-0.16495904,-0.85167325,-0.043411408,-0.18506317,-0.9563565,-0.060525343,0.018565657,-0.53834933,-0.01119045,0.06402189,-0.7641883,-0.035212032,0.0802235,-0.8934823,-0.062866114,0.10141078,-0.9948447,-0.082454585,0.09597052,-0.48595443,-0.033915553,0.1426154,-0.6825581,-0.081166804,0.09386639,-0.62010264,-0.09847145,0.066568255,-0.5323563,-0.0978235,0.15992671,-0.40386194,-0.059945226,0.18934755,-0.55187005,-0.09555377,0.14214535,-0.52660495,-0.09467661,0.11047952,-0.4564196,-0.08622558
NO,0.0,0.0,0.0,-0.09592753,-0.16392829,-0.044747468,-0.092521936,-0.37151757,-0.061112486,0.019438569,-0.5011001,-0.082885675,0.11247692,-0.5779444,-0.10245831,-0.07150315,-0.5304164,-0.004319279,-0.122542754,-0.73188186,-0.03655444,-0.1582156,-0.8587558,-0.0626507,-0.17925991,-0.96502066,-0.08136368,0.027281225,-0.5380662,-0.014197246,0.074439555,-0.7632664,-0.046309,0.08915269,-0.8961461,-0.075841725,0.11059744,-0.9938653,-0.09471021,0.10456135,-0.48639685,-0.03340704,0.15020096,-0.6737519,-0.08957172,0.103144184,-0.6016462,-0.10626722,0.079900794,-0.5155664,-0.102244444,0.16742148,-0.4038943,-0.05675194,0.19889809,-0.55462223,-0.09592948,0.15436952,-0.5163206,-0.092878565,0.12548113,-0.44520983,-0.08196687
NO,0.0,0.0,0.0,-0.09698437,-0.16014639,-0.045539595,-0.09018485,-0.3710977,-0.060002092,0.02139557,-0.49990278,-0.07989717,0.114650086,-0.57034016,-0.097033285,-0.07176555,-0.5444278,0.0036546849,-0.121519856,-0.74382675,-0.025970701,-0.15310422,-0.8691259,-0.05193218,-0.17058742,-0.9755241,-0.07147445,0.02903361,-0.54946905,-0.0058288397,0.078428894,-0.7643418,-0.037487518,0.09287317,-0.89376116,-0.06929356,0.11223339,-0.99368197,-0.08997817,0.10540494,-0.49744374,-0.025417296,0.15985885,-0.67598426,-0.08215087,0.108968146,-0.6050953,-0.10339836,0.07949244,-0.5211823,-0.102637835,0.16529272,-0.41531432,-0.049344175,0.20417091,-0.5484249,-0.09010556,0.15790698,-0.51061505,-0.092045285,0.12573335,-0.44387814,-0.084841795
NO,0.0,0.0,0.0,-0.09645554,-0.16302897,-0.050325565,-0.08647544,-0.3736948,-0.06731389,0.024897708,-0.50403726,-0.08839923,0.118000574,-0.5743389,-0.10601952,-0.0693175,-0.545973,-0.000822241,-0.11652224,-0.7460049,-0.030332705,-0.14716157,-0.8724127,-0.057074342,-0.1629597,-0.9777616,-0.07791144,0.031872213,-0.5487781,-0.007944335,0.078764565,-0.7623133,-0.04040242,0.09773734,-0.89467347,-0.07524108,0.1196381,-0.9928176,-0.09929266,0.108697236,-0.49553663,-0.025339812,0.1672,-0.6809998,-0.08253636,0.12576261,-0.6241495,-0.10868023,0.097377956,-0.54269445,-0.11227783,0.16994976,-0.4148323,-0.04734249,0.2105633,-0.5553679,-0.09113316,0.17607336,-0.53036916,-0.098687604,0.14831501,-0.4675205,-0.09563765
NO,0.0,0.0,0.0,-0.09313821,-0.16364689,-0.050821524,-0.07796318,-0.37370846,-0.067092724,0.03913094,-0.49753928,-0.08746188,0.13161045,-0.56867087,-0.10409049,-0.06797166,-0.5488184,0.002270846,-0.11413617,-0.7499705,-0.02740086,-0.14507678,-0.87452394,-0.0551482,-0.16289504,-0.9793607,-0.077191226,0.032967538,-0.5534767,-0.004289286,0.08001267,-0.7668947,-0.03614071,0.10022465,-0.8939401,-0.07127862,0.121684566,-0.9925688,-0.09595562,0.107530855,-0.5007765,-0.02152987,0.1706678,-0.68417835,-0.07780037,0.12947516,-0.62500376,-0.1031248,0.096971065,-0.5483229,-0.10683507,0.16673385,-0.41843313,-0.04385369,0.21717621,-0.5516848,-0.08916899,0.18439378,-0.5319913,-0.098950855,0.15209058,-0.4812634,-0.0977429
NO,0.0,0.0,0.0,-0.09406651,-0.15853997,-0.057068635,-0.08176722,-0.3706227,-0.075874,0.03548334,-0.4934469,-0.098377496,0.13182268,-0.5524778,-0.11721722,-0.06568242,-0.5442699,-0.0045542363,-0.11276099,-0.7498728,-0.036148638,-0.14344293,-0.8792099,-0.06477576,-0.15941653,-0.9872114,-0.087937914,0.034687947,-0.5506618,-0.008631174,0.08023341,-0.7625863,-0.044135734,0.10147509,-0.8924805,-0.08131345,0.1258032,-0.99093854,-0.10741782,0.108526975,-0.49965543,-0.024041528,0.17164367,-0.6814357,-0.08501009,0.12625042,-0.6187713,-0.11472942,0.091880605,-0.53288746,-0.12025059,0.16686,-0.42004147,-0.044872742,0.21437326,-0.5513183,-0.09398861,0.17946371,-0.5326954,-0.10830247,0.1463978,-0.47681907,-0.11007277
NO,0.0,0.0,0.0,-0.09395107,-0.1555309,-0.06418933,-0.07993082,-0.35937026,-0.08691498,0.043145206,-0.48102868,-0.11080055,0.1387627,-0.5567344,-0.13041899,-0.06866001,-0.5506693,-0.012474327,-0.112352304,-0.75585556,-0.043496747,-0.1398718,-0.88202596,-0.0711013,-0.1523308,-0.9883295,-0.09288024,0.035089403,-0.5519496,-0.013274247,0.08071388,-0.7626008,-0.046519518,0.10542506,-0.89192057,-0.083020695,0.13120484,-0.99087894,-0.10890702,0.110990465,-0.49572116,-0.025798595,0.17458493,-0.663777,-0.086540826,0.13804583,-0.6032211,-0.119000934,0.10658281,-0.52533215,-0.12684569,0.17024226,-0.41055733,-0.04386761,0.224116,-0.53785175,-0.09358028,0.19632772,-0.5144309,-0.108755976,0.16456994,-0.46030924,-0.11123411
NO,0.0,0.0,0.0,-0.0928497,-0.15683024,-0.062934585,-0.074356146,-0.36263436,-0.08325057,0.04867732,-0.48335218,-0.10554145,0.14188349,-0.5578943,-0.12364478,-0.0646361,-0.54714316,-0.004054798,-0.11037594,-0.7529957,-0.035421558,-0.14086832,-0.8805927,-0.06431148,-0.15749697,-0.98751944,-0.086543255,0.03712127,-0.5516065,-0.0051519964,0.08486213,-0.7611299,-0.039858744,0.10773904,-0.891208,-0.0779326,0.13126391,-0.99105936,-0.10365737,0.110339,-0.49839494,-0.018502677,0.17511874,-0.6582368,-0.07975321,0.1318512,-0.59175384,-0.11041443,0.09632075,-0.5130884,-0.11598554,0.16800195,-0.41878927,-0.03760994,0.2200506,-0.5393039,-0.08482923,0.1867341,-0.50861126,-0.096506625,0.15424754,-0.45291057,-0.096289344
NO,0.0,0.0,0.0,-0.08680021,-0.15511338,-0.05425486,-0.05793957,-0.36402336,-0.069415435,0.067185655,-0.47514096,-0.08602075,0.16349366,-0.5314698,-0.09897629,-0.042973373,-0.55150634,-0.008063133,-0.08601948,-0.75121045,-0.03661862,-0.11881515,-0.8809177,-0.06304651,-0.1352748,-0.9882709,-0.0834762,0.056448575,-0.5470119,-0.010200828,0.102791,-0.75300986,-0.0380495,0.124932975,-0.88645387,-0.071008496,0.15451108,-0.98799103,-0.09526815,0.1304568,-0.48617232,-0.022782395,0.19837108,-0.65023935,-0.07365102,0.15132639,-0.6043934,-0.1042064,0.115757264,-0.53172266,-0.11321017,0.18865514,-0.40034163,-0.040567048,0.24163617,-0.5259726,-0.08168754,0.20313944,-0.5206159,-0.096186996,0.16262086,-0.47703856,-0.10003168
NO,0.0,0.0,0.0,-0.0876165,-0.1645056,-0.06048196,-0.054362822,-0.37437674,-0.072072275,0.07499607,-0.49198437,-0.08438009,0.16804792,-0.5604773,-0.09202364,-0.05145746,-0.5439833,0.006821296,-0.09103941,-0.7504625,-0.01726143,-0.11826385,-0.8819031,-0.042023387,-0.13157564,-0.9913061,-0.062288076,0.051816627,-0.5401268,0.0077445256,0.10003186,-0.7446633,-0.018674593,0.13014555,-0.88050705,-0.054813962,0.15963078,-0.9853876,-0.08112282,0.12430996,-0.48132837,-0.0041930596,0.19366978,-0.6456132,-0.06074941,0.15583287,-0.6022798,-0.09729619,0.12086331,-0.5413677,-0.10898413,0.18098322,-0.40106732,-0.021368235,0.2302993,-0.52301335,-0.06965206,0.1995413,-0.5046814,-0.08786126,0.16662869,-0.45845568,-0.09350963
NO,0.0,0.0,0.0,-0.08523672,-0.16113605,-0.064442694,-0.051173367,-0.37201494,-0.077609256,0.085645474,-0.4767822,-0.09016797,0.18768767,-0.5291786,-0.098756805,-0.044549834,-0.54318887,-0.0043628323,-0.08392325,-0.74959266,-0.030303635,-0.11236103,-0.8823001,-0.05533561,-0.12657547,-0.99195695,-0.07537753,0.057139494,-0.5382497,-0.0021787211,0.10808255,-0.7452337,-0.027821511,0.1356244,-0.87934434,-0.062113833,0.16439603,-0.98175114,-0.08740345,0.12918733,-0.47815472,-0.012664157,0.20159033,-0.6418329,-0.06856126,0.16324542,-0.5998392,-0.1067225,0.12854216,-0.538062,-0.120051995,0.18474358,-0.394378,-0.02869452,0.23568884,-0.5167547,-0.077149965,0.20123813,-0.49335402,-0.09604968,0.1634147,-0.43907407,-0.10267449
NO,0.0,0.0,0.0,-0.0864657,-0.15165746,-0.056988973,-0.05459287,-0.3572553,-0.07206273,0.07780371,-0.4560009,-0.0889501,0.17713128,-0.5034766,-0.10299552,-0.04016321,-0.54615813,-0.006278534,-0.079642005,-0.752541,-0.034890532,-0.106524296,-0.8828343,-0.060015813,-0.11962199,-0.9900452,-0.0796421,0.060480025,-0.53989154,-0.009477149,0.11362993,-0.74790657,-0.04088504,0.14314288,-0.8811053,-0.07727298,0.17398857,-0.98474765,-0.10235096,0.13263737,-0.47985002,-0.023617977,0.20480403,-0.63571554,-0.08265194,0.16847825,-0.5843873,-0.116849445,0.13677445,-0.5189391,-0.12592553,0.18866242,-0.3971541,-0.042405006,0.23480408,-0.5114519,-0.090126015,0.20105866,-0.4815331,-0.10376679,0.16835324,-0.42724848,-0.10565025
NO,0.0,0.0,0.0,-0.08666678,-0.15353847,-0.05567157,-0.04961162,-0.35638645,-0.071422614,0.07699468,-0.45986181,-0.09002731,0.16752774,-0.5083893,-0.105107404,-0.039728034,-0.54198545,-0.0030844607,-0.0774184,-0.748399,-0.03354169,-0.10226193,-0.8774103,-0.061148558,-0.113667816,-0.9839461,-0.083348334,0.061109427,-0.5391371,-0.007835103,0.11426798,-0.7443674,-0.04214879,0.14480507,-0.8770688,-0.081093594,0.17675456,-0.9842549,-0.108974054,0.13272904,-0.48306406,-0.023739338,0.20249923,-0.64460355,-0.08238566,0.15573664,-0.59032106,-0.11526454,0.11626629,-0.52267736,-0.12488303,0.1885822,-0.4022154,-0.044865035,0.23388265,-0.5139754,-0.09186995,0.1939168,-0.49039453,-0.10706919,0.15552019,-0.4434078,-0.11128064
NO,0.0,0.0,0.0,-0.08293378,-0.15172696,-0.06221718,-0.041567836,-0.3579408,-0.07404596,0.08561249,-0.46297047,-0.08597524,0.17441785,-0.5155703,-0.0934525,-0.034697406,-0.541649,-0.0023988425,-0.07048826,-0.7474791,-0.029823577,-0.09551549,-0.8772232,-0.055586588,-0.10702337,-0.9840758,-0.07646524,0.06620447,-0.53815854,-0.0024955373,0.12047804,-0.74486697,-0.032009106,0.15280573,-0.87749517,-0.068626426,0.1845603,-0.9828211,-0.09540865,0.13592829,-0.4811665,-0.015140198,0.2091576,-0.640367,-0.07217356,0.16774593,-0.588199,-0.10867863,0.1289987,-0.52552015,-0.12143515,0.19071676,-0.3998646,-0.033481907,0.23896678,-0.5095224,-0.081401326,0.20247999,-0.4821293,-0.09990941,0.16373414,-0.43408257,-0.107098214
NO,0.0,0.0,0.0,-0.07911408,-0.15013532,-0.061580945,-0.038971294,-0.3536592,-0.07720496,0.0898504,-0.4575143,-0.09423154,0.18187964,-0.50534636,-0.107103676,-0.033702668,-0.5448539,-0.002508029,-0.07015297,-0.75153553,-0.030736567,-0.09425215,-0.8798757,-0.057218283,-0.105170116,-0.98702157,-0.078509755,0.066335574,-0.5401572,-0.0038622979,0.11991722,-0.7472067,-0.03521991,0.1545817,-0.87767917,-0.072204895,0.18980825,-0.9818211,-0.098314725,0.13560042,-0.48122466,-0.017087268,0.21156454,-0.636909,-0.07439973,0.17255776,-0.5680839,-0.10415868,0.13745174,-0.49453953,-0.11100161,0.18930374,-0.3982313,-0.036149807,0.2416499,-0.50569737,-0.081058346,0.20835105,-0.4658823,-0.09192376,0.17562285,-0.41109672,-0.09273095
NO,0.0,0.0,0.0,-0.07473939,-0.13968849,-0.09971492,-0.03061948,-0.32413352,-0.124117225,0.07857712,-0.42855516,-0.14065112,0.15494764,-0.49414495,-0.15067525,-0.034004714,-0.53005093,-0.035646833,-0.069135666,-0.74591994,-0.06948009,-0.091982916,-0.88387513,-0.098052226,-0.10007516,-0.99497986,-0.12127232,0.06485178,-0.5231567,-0.021584824,0.12302442,-0.74096537,-0.05675998,0.16317871,-0.8760575,-0.1014178,0.19866991,-0.9795063,-0.13503814,0.1319785,-0.4675917,-0.023669422,0.22007488,-0.63501596,-0.09714466,0.19106515,-0.57448167,-0.15652557,0.15510866,-0.5026169,-0.18380307,0.18776618,-0.39104295,-0.03327214,0.23854148,-0.4876151,-0.103358805,0.20943776,-0.44992632,-0.1457956,0.1731026,-0.3939919,-0.16941598
NO,0.0,0.0,0.0,-0.07773011,-0.13538961,-0.057600163,-0.038148973,-0.32990637,-0.07647277,0.07430559,-0.435759,-0.09718842,0.15065078,-0.48698136,-0.11464905,-0.02397296,-0.527635,-0.02067352,-0.060953747,-0.7417106,-0.05737803,-0.08487574,-0.875158,-0.087854825,-0.09631579,-0.98766136,-0.1120961,0.074300244,-0.52718705,-0.02718934,0.13026811,-0.7416841,-0.06818767,0.16450089,-0.8714199,-0.10998961,0.19670892,-0.98046196,-0.13947202,0.1403791,-0.47365913,-0.043108594,0.21531224,-0.6391023,-0.10489464,0.17841122,-0.57033306,-0.1332336,0.14305714,-0.49730834,-0.14009328,0.1919556,-0.38993725,-0.064360335,0.24397144,-0.49636713,-0.11020816,0.20732188,-0.45929262,-0.11978605,0.1704233,-0.40586466,-0.12050769
NO,0.0,0.0,0.0,-0.071457244,-0.14618908,-0.10513923,-0.022786276,-0.3222656,-0.12796813,0.08720582,-0.42419222,-0.14196369,0.16118242,-0.49547106,-0.14800403,-0.034519386,-0.5284821,-0.022088883,-0.07068733,-0.74366575,-0.051044628,-0.09399244,-0.8820091,-0.07674775,-0.10176905,-0.994808,-0.0970911,0.0626189,-0.5170807,-0.0042678304,0.11728945,-0.7339611,-0.03296432,0.1569184,-0.8712292,-0.07345876,0.19330668,-0.9788306,-0.10327196,0.12959981,-0.46013516,-0.0050168326,0.20751677,-0.6284687,-0.07882841,0.17466228,-0.55720687,-0.13788967,0.13946854,-0.4842322,-0.16202672,0.18724427,-0.38968366,-0.013641157,0.23135678,-0.4923595,-0.08328794,0.2041415,-0.44910848,-0.124256805,0.17327327,-0.39113396,-0.14544354
NO,0.0,0.0,0.0,-0.07764733,-0.1395104,-0.08704467,-0.032673568,-0.3181738,-0.110076204,0.07638831,-0.42161873,-0.12911037,0.1475133,-0.48395708,-0.14281656,-0.028649725,-0.52550715,-0.023715341,-0.06769913,-0.73888516,-0.05927325,-0.091653965,-0.8760989,-0.09051175,-0.099731386,-0.9906205,-0.115194224,0.06971218,-0.51824456,-0.016262216,0.12386633,-0.7325767,-0.05678018,0.16045697,-0.8699582,-0.10522941,0.19630359,-0.9805432,-0.13990325,0.13648672,-0.46097374,-0.023379095,0.20687616,-0.62752676,-0.10000811,0.16478679,-0.55530196,-0.15395363,0.12787719,-0.4750959,-0.1745235,0.19140823,-0.3841655,-0.03678263,0.22732955,-0.4875031,-0.1036318,0.1902748,-0.44842994,-0.13775282,0.1566509,-0.38941565,-0.15380688
NO,0.0,0.0,0.0,-0.075477235,-0.13867325,-0.07360933,-0.026990203,-0.3237476,-0.09108334,0.09328167,-0.41800934,-0.1056464,0.16971582,-0.47602248,-0.11547492,-0.025067259,-0.5317408,-0.017973829,-0.062811196,-0.7418298,-0.052630078,-0.08715393,-0.8751141,-0.08354747,-0.09804195,-0.98555255,-0.10678841,0.073196724,-0.5225521,-0.015297645,0.13048434,-0.7367756,-0.05175863,0.16692889,-0.8706331,-0.09579111,0.20182101,-0.97942245,-0.12617213,0.14019825,-0.46106672,-0.025115581,0.21397072,-0.62024754,-0.09139651,0.17963183,-0.5477202,-0.13296331,0.14849097,-0.47723618,-0.14654978,0.19385315,-0.37457243,-0.0406373,0.24050078,-0.47430396,-0.0949822,0.20647354,-0.42653993,-0.114386424,0.17417473,-0.36980197,-0.12056121
NO,0.0,0.0,0.0,-0.07945573,-0.14068848,-0.08736242,-0.037362836,-0.31569594,-0.10840533,0.07007525,-0.4095047,-0.12473239,0.13937066,-0.47409838,-0.13559826,-0.035272177,-0.52951866,-0.019553918,-0.07647197,-0.74341536,-0.05203408,-0.10044716,-0.880183,-0.080889456,-0.10919685,-0.99402016,-0.10356026,0.062586345,-0.5184963,-0.011248428,0.11823745,-0.73613983,-0.048272144,0.15933223,-0.87232,-0.09439151,0.19654118,-0.9794339,-0.12648004,0.12956484,-0.4586087,-0.017932944,0.20602801,-0.61801136,-0.09415026,0.17321768,-0.5407542,-0.14885287,0.14033686,-0.46432576,-0.16912949,0.18606098,-0.3811379,-0.030631248,0.22490099,-0.47590262,-0.0993163,0.19248712,-0.4245183,-0.13359511,0.16151364,-0.3646901,-0.14898556
NO,0.0,0.0,0.0,-0.07548413,-0.1357381,-0.07016323,-0.034130137,-0.31938487,-0.09113607,0.08648623,-0.40875664,-0.11051211,0.17400204,-0.4616742,-0.1254979,-0.026445255,-0.5408865,-0.020437626,-0.06585751,-0.745168,-0.05482133,-0.090760075,-0.8770693,-0.08493196,-0.10185944,-0.9873659,-0.10824362,0.07211518,-0.53155935,-0.02062471,0.12668517,-0.74097717,-0.05770084,0.16172658,-0.87315124,-0.09887819,0.19599748,-0.9806044,-0.12710781,0.13983078,-0.4665658,-0.032464627,0.21301825,-0.620085,-0.09865128,0.17474708,-0.54164326,-0.13454221,0.14067556,-0.46639028,-0.1439493,0.19275789,-0.3735879,-0.04988957,0.23950532,-0.47110358,-0.105540425,0.20087136,-0.42128748,-0.12221016,0.16435003,-0.3631886,-0.12553509
NO,0.0,0.0,0.0,-0.072897755,-0.1278217,-0.06755818,-0.037796814,-0.30688137,-0.08921592,0.08417346,-0.3876682,-0.109481856,0.17549741,-0.43156186,-0.1267045,-0.019853527,-0.54035896,-0.02797602,-0.0559611,-0.7499546,-0.063392736,-0.07674506,-0.88411677,-0.09393172,-0.08628825,-0.99571776,-0.11906232,0.08087944,-0.5308466,-0.029739281,0.13893096,-0.74314463,-0.069172926,0.17487894,-0.87243307,-0.11304961,0.2069307,-0.97835565,-0.14444862,0.14740452,-0.46675202,-0.041444123,0.23064825,-0.61992586,-0.10878367,0.19519144,-0.5437042,-0.14587118,0.15845245,-0.4703009,-0.15753575,0.19762848,-0.37403673,-0.05822178,0.23821178,-0.45369372,-0.118852444,0.20190854,-0.4042124,-0.1398703,0.16684799,-0.3513442,-0.14636928
NO,0.0,0.0,0.0,-0.0736613,-0.1298842,-0.07543393,-0.041326027,-0.30217677,-0.10177336,0.07494622,-0.38292494,-0.12531032,0.16559702,-0.42926762,-0.14535382,-0.020135768,-0.5366066,-0.035038818,-0.054870564,-0.74771035,-0.07411146,-0.07578567,-0.8834348,-0.106853075,-0.08581334,-0.9952804,-0.13270819,0.07963964,-0.5278324,-0.033254165,0.13906011,-0.74323356,-0.07506725,0.17806062,-0.87253267,-0.12038011,0.20995824,-0.9777103,-0.15241478,0.14655134,-0.46667993,-0.042099714,0.23001973,-0.61721885,-0.11163682,0.2006416,-0.54189646,-0.15088093,0.16470063,-0.46927938,-0.16355261,0.197305,-0.37938103,-0.056671564,0.23962075,-0.45837492,-0.118972674,0.2062229,-0.40585265,-0.14137523,0.17035224,-0.35020676,-0.14860009
NO,0.0,0.0,0.0,-0.07113249,-0.13512686,-0.058153898,-0.036585923,-0.31025866,-0.08025998,0.081457675,-0.39127707,-0.10428819,0.17050907,-0.4338276,-0.12601551,-0.011483758,-0.53969675,-0.020560326,-0.04721351,-0.7477563,-0.056820747,-0.0680469,-0.879913,-0.087348066,-0.07783901,-0.99016476,-0.11130797,0.0873328,-0.5302398,-0.02794817,0.14799803,-0.7430465,-0.06688655,0.18486941,-0.87114894,-0.10796593,0.21791735,-0.9759672,-0.13639596,0.15341921,-0.46692336,-0.044583745,0.23361371,-0.619423,-0.10886152,0.1936583,-0.54067343,-0.13889061,0.15557994,-0.46526274,-0.14514476,0.20229663,-0.3741673,-0.06594294,0.24208805,-0.46252686,-0.11868041,0.20222916,-0.41289482,-0.13049673,0.16646662,-0.35691267,-0.13052452
NO,0.0,0.0,0.0,-0.074914634,-0.13659716,-0.064095214,-0.04185115,-0.31005347,-0.08726595,0.07251832,-0.39479747,-0.11095078,0.156094,-0.43839428,-0.13104673,-0.021400467,-0.5438733,-0.020614116,-0.05531069,-0.7521737,-0.056811005,-0.074498475,-0.8834783,-0.08697649,-0.08408982,-0.99177146,-0.10979509,0.07805421,-0.5353455,-0.024076315,0.13751507,-0.74750036,-0.0631244,0.17655858,-0.87416255,-0.10435485,0.21039945,-0.97761554,-0.13190585,0.14478037,-0.47382367,-0.037612304,0.22286981,-0.61309457,-0.10172806,0.18933775,-0.53330517,-0.13265055,0.15345143,-0.4588015,-0.13840684,0.19415957,-0.38492742,-0.056455202,0.23811327,-0.46900037,-0.107669435,0.20555189,-0.41886348,-0.119513154,0.17326613,-0.36470762,-0.11899236
NO,0.0,0.0,0.0,-0.06958194,-0.1352948,-0.057445955,-0.034736242,-0.31268626,-0.0799364,0.07649352,-0.3979448,-0.10533795,0.15776788,-0.4400117,-0.12791006,-0.016222695,-0.53954804,-0.015019607,-0.05360357,-0.7444988,-0.051081497,-0.073654026,-0.87460774,-0.08108663,-0.08222814,-0.9826302,-0.10435549,0.07940045,-0.53203356,-0.022942604,0.1400918,-0.7414329,-0.0641195,0.17750657,-0.8705896,-0.106969364,0.21170598,-0.9773334,-0.13595605,0.14499477,-0.47199628,-0.04045566,0.22659065,-0.6203325,-0.10607562,0.18769324,-0.54086953,-0.13742836,0.15069507,-0.4639428,-0.14399263,0.19633137,-0.38290054,-0.062604,0.23844166,-0.46806872,-0.11345915,0.19715455,-0.4176846,-0.12515463,0.16133976,-0.36320361,-0.12544245
NO,0.0,0.0,0.0,-0.06981555,-0.13344945,-0.052245047,-0.038386982,-0.30987063,-0.07356269,0.070450366,-0.39720723,-0.09863478,0.15388073,-0.44370624,-0.1210412,-0.018752698,-0.5338406,-0.014752332,-0.05912921,-0.7371576,-0.05219865,-0.08121747,-0.8666544,-0.08220572,-0.092520036,-0.9749461,-0.104173616,0.07613745,-0.52752477,-0.02471989,0.13572422,-0.7415451,-0.06484123,0.17113107,-0.87132156,-0.103277296,0.20327352,-0.97912204,-0.12809017,0.14225273,-0.46797082,-0.043687325,0.21766976,-0.61723155,-0.10695896,0.18029763,-0.53599393,-0.13064784,0.14544056,-0.4595166,-0.131164,0.19312726,-0.37904516,-0.06713458,0.23717189,-0.47317407,-0.113230266,0.19835535,-0.42222175,-0.11684372,0.16402034,-0.36589396,-0.110873595
NO,0.0,0.0,0.0,-0.07842162,-0.1212431,-0.07415102,-0.062465318,-0.2910328,-0.10466094,0.051913835,-0.3817224,-0.13350755,0.14406933,-0.43987477,-0.15892638,-0.039605025,-0.5262279,-0.036332138,-0.07619795,-0.7286379,-0.07813852,-0.09962256,-0.86028147,-0.1106236,-0.113048844,-0.9705574,-0.13445136,0.059521843,-0.5258412,-0.036781844,0.11279801,-0.739379,-0.07968607,0.14705746,-0.87332046,-0.12307502,0.17449874,-0.9846574,-0.15213689,0.12847319,-0.4696745,-0.048023112,0.19517721,-0.61215895,-0.12128856,0.17596014,-0.5387463,-0.16082667,0.15134455,-0.465402,-0.1711936,0.18103877,-0.3824162,-0.06424759,0.22324002,-0.46877745,-0.124423385,0.19200951,-0.41105777,-0.14185618,0.15960234,-0.3456405,-0.1443335
NO,0.0,0.0,0.0,-0.07627173,-0.11901646,-0.07238879,-0.05516149,-0.28981832,-0.10360158,0.060925923,-0.37614697,-0.13351864,0.15030801,-0.4306263,-0.1603267,-0.0354044,-0.5276362,-0.039775442,-0.076842375,-0.7337618,-0.08242738,-0.10256164,-0.8638337,-0.117729455,-0.116874725,-0.973737,-0.1456104,0.06288664,-0.5290213,-0.04190026,0.1132085,-0.7456315,-0.08733814,0.14765398,-0.874005,-0.13382193,0.17703512,-0.98420453,-0.16674396,0.13018456,-0.4729599,-0.05369711,0.20796248,-0.62473536,-0.124063686,0.17826186,-0.5379917,-0.15689892,0.14313449,-0.46117935,-0.16545369,0.18329807,-0.38287422,-0.07123489,0.2287673,-0.4639153,-0.1321525,0.1970831,-0.40121752,-0.14833432,0.16279928,-0.3401065,-0.15098406
NO,0.0,0.0,0.0,-0.07693837,-0.121399745,-0.06814103,-0.055086985,-0.29766843,-0.09611164,0.060962036,-0.39004266,-0.12445464,0.15324341,-0.4397607,-0.14924312,-0.040768687,-0.5214062,-0.029821727,-0.079882,-0.7301058,-0.07217403,-0.104777955,-0.85701185,-0.10651631,-0.120089285,-0.96444476,-0.13282874,0.055652022,-0.52553123,-0.03280558,0.104923576,-0.74488515,-0.079925,0.13757621,-0.87335694,-0.12611912,0.16599022,-0.98612744,-0.15726489,0.12290734,-0.4741277,-0.04542291,0.19976507,-0.6233492,-0.11633816,0.1686388,-0.5300908,-0.14434992,0.13314207,-0.4496976,-0.14759362,0.17595501,-0.39005238,-0.06382104,0.22499308,-0.4735689,-0.122121386,0.1943042,-0.4123985,-0.13377775,0.16084047,-0.35230657,-0.13217828
NO,0.0,0.0,0.0,-0.0763261,-0.12185346,-0.06758858,-0.05255478,-0.2971098,-0.093140766,0.059147365,-0.38416106,-0.118239544,0.14602767,-0.43641672,-0.14047885,-0.04007871,-0.52070236,-0.029557154,-0.08118854,-0.7296819,-0.067643404,-0.107415825,-0.85709876,-0.09892786,-0.12232761,-0.9654445,-0.123165764,0.05706671,-0.5216823,-0.032392748,0.10722318,-0.7424713,-0.07281646,0.14066932,-0.872676,-0.11767459,0.16932857,-0.98555964,-0.1493128,0.12421389,-0.4695523,-0.045096684,0.19578558,-0.6218879,-0.113526985,0.16907221,-0.5424707,-0.15213922,0.13645737,-0.46778244,-0.16413637,0.1786672,-0.38742447,-0.06279331,0.22471817,-0.47291514,-0.11977015,0.19540545,-0.41495356,-0.13731603,0.1619047,-0.35337102,-0.14173146
NO,0.0,0.0,0.0,-0.07827844,-0.122989796,-0.065375805,-0.058547135,-0.29633895,-0.091811195,0.055557948,-0.3886563,-0.11906865,0.14557894,-0.4394883,-0.14324775,-0.040101785,-0.5240114,-0.02493598,-0.08349067,-0.7296745,-0.065099485,-0.10919692,-0.8573195,-0.09843437,-0.12465791,-0.963997,-0.1240062,0.05413042,-0.52598804,-0.029268095,0.09856264,-0.7458582,-0.0743379,0.12756974,-0.87683356,-0.12023874,0.15244432,-0.988312,-0.15118772,0.1204337,-0.47143176,-0.043300293,0.19531111,-0.6231378,-0.113083825,0.16756508,-0.5404053,-0.14477998,0.1348024,-0.46483034,-0.15115342,0.17227834,-0.3833204,-0.062518366,0.21647172,-0.46966958,-0.11944158,0.17978622,-0.41237694,-0.1324687,0.14201519,-0.35244882,-0.1326652
NO,0.0,0.0,0.0,-0.08602118,-0.10576402,-0.072785676,-0.08733024,-0.27299127,-0.105138056,0.0144237485,-0.3821085,-0.1369495,0.10900134,-0.44125864,-0.16475974,-0.060186118,-0.5171414,-0.036091674,-0.10185551,-0.72463775,-0.08047519,-0.12682267,-0.8514993,-0.11462789,-0.14481555,-0.95514464,-0.13964216,0.033520695,-0.5212425,-0.03846706,0.07010319,-0.7476629,-0.08729696,0.08744321,-0.8824937,-0.1314279,0.098684624,-0.9951188,-0.1598171,0.10549053,-0.469598,-0.05111725,0.166036,-0.6218512,-0.12598558,0.13547903,-0.5360612,-0.15642698,0.104033105,-0.4557149,-0.16004153,0.16346332,-0.38411662,-0.069361344,0.19218226,-0.46790054,-0.12870064,0.15539326,-0.40188175,-0.1409313,0.123168565,-0.33345938,-0.13922997
NO,0.0,0.0,0.0,-0.08322531,-0.107669905,-0.06521991,-0.08714269,-0.280737,-0.09544313,0.017440464,-0.3851471,-0.12654012,0.10811401,-0.43582746,-0.15499638,-0.060425963,-0.5177339,-0.037356284,-0.10428453,-0.7233746,-0.07841155,-0.13003586,-0.8497527,-0.10894267,-0.1448756,-0.9546036,-0.13253433,0.035886373,-0.5192628,-0.044425156,0.06435932,-0.74585617,-0.09163853,0.08309601,-0.8818756,-0.1345588,0.10057651,-0.9949294,-0.16268548,0.10907427,-0.46184584,-0.060465645,0.17431194,-0.61762655,-0.13465483,0.14460766,-0.52517736,-0.16401227,0.11207585,-0.44262373,-0.16710679,0.16789064,-0.36993137,-0.08111189,0.2013977,-0.45907485,-0.14187552,0.16901593,-0.39720955,-0.15423375,0.13837448,-0.33612674,-0.15289733
NO,0.0,0.0,0.0,-0.08593086,-0.103469044,-0.06920656,-0.092152014,-0.27765703,-0.09989028,0.0138804205,-0.38376382,-0.13015938,0.10517299,-0.43544036,-0.15728147,-0.06605315,-0.5148899,-0.040945236,-0.11001801,-0.72162336,-0.08324508,-0.1366397,-0.8486012,-0.1144413,-0.15224402,-0.95682555,-0.138446,0.03029274,-0.52034605,-0.045467332,0.054922752,-0.74645334,-0.09338253,0.07336449,-0.88001525,-0.13500166,0.090813234,-0.99586797,-0.16185842,0.103635006,-0.4670164,-0.05939925,0.16641912,-0.61741024,-0.13592836,0.13980582,-0.51732105,-0.1636922,0.1094231,-0.43159446,-0.16461061,0.16379859,-0.37885684,-0.07833092,0.19761823,-0.4663985,-0.14150062,0.16747509,-0.3971031,-0.15336204,0.13788216,-0.33167034,-0.15085658
NO,0.0,0.0,0.0,-0.087304436,-0.09962885,-0.070865996,-0.09235134,-0.27511656,-0.10173032,0.0132025825,-0.38031417,-0.13207799,0.104187384,-0.4305347,-0.15993215,-0.06437623,-0.51514775,-0.043625757,-0.10862918,-0.7202648,-0.08622063,-0.13407375,-0.84736323,-0.117078155,-0.1496051,-0.9538017,-0.14092833,0.03196093,-0.51868874,-0.04882074,0.056824077,-0.74627316,-0.09813891,0.074155055,-0.8811544,-0.14116071,0.089026466,-0.9960292,-0.16873947,0.10462393,-0.46322626,-0.06371436,0.16844396,-0.61330384,-0.14405076,0.14275068,-0.51663125,-0.17770854,0.11366947,-0.4322569,-0.18229106,0.16263533,-0.37241772,-0.083275326,0.19733992,-0.45585388,-0.15115151,0.16273125,-0.3843977,-0.16826104,0.12981205,-0.31744248,-0.16950828
NO,0.0,0.0,0.0,-0.08439252,-0.101624444,-0.060000606,-0.09509448,-0.27713832,-0.08775958,0.0054085567,-0.38749397,-0.117325835,0.09664021,-0.43699563,-0.1442576,-0.06691373,-0.5169951,-0.03439833,-0.11125909,-0.722376,-0.0757636,-0.1380108,-0.8461538,-0.106353834,-0.15626252,-0.95032233,-0.12970163,0.028640602,-0.52212673,-0.043810837,0.054314703,-0.7497829,-0.09072221,0.069757484,-0.88357586,-0.13070574,0.082858086,-0.99656135,-0.15606245,0.10213892,-0.4675878,-0.061824337,0.16203064,-0.6194513,-0.13514791,0.13365121,-0.52055717,-0.1585985,0.10312596,-0.4354447,-0.15686096,0.15967765,-0.37729612,-0.08442923,0.1918899,-0.46731633,-0.142756,0.15822321,-0.40255496,-0.15032832,0.12735341,-0.33877754,-0.14524488
NO,0.0,0.0,0.0,-0.08310257,-0.10014201,-0.059670247,-0.097403616,-0.27066928,-0.08687935,-0.0005961992,-0.38607928,-0.11622013,0.09009741,-0.43194827,-0.14288382,-0.07033355,-0.51605463,-0.030026415,-0.11387529,-0.7187672,-0.07020836,-0.14225915,-0.8386038,-0.10103395,-0.1629418,-0.9395434,-0.12459548,0.022166705,-0.5217186,-0.039657574,0.04262945,-0.7499717,-0.084591664,0.05507755,-0.8869522,-0.12516788,0.06529632,-0.997866,-0.15144102,0.0952512,-0.4669758,-0.058147844,0.1525436,-0.61989355,-0.12988013,0.12800342,-0.5339649,-0.15810055,0.09966753,-0.4539704,-0.1606616,0.15329528,-0.37773073,-0.08129772,0.18589294,-0.46255895,-0.1401249,0.15274698,-0.40172487,-0.15161076,0.121276446,-0.3375536,-0.14984398
NO,0.0,0.0,0.0,-0.08524794,-0.09504643,-0.06352164,-0.102910474,-0.2701734,-0.09132964,-0.0043096915,-0.3833508,-0.120086364,0.088137545,-0.43153128,-0.14672478,-0.07713962,-0.5157171,-0.035933074,-0.124226965,-0.7179115,-0.07573096,-0.15267959,-0.840171,-0.10459809,-0.17319986,-0.94315755,-0.12691034,0.017385393,-0.5224837,-0.04414255,0.037722263,-0.75301474,-0.088913105,0.04986502,-0.8881786,-0.12758055,0.059493084,-0.9982287,-0.15191618,0.090825915,-0.4674168,-0.061414618,0.14895803,-0.6197416,-0.13668332,0.12389981,-0.523481,-0.16571783,0.09708826,-0.4376839,-0.1676915,0.14885116,-0.37599894,-0.08302463,0.17447709,-0.4494889,-0.1463655,0.13976416,-0.37640283,-0.15919438,0.11073485,-0.30802324,-0.15754671
NO,0.0,0.0,0.0,-0.086333744,-0.09830347,-0.064779654,-0.10137999,-0.2712228,-0.09316812,-0.003111844,-0.38876423,-0.12265202,0.087216154,-0.43717265,-0.14951196,-0.07594006,-0.51751494,-0.03451866,-0.1230932,-0.7191404,-0.07474697,-0.1522843,-0.840338,-0.10569925,-0.17285989,-0.9437007,-0.12990509,0.017008882,-0.5248498,-0.04262689,0.033234585,-0.75222623,-0.08748609,0.04453001,-0.8873757,-0.1282677,0.054352008,-0.9985218,-0.15509541,0.09013668,-0.47104862,-0.060160175,0.145375,-0.6260648,-0.13408855,0.12320262,-0.537134,-0.16442105,0.09760316,-0.4547845,-0.16840033,0.1486367,-0.38071054,-0.08260187,0.17826791,-0.46601626,-0.14475128,0.14315464,-0.39920917,-0.15828891,0.110069975,-0.3291185,-0.15791652
NO,0.0,0.0,0.0,-0.085982986,-0.09426886,-0.06615393,-0.10020739,-0.26373836,-0.09610457,-0.005345963,-0.37697983,-0.12635823,0.08065796,-0.4284852,-0.15423177,-0.07625201,-0.51799977,-0.040069815,-0.1226517,-0.7194343,-0.08057455,-0.15096107,-0.8423121,-0.11028239,-0.17066409,-0.94426316,-0.13328893,0.01847201,-0.52415764,-0.0478292,0.03555929,-0.7527733,-0.09249577,0.047400117,-0.8900375,-0.132515,0.05730991,-0.99835646,-0.15876153,0.09335787,-0.46915016,-0.06501981,0.15159743,-0.62227285,-0.1393823,0.12971936,-0.54534405,-0.17410378,0.10323134,-0.46944436,-0.18176308,0.15293904,-0.3779857,-0.08671758,0.18203017,-0.45629692,-0.15087625,0.1455637,-0.39450768,-0.16872852,0.1102759,-0.33002633,-0.17178008
NO,0.0,0.0,0.0,-0.09008353,-0.09181239,-0.07041055,-0.110218786,-0.2589587,-0.10476577,-0.018593673,-0.37568337,-0.139192,0.06905612,-0.42886516,-0.17072164,-0.08331888,-0.510562,-0.04863313,-0.13102658,-0.715514,-0.093921155,-0.15930727,-0.8378663,-0.12640187,-0.17905015,-0.94103163,-0.15096854,0.01125374,-0.5198809,-0.055741645,0.028234843,-0.7519653,-0.10506663,0.03957104,-0.88664865,-0.14593941,0.048841484,-0.99880654,-0.1725123,0.08566426,-0.4675867,-0.07236032,0.14043052,-0.6215294,-0.14911756,0.11607948,-0.52928126,-0.17892522,0.0890726,-0.44500223,-0.1824079,0.1447572,-0.37759292,-0.09429563,0.17462605,-0.46083957,-0.1571715,0.13958716,-0.39521348,-0.1709791,0.106647775,-0.3282154,-0.17113897
NO,0.0,0.0,0.0,-0.086282216,-0.09460154,-0.06958485,-0.09791117,-0.26691282,-0.101901546,-0.00019794678,-0.3807131,-0.13442497,0.08817674,-0.43003276,-0.16444333,-0.07748433,-0.5147376,-0.0449306,-0.12528442,-0.7183904,-0.087406375,-0.15322833,-0.8421179,-0.118856736,-0.17234787,-0.9461696,-0.14325976,0.01663085,-0.5210493,-0.051819637,0.033750508,-0.75130355,-0.09992382,0.046309832,-0.8866093,-0.14152023,0.056187328,-0.99842024,-0.16849977,0.09089394,-0.46650568,-0.06808476,0.1470704,-0.6227914,-0.14436905,0.12516522,-0.5296076,-0.17472239,0.09881107,-0.44561476,-0.17831486,0.15051062,-0.37555504,-0.089497596,0.18310568,-0.46269256,-0.15322155,0.1494905,-0.39545193,-0.16745307,0.11665766,-0.32752007,-0.1674485
NO,0.0,0.0,0.0,-0.08562436,-0.09243717,-0.07018711,-0.09999497,-0.26025,-0.10342515,-0.0032776617,-0.37315205,-0.13609813,0.08444509,-0.42638105,-0.16591457,-0.08246075,-0.5111168,-0.047195565,-0.12786084,-0.7150848,-0.08991217,-0.1561708,-0.8377737,-0.12075444,-0.17526057,-0.9409612,-0.14413509,0.012937522,-0.5206525,-0.052640382,0.028588403,-0.7511298,-0.09869414,0.042132903,-0.88685036,-0.13773642,0.054023683,-0.9985396,-0.16321212,0.08868896,-0.4684008,-0.06745835,0.1459612,-0.6246181,-0.14237773,0.12541495,-0.5348622,-0.17248029,0.09912061,-0.45145562,-0.17620498,0.1504989,-0.3798484,-0.08728586,0.18143469,-0.46318284,-0.15113066,0.1504584,-0.3993566,-0.16587262,0.11868725,-0.33432376,-0.16597338
NO,0.0,0.0,0.0,-0.08643303,-0.08899178,-0.0760044,-0.096402265,-0.25953904,-0.11060127,0.0031345303,-0.37137967,-0.14388669,0.09109327,-0.42624325,-0.17468408,-0.07596573,-0.51009405,-0.051103637,-0.124915056,-0.714622,-0.09601869,-0.15352608,-0.8395428,-0.12871467,-0.1722844,-0.9432771,-0.15385917,0.01797784,-0.51899815,-0.055107605,0.034411266,-0.7497154,-0.10533983,0.046694826,-0.88657606,-0.14951107,0.05664627,-0.9983943,-0.17845437,0.091463275,-0.467264,-0.0689597,0.15072156,-0.6240661,-0.14950365,0.12703873,-0.5322393,-0.18574782,0.099058256,-0.44678044,-0.19322416,0.15147944,-0.37880245,-0.087988675,0.18100914,-0.45646644,-0.15841275,0.14635886,-0.38437223,-0.17881192,0.113214664,-0.31467706,-0.18265273
NO,0.0,0.0,0.0,-0.08573906,-0.09242989,-0.071940534,-0.09731397,-0.2603702,-0.105991796,0.00074288726,-0.37302965,-0.1398913,0.087817095,-0.42823514,-0.17103206,-0.07725041,-0.5081505,-0.049395338,-0.1274603,-0.713181,-0.09434943,-0.15730838,-0.8373036,-0.12665184,-0.17656952,-0.942891,-0.15104677,0.017362358,-0.51767784,-0.05533409,0.032626636,-0.7495505,-0.10451664,0.043506607,-0.88414985,-0.14608905,0.054197267,-0.99853027,-0.1732129,0.092025615,-0.46614036,-0.07081363,0.14480169,-0.6219486,-0.14898945,0.11825383,-0.5232823,-0.17971687,0.090591975,-0.4355457,-0.18309179,0.15325567,-0.37811473,-0.091527976,0.18115154,-0.46726823,-0.1560699,0.14561075,-0.39951134,-0.17045112,0.11319757,-0.3299969,-0.1704287
NO,0.0,0.0,0.0,-0.085269295,-0.09196153,-0.07117217,-0.09659087,-0.2608229,-0.1044308,0.003173138,-0.37615356,-0.13762607,0.09264648,-0.43004173,-0.16750053,-0.07894885,-0.5079124,-0.046135243,-0.12735587,-0.7145495,-0.08992404,-0.15625493,-0.8384159,-0.12138825,-0.17503652,-0.9422754,-0.1450366,0.015555196,-0.51953834,-0.051175598,0.0319,-0.7497721,-0.0993117,0.043386046,-0.88577175,-0.13955864,0.05415076,-0.99853283,-0.16551901,0.09047277,-0.4696795,-0.06591248,0.14578044,-0.6269822,-0.14225535,0.12232542,-0.53268456,-0.17126238,0.09662808,-0.44529,-0.17342232,0.15213145,-0.38337848,-0.08600943,0.18360916,-0.4752347,-0.1491213,0.14958346,-0.4123173,-0.16277117,0.11704137,-0.34469736,-0.1619674
NO,0.0,0.0,0.0,-0.08740914,-0.09584229,-0.06808064,-0.0973011,-0.26791093,-0.09981885,0.0004587275,-0.38053152,-0.13260187,0.08568932,-0.43369824,-0.16265155,-0.07944245,-0.5113152,-0.0424897,-0.12791446,-0.71624815,-0.08493022,-0.15647559,-0.84051454,-0.115234256,-0.17527981,-0.9447248,-0.13819845,0.014814682,-0.5208651,-0.049224988,0.03167114,-0.7520085,-0.09763929,0.041057684,-0.8868968,-0.13775827,0.0500635,-0.9987461,-0.1628294,0.089879654,-0.46952027,-0.06533044,0.14062215,-0.62390506,-0.14204912,0.10781229,-0.5194748,-0.16972564,0.07620526,-0.42725646,-0.16990927,0.15178165,-0.38353086,-0.08648184,0.17712027,-0.4747239,-0.1490222,0.13929543,-0.40940744,-0.16124873,0.10613727,-0.34271437,-0.15891819
NO,0.0,0.0,0.0,-0.08807098,-0.093730524,-0.07522713,-0.09735498,-0.26212752,-0.110953875,0.0005478787,-0.3729313,-0.14658868,0.08499212,-0.43168196,-0.17926048,-0.07882344,-0.5067745,-0.049948886,-0.12885721,-0.7117229,-0.09724018,-0.15870643,-0.83513135,-0.131144,-0.17811824,-0.93905175,-0.15652882,0.015581198,-0.5169847,-0.054872278,0.031658866,-0.74817455,-0.10797902,0.04326431,-0.88359535,-0.15294987,0.05450774,-0.99851334,-0.18188997,0.09029716,-0.46717924,-0.069789484,0.14295198,-0.6210587,-0.15100995,0.11616415,-0.52077544,-0.18320106,0.08837291,-0.43179324,-0.18682171,0.15225804,-0.38173664,-0.09022515,0.17831495,-0.46716037,-0.15626505,0.14276637,-0.39988822,-0.17183559,0.11071941,-0.33275786,-0.17234597
NO,0.0,0.0,0.0,-0.086836256,-0.089788355,-0.07082851,-0.09991059,-0.26118228,-0.102644615,-0.0025883024,-0.3764968,-0.13400987,0.082258455,-0.43823305,-0.16244024,-0.084451206,-0.51213765,-0.044027604,-0.13384591,-0.71646166,-0.08592874,-0.162989,-0.83958626,-0.115820244,-0.18260427,-0.9422901,-0.13832243,0.010224707,-0.5225916,-0.04883911,0.025889996,-0.75339794,-0.09509432,0.037905596,-0.88812757,-0.13459022,0.04776389,-0.9988587,-0.15977412,0.08475968,-0.4722767,-0.06342419,0.1394386,-0.62536407,-0.13990912,0.117772736,-0.5315333,-0.17176417,0.0919533,-0.4464199,-0.17591912,0.1456536,-0.38704383,-0.08292967,0.17259419,-0.46979848,-0.14748336,0.13944243,-0.40170637,-0.16323762,0.10812795,-0.33453774,-0.1639006
NO,0.0,0.0,0.0,-0.09012,-0.092460826,-0.077912286,-0.0989664,-0.2669169,-0.11249785,0.0019821157,-0.37989327,-0.14582652,0.08913172,-0.43698186,-0.17643529,-0.0797033,-0.51060647,-0.05138271,-0.12795155,-0.7145426,-0.09807374,-0.15784176,-0.8381123,-0.13199675,-0.17850117,-0.94169885,-0.15764296,0.014452989,-0.5209593,-0.054610398,0.03032109,-0.7503425,-0.1069489,0.04187532,-0.8846502,-0.15132119,0.052025612,-0.9986458,-0.17978957,0.088062026,-0.47134417,-0.06820939,0.14360945,-0.62325966,-0.15004829,0.119624235,-0.52251494,-0.183555,0.09245396,-0.4355145,-0.18823406,0.14890079,-0.38668567,-0.087521285,0.17719615,-0.46710885,-0.15653299,0.14199194,-0.39483455,-0.17434493,0.1082719,-0.32712078,-0.1762382
NO,0.0,0.0,0.0,-0.08471087,-0.09765041,-0.065578304,-0.09759899,-0.27089977,-0.094468236,0.0026123857,-0.38657296,-0.12427902,0.09310736,-0.43360013,-0.1512338,-0.08138547,-0.51551825,-0.03495559,-0.12877852,-0.7160881,-0.07522764,-0.15782844,-0.83841634,-0.10590813,-0.17754541,-0.9417759,-0.1296205,0.011893135,-0.5246931,-0.041738153,0.02692392,-0.74960625,-0.08720977,0.038911898,-0.8854068,-0.12745896,0.050492957,-0.9987244,-0.15338422,0.08637507,-0.47374356,-0.057948984,0.14233848,-0.6239806,-0.1310613,0.120844446,-0.53162915,-0.15923284,0.09574844,-0.4485768,-0.16114487,0.14730348,-0.3878715,-0.079284295,0.17905614,-0.47268027,-0.13904487,0.14857164,-0.4081772,-0.1509122,0.11982955,-0.34309557,-0.14916259
NO,0.0,0.0,0.0,-0.0859942,-0.100369126,-0.06627891,-0.09605225,-0.27077085,-0.09588692,0.0023642536,-0.38155887,-0.1260726,0.088197656,-0.43472457,-0.15373883,-0.08130519,-0.518118,-0.035742164,-0.129093,-0.7189344,-0.07554884,-0.1578448,-0.84260976,-0.10593531,-0.17635013,-0.94483864,-0.12935455,0.012597781,-0.5251641,-0.042939555,0.029137826,-0.75133145,-0.08766655,0.040456425,-0.88915086,-0.12999257,0.051256113,-0.99868554,-0.15781194,0.08747829,-0.47153905,-0.059633482,0.14767876,-0.62203085,-0.1318516,0.12615435,-0.5428772,-0.1653794,0.099963345,-0.46598223,-0.17225374,0.14769064,-0.3826869,-0.0810738,0.17842074,-0.4645575,-0.140785,0.14744945,-0.40462065,-0.15550828,0.11779494,-0.34190676,-0.15657192
NO,0.0,0.0,0.0,-0.08338124,-0.0997004,-0.063392386,-0.0944813,-0.27222142,-0.09230697,0.0025830178,-0.3841463,-0.12268688,0.08951918,-0.43389136,-0.15079148,-0.077464,-0.517204,-0.034571316,-0.12577385,-0.71732175,-0.07471571,-0.15526673,-0.8389631,-0.10513154,-0.17532495,-0.94124055,-0.12878242,0.01571922,-0.5249224,-0.043357745,0.032841664,-0.75192815,-0.08854623,0.043199938,-0.88782185,-0.13017435,0.0530668,-0.9985909,-0.15744197,0.09029932,-0.4717743,-0.06116232,0.14800091,-0.6256849,-0.13369977,0.120232865,-0.53801006,-0.16470785,0.09115807,-0.45678532,-0.16958773,0.15071428,-0.38254187,-0.08360886,0.17570546,-0.4607004,-0.14384358,0.1391758,-0.3986304,-0.15773539,0.1075994,-0.33639473,-0.15796801
NO,0.0,0.0,0.0,-0.08573069,-0.09679997,-0.06357822,-0.097225316,-0.2668173,-0.09265495,-0.0034914787,-0.3793616,-0.12309717,0.079047926,-0.43288764,-0.15086031,-0.08265159,-0.51319987,-0.03610584,-0.13010848,-0.7139054,-0.07781643,-0.15962665,-0.83464795,-0.10784832,-0.1808904,-0.93652457,-0.1301172,0.011044706,-0.52296835,-0.044783384,0.027375463,-0.7518574,-0.09058302,0.03766061,-0.8860371,-0.12922592,0.047573633,-0.99886775,-0.15322796,0.08646881,-0.47124642,-0.06263158,0.14152308,-0.6190626,-0.13614015,0.11494442,-0.51985663,-0.1620218,0.087917574,-0.43490437,-0.16185051,0.14779754,-0.3831614,-0.08526808,0.1719358,-0.46120933,-0.14407864,0.1350657,-0.39270627,-0.1533121,0.10382084,-0.32825246,-0.1494706
NO,0.0,0.0,0.0,-0.08621877,-0.094263606,-0.062450442,-0.09771602,-0.27194163,-0.08833878,0.00015326189,-0.38462135,-0.11533604,0.08585501,-0.43237615,-0.14021382,-0.08487066,-0.5157753,-0.032361314,-0.13450326,-0.7154943,-0.070212856,-0.16379029,-0.8366249,-0.09790397,-0.18497781,-0.9377655,-0.11932621,0.008661659,-0.52412283,-0.040625755,0.025654333,-0.7521689,-0.08375232,0.036996957,-0.88843423,-0.12226061,0.046135724,-0.9989352,-0.14654185,0.08330608,-0.47165364,-0.05802263,0.13981049,-0.62212837,-0.13081521,0.1173129,-0.5316371,-0.16142349,0.09254647,-0.4502017,-0.1652344,0.14361568,-0.3839178,-0.079767324,0.16543862,-0.45498687,-0.14128646,0.12900308,-0.38318092,-0.15507725,0.098756276,-0.31643334,-0.1546996
NO,0.0,0.0,0.0,-0.08796759,-0.09947633,-0.0734646,-0.09775181,-0.27080175,-0.10605882,0.0022782525,-0.3792167,-0.13853185,0.08879944,-0.4274172,-0.16911559,-0.07949909,-0.51283777,-0.04434202,-0.13068677,-0.7132315,-0.087826155,-0.16139106,-0.8360943,-0.12009632,-0.18190546,-0.9388628,-0.14486702,0.014358056,-0.519751,-0.049657993,0.028500235,-0.7483989,-0.099011466,0.038746122,-0.88641584,-0.14400597,0.048288386,-0.9988335,-0.173305,0.08921311,-0.46717772,-0.06515635,0.14537707,-0.619369,-0.14615731,0.12090318,-0.5315139,-0.18593287,0.094515644,-0.44874424,-0.1951492,0.15053305,-0.38103956,-0.0854747,0.17320126,-0.45910427,-0.15466763,0.13749175,-0.3911727,-0.17599572,0.106265426,-0.32423446,-0.18076679
NO,0.0,0.0,0.0,-0.08725022,-0.09585961,-0.06912816,-0.100926325,-0.26865184,-0.09955771,-0.00263911,-0.3829518,-0.1303373,0.08676348,-0.4295324,-0.15832931,-0.08408026,-0.50943404,-0.04110873,-0.13315696,-0.71086955,-0.083903566,-0.16380446,-0.83434904,-0.114905775,-0.18537681,-0.9380813,-0.13800676,0.009213398,-0.5198925,-0.04684558,0.023475131,-0.7479812,-0.094629414,0.03319054,-0.8851517,-0.13430506,0.04235008,-0.9991028,-0.15875256,0.08428238,-0.47028798,-0.062394742,0.13506077,-0.614679,-0.13919532,0.109953284,-0.51694804,-0.1683618,0.083767176,-0.43092299,-0.16931629,0.14551297,-0.38725105,-0.08315714,0.17195983,-0.4726807,-0.14528972,0.13916135,-0.40452668,-0.15754186,0.110411726,-0.33782426,-0.15533262
NO,0.0,0.0,0.0,-0.08790467,-0.096875735,-0.06835954,-0.10116985,-0.26996866,-0.098938756,-0.004028555,-0.38257235,-0.13001585,0.08392059,-0.42670348,-0.15879114,-0.08178511,-0.5171402,-0.041079946,-0.13318525,-0.718545,-0.0830651,-0.1634887,-0.8425236,-0.11397469,-0.18379386,-0.9453612,-0.13762468,0.012378634,-0.52488494,-0.048082437,0.026346026,-0.75203764,-0.09514112,0.03632492,-0.8879366,-0.1363249,0.045229726,-0.99897665,-0.16266087,0.08685913,-0.47202793,-0.06472027,0.14116214,-0.6241729,-0.1409393,0.11908106,-0.535132,-0.17356893,0.09412503,-0.45364255,-0.17840496,0.14655824,-0.383499,-0.08631839,0.17455812,-0.46644497,-0.1499489,0.14086199,-0.400955,-0.16566151,0.1101659,-0.3360285,-0.1666333
NO,0.0,0.0,0.0,-0.08843651,-0.094392955,-0.07275148,-0.10152138,-0.2626225,-0.10706082,-0.0037760062,-0.37587154,-0.14098321,0.08334716,-0.4289026,-0.17219503,-0.08204546,-0.5148367,-0.0466175,-0.13147451,-0.71638894,-0.09130054,-0.16231237,-0.8394725,-0.124335125,-0.18265606,-0.9433311,-0.14944094,0.013119003,-0.5243727,-0.05197616,0.025841385,-0.75102735,-0.10156361,0.03629602,-0.8864016,-0.14479123,0.046055906,-0.99893886,-0.17295942,0.089293264,-0.47339365,-0.067108415,0.14407772,-0.62352854,-0.14518984,0.11947845,-0.530553,-0.17792761,0.09109782,-0.44647956,-0.18291442,0.15131259,-0.38720784,-0.08755029,0.17859004,-0.47019866,-0.15270543,0.14725469,-0.40305755,-0.16865806,0.11772641,-0.33728465,-0.16962473
NO,0.0,0.0,0.0,-0.08855177,-0.09404773,-0.07148566,-0.09854797,-0.26683927,-0.1019412,-0.0013030876,-0.3783857,-0.13158816,0.081982225,-0.4294563,-0.15857463,-0.082451746,-0.5123826,-0.04325388,-0.13039587,-0.713904,-0.08509393,-0.15970805,-0.83669347,-0.11594333,-0.18019281,-0.93857604,-0.13986503,0.010643786,-0.5218031,-0.04887716,0.023317358,-0.7523817,-0.09583558,0.033041287,-0.8895061,-0.13837196,0.041480552,-0.9991393,-0.16606516,0.08517221,-0.46950963,-0.064435735,0.14347519,-0.6222717,-0.14212167,0.12194319,-0.541621,-0.18031168,0.095021024,-0.46408817,-0.18952599,0.14543979,-0.38183278,-0.08483826,0.17435464,-0.459694,-0.15313585,0.14038333,-0.39818075,-0.17453796,0.10630306,-0.33611608,-0.1795524
NO,0.0,0.0,0.0,-0.08391981,-0.095146015,-0.065412775,-0.09370581,-0.26826635,-0.09473234,0.001292636,-0.3860314,-0.12520248,0.08543756,-0.43670467,-0.15290347,-0.078907005,-0.5132684,-0.036309376,-0.12547266,-0.714356,-0.078301065,-0.15456823,-0.83418244,-0.109137155,-0.17646284,-0.93438905,-0.13257757,0.013317452,-0.52469665,-0.04467056,0.026341088,-0.755126,-0.09156954,0.0359392,-0.8887605,-0.13174222,0.04357888,-0.99904996,-0.15705903,0.08782886,-0.47426465,-0.06252048,0.14247186,-0.62878317,-0.1374541,0.11942999,-0.53190297,-0.16558082,0.09274984,-0.44715056,-0.16730309,0.14901395,-0.38733032,-0.085497975,0.17994052,-0.47054192,-0.14774989,0.14703609,-0.40462974,-0.16061549,0.11542404,-0.3419485,-0.15939115
NO,0.0,0.0,0.0,-0.08501757,-0.094362654,-0.06536893,-0.09688289,-0.26651734,-0.09375438,-0.0020395445,-0.37895593,-0.12304572,0.08269713,-0.43078864,-0.14981951,-0.08201246,-0.51374847,-0.035206396,-0.13063747,-0.7128929,-0.07566799,-0.15952025,-0.83281,-0.10551822,-0.18078966,-0.93379545,-0.12844034,0.010395858,-0.52248585,-0.0429672,0.025860155,-0.7501918,-0.08949598,0.03554822,-0.88636106,-0.13098584,0.043025166,-0.999074,-0.15718761,0.08448326,-0.47067907,-0.059909325,0.14038567,-0.61955196,-0.13618363,0.11711971,-0.5228801,-0.16719903,0.091500185,-0.4381463,-0.17050262,0.14449896,-0.38261518,-0.08146952,0.17045565,-0.4515941,-0.14594913,0.13432597,-0.37711585,-0.16052422,0.10360589,-0.30910078,-0.16014795
NO,0.0,0.0,0.0,-0.08977218,-0.0903099,-0.06821788,-0.102817714,-0.2647469,-0.09813668,-0.0050674593,-0.38179237,-0.12846813,0.083800025,-0.43615806,-0.1566493,-0.08350701,-0.5081292,-0.039690327,-0.13186,-0.7109224,-0.08105258,-0.16170073,-0.83265734,-0.11180235,-0.18323404,-0.93561035,-0.1358791,0.009162089,-0.5184674,-0.04656442,0.020622404,-0.75157416,-0.09356059,0.029152237,-0.8872409,-0.13609153,0.036676425,-0.9993272,-0.16419421,0.083682835,-0.46863058,-0.06292134,0.13966934,-0.6252068,-0.14065084,0.11566269,-0.5324619,-0.17576613,0.08905047,-0.4468886,-0.18276224,0.14567965,-0.3845183,-0.08392914,0.16826329,-0.4631699,-0.15059969,0.12991364,-0.39216018,-0.16945352,0.09614713,-0.32325786,-0.17301889
NO,0.0,0.0,0.0,-0.088715725,-0.09360934,-0.07414745,-0.09761069,-0.2677358,-0.10565507,0.0030660066,-0.38420817,-0.13678324,0.09325399,-0.43208912,-0.16643432,-0.07620993,-0.5053707,-0.0429046,-0.12486154,-0.70789206,-0.08624967,-0.1551291,-0.82996655,-0.11939691,-0.17606997,-0.93289536,-0.14546625,0.015449346,-0.5146824,-0.048367683,0.025379647,-0.7502345,-0.09780855,0.03439945,-0.88789064,-0.14443828,0.04273048,-0.99908656,-0.17545134,0.089151315,-0.46428463,-0.06397201,0.14455028,-0.6265986,-0.14542067,0.12217113,-0.54195714,-0.1870775,0.09699095,-0.4598414,-0.19864477,0.15072204,-0.3803673,-0.08455021,0.17299944,-0.45773852,-0.15673298,0.13617465,-0.38411036,-0.18069184,0.10383474,-0.31155846,-0.18764563
NO,0.0,0.0,0.0,-0.088247634,-0.09246046,-0.07460585,-0.10100028,-0.2600415,-0.10873326,-0.0019076059,-0.36883926,-0.14170483,0.08673999,-0.42142895,-0.17234588,-0.077322386,-0.5041992,-0.05067821,-0.12602887,-0.7086022,-0.09596096,-0.15603861,-0.8328793,-0.12877037,-0.17584728,-0.9362339,-0.15358086,0.01670876,-0.5131174,-0.055433493,0.030102463,-0.74764985,-0.10586605,0.03966702,-0.88514215,-0.15070605,0.048599962,-0.9988183,-0.179957,0.09147492,-0.4627352,-0.06995693,0.14808987,-0.6173152,-0.15072136,0.12751922,-0.5352698,-0.18976292,0.10258385,-0.45777544,-0.19902535,0.15283814,-0.37688234,-0.08935737,0.18189673,-0.45810008,-0.15767945,0.14842288,-0.39574546,-0.17829089,0.11585474,-0.3317985,-0.18284468
NO,0.0,0.0,0.0,-0.088382214,-0.091877885,-0.074125044,-0.1003687,-0.25992888,-0.107631736,-0.0013525597,-0.37154377,-0.14003661,0.088045366,-0.42596307,-0.17003316,-0.076246016,-0.5081851,-0.04708381,-0.12553789,-0.71156746,-0.09058254,-0.15605578,-0.83588946,-0.1232414,-0.1768101,-0.9395131,-0.14870597,0.01669152,-0.51594317,-0.052439682,0.028954638,-0.74990714,-0.10137881,0.037781928,-0.88737434,-0.1470337,0.045374904,-0.99897003,-0.17749599,0.090661,-0.46263155,-0.06768585,0.15034862,-0.6178381,-0.14757158,0.13038146,-0.5423647,-0.18891668,0.10489776,-0.4671498,-0.20059846,0.15075614,-0.37451032,-0.087686434,0.17793438,-0.45541158,-0.15663716,0.14253327,-0.39414862,-0.17906198,0.10830762,-0.32921875,-0.18539901
NO,0.0,0.0,0.0,-0.08807866,-0.09090118,-0.07753983,-0.099249266,-0.25639787,-0.11446503,-0.00031641382,-0.36894426,-0.1499083,0.08793454,-0.42666417,-0.18245596,-0.077259526,-0.5051058,-0.051569235,-0.12576666,-0.7090311,-0.098404534,-0.15669715,-0.8330322,-0.13289295,-0.17707117,-0.9381985,-0.15912934,0.016098874,-0.5136565,-0.055905793,0.027668912,-0.74793553,-0.1085767,0.03751538,-0.8841894,-0.15483439,0.04654666,-0.9989161,-0.18481831,0.090994895,-0.46134368,-0.070236884,0.1486634,-0.6148704,-0.15317604,0.1272847,-0.52491766,-0.18946332,0.10102101,-0.44403082,-0.19620925,0.15274008,-0.3742057,-0.08978774,0.18250294,-0.45582348,-0.15973689,0.15094504,-0.38709885,-0.17820036,0.120316416,-0.32081297,-0.18049447
NO,0.0,0.0,0.0,-0.08829138,-0.090519734,-0.074832916,-0.10193352,-0.26052994,-0.10820198,-0.0012474883,-0.37241057,-0.14019498,0.09027505,-0.42449176,-0.16931945,-0.07560331,-0.5082639,-0.047694623,-0.12369557,-0.7115587,-0.09118603,-0.15333553,-0.83677626,-0.12341074,-0.17266078,-0.94145036,-0.14841668,0.017984986,-0.516732,-0.051954128,0.029105011,-0.7494144,-0.10110945,0.038240567,-0.8862494,-0.14558592,0.04719854,-0.9988856,-0.17467095,0.09198238,-0.46421486,-0.066217706,0.14973089,-0.61845785,-0.14568897,0.13260938,-0.53886676,-0.18421294,0.10953588,-0.4623646,-0.19310153,0.15188363,-0.37688482,-0.08552558,0.18459874,-0.46101645,-0.15303332,0.15638472,-0.4036897,-0.1739685,0.12719397,-0.34290308,-0.17862959
NO,0.0,0.0,0.0,-0.08640305,-0.089557536,-0.073807664,-0.10281288,-0.26091543,-0.107890524,-0.0016743692,-0.37150204,-0.14090651,0.09255834,-0.41974926,-0.17111678,-0.07700053,-0.51141685,-0.04805513,-0.1252436,-0.7156022,-0.09191951,-0.15495986,-0.8395183,-0.124056265,-0.17523208,-0.94426733,-0.149133,0.016917873,-0.5188881,-0.053079613,0.029959984,-0.75000733,-0.10270224,0.03908129,-0.8852288,-0.14543603,0.046714664,-0.9989083,-0.17314376,0.091032036,-0.4647265,-0.06780852,0.14795484,-0.62160116,-0.14780085,0.12744626,-0.52542317,-0.18004537,0.10233402,-0.44133487,-0.1843373,0.15252563,-0.3749506,-0.08765996,0.1799242,-0.45167825,-0.15584798,0.14708106,-0.3777811,-0.17251323,0.11721725,-0.3099176,-0.1736826
NO,0.0,0.0,0.0,-0.085433096,-0.09083856,-0.073846154,-0.094332725,-0.26010433,-0.10518001,0.012672725,-0.37136048,-0.13508596,0.103322566,-0.4256398,-0.16181731,-0.07365101,-0.51199406,-0.04399798,-0.11937362,-0.71592265,-0.08545557,-0.14743425,-0.83998346,-0.11681112,-0.16603087,-0.9433921,-0.14143759,0.020983089,-0.5215551,-0.04728101,0.033848803,-0.7513728,-0.09408784,0.045953866,-0.8867086,-0.13645364,0.056143705,-0.9984227,-0.16468924,0.09550794,-0.46931106,-0.060759988,0.15579958,-0.62305766,-0.1375476,0.13762625,-0.53468335,-0.17240416,0.111923955,-0.45427677,-0.1795111,0.15670969,-0.38253897,-0.079549834,0.19037613,-0.47008166,-0.14656718,0.1610826,-0.40656054,-0.16637808,0.12985416,-0.34324792,-0.17042355
NO,0.0,0.0,0.0,-0.08506228,-0.08844829,-0.071653984,-0.09795286,-0.26009881,-0.1048864,0.00042986398,-0.37101156,-0.13771935,0.089811884,-0.42201105,-0.16797447,-0.0720707,-0.51527774,-0.047004126,-0.11964707,-0.7202485,-0.09073087,-0.14837754,-0.8434718,-0.12251051,-0.16874166,-0.94665045,-0.14725043,0.021771787,-0.5215201,-0.053361647,0.03738059,-0.75383097,-0.103214614,0.047372743,-0.8875472,-0.14646138,0.05503739,-0.9984843,-0.1744486,0.09525137,-0.4667423,-0.06916611,0.15472934,-0.6215943,-0.14959851,0.13033952,-0.52602595,-0.18355207,0.102370776,-0.44086462,-0.18906626,0.15511094,-0.37557313,-0.08978552,0.1848701,-0.4490687,-0.15889855,0.14844333,-0.37784976,-0.1774594,0.115165114,-0.31140754,-0.18001981
NO,0.0,0.0,0.0,-0.08365855,-0.09402578,-0.06804514,-0.096443206,-0.26559725,-0.098121405,0.0070481454,-0.37598798,-0.12790287,0.09791855,-0.42770395,-0.1551155,-0.07367388,-0.51423186,-0.041648056,-0.12003507,-0.71711504,-0.08371159,-0.14869134,-0.83939254,-0.1147473,-0.16938658,-0.94218224,-0.13867022,0.020000186,-0.5219166,-0.047987666,0.034997642,-0.75328165,-0.09512799,0.046472326,-0.88686395,-0.13596572,0.056037135,-0.9984287,-0.16215518,0.09406761,-0.46728596,-0.06373034,0.15421192,-0.6194965,-0.1412807,0.13144688,-0.5260836,-0.17335154,0.103978604,-0.44425645,-0.17772858,0.1546478,-0.37639877,-0.084085844,0.18362026,-0.45313057,-0.15043437,0.14723645,-0.38421288,-0.16691583,0.11300201,-0.32013592,-0.16810511
NO,0.0,0.0,0.0,-0.08290834,-0.09249663,-0.074595384,-0.08878344,-0.26270467,-0.10683193,0.015018361,-0.37273803,-0.13791896,0.104558386,-0.42346677,-0.16634896,-0.067143746,-0.5139964,-0.045315076,-0.11270712,-0.7191847,-0.08759562,-0.14051163,-0.8440867,-0.11903528,-0.16009447,-0.9481282,-0.14334033,0.026718114,-0.5189094,-0.049693804,0.04206118,-0.7522061,-0.09785049,0.054509304,-0.88751495,-0.14100838,0.064069025,-0.99794555,-0.16913499,0.100588776,-0.46364784,-0.06417696,0.16127166,-0.61950994,-0.14445168,0.14133672,-0.52986467,-0.18085594,0.11501714,-0.44904912,-0.18802899,0.16023193,-0.3742568,-0.08364964,0.19223598,-0.46057308,-0.15303367,0.1589694,-0.39024493,-0.1722127,0.12628007,-0.321734,-0.1753776
NO,0.0,0.0,0.0,-0.084138356,-0.09132094,-0.07535376,-0.090399936,-0.26054105,-0.10630795,0.017514903,-0.3626016,-0.13553911,0.10599223,-0.41936043,-0.16251071,-0.06304244,-0.51772827,-0.044026077,-0.10922469,-0.7229832,-0.08422301,-0.13700907,-0.8489713,-0.11536796,-0.15507197,-0.95513654,-0.14060192,0.032648385,-0.52343494,-0.047488656,0.049749818,-0.75126076,-0.09334429,0.06102386,-0.88617414,-0.13960502,0.069758646,-0.99756396,-0.17159626,0.1050807,-0.46761447,-0.06106186,0.16854578,-0.6252294,-0.14090253,0.14914803,-0.548473,-0.1870084,0.12300374,-0.47479486,-0.2027922,0.1634736,-0.37722698,-0.07920745,0.1910849,-0.44956404,-0.1527429,0.15455662,-0.38428232,-0.18136483,0.119858235,-0.31881994,-0.19202612
NO,0.0,0.0,0.0,-0.08106932,-0.09089313,-0.06991343,-0.09167099,-0.25933868,-0.10151062,0.0141793005,-0.36520472,-0.13232023,0.10420318,-0.42072994,-0.16017526,-0.06591954,-0.51818633,-0.044253193,-0.10777593,-0.72209245,-0.08714559,-0.13434903,-0.8459842,-0.11867871,-0.15216897,-0.95157987,-0.14313541,0.03003553,-0.52337193,-0.049986593,0.04975919,-0.75016654,-0.098614804,0.063214526,-0.8830082,-0.14010282,0.07419722,-0.9972436,-0.16679268,0.10430829,-0.46651253,-0.06512614,0.16536541,-0.61065,-0.14404008,0.13808358,-0.5094969,-0.17415276,0.10742422,-0.42595905,-0.17676142,0.16330452,-0.37421048,-0.08507389,0.19042641,-0.44611874,-0.15301035,0.153175,-0.37329322,-0.16867892,0.12026356,-0.30887106,-0.16858578
NO,0.0,0.0,0.0,-0.080419265,-0.09205648,-0.06887675,-0.08675905,-0.2637076,-0.09791576,0.022267845,-0.37038416,-0.12653613,0.11401345,-0.42195797,-0.15197395,-0.06278573,-0.5185539,-0.039484985,-0.10451047,-0.72302973,-0.08040625,-0.12942375,-0.8488917,-0.11027473,-0.14662522,-0.9538636,-0.13344575,0.032453492,-0.5237166,-0.045241527,0.052506134,-0.75306827,-0.09260805,0.065617315,-0.8857577,-0.13251318,0.07634452,-0.99708146,-0.15748194,0.10473062,-0.46632725,-0.060705744,0.16788217,-0.6127802,-0.13907933,0.1407223,-0.5090055,-0.16796315,0.110025175,-0.42190343,-0.16887482,0.1613384,-0.37332892,-0.08102223,0.19235294,-0.45124733,-0.14827897,0.15505798,-0.37977302,-0.16315296,0.11980077,-0.3133869,-0.16213945
NO,0.0,0.0,0.0,-0.07992291,-0.09786678,-0.071585394,-0.08689476,-0.26446685,-0.10438906,0.020945048,-0.3672973,-0.13668045,0.11320299,-0.42625195,-0.16592398,-0.060575157,-0.51533526,-0.042966798,-0.10370975,-0.72069556,-0.08643378,-0.13082205,-0.84505683,-0.11880274,-0.14795184,-0.95073193,-0.1435553,0.03329892,-0.51986027,-0.048275825,0.05171923,-0.75087345,-0.096397094,0.064342424,-0.8830843,-0.13941844,0.076253965,-0.9970884,-0.16760227,0.104789935,-0.46242312,-0.06334918,0.16880615,-0.61112875,-0.14276129,0.1414797,-0.51112217,-0.17579813,0.1103481,-0.42730623,-0.18058302,0.16199283,-0.3687125,-0.08329531,0.19651417,-0.44684184,-0.15067588,0.15896644,-0.3751867,-0.16719693,0.12287615,-0.30891398,-0.16832586
NO,0.0,0.0,0.0,-0.07814314,-0.09576279,-0.06874672,-0.08201323,-0.26617944,-0.09912952,0.02611419,-0.37301925,-0.12914069,0.116257966,-0.42816034,-0.15571086,-0.05856245,-0.5204973,-0.040165585,-0.09631223,-0.72685516,-0.080912195,-0.12023313,-0.8508236,-0.11139491,-0.13634425,-0.95452654,-0.13502836,0.03634152,-0.52337736,-0.04565689,0.05931877,-0.7513353,-0.0916241,0.074895464,-0.8834515,-0.13254832,0.08742865,-0.99617076,-0.15940902,0.10823882,-0.46509948,-0.060636923,0.17564271,-0.6146148,-0.13585144,0.15095264,-0.5184503,-0.16533704,0.11974417,-0.43690532,-0.1683949,0.16486827,-0.37089428,-0.08058065,0.20423673,-0.45339364,-0.14386876,0.17046656,-0.38851285,-0.15815324,0.13519831,-0.32619905,-0.15803513
NO,0.0,0.0,0.0,-0.078619584,-0.09625145,-0.06852638,-0.08426962,-0.26796675,-0.09836334,0.023218675,-0.3707329,-0.12773901,0.1161263,-0.42039374,-0.15452142,-0.055846658,-0.5180348,-0.041769892,-0.09739102,-0.7242253,-0.08294261,-0.12189319,-0.8503116,-0.113038234,-0.13753691,-0.9560148,-0.13657357,0.038712446,-0.5204742,-0.04768891,0.061829064,-0.74912494,-0.094032876,0.076227896,-0.88369584,-0.13550895,0.08760897,-0.9961549,-0.1626211,0.11044776,-0.46223292,-0.062952206,0.17819868,-0.6108069,-0.14017807,0.15450926,-0.5207846,-0.17418832,0.12548324,-0.44242242,-0.18037419,0.1670142,-0.36748362,-0.08267095,0.19785196,-0.43515086,-0.14927383,0.15892261,-0.36615625,-0.16741192,0.12248454,-0.30250114,-0.17004676
NO,0.0,0.0,0.0,-0.08211783,-0.089630984,-0.07613882,-0.08797094,-0.2544969,-0.1109151,0.018730558,-0.357344,-0.14356112,0.107909806,-0.41512474,-0.17315671,-0.05525874,-0.5159849,-0.052971654,-0.09223047,-0.7267778,-0.097958826,-0.114608176,-0.85689133,-0.13030374,-0.12768507,-0.96756834,-0.15532044,0.04073853,-0.5189497,-0.056314,0.061264314,-0.75066936,-0.108024634,0.07694758,-0.8823797,-0.15116146,0.090112105,-0.9959317,-0.17890254,0.11323036,-0.4619157,-0.06916181,0.17815118,-0.61332554,-0.15183178,0.15379521,-0.5110474,-0.18342392,0.1234609,-0.42676976,-0.18675898,0.17155242,-0.36813357,-0.0870342,0.2047272,-0.44772598,-0.1580578,0.16912796,-0.3709828,-0.17496166,0.13448484,-0.30303338,-0.17557175
NO,0.0,0.0,0.0,-0.07855134,-0.091919154,-0.070780255,-0.080420874,-0.25762284,-0.102491945,0.028620627,-0.3572049,-0.13309865,0.12091828,-0.4070971,-0.16077459,-0.050506067,-0.5175596,-0.045994848,-0.0856742,-0.72799873,-0.08871096,-0.10799723,-0.8567115,-0.119835876,-0.12176904,-0.96416306,-0.1438039,0.04416781,-0.51902765,-0.05102531,0.06793435,-0.7491686,-0.100085355,0.08371161,-0.8824117,-0.14265753,0.096559934,-0.9953272,-0.16986461,0.115075216,-0.46049732,-0.06510814,0.18156646,-0.60818154,-0.14328359,0.15613055,-0.50981987,-0.17342037,0.12554932,-0.42793787,-0.17629121,0.17058197,-0.36626104,-0.08407179,0.20474625,-0.43974227,-0.15080497,0.16777495,-0.3654171,-0.16606103,0.13235863,-0.29875848,-0.1658701
NO,0.0,0.0,0.0,-0.07824824,-0.096606776,-0.06964068,-0.08091615,-0.2604638,-0.10013303,0.027741484,-0.35715127,-0.12988214,0.1199877,-0.40179408,-0.15667321,-0.047315065,-0.5173505,-0.0409377,-0.08516455,-0.7247068,-0.08223553,-0.10897368,-0.85346645,-0.114417516,-0.12284414,-0.96229863,-0.1399795,0.04572265,-0.51722133,-0.04685189,0.06733953,-0.7462819,-0.09405056,0.08369937,-0.88167316,-0.13831459,0.09813692,-0.995173,-0.16801585,0.1157417,-0.45685145,-0.061996475,0.18431956,-0.60851294,-0.13785896,0.16209768,-0.52317137,-0.17118214,0.13190885,-0.44805846,-0.17801027,0.17016052,-0.35917532,-0.08208363,0.20897293,-0.43841988,-0.14628875,0.17266907,-0.37131062,-0.16223776,0.13523798,-0.30658662,-0.16419755
NO,0.0,0.0,0.0,-0.07819161,-0.09758042,-0.06439179,-0.08238456,-0.2614722,-0.093508825,0.021285288,-0.35964707,-0.12288797,0.11047873,-0.40403455,-0.14969446,-0.048898507,-0.5174716,-0.040589735,-0.085175246,-0.72530544,-0.08267703,-0.107541695,-0.854711,-0.11396977,-0.12095473,-0.9635418,-0.13834219,0.043924086,-0.514872,-0.04987068,0.06706871,-0.74576956,-0.09805905,0.082417175,-0.88188094,-0.14097296,0.09620484,-0.9953615,-0.1688031,0.114941895,-0.45159653,-0.06778835,0.18180504,-0.5996609,-0.1440622,0.15507089,-0.5143386,-0.17501023,0.124089584,-0.4404668,-0.17937885,0.16944501,-0.35204,-0.09005479,0.20187369,-0.42992467,-0.15294328,0.16143118,-0.36521265,-0.16625316,0.12365326,-0.30353704,-0.16593774
NO,0.0,0.0,0.0,-0.07599067,-0.0979769,-0.06700743,-0.077227466,-0.26281348,-0.09675341,0.030051496,-0.35921556,-0.12617368,0.118849516,-0.40628636,-0.15256776,-0.047152914,-0.51954526,-0.042117734,-0.08370238,-0.72919405,-0.0849011,-0.10560352,-0.85956067,-0.116439596,-0.11846353,-0.9692473,-0.14053579,0.044962633,-0.5185999,-0.049731124,0.067456916,-0.7496657,-0.09857336,0.08328684,-0.883327,-0.14087054,0.097713515,-0.9952146,-0.16762914,0.115159586,-0.45794985,-0.066223495,0.18400814,-0.6008065,-0.14264782,0.15737519,-0.50701547,-0.1714162,0.12553833,-0.42870417,-0.1737059,0.16951773,-0.3602925,-0.087537326,0.20782982,-0.43367845,-0.1498757,0.16906941,-0.36285633,-0.16145453,0.13086756,-0.2978295,-0.15946501
NO,0.0,0.0,0.0,-0.075583935,-0.09773253,-0.063222736,-0.0787526,-0.26486087,-0.09285226,0.027722277,-0.36096907,-0.12310745,0.117531285,-0.4087537,-0.15067452,-0.044776566,-0.52004343,-0.04008981,-0.08028247,-0.7300215,-0.08365686,-0.1033351,-0.85905063,-0.115206264,-0.11875109,-0.96750444,-0.13895628,0.047778957,-0.5190888,-0.04871088,0.073012404,-0.7502911,-0.09811421,0.0871606,-0.88275164,-0.1397897,0.0991963,-0.99506795,-0.16557348,0.11881017,-0.45984077,-0.06561797,0.18150438,-0.60275733,-0.14141847,0.15010838,-0.5007334,-0.1657485,0.11742865,-0.41898075,-0.16452394,0.17361668,-0.3645796,-0.087083936,0.20178455,-0.43749118,-0.14749062,0.160802,-0.35986033,-0.15498795,0.12660041,-0.293139,-0.14968978
NO,0.0,0.0,0.0,-0.078662954,-0.09711708,-0.07005888,-0.08249226,-0.2589041,-0.10272612,0.023282949,-0.35869047,-0.13470888,0.11364606,-0.40842584,-0.16338259,-0.048431262,-0.5194836,-0.044781517,-0.08396862,-0.7297275,-0.08803991,-0.1053664,-0.85869896,-0.11981234,-0.1176949,-0.968654,-0.14403154,0.045253843,-0.52068496,-0.05025544,0.067539655,-0.75026774,-0.098282605,0.08393823,-0.88277024,-0.13999552,0.098186634,-0.99516803,-0.16688591,0.116134934,-0.46301675,-0.06483776,0.18053022,-0.6081508,-0.14100428,0.15863682,-0.51430446,-0.17002566,0.13025236,-0.43346065,-0.17256959,0.17117354,-0.3685734,-0.08453735,0.20595728,-0.44338557,-0.14622128,0.17235544,-0.37366498,-0.15829772,0.13890573,-0.3077321,-0.15670253
NO,0.0,0.0,0.0,-0.07617068,-0.095755376,-0.06845347,-0.08169037,-0.25647533,-0.10147614,0.022962015,-0.35321924,-0.13382123,0.114581764,-0.40552166,-0.16344419,-0.043381035,-0.520325,-0.047426794,-0.079327926,-0.7292081,-0.092387676,-0.100855134,-0.85935766,-0.12434559,-0.11414484,-0.9690116,-0.14847456,0.049925637,-0.5199517,-0.054520484,0.07356596,-0.7501989,-0.1042662,0.0890815,-0.8837322,-0.14573166,0.1016764,-0.9948175,-0.17189573,0.12033984,-0.45946264,-0.07051794,0.18496443,-0.5989764,-0.14914234,0.15961221,-0.51015574,-0.17951542,0.1298921,-0.4343068,-0.18271494,0.17348032,-0.36223623,-0.09105952,0.20294891,-0.43081057,-0.1561603,0.16082136,-0.3585917,-0.16957307,0.122078374,-0.2922534,-0.1685546
NO,0.0,0.0,0.0,-0.076585725,-0.09792267,-0.06731246,-0.08134176,-0.26104257,-0.10158653,0.019733863,-0.364158,-0.13628693,0.10953892,-0.42052117,-0.16816358,-0.049820393,-0.51946414,-0.046256054,-0.08421472,-0.7298761,-0.09208957,-0.10617089,-0.8573004,-0.12485579,-0.12064017,-0.9660246,-0.14911096,0.04350227,-0.517712,-0.054426007,0.070334665,-0.7504908,-0.10505833,0.08408512,-0.8823088,-0.14640406,0.09566775,-0.9954133,-0.17232385,0.11501916,-0.45696783,-0.071162626,0.17933786,-0.60580707,-0.14815283,0.1476335,-0.50240386,-0.17076768,0.11616191,-0.41814998,-0.16834576,0.16988508,-0.35983887,-0.09278553,0.19841395,-0.44012535,-0.15275182,0.15864494,-0.36346924,-0.15840758,0.12675466,-0.29453307,-0.15185854
NO,0.0,0.0,0.0,-0.07971839,-0.09579836,-0.07211875,-0.086807705,-0.25840908,-0.10581123,0.016460763,-0.3622371,-0.13827634,0.10754281,-0.4176148,-0.16736776,-0.055760324,-0.5193263,-0.04644228,-0.0897476,-0.7305745,-0.088661656,-0.11122077,-0.85859716,-0.119764276,-0.12391382,-0.9671597,-0.14340155,0.03910285,-0.52010345,-0.050558962,0.06228974,-0.7506231,-0.0965262,0.07947531,-0.8835293,-0.137612,0.09393852,-0.995578,-0.16469446,0.11083368,-0.46193752,-0.06403156,0.17552155,-0.60664713,-0.13994344,0.15707517,-0.5169806,-0.17177358,0.13113645,-0.4369719,-0.17647365,0.16587669,-0.3689006,-0.08245849,0.1995278,-0.4458116,-0.14565623,0.17009558,-0.380509,-0.16019893,0.14009799,-0.31571475,-0.16025972
NO,0.0,0.0,0.0,-0.076625116,-0.09385378,-0.06870782,-0.07923069,-0.26314574,-0.100322574,0.025583655,-0.3669939,-0.1317041,0.115061514,-0.42213947,-0.16010267,-0.049083862,-0.5179132,-0.04290717,-0.08368525,-0.7280392,-0.08527427,-0.10551822,-0.8566342,-0.116229095,-0.118787795,-0.9649088,-0.1400227,0.043217845,-0.5210514,-0.0488634,0.06709882,-0.7508315,-0.097278185,0.08331869,-0.88361764,-0.13920346,0.09629916,-0.9953524,-0.16590874,0.113377005,-0.46471548,-0.06377014,0.17798124,-0.6106715,-0.14121784,0.15351175,-0.5109059,-0.16998164,0.12339833,-0.42627344,-0.17183039,0.16766943,-0.37235233,-0.08350228,0.2024432,-0.4470881,-0.14866085,0.16826507,-0.37304884,-0.16190489,0.13533783,-0.30510205,-0.16026124
NO,0.0,0.0,0.0,-0.07831583,-0.09458362,-0.07370581,-0.08263998,-0.257834,-0.10944719,0.022637635,-0.35988152,-0.14376168,0.113458015,-0.41968372,-0.17474346,-0.051294915,-0.51830894,-0.050597996,-0.086072356,-0.73107827,-0.09617056,-0.107852705,-0.85990256,-0.1283784,-0.120709635,-0.9690502,-0.15253568,0.04330432,-0.52110595,-0.054854315,0.06802672,-0.7538475,-0.10533138,0.08451446,-0.8848517,-0.14719822,0.0983738,-0.99514955,-0.17357923,0.11548348,-0.46359858,-0.06836658,0.18013291,-0.6094677,-0.14813831,0.15271933,-0.5099875,-0.1770494,0.121485196,-0.42722583,-0.17879884,0.17258106,-0.3696459,-0.086908706,0.20154434,-0.43754196,-0.15354306,0.16497312,-0.36217847,-0.16709962,0.13266368,-0.29633933,-0.1654773
NO,0.0,0.0,0.0,-0.07846197,-0.097680785,-0.07266709,-0.08117767,-0.25995234,-0.10536624,0.025452869,-0.36125213,-0.13630474,0.116251476,-0.41627103,-0.1635721,-0.052060425,-0.51955634,-0.046299573,-0.08722273,-0.73122096,-0.08941577,-0.10928526,-0.85905254,-0.12060393,-0.12275856,-0.96650136,-0.14403197,0.042749465,-0.5221886,-0.049754765,0.06639944,-0.75316954,-0.096221104,0.084583886,-0.8846391,-0.13697155,0.099617794,-0.99502575,-0.16322298,0.114436686,-0.464516,-0.062815785,0.18143375,-0.60608774,-0.13913961,0.16174631,-0.5158062,-0.17095512,0.13412471,-0.4387399,-0.17543441,0.1704717,-0.37073994,-0.080903836,0.20572384,-0.43837008,-0.14506882,0.1733516,-0.37112525,-0.16063891,0.14017506,-0.30932036,-0.16118002
NO,0.0,0.0,0.0,-0.0768098,-0.09834239,-0.06777091,-0.07912802,-0.26591098,-0.099841006,0.027228555,-0.36807293,-0.13201833,0.11701775,-0.42318547,-0.16098925,-0.051234473,-0.51719356,-0.04216655,-0.08707818,-0.7292712,-0.086024314,-0.10961687,-0.85834086,-0.11761713,-0.12360943,-0.9660035,-0.14111143,0.041371524,-0.52069366,-0.048249993,0.06731944,-0.7531336,-0.0969681,0.08362799,-0.8847668,-0.13832702,0.09694806,-0.99528944,-0.16397625,0.11228305,-0.46435148,-0.06324442,0.17845766,-0.6096341,-0.13914384,0.15184963,-0.5081251,-0.16491851,0.12034996,-0.42424235,-0.16443793,0.16868076,-0.37095135,-0.0831857,0.20407225,-0.4444352,-0.14452106,0.17037508,-0.37175345,-0.15426886,0.13886164,-0.30738226,-0.15013607
NO,0.0,0.0,0.0,-0.07804611,-0.0983383,-0.07304839,-0.078181334,-0.2640121,-0.10874785,0.030528,-0.36293373,-0.14360131,0.122157924,-0.41829786,-0.17503372,-0.048184354,-0.5170933,-0.04977947,-0.08252721,-0.73076534,-0.09561825,-0.10450561,-0.8605116,-0.12850441,-0.11720206,-0.9699719,-0.15317573,0.046026673,-0.51890063,-0.05426904,0.07151976,-0.7504016,-0.10597634,0.08816109,-0.8813682,-0.14948377,0.10300876,-0.99468046,-0.17699035,0.11804346,-0.46168926,-0.067834705,0.18497436,-0.6066503,-0.14756832,0.15404771,-0.50162154,-0.17525081,0.11919742,-0.41640335,-0.17559142,0.1762584,-0.36859286,-0.08658792,0.20993532,-0.4420212,-0.1517069,0.17401473,-0.37054056,-0.16403142,0.13987358,-0.3074613,-0.16140632
NO,0.0,0.0,0.0,-0.07803073,-0.1002429,-0.07238529,-0.07729364,-0.2604339,-0.10921361,0.028433142,-0.35722458,-0.14516027,0.11997667,-0.41124538,-0.17753446,-0.05045432,-0.51597667,-0.051192585,-0.08496438,-0.7293821,-0.09794652,-0.10582939,-0.85942054,-0.12948552,-0.1182947,-0.96735424,-0.15153372,0.044234417,-0.51541305,-0.05583847,0.072794154,-0.7489555,-0.10771698,0.0866443,-0.8811109,-0.14717549,0.098670065,-0.99512017,-0.16992232,0.11736826,-0.45672616,-0.06964016,0.18102682,-0.594413,-0.14864668,0.14546376,-0.48578462,-0.17103559,0.1116242,-0.401355,-0.16604336,0.17469351,-0.36328202,-0.08855085,0.20327313,-0.4396073,-0.14866579,0.16209558,-0.36443555,-0.15406966,0.1284646,-0.29991558,-0.14593709
NO,0.0,0.0,0.0,-0.08101534,-0.09583348,-0.07520238,-0.081657276,-0.25621065,-0.11144048,0.026112169,-0.35827115,-0.14601715,0.11692236,-0.41775095,-0.17669648,-0.04819963,-0.514563,-0.05184512,-0.085092,-0.728884,-0.09764518,-0.107046135,-0.85832644,-0.13127452,-0.11939507,-0.96730506,-0.15656775,0.046674084,-0.5171659,-0.055260558,0.07077501,-0.75077057,-0.10561616,0.08795555,-0.88117856,-0.14857659,0.10248506,-0.9947345,-0.1765209,0.11773817,-0.45983642,-0.06797672,0.18440014,-0.6084462,-0.14591812,0.15949932,-0.50359786,-0.17221537,0.12812613,-0.41806722,-0.17253013,0.17298542,-0.36472705,-0.08626164,0.21188426,-0.44948974,-0.14948888,0.17840861,-0.37765065,-0.15991771,0.14375623,-0.31101745,-0.15665612
NO,0.0,0.0,0.0,-0.080041505,-0.09678306,-0.07846129,-0.07874382,-0.25503016,-0.11606441,0.028859828,-0.355191,-0.1515019,0.11950379,-0.41351643,-0.18267603,-0.049004015,-0.51411766,-0.05487859,-0.082367115,-0.72703654,-0.102363825,-0.10288327,-0.8555504,-0.1362338,-0.11522401,-0.963796,-0.16099249,0.0467503,-0.51598424,-0.05668833,0.073055714,-0.7494117,-0.10872272,0.09067181,-0.8795308,-0.15145475,0.10506955,-0.9944649,-0.17826207,0.11854009,-0.4591875,-0.06824012,0.18388888,-0.5988075,-0.14836253,0.15736043,-0.4883935,-0.174432,0.12506044,-0.4015547,-0.17302664,0.17411666,-0.3662716,-0.08562331,0.21131891,-0.4446955,-0.14919469,0.1777492,-0.37032494,-0.15927696,0.14313622,-0.30437756,-0.15501283
NO,0.0,0.0,0.0,-0.07805831,-0.09578388,-0.072922826,-0.07648613,-0.25974798,-0.10626212,0.032767337,-0.35187155,-0.13816467,0.12267705,-0.40559232,-0.16684817,-0.04112327,-0.52097183,-0.048588235,-0.07551898,-0.7316673,-0.09361703,-0.09469633,-0.862332,-0.12687169,-0.105222166,-0.97106665,-0.1525172,0.05421845,-0.5203794,-0.053638745,0.08110577,-0.7503112,-0.10508226,0.09876916,-0.8813698,-0.15021762,0.11220936,-0.9936846,-0.17949393,0.12558392,-0.4605333,-0.06802448,0.1958585,-0.60400134,-0.14898731,0.16984609,-0.5080983,-0.18272057,0.13740176,-0.42931584,-0.18812914,0.180743,-0.36441776,-0.087277666,0.21429133,-0.43322098,-0.15591043,0.17554544,-0.3637006,-0.17373587,0.13804421,-0.30271187,-0.17573667
NO,0.0,0.0,0.0,-0.0792215,-0.09501997,-0.076816194,-0.0802131,-0.25920698,-0.11276959,0.029285226,-0.3549189,-0.14662054,0.12282988,-0.4097343,-0.17682467,-0.04234642,-0.519304,-0.052361626,-0.076111875,-0.73121756,-0.099146836,-0.09572859,-0.8615783,-0.13344479,-0.106977,-0.97048783,-0.15949732,0.053066127,-0.52030146,-0.055562776,0.07888329,-0.75251275,-0.10813463,0.09707523,-0.88199186,-0.15293975,0.1118436,-0.99372584,-0.18172278,0.12330405,-0.46180424,-0.06843669,0.19614609,-0.6059203,-0.15035124,0.1714949,-0.50462204,-0.18179208,0.13906921,-0.42256695,-0.1849282,0.17815055,-0.36723754,-0.08666676,0.21709521,-0.44088456,-0.15568891,0.18326971,-0.36952862,-0.17192836,0.1475842,-0.3062358,-0.17215972
NO,0.0,0.0,0.0,-0.076746054,-0.10080296,-0.071773686,-0.07303079,-0.2653092,-0.103368305,0.03700142,-0.36053887,-0.13341464,0.1286495,-0.41272178,-0.16006047,-0.043637607,-0.5211601,-0.045238506,-0.07528932,-0.7343062,-0.08811236,-0.094595626,-0.8644248,-0.119148046,-0.10713581,-0.9727335,-0.14235951,0.051474392,-0.5197266,-0.048659485,0.08050107,-0.7489947,-0.09612479,0.0993994,-0.88148,-0.13833958,0.11338916,-0.99355066,-0.16551803,0.122395344,-0.460883,-0.061537635,0.19543298,-0.60296947,-0.1388787,0.17759328,-0.5170449,-0.17295755,0.15033121,-0.4422407,-0.17865531,0.17700133,-0.36793926,-0.079192124,0.21406513,-0.4363678,-0.14363551,0.1822252,-0.37407407,-0.16084732,0.14866337,-0.31579548,-0.1625976
NO,0.0,0.0,0.0,-0.07486704,-0.10073908,-0.0721707,-0.071241766,-0.26324487,-0.10602135,0.038823385,-0.36071512,-0.13869847,0.13276179,-0.41413036,-0.16761264,-0.040286604,-0.51740545,-0.046498794,-0.0739864,-0.7294849,-0.09088634,-0.09417118,-0.8595837,-0.12355203,-0.10608479,-0.9678528,-0.14807707,0.053713925,-0.5198289,-0.050437618,0.080599144,-0.7496065,-0.098854624,0.098274134,-0.881199,-0.1402825,0.1120548,-0.993702,-0.16697854,0.12382292,-0.4625018,-0.06384046,0.19452605,-0.60480225,-0.13919906,0.17159712,-0.5077731,-0.16633421,0.14115123,-0.42631078,-0.16756843,0.1777478,-0.3679791,-0.08278093,0.21843857,-0.44319442,-0.14440683,0.18602975,-0.37678516,-0.15657888,0.15199603,-0.3153465,-0.15480553
NO,0.0,0.0,0.0,-0.07496585,-0.10098182,-0.07151432,-0.07262139,-0.26304576,-0.107357144,0.03186186,-0.35799053,-0.14247733,0.1213137,-0.41491386,-0.17388667,-0.03987318,-0.5210537,-0.04773867,-0.0719241,-0.73305714,-0.095592,-0.09233452,-0.86225,-0.12887321,-0.10507243,-0.96992457,-0.15227993,0.054177597,-0.5199782,-0.052703302,0.08361081,-0.75066483,-0.105160296,0.09943146,-0.88021225,-0.1460312,0.11214569,-0.9936917,-0.17014898,0.12531461,-0.46178672,-0.06700237,0.19346857,-0.600361,-0.14625013,0.16228172,-0.4922211,-0.16885683,0.12866107,-0.40933716,-0.16459054,0.18073717,-0.3682695,-0.08654012,0.21560425,-0.44018582,-0.14765756,0.17831981,-0.36410627,-0.15397981,0.14474277,-0.3011319,-0.146663
NO,0.0,0.0,0.0,-0.075797714,-0.10075247,-0.07265029,-0.07252881,-0.26455864,-0.105574735,0.036808677,-0.35734507,-0.13716663,0.12951563,-0.4082769,-0.16521527,-0.041795682,-0.51984,-0.044111695,-0.074133255,-0.73143077,-0.087677054,-0.09369556,-0.8597133,-0.11964837,-0.10577871,-0.96669644,-0.14336924,0.05332738,-0.5198112,-0.047614068,0.081266336,-0.748256,-0.0952812,0.1004453,-0.8802425,-0.13774537,0.1153691,-0.9933227,-0.16505697,0.12396012,-0.46191537,-0.06079918,0.19419642,-0.60295755,-0.13782458,0.17215976,-0.5097315,-0.17019564,0.142312,-0.43102565,-0.17453474,0.17827544,-0.3693214,-0.07909644,0.21273078,-0.43645298,-0.1433606,0.17952317,-0.3693124,-0.15920271,0.14578372,-0.3080589,-0.15970407
NO,0.0,0.0,0.0,-0.075428165,-0.09971245,-0.07457795,-0.07183958,-0.26309553,-0.10853867,0.040215287,-0.35474557,-0.1406505,0.13393867,-0.40659207,-0.16919209,-0.03902464,-0.52004474,-0.047170192,-0.0716578,-0.73147076,-0.09138091,-0.09172191,-0.86122054,-0.124440335,-0.10322628,-0.9689839,-0.14946482,0.055669088,-0.5197655,-0.050296906,0.081337094,-0.7509372,-0.09878027,0.10034034,-0.88179266,-0.14237134,0.11596319,-0.9932536,-0.17094609,0.12554736,-0.460743,-0.06310665,0.1962395,-0.6048499,-0.14073478,0.17380083,-0.5103519,-0.17373705,0.14287417,-0.43077242,-0.17915908,0.17962857,-0.36587867,-0.081224486,0.21847668,-0.43696305,-0.1469613,0.18637727,-0.36808577,-0.16370998,0.15216494,-0.30557004,-0.16518378
NO,0.0,0.0,0.0,-0.07557733,-0.10093064,-0.07513202,-0.07208384,-0.26117143,-0.109750256,0.038172584,-0.35336098,-0.14237301,0.13211353,-0.40244815,-0.17127173,-0.038392257,-0.5237336,-0.04804309,-0.06785567,-0.73347,-0.09276968,-0.087309875,-0.86294466,-0.12622105,-0.099424936,-0.971729,-0.15140194,0.05711408,-0.52141726,-0.050935008,0.08457529,-0.7491607,-0.100158066,0.102725446,-0.8797623,-0.14310056,0.11691419,-0.99314207,-0.17087227,0.1280595,-0.4612574,-0.06347687,0.19606608,-0.6030016,-0.14194672,0.17317094,-0.5049202,-0.17207327,0.14276996,-0.42531502,-0.17474334,0.1821955,-0.36571395,-0.081403345,0.21854332,-0.4410117,-0.14628994,0.1852215,-0.36938277,-0.15989754,0.15089627,-0.305146,-0.15869729
NO,0.0,0.0,0.0,-0.07360503,-0.10113415,-0.07131146,-0.06963463,-0.26243198,-0.10221219,0.042958852,-0.35734004,-0.13176566,0.13728188,-0.40677568,-0.15761772,-0.038126178,-0.5211345,-0.040773407,-0.07230774,-0.73448867,-0.08233167,-0.09283148,-0.8639987,-0.11343643,-0.10534596,-0.9705999,-0.1366709,0.05645608,-0.519521,-0.04443789,0.08182945,-0.75098205,-0.09014038,0.09982256,-0.88266814,-0.13190795,0.114320084,-0.9934439,-0.15878366,0.12605095,-0.45931372,-0.057693046,0.19628072,-0.6008394,-0.13273111,0.17630382,-0.5103894,-0.1644944,0.14769164,-0.43443036,-0.16890122,0.17877911,-0.3636386,-0.07606799,0.2201377,-0.43808705,-0.13826475,0.19023196,-0.37109593,-0.15246466,0.15816282,-0.309115,-0.15229139
NO,0.0,0.0,0.0,-0.07466447,-0.10417409,-0.07134854,-0.07000901,-0.26616466,-0.10331607,0.044127833,-0.35654113,-0.13405399,0.13995536,-0.40695557,-0.16146858,-0.03589025,-0.5228543,-0.042551182,-0.06839758,-0.7341308,-0.08530665,-0.088620745,-0.86465114,-0.117043205,-0.100012295,-0.9742907,-0.14112858,0.059878398,-0.5208258,-0.04698015,0.084955975,-0.7516097,-0.09448588,0.10217384,-0.88206,-0.1368935,0.11732513,-0.9930935,-0.16402286,0.13016273,-0.45962015,-0.060818143,0.20048463,-0.60157746,-0.1391311,0.17417116,-0.5033143,-0.17065665,0.14199702,-0.42296726,-0.17405692,0.18372853,-0.36272055,-0.079512335,0.21867827,-0.43152758,-0.1454219,0.18262868,-0.3591315,-0.16048741,0.14737602,-0.29562998,-0.16007917
NO,0.0,0.0,0.0,-0.072338976,-0.1041792,-0.068121105,-0.0660764,-0.26604,-0.09759718,0.04522811,-0.35882136,-0.12623882,0.1372423,-0.4034799,-0.15146571,-0.038957767,-0.52399397,-0.03984262,-0.06961136,-0.7357621,-0.08053205,-0.08881864,-0.8651744,-0.11089984,-0.1009576,-0.97283614,-0.13364035,0.05624471,-0.520594,-0.04506742,0.08406487,-0.74972236,-0.0898874,0.102096215,-0.8813158,-0.13028,0.11670535,-0.9931666,-0.15634131,0.12645695,-0.4589489,-0.05944354,0.19806,-0.5993034,-0.13272437,0.17509575,-0.50813174,-0.16177706,0.14486371,-0.43137175,-0.16455594,0.17815037,-0.362633,-0.07882596,0.21721093,-0.4366467,-0.13861541,0.18472992,-0.3711856,-0.15042032,0.15130225,-0.3097148,-0.1487825
NO,0.0,0.0,0.0,-0.073223025,-0.10224675,-0.07152294,-0.06954107,-0.263543,-0.104297124,0.041464586,-0.35657734,-0.13589408,0.13454494,-0.40660912,-0.16365862,-0.036360998,-0.52207345,-0.044271477,-0.067678206,-0.73369914,-0.0874971,-0.0877257,-0.86378926,-0.11935375,-0.099778004,-0.9715675,-0.14326678,0.05789585,-0.52080685,-0.04848006,0.08456474,-0.750182,-0.09561915,0.10211962,-0.88256526,-0.13692477,0.1170318,-0.9931281,-0.16359779,0.1285097,-0.46011627,-0.062141288,0.19834276,-0.60296965,-0.13704678,0.17470425,-0.51091176,-0.16583845,0.14421166,-0.43281305,-0.16846645,0.18226898,-0.3632981,-0.0811386,0.22109127,-0.43701696,-0.14252567,0.18787518,-0.37119427,-0.1550778,0.15396272,-0.31027466,-0.153811
NO,0.0,0.0,0.0,-0.076843515,-0.10262903,-0.07102635,-0.072730646,-0.26572105,-0.10283111,0.040548936,-0.35659072,-0.13336575,0.13488038,-0.40569744,-0.1605783,-0.038716532,-0.5253908,-0.043900948,-0.06932925,-0.73644555,-0.08685783,-0.08876186,-0.866536,-0.11819278,-0.100899525,-0.97552896,-0.14182435,0.057913236,-0.52198714,-0.048545957,0.08540367,-0.75009865,-0.09634763,0.10283917,-0.88065684,-0.13822873,0.116988786,-0.9931332,-0.16500787,0.12819399,-0.4596588,-0.06253404,0.19699988,-0.5978239,-0.13998678,0.1718444,-0.50025934,-0.16989258,0.14113386,-0.4222834,-0.17246233,0.18057635,-0.3622948,-0.08146218,0.21334156,-0.4302044,-0.14531906,0.17625375,-0.35701936,-0.15853328,0.14086637,-0.29313087,-0.15723348
NO,0.0,0.0,0.0,-0.07445184,-0.09976386,-0.07273428,-0.07234198,-0.26199695,-0.10558802,0.039632455,-0.35674042,-0.13682209,0.1335054,-0.407058,-0.16419512,-0.04102366,-0.52310556,-0.046305344,-0.07238113,-0.7352943,-0.0902392,-0.09163149,-0.8662519,-0.12174188,-0.10378671,-0.97462237,-0.14510512,0.054645628,-0.5218633,-0.050261308,0.081537895,-0.7512953,-0.09863983,0.09997084,-0.8824582,-0.13967322,0.11533339,-0.9933268,-0.16554353,0.12495184,-0.4606801,-0.063744366,0.19486658,-0.59792864,-0.14083509,0.1706266,-0.5033434,-0.1701882,0.14017951,-0.42584074,-0.17237316,0.1779697,-0.3637861,-0.08250663,0.21437365,-0.43010476,-0.14612703,0.17903164,-0.3612446,-0.15964171,0.14332503,-0.29955253,-0.15848234
NO,0.0,0.0,0.0,-0.07229151,-0.10371595,-0.071917966,-0.06733981,-0.26428455,-0.10577773,0.043057878,-0.35709444,-0.13862514,0.13574836,-0.4072984,-0.16780593,-0.035293844,-0.52331626,-0.044724945,-0.06679716,-0.7336059,-0.08964135,-0.08668735,-0.8640734,-0.12252571,-0.098218694,-0.97284144,-0.14690411,0.05848176,-0.52053016,-0.04967949,0.08470301,-0.7508576,-0.098553285,0.102987185,-0.88092536,-0.14076349,0.1197342,-0.992806,-0.1675897,0.12794673,-0.45919535,-0.06412789,0.19817807,-0.59886724,-0.14171065,0.17129496,-0.50011843,-0.17059954,0.13927533,-0.41954133,-0.1723412,0.18104593,-0.3613061,-0.08379832,0.2184767,-0.43252787,-0.1465018,0.1817539,-0.36137876,-0.15833741,0.14556569,-0.29769668,-0.15614769
NO,0.0,0.0,0.0,-0.076002724,-0.10446727,-0.07281334,-0.073386334,-0.26594234,-0.10537699,0.0406935,-0.3584379,-0.13650256,0.13480952,-0.40723622,-0.16366035,-0.040485255,-0.5238261,-0.044992372,-0.06925981,-0.7331924,-0.08919774,-0.08787898,-0.8635557,-0.12125107,-0.098758385,-0.97294956,-0.14487895,0.055892866,-0.5224321,-0.048242167,0.082722574,-0.749385,-0.09633539,0.09998152,-0.8797378,-0.1366678,0.115161054,-0.9933468,-0.1619118,0.12660103,-0.46196467,-0.061240766,0.19383378,-0.59880316,-0.13821436,0.17129163,-0.49769488,-0.16500163,0.14241958,-0.41721997,-0.1644489,0.17989776,-0.3660437,-0.07967969,0.21759284,-0.44162095,-0.14108717,0.1850795,-0.37547308,-0.15167555,0.15061648,-0.31467062,-0.148053
NO,0.0,0.0,0.0,-0.074645445,-0.10168994,-0.06856401,-0.07123068,-0.2666087,-0.09903545,0.037852906,-0.36090043,-0.12874253,0.12890708,-0.4102924,-0.15482998,-0.03909325,-0.5250882,-0.042437896,-0.06915781,-0.7357823,-0.08583113,-0.08787826,-0.8673271,-0.116576724,-0.09989801,-0.9759534,-0.1389982,0.0561501,-0.52387685,-0.047694117,0.08326347,-0.7521412,-0.095615834,0.10049179,-0.88239485,-0.13466352,0.11449237,-0.9934241,-0.158145,0.1269821,-0.46386942,-0.06222638,0.19380917,-0.59559584,-0.13821656,0.17006536,-0.49443462,-0.16347286,0.14061612,-0.41501787,-0.16187298,0.17984313,-0.36838007,-0.08185043,0.21657144,-0.4365384,-0.14264376,0.18176086,-0.36532837,-0.15203463,0.14738162,-0.30378443,-0.14741436
NO,0.0,0.0,0.0,-0.075804554,-0.10077073,-0.07081173,-0.07421937,-0.26511818,-0.103519455,0.032380287,-0.3603508,-0.13545644,0.12270392,-0.41008833,-0.16376904,-0.038961556,-0.5238835,-0.045704138,-0.06840476,-0.7352863,-0.09109181,-0.087254114,-0.8664239,-0.12329169,-0.09866059,-0.976289,-0.1469469,0.055672336,-0.52306885,-0.05084553,0.081758104,-0.7528041,-0.101117305,0.0986051,-0.88189423,-0.1418329,0.113458395,-0.99354273,-0.1665592,0.12651882,-0.46386105,-0.06526484,0.19218437,-0.6003214,-0.14388004,0.16487303,-0.49395788,-0.16919424,0.13383141,-0.4109861,-0.16739705,0.18064295,-0.36852753,-0.08489792,0.2143165,-0.43732718,-0.14781414,0.1765064,-0.3622322,-0.15742971,0.14123572,-0.29851982,-0.15281616
NO,0.0,0.0,0.0,-0.074590005,-0.104393475,-0.068885304,-0.07010457,-0.2682144,-0.09922472,0.036654532,-0.36430126,-0.12910815,0.12549126,-0.41252953,-0.15525231,-0.04141582,-0.5246017,-0.04210945,-0.070418626,-0.73838395,-0.0855225,-0.08825912,-0.8685132,-0.11579869,-0.09959001,-0.9765948,-0.13749158,0.053931452,-0.522479,-0.047448654,0.08192719,-0.75251126,-0.09502837,0.098315075,-0.88240933,-0.13366885,0.11182211,-0.9937282,-0.15669122,0.12582745,-0.4620982,-0.062189348,0.19057886,-0.59816056,-0.13806081,0.16429113,-0.4948257,-0.16258533,0.1345093,-0.41315392,-0.16014993,0.17947339,-0.36617723,-0.08209042,0.21309516,-0.43734857,-0.14133881,0.17644387,-0.36716783,-0.14935245,0.14245385,-0.3049592,-0.14382304
NO,0.0,0.0,0.0,-0.07345961,-0.101823255,-0.0692495,-0.0690125,-0.26738816,-0.10003517,0.039737765,-0.36139765,-0.13033928,0.1299781,-0.40929008,-0.15679996,-0.038786087,-0.5246504,-0.041115176,-0.0695685,-0.73751265,-0.08466115,-0.08859051,-0.86854357,-0.11512464,-0.10075217,-0.97621953,-0.13720256,0.05596025,-0.5247644,-0.04636908,0.08369302,-0.7551885,-0.09460562,0.1006548,-0.8844299,-0.13338824,0.11448093,-0.9934254,-0.15632467,0.12743784,-0.4655687,-0.061129358,0.19413297,-0.6000369,-0.1373024,0.1678923,-0.49349758,-0.16104817,0.13767914,-0.41069785,-0.15814607,0.18169768,-0.37024614,-0.08117819,0.21598671,-0.4365297,-0.14162712,0.18002093,-0.36170056,-0.14989996,0.1471425,-0.29950672,-0.14435928
NO,0.0,0.0,0.0,-0.07538101,-0.10480072,-0.068653755,-0.07161511,-0.2700281,-0.09987769,0.040420078,-0.36380684,-0.13039766,0.13279502,-0.4125473,-0.15747452,-0.040506087,-0.52046114,-0.043068707,-0.06867456,-0.73218,-0.08599127,-0.08707085,-0.860736,-0.11654423,-0.09824632,-0.9687913,-0.13912694,0.054577522,-0.5196094,-0.048376635,0.080570616,-0.75100684,-0.09540002,0.09738097,-0.88224804,-0.13533741,0.11174849,-0.9937365,-0.16031426,0.1254939,-0.4593999,-0.06269498,0.19081876,-0.5963599,-0.13740158,0.16410597,-0.49893355,-0.16376802,0.13253887,-0.42039564,-0.16398193,0.17892298,-0.3642807,-0.08207177,0.20920248,-0.43301734,-0.14188917,0.17262799,-0.36275667,-0.15155904,0.13782783,-0.30059606,-0.14788228
NO,0.0,0.0,0.0,-0.07278433,-0.10619242,-0.07053287,-0.06761221,-0.26771384,-0.10256188,0.04194323,-0.3607655,-0.13370879,0.13358116,-0.4083135,-0.16113266,-0.040642012,-0.5236289,-0.042400178,-0.0710312,-0.7352424,-0.08538661,-0.08955791,-0.86536956,-0.11587502,-0.10072061,-0.97430617,-0.1380439,0.053382456,-0.5212918,-0.047183275,0.08002442,-0.7509468,-0.09416755,0.09770914,-0.88198835,-0.13348742,0.112967804,-0.9935987,-0.15751463,0.12392428,-0.4603984,-0.061483324,0.19152705,-0.5927799,-0.13703416,0.16497362,-0.49439964,-0.16374108,0.13429347,-0.41499102,-0.16341402,0.17656565,-0.36512995,-0.08105666,0.20988579,-0.4307022,-0.14131203,0.17306477,-0.3585771,-0.15109798,0.13865614,-0.29425883,-0.14708044
NO,0.0,0.0,0.0,-0.07294299,-0.104088895,-0.06959563,-0.06823537,-0.26696298,-0.10120613,0.041316465,-0.3611162,-0.13214995,0.13292593,-0.40827316,-0.15941735,-0.039204475,-0.5238693,-0.04168393,-0.07020138,-0.73444295,-0.085024156,-0.0901563,-0.8641981,-0.11631709,-0.10195341,-0.9729217,-0.13944915,0.05449953,-0.5210103,-0.04710017,0.07977577,-0.7512125,-0.09486818,0.096629515,-0.8819875,-0.13552493,0.112448506,-0.9936575,-0.16085032,0.12497842,-0.45965695,-0.061837137,0.19309881,-0.59589714,-0.13716783,0.16408958,-0.49772787,-0.16362767,0.13119815,-0.419123,-0.16370592,0.17861843,-0.36350968,-0.081844285,0.21189512,-0.4309798,-0.14168137,0.17438132,-0.36067465,-0.15142348,0.13939804,-0.29909986,-0.14783572
NO,0.0,0.0,0.0,-0.07346183,-0.10509183,-0.06952407,-0.07027192,-0.26665866,-0.101647526,0.03808215,-0.360684,-0.13319413,0.12914933,-0.40874344,-0.16137601,-0.038422886,-0.52413684,-0.044334676,-0.06808036,-0.7343436,-0.088080205,-0.08705075,-0.8653953,-0.11946188,-0.0985017,-0.9764658,-0.14278223,0.056418534,-0.5209569,-0.050542288,0.08240651,-0.7509749,-0.09824087,0.09926035,-0.881007,-0.13831854,0.11458726,-0.9934132,-0.16336304,0.1270783,-0.45859534,-0.06597162,0.19314073,-0.59421694,-0.14242598,0.1656596,-0.49340516,-0.1686911,0.13448468,-0.4125681,-0.16826749,0.17995574,-0.360641,-0.086526126,0.21412684,-0.43233857,-0.14698398,0.17655952,-0.36093125,-0.1560029,0.1410505,-0.29602033,-0.151753
NO,0.0,0.0,0.0,-0.07467194,-0.10309556,-0.07169685,-0.07030439,-0.26428106,-0.104379974,0.039097607,-0.3568313,-0.13591298,0.13054277,-0.4078823,-0.1636963,-0.039849754,-0.5225317,-0.0437383,-0.070887886,-0.7334404,-0.087047994,-0.08921129,-0.86431587,-0.11814809,-0.10027431,-0.9739929,-0.14126846,0.055433486,-0.5225043,-0.047926426,0.08136133,-0.7508085,-0.09598805,0.099824406,-0.88191813,-0.13694876,0.11479444,-0.99338925,-0.16247076,0.12618324,-0.46255076,-0.061663974,0.19412407,-0.5980787,-0.13876563,0.17408866,-0.49949372,-0.16740316,0.14713094,-0.41900554,-0.16849472,0.17951936,-0.36696056,-0.080561206,0.21519619,-0.43345657,-0.14322253,0.18267454,-0.36299413,-0.15554334,0.15054184,-0.30083686,-0.1532312
NO,0.0,0.0,0.0,-0.07537826,-0.10100781,-0.07143377,-0.074101634,-0.26193437,-0.105277166,0.035432618,-0.3572276,-0.1381513,0.12911384,-0.4089189,-0.16693142,-0.04033468,-0.5212329,-0.045210067,-0.070379466,-0.7328688,-0.08958016,-0.08954099,-0.86330456,-0.12109027,-0.10080067,-0.9735064,-0.14416225,0.053832065,-0.52260137,-0.04955582,0.07978926,-0.75288874,-0.09794319,0.09733018,-0.88241655,-0.13730459,0.11273824,-0.99362475,-0.16127309,0.12395497,-0.46411332,-0.063225016,0.19119054,-0.59651875,-0.13965797,0.16359259,-0.48843685,-0.16269842,0.13118751,-0.40352145,-0.15936033,0.17734385,-0.3691891,-0.08233541,0.2131204,-0.43895057,-0.14300083,0.17812827,-0.36311397,-0.15025245,0.14378022,-0.2969452,-0.1437713
NO,0.0,0.0,0.0,-0.07511473,-0.10305521,-0.06840258,-0.073757395,-0.2661994,-0.100029044,0.03351323,-0.36054012,-0.13116875,0.12491522,-0.40963414,-0.15896527,-0.04019098,-0.5250937,-0.043463774,-0.06941106,-0.7350875,-0.086795345,-0.08777144,-0.86520153,-0.117526226,-0.099097185,-0.974549,-0.13999896,0.054885894,-0.5235838,-0.048790947,0.08223404,-0.7516739,-0.0964021,0.0987054,-0.88094085,-0.13538894,0.11295269,-0.99360037,-0.15900573,0.12568769,-0.4638478,-0.063074894,0.18909791,-0.5970909,-0.13901298,0.15933698,-0.4895815,-0.16272156,0.12714666,-0.40529096,-0.1598153,0.17866464,-0.36874527,-0.08243824,0.21064764,-0.4383335,-0.14266959,0.17402947,-0.36334336,-0.15045229,0.14027956,-0.2976758,-0.1444593
NO,0.0,0.0,0.0,-0.074674755,-0.101351075,-0.069807276,-0.074807376,-0.26415753,-0.10317254,0.03311012,-0.35759357,-0.13624616,0.12695712,-0.40652815,-0.16567121,-0.038883366,-0.5214153,-0.044183027,-0.07077405,-0.73166233,-0.08949743,-0.09058118,-0.86107963,-0.12130347,-0.1028226,-0.9690881,-0.14430438,0.0555965,-0.52278113,-0.04933132,0.081410766,-0.75176024,-0.099076636,0.09686627,-0.88221365,-0.13863881,0.11063051,-0.9938616,-0.16225849,0.12684238,-0.4648739,-0.06372629,0.1892501,-0.59938496,-0.140146,0.15992607,-0.49069345,-0.1621425,0.12885214,-0.40566412,-0.15798101,0.18128237,-0.3706437,-0.083569564,0.21199416,-0.4395125,-0.14322802,0.17513272,-0.36397585,-0.14979742,0.14272034,-0.29934552,-0.14296167
NO,0.0,0.0,0.0,-0.07621151,-0.10350022,-0.069618605,-0.0738596,-0.26641914,-0.10180206,0.03660185,-0.36254242,-0.13367327,0.12944153,-0.4104478,-0.1617317,-0.04068368,-0.5238083,-0.041862953,-0.07048716,-0.73306924,-0.08586721,-0.090291806,-0.86187685,-0.1175466,-0.102739714,-0.97042114,-0.14070804,0.053862922,-0.5234689,-0.046848837,0.07886886,-0.7525709,-0.09569575,0.09520811,-0.8818981,-0.1355809,0.11037787,-0.9938897,-0.15967736,0.124509044,-0.46424726,-0.061044954,0.18786821,-0.59664994,-0.13688576,0.15686944,-0.48570117,-0.15828739,0.12310278,-0.4003987,-0.15366201,0.1784368,-0.3690949,-0.08077249,0.2126729,-0.44185182,-0.13974312,0.1762383,-0.36571485,-0.14529285,0.14145495,-0.3005047,-0.13776723
NO,0.0,0.0,0.0,-0.07474025,-0.10408422,-0.06920422,-0.069625124,-0.268129,-0.100773565,0.039378133,-0.35927632,-0.13191833,0.13060994,-0.40566018,-0.15993385,-0.036641285,-0.5246552,-0.042457018,-0.066571824,-0.73562783,-0.08471526,-0.085438505,-0.8653011,-0.115325436,-0.09695983,-0.9744072,-0.13819975,0.05800255,-0.5225492,-0.047282394,0.08527384,-0.7498863,-0.0941554,0.10238307,-0.8806048,-0.13475256,0.116888605,-0.9931451,-0.16029724,0.1288146,-0.46309543,-0.06119454,0.19546247,-0.6008662,-0.13638473,0.17003359,-0.5016257,-0.16408062,0.13994932,-0.4196015,-0.16492327,0.18244167,-0.3692967,-0.08019924,0.21598972,-0.43805015,-0.14081703,0.18117991,-0.3679219,-0.15228567,0.1487155,-0.30504096,-0.14971258
NO,0.0,0.0,0.0,-0.07587688,-0.10094828,-0.072094694,-0.07611618,-0.26463485,-0.10536873,0.031982753,-0.36014774,-0.13778983,0.12435891,-0.41011426,-0.16656806,-0.041848194,-0.5235816,-0.044584796,-0.07062065,-0.7338798,-0.08885203,-0.08989541,-0.86326504,-0.12083439,-0.10210426,-0.97164166,-0.1445164,0.052899476,-0.52356374,-0.048602045,0.07907149,-0.7521024,-0.09733855,0.095897414,-0.88248295,-0.13843505,0.110488705,-0.99387735,-0.16410626,0.12462575,-0.4644273,-0.06213369,0.19039634,-0.6008326,-0.13903224,0.16630341,-0.50061923,-0.16637965,0.13722634,-0.41878316,-0.16663618,0.17960832,-0.37021208,-0.08104476,0.2130334,-0.4403695,-0.14269629,0.18000935,-0.3715797,-0.15379575,0.14864868,-0.31040925,-0.15078433
NO,0.0,0.0,0.0,-0.073908634,-0.10126929,-0.06971498,-0.07114828,-0.26361963,-0.10155692,0.037972458,-0.35712644,-0.13283587,0.12976064,-0.40506834,-0.1608238,-0.037501577,-0.5222278,-0.044235796,-0.06681019,-0.7303797,-0.08767101,-0.08555972,-0.86142975,-0.11898843,-0.09655052,-0.9723137,-0.14260633,0.057019997,-0.5211297,-0.04964146,0.08246652,-0.75085473,-0.09777752,0.09944027,-0.8810089,-0.13846245,0.11491655,-0.9933752,-0.16402373,0.12763016,-0.46036953,-0.06418859,0.19323014,-0.59665686,-0.14106949,0.16817454,-0.4942323,-0.16773392,0.1383858,-0.41094777,-0.16734001,0.1804789,-0.36467698,-0.083854005,0.21489729,-0.43778607,-0.1454769,0.18064256,-0.36850446,-0.1560189,0.1468902,-0.3053645,-0.15259781
NO,0.0,0.0,0.0,-0.076369196,-0.100829,-0.07170455,-0.07765266,-0.26155335,-0.10498801,0.031508338,-0.3554898,-0.13722251,0.1253235,-0.40395796,-0.16597489,-0.041133314,-0.52246106,-0.04694373,-0.069640234,-0.7310259,-0.09089407,-0.08880976,-0.85995394,-0.12291349,-0.100307815,-0.96962947,-0.14708725,0.054652773,-0.52190655,-0.051451277,0.08023328,-0.7508587,-0.0988846,0.09772492,-0.88089675,-0.13957696,0.11339623,-0.9935498,-0.16587342,0.12604482,-0.46120897,-0.0652674,0.191096,-0.5982587,-0.14153059,0.1690699,-0.49911207,-0.16921826,0.1411554,-0.41712996,-0.17026,0.17912036,-0.3651171,-0.08438351,0.21427797,-0.43897188,-0.1458028,0.18287301,-0.37203106,-0.15705216,0.1508628,-0.3093291,-0.15457185
NO,0.0,0.0,0.0,-0.074884266,-0.10129488,-0.0690844,-0.07425321,-0.26297286,-0.10119555,0.034240864,-0.3591351,-0.13286279,0.126279,-0.40931326,-0.16102752,-0.042092998,-0.5216388,-0.043033667,-0.071980566,-0.73323256,-0.085633196,-0.09135391,-0.86346865,-0.11663431,-0.10266435,-0.97284496,-0.13981412,0.052099146,-0.5221189,-0.048105627,0.07672984,-0.7518031,-0.09446117,0.093171924,-0.8829086,-0.1340672,0.10801768,-0.99414897,-0.1590764,0.12296015,-0.46310502,-0.062263,0.18694215,-0.60052454,-0.13599831,0.1614903,-0.5005652,-0.16139218,0.13142356,-0.41795257,-0.1610779,0.17622738,-0.36796033,-0.08170387,0.20968139,-0.44136873,-0.14082351,0.17519678,-0.37052906,-0.14993796,0.14223886,-0.305604,-0.1458716
NO,0.0,0.0,0.0,-0.07314674,-0.10297594,-0.06665231,-0.070024565,-0.26858687,-0.0958298,0.03779262,-0.36198497,-0.12504588,0.1278839,-0.40637347,-0.1510294,-0.039679207,-0.52532434,-0.03888203,-0.06898362,-0.7344814,-0.08046421,-0.08700688,-0.86493367,-0.11006057,-0.09780577,-0.9743049,-0.13205068,0.054381102,-0.52393144,-0.04467439,0.08088565,-0.75129336,-0.091048084,0.09785063,-0.88233256,-0.13033317,0.11296748,-0.99359864,-0.15434977,0.12517995,-0.4641989,-0.05961886,0.19042483,-0.6016366,-0.1350491,0.16542071,-0.5036152,-0.16286476,0.13602361,-0.4229502,-0.16304067,0.17918317,-0.36990017,-0.079372935,0.21174644,-0.44012552,-0.14022581,0.17583726,-0.37410304,-0.15198015,0.14130092,-0.3135051,-0.14918216
NO,0.0,0.0,0.0,-0.0750127,-0.101223,-0.0680348,-0.074622154,-0.26449192,-0.099861085,0.031407222,-0.35736012,-0.13168286,0.12250998,-0.40096113,-0.16003713,-0.04332029,-0.5233477,-0.04323115,-0.073904626,-0.73364455,-0.08708313,-0.09337881,-0.86353964,-0.117535084,-0.10599701,-0.9714609,-0.13985844,0.050884042,-0.5231806,-0.04945235,0.07815802,-0.75336754,-0.09802772,0.09519541,-0.88433945,-0.13702206,0.10973335,-0.99396116,-0.16050056,0.12306706,-0.4630328,-0.064781934,0.18699905,-0.5978367,-0.14002718,0.16101746,-0.49645784,-0.16431764,0.13178983,-0.4144563,-0.16239534,0.17791623,-0.36761445,-0.08532657,0.2080471,-0.43311802,-0.14463119,0.17080748,-0.36206242,-0.1534347,0.13790071,-0.30048114,-0.14881815
NO,0.0,0.0,0.0,-0.07383806,-0.10287385,-0.06685628,-0.071611226,-0.26652122,-0.09838887,0.03760776,-0.3611541,-0.1298663,0.12956817,-0.40836257,-0.15831251,-0.040293023,-0.5210757,-0.04249099,-0.07019344,-0.7313604,-0.08561583,-0.08959804,-0.8614121,-0.11687694,-0.10076059,-0.97038937,-0.14024119,0.05335402,-0.52017313,-0.04894964,0.079764895,-0.7514236,-0.09645428,0.09759611,-0.8825909,-0.1374509,0.11402981,-0.9934773,-0.16346718,0.12379326,-0.4604065,-0.06408773,0.19086505,-0.5983957,-0.13831186,0.16286075,-0.5035778,-0.16539106,0.13062449,-0.42446774,-0.16656633,0.17704923,-0.3656788,-0.08415004,0.20897697,-0.43549386,-0.14355533,0.1718875,-0.3671442,-0.15380639,0.13678452,-0.30439365,-0.1508715
NO,0.0,0.0,0.0,-0.07413413,-0.1010278,-0.06947748,-0.07318233,-0.26050463,-0.10139794,0.033167157,-0.35941067,-0.13257073,0.12466151,-0.4083373,-0.16029905,-0.043944445,-0.5222929,-0.04468267,-0.07491345,-0.7334612,-0.086922444,-0.09384983,-0.86326104,-0.117261395,-0.105204195,-0.9727584,-0.13998541,0.051066518,-0.52111316,-0.049860578,0.078825384,-0.7511615,-0.095482476,0.098042145,-0.8819288,-0.13439143,0.11524254,-0.99333733,-0.15925926,0.12196701,-0.46013236,-0.06411057,0.18902881,-0.5973861,-0.13756345,0.16535483,-0.50090677,-0.16333057,0.13696277,-0.41971835,-0.16361299,0.17392214,-0.36295223,-0.08360633,0.20915735,-0.43632907,-0.14215998,0.17464605,-0.36773285,-0.1512558,0.14156938,-0.3024065,-0.1476133
NO,0.0,0.0,0.0,-0.07431324,-0.10058407,-0.06779912,-0.07246646,-0.26323628,-0.09819887,0.036116783,-0.35952476,-0.12798983,0.1283918,-0.4060461,-0.15454175,-0.04405565,-0.52052677,-0.041443586,-0.0747509,-0.73183024,-0.082540125,-0.093741685,-0.8611009,-0.11245291,-0.10511049,-0.9691757,-0.13494547,0.049491674,-0.5204046,-0.04700655,0.07638571,-0.75323415,-0.0919348,0.09536524,-0.8841076,-0.1313788,0.111893736,-0.9937201,-0.15653288,0.11926311,-0.46073338,-0.061511442,0.18926251,-0.60082364,-0.1342448,0.16526467,-0.5074596,-0.16197728,0.13495603,-0.42760214,-0.16390398,0.17146066,-0.365113,-0.081011236,0.20814061,-0.43663993,-0.14017366,0.17284402,-0.36846152,-0.15108699,0.13743135,-0.30345955,-0.14879262
NO,0.0,0.0,0.0,-0.073731855,-0.10043661,-0.067218654,-0.06869616,-0.26931217,-0.09592455,0.041694887,-0.36533764,-0.12413664,0.13301082,-0.41407102,-0.14941165,-0.04024408,-0.5227524,-0.038760137,-0.07133661,-0.73300976,-0.07954366,-0.09089762,-0.86248374,-0.10909866,-0.10342104,-0.97018975,-0.13155918,0.052928805,-0.5219107,-0.044454727,0.08032092,-0.7537493,-0.09045596,0.09843593,-0.88420343,-0.13119043,0.11382836,-0.9935004,-0.15687059,0.1224655,-0.46236962,-0.059136335,0.19125582,-0.60088176,-0.1337912,0.16478492,-0.50735927,-0.16360728,0.13360368,-0.42952847,-0.16669889,0.17512818,-0.3680514,-0.0785472,0.20714797,-0.43259856,-0.14037411,0.16803694,-0.3613698,-0.15371394,0.13175416,-0.29851827,-0.15296628
NO,0.0,0.0,0.0,-0.07626868,-0.101908386,-0.06717949,-0.07550474,-0.26658309,-0.09673871,0.033318967,-0.36336836,-0.1263228,0.1259207,-0.40894538,-0.1527277,-0.043968003,-0.5246791,-0.038337376,-0.07312844,-0.73467433,-0.079567485,-0.091283366,-0.8635712,-0.109032765,-0.10212253,-0.9724852,-0.1310379,0.05052101,-0.52365166,-0.04458842,0.07772706,-0.7546147,-0.090961866,0.09586507,-0.88456345,-0.13031116,0.11209941,-0.9936971,-0.15454654,0.12113458,-0.46269867,-0.06003681,0.189156,-0.59857893,-0.13606502,0.16018945,-0.4981559,-0.16317606,0.12785062,-0.41594687,-0.16306329,0.1740931,-0.36590236,-0.08028288,0.20819639,-0.43699956,-0.14164527,0.16891922,-0.3645689,-0.15190119,0.13205591,-0.2983615,-0.14820427
NO,0.0,0.0,0.0,-0.07358566,-0.102918,-0.06668996,-0.07236464,-0.26723865,-0.09833185,0.035837643,-0.36376533,-0.13007535,0.1281098,-0.40793294,-0.15873386,-0.040191453,-0.5221908,-0.042876795,-0.07067513,-0.7314887,-0.08610791,-0.09006399,-0.8618867,-0.11724758,-0.10113573,-0.97131056,-0.14072561,0.053566266,-0.52121675,-0.049694385,0.08045718,-0.75105643,-0.097397074,0.09885249,-0.8819189,-0.13772133,0.11686539,-0.99314773,-0.16329907,0.12436776,-0.46112838,-0.06514621,0.19011988,-0.59770644,-0.13838664,0.15957314,-0.49890056,-0.16307938,0.12663825,-0.41801476,-0.16282645,0.17802958,-0.36559033,-0.08576218,0.20925996,-0.43672594,-0.14355771,0.16969681,-0.36781746,-0.15221019,0.13328731,-0.3052589,-0.14846402
NO,0.0,0.0,0.0,-0.074423864,-0.10525823,-0.067217015,-0.06948155,-0.27061105,-0.09616455,0.040453304,-0.36388406,-0.1249819,0.13100533,-0.4072571,-0.15058453,-0.041535333,-0.5223054,-0.038486503,-0.07002626,-0.73091316,-0.08028455,-0.08864239,-0.8614435,-0.11085264,-0.09985751,-0.9704643,-0.13363802,0.052760266,-0.52087796,-0.04366913,0.081206635,-0.7479768,-0.08979128,0.10052303,-0.8799546,-0.1298505,0.118176416,-0.99299264,-0.15500477,0.12382729,-0.46164274,-0.057991166,0.18888944,-0.59761083,-0.13111977,0.16250682,-0.49847272,-0.15697515,0.13193686,-0.41689005,-0.15672928,0.1776362,-0.368232,-0.07749473,0.21017806,-0.44078052,-0.13562049,0.17532028,-0.37334654,-0.1451619,0.14202853,-0.31185785,-0.14152937
NO,0.0,0.0,0.0,-0.07231285,-0.10308638,-0.06837338,-0.0693963,-0.2669497,-0.09957362,0.03990422,-0.36173278,-0.13057798,0.13194624,-0.40618932,-0.15795764,-0.040425345,-0.5217302,-0.0410799,-0.07091662,-0.73089784,-0.0840224,-0.0895774,-0.86177725,-0.11470577,-0.10084006,-0.9701054,-0.13733397,0.053792488,-0.5214984,-0.046560086,0.08115332,-0.75039464,-0.09377744,0.10045396,-0.881955,-0.13325009,0.117639184,-0.99305636,-0.1574885,0.12476045,-0.46184427,-0.061261002,0.1903654,-0.594731,-0.13485387,0.1643326,-0.49466264,-0.15950751,0.1336748,-0.41343632,-0.15811831,0.1785597,-0.36683172,-0.08130906,0.21405083,-0.43735132,-0.13900782,0.17879628,-0.3693918,-0.14750183,0.144415,-0.30835617,-0.14294459
NO,0.0,0.0,0.0,-0.073774844,-0.105073564,-0.0690929,-0.06776939,-0.26987875,-0.09940732,0.045470018,-0.36321342,-0.12927881,0.13783838,-0.40460065,-0.1554321,-0.03986652,-0.5207313,-0.040205475,-0.07131108,-0.73188454,-0.08340284,-0.09109177,-0.8633828,-0.11494126,-0.10302383,-0.97185105,-0.13815624,0.053501207,-0.5198552,-0.045173954,0.080592394,-0.75101745,-0.09301164,0.09903819,-0.8826302,-0.13409844,0.116500996,-0.9931906,-0.15952605,0.12366691,-0.46057326,-0.059363544,0.19114493,-0.5917707,-0.13268024,0.16030014,-0.49125576,-0.15747134,0.1256046,-0.41042775,-0.15636352,0.17763558,-0.36625764,-0.079088144,0.21403718,-0.43738422,-0.13634476,0.17809996,-0.36774442,-0.14420412,0.14296201,-0.30543834,-0.1393557
NO,0.0,0.0,0.0,-0.07245908,-0.104392014,-0.069804005,-0.06678289,-0.2687729,-0.102007225,0.045531966,-0.3644391,-0.13385376,0.13821444,-0.41114822,-0.16229303,-0.038096663,-0.51968086,-0.043941546,-0.0667222,-0.7303208,-0.08849473,-0.08569796,-0.861455,-0.1207229,-0.09698836,-0.97087127,-0.144459,0.056384318,-0.5184473,-0.04894449,0.0840876,-0.7497307,-0.098212935,0.10224829,-0.88078433,-0.14008875,0.11911464,-0.9928805,-0.16606213,0.12777312,-0.45890296,-0.06286777,0.19213675,-0.5930843,-0.13813351,0.16031882,-0.48861033,-0.16307755,0.12556157,-0.40538925,-0.16163565,0.18331055,-0.36448154,-0.082157,0.21612214,-0.4372113,-0.14088868,0.1791461,-0.36645138,-0.14901505,0.14383453,-0.303293,-0.14398108
NO,0.0,0.0,0.0,-0.0720756,-0.10641658,-0.07180391,-0.06533607,-0.2648561,-0.105131514,0.042306367,-0.357979,-0.13778715,0.13334326,-0.40456435,-0.1667818,-0.038805872,-0.5226817,-0.04349452,-0.06833212,-0.7330807,-0.087635055,-0.08769981,-0.8631924,-0.11935734,-0.0999329,-0.97084075,-0.14239542,0.05618248,-0.5185796,-0.047881044,0.083556786,-0.74826694,-0.09627617,0.10230312,-0.8800657,-0.138106,0.11887617,-0.9929091,-0.1642128,0.12778585,-0.45627987,-0.06176243,0.19559194,-0.5917234,-0.13842112,0.17223015,-0.4960734,-0.16787516,0.14347407,-0.41569468,-0.16933958,0.18160331,-0.36038122,-0.08086376,0.2161088,-0.43003032,-0.14112858,0.18161829,-0.3659248,-0.15294082,0.14815028,-0.3056448,-0.15064158
NO,0.0,0.0,0.0,-0.07381018,-0.10488474,-0.06911947,-0.07011315,-0.2668973,-0.100625835,0.041654103,-0.35913032,-0.13139568,0.13397947,-0.40421918,-0.15881251,-0.037133113,-0.5183681,-0.04552513,-0.067877874,-0.7291797,-0.089385,-0.08725504,-0.8597967,-0.121356755,-0.09788949,-0.96994096,-0.14555976,0.05727242,-0.51629925,-0.051185764,0.08355158,-0.74860287,-0.098958835,0.102598056,-0.8796865,-0.14078532,0.12138554,-0.99260545,-0.16796018,0.12704727,-0.45451188,-0.065713935,0.1954214,-0.5943824,-0.14059058,0.1687178,-0.49867904,-0.16867773,0.13749638,-0.41823334,-0.17060964,0.17960429,-0.356744,-0.08539545,0.21726246,-0.4322599,-0.14572942,0.18120843,-0.3685454,-0.1572245,0.14455663,-0.30678838,-0.15540995
NO,0.0,0.0,0.0,-0.07348557,-0.10208393,-0.070680305,-0.06958034,-0.26552966,-0.10249579,0.041683514,-0.35882026,-0.13300708,0.13442163,-0.4063026,-0.15988906,-0.040198002,-0.5207523,-0.04601263,-0.07058653,-0.7338125,-0.08925128,-0.08902593,-0.8644448,-0.120491035,-0.099694535,-0.97338194,-0.14398131,0.054937765,-0.51749593,-0.050375916,0.082017854,-0.7482804,-0.09804388,0.10077767,-0.88013506,-0.13976392,0.11764997,-0.9930551,-0.16667564,0.12524533,-0.4559389,-0.0637773,0.19463523,-0.59663135,-0.13910013,0.17107889,-0.5038308,-0.16844349,0.14148419,-0.42558643,-0.1711829,0.17788081,-0.35980347,-0.082323246,0.21520494,-0.43044344,-0.14399828,0.18187208,-0.36712208,-0.15728828,0.14786936,-0.3071348,-0.15649512
NO,0.0,0.0,0.0,-0.071552716,-0.104382314,-0.069320574,-0.067157455,-0.26559177,-0.101805545,0.04235152,-0.36126825,-0.13384762,0.13474019,-0.40660843,-0.16214472,-0.038369827,-0.519622,-0.044419,-0.066235885,-0.7303014,-0.08854128,-0.08482136,-0.86063534,-0.12066281,-0.09504242,-0.97010255,-0.14468545,0.05586457,-0.51681864,-0.049727146,0.08301477,-0.7470363,-0.09831066,0.10224012,-0.87836814,-0.13968654,0.1207775,-0.9926796,-0.16602124,0.12614906,-0.45558798,-0.06393063,0.19260341,-0.59323776,-0.13847432,0.16302735,-0.4908051,-0.16251217,0.12913807,-0.40758833,-0.16099827,0.17944333,-0.35880327,-0.083575346,0.2166422,-0.4355587,-0.14257376,0.18090962,-0.36796036,-0.15079284,0.14432335,-0.30458188,-0.14603911
NO,0.0,0.0,0.0,-0.07235104,-0.10059394,-0.07415157,-0.06647391,-0.26301497,-0.108216785,0.045600064,-0.35769606,-0.14102876,0.13786449,-0.40445098,-0.17009437,-0.037524227,-0.52043116,-0.049176414,-0.065143116,-0.73114705,-0.094663806,-0.08278756,-0.8617882,-0.12685029,-0.09295996,-0.97214997,-0.15044528,0.058233753,-0.5170105,-0.052663144,0.08656019,-0.74696445,-0.10297064,0.10422109,-0.8773605,-0.14409503,0.12049722,-0.9927137,-0.16935584,0.12904266,-0.45546132,-0.06555138,0.19407785,-0.5918625,-0.14409833,0.16514352,-0.48276293,-0.16871998,0.13275786,-0.39757717,-0.16586486,0.18270795,-0.35937688,-0.08402118,0.21943079,-0.4367476,-0.14608711,0.18324718,-0.36486375,-0.15461433,0.14670153,-0.29962516,-0.14905122
NO,0.0,0.0,0.0,-0.07426287,-0.10511161,-0.072591506,-0.07110513,-0.26027143,-0.10766275,0.037277658,-0.35473454,-0.14158005,0.12916799,-0.40357605,-0.1717863,-0.039782356,-0.52248335,-0.049252592,-0.069884546,-0.7333543,-0.0941022,-0.08802746,-0.8633321,-0.12655088,-0.09794611,-0.97355014,-0.15065499,0.056143455,-0.51936454,-0.05345725,0.08407269,-0.74764335,-0.101541,0.10247409,-0.87782323,-0.14216083,0.11954196,-0.99282914,-0.16829813,0.12708353,-0.45712543,-0.06684635,0.19146106,-0.59423685,-0.14209406,0.16525586,-0.4927856,-0.16724451,0.13547228,-0.40999395,-0.16653419,0.17921768,-0.35905412,-0.08574201,0.21385442,-0.4371092,-0.14471821,0.17854875,-0.3695442,-0.15314701,0.14417666,-0.30453527,-0.14873411
NO,0.0,0.0,0.0,-0.07402226,-0.1018917,-0.0728372,-0.06839031,-0.26450202,-0.105501,0.042872075,-0.35649127,-0.13676403,0.13488886,-0.40294862,-0.16429816,-0.038306143,-0.51962334,-0.046081584,-0.068856224,-0.7306321,-0.09061774,-0.087020494,-0.86199355,-0.12236756,-0.097276084,-0.97137386,-0.14590298,0.05612112,-0.51786613,-0.050092686,0.08332112,-0.7487279,-0.09947696,0.10294055,-0.87986845,-0.14096393,0.120562695,-0.9927057,-0.1668447,0.12603042,-0.45733872,-0.063641936,0.1940102,-0.5952258,-0.1413391,0.17187485,-0.495342,-0.16925701,0.14386483,-0.41484058,-0.16981485,0.17885125,-0.3615126,-0.08255858,0.2157476,-0.43288425,-0.14563182,0.18152332,-0.36300054,-0.15746921,0.1465841,-0.30046895,-0.15492831
NO,0.0,0.0,0.0,-0.07426473,-0.10383151,-0.071295075,-0.06981001,-0.2645771,-0.10453966,0.042542078,-0.35931602,-0.1372059,0.13581496,-0.4044644,-0.16592395,-0.03945869,-0.51929986,-0.044183232,-0.068750545,-0.7305426,-0.089077406,-0.087024555,-0.8609299,-0.12172881,-0.097347654,-0.97069395,-0.14591524,0.05476185,-0.5179326,-0.048930176,0.080128826,-0.74938774,-0.09864937,0.09932151,-0.87953854,-0.14040206,0.11734614,-0.9930911,-0.16643615,0.1240765,-0.45716447,-0.06301739,0.19161652,-0.59496343,-0.13946603,0.16724326,-0.48882502,-0.16346072,0.13643391,-0.40482518,-0.16091911,0.176684,-0.36079872,-0.08267113,0.21855971,-0.44031128,-0.14221124,0.18614878,-0.372135,-0.14979294,0.15013072,-0.3088457,-0.14414178
NO,0.0,0.0,0.0,-0.07355703,-0.10136535,-0.06953152,-0.066677645,-0.26843557,-0.10029979,0.047224317,-0.36214182,-0.13055293,0.14020309,-0.4083802,-0.15804358,-0.039995126,-0.52148896,-0.044569872,-0.06933385,-0.7332944,-0.087296605,-0.08717008,-0.8647865,-0.11745928,-0.09839744,-0.9739388,-0.14009795,0.055982243,-0.5175693,-0.049515307,0.08733826,-0.74796,-0.09799881,0.105685756,-0.8800761,-0.13917439,0.121064045,-0.9926447,-0.16489623,0.1273879,-0.45491737,-0.06342401,0.19469012,-0.59422064,-0.14032508,0.1661606,-0.49359265,-0.16825004,0.13505274,-0.41130778,-0.16881396,0.1809401,-0.3596482,-0.082175486,0.2113899,-0.43012375,-0.14454268,0.17451404,-0.36145702,-0.15651472,0.14150238,-0.29949126,-0.15413983
NO,0.0,0.0,0.0,-0.07515877,-0.1013177,-0.07232354,-0.06802728,-0.26706567,-0.10193853,0.049050793,-0.3554941,-0.12982026,0.14463276,-0.39183354,-0.15456869,-0.038249817,-0.52069,-0.042000853,-0.06856012,-0.7317527,-0.08233159,-0.08700198,-0.8624672,-0.112843126,-0.0976496,-0.9705861,-0.13660523,0.055814385,-0.51855886,-0.045044273,0.08198997,-0.74874085,-0.09031661,0.103134096,-0.88165873,-0.13301742,0.12134785,-0.9926101,-0.16138975,0.12439829,-0.45711383,-0.05772564,0.19600986,-0.59863913,-0.13275705,0.17917705,-0.5136799,-0.16906205,0.1520713,-0.43780977,-0.17742093,0.17601374,-0.3617887,-0.075517915,0.21649808,-0.4307993,-0.14072828,0.18519625,-0.36725974,-0.16043192,0.14945512,-0.3051379,-0.16464771
NO,0.0,0.0,0.0,-0.07408646,-0.10392778,-0.068944745,-0.07113482,-0.2664724,-0.100690156,0.0405019,-0.359135,-0.1322645,0.13559134,-0.39868924,-0.16025151,-0.039550297,-0.5216946,-0.041099783,-0.068118185,-0.7303622,-0.084128626,-0.08613528,-0.86074805,-0.11639592,-0.09620524,-0.96891034,-0.14090648,0.05502282,-0.5178626,-0.046380732,0.08128341,-0.74672,-0.09501145,0.0991717,-0.8793871,-0.13768478,0.11651274,-0.9931892,-0.16500011,0.1257531,-0.45549685,-0.06070341,0.18980986,-0.5963243,-0.13540173,0.16132362,-0.49390504,-0.16074684,0.12901704,-0.40966347,-0.15995383,0.18007642,-0.35905007,-0.08036879,0.21463495,-0.44174847,-0.139645,0.18014596,-0.3748918,-0.14865458,0.14575121,-0.31132963,-0.14443152
NO,0.0,0.0,0.0,-0.07323031,-0.102713495,-0.07239758,-0.06478788,-0.26757446,-0.10453039,0.052737497,-0.35384583,-0.13565128,0.14789844,-0.39615226,-0.16376942,-0.030011231,-0.52257377,-0.043891817,-0.06014226,-0.73148996,-0.087358415,-0.0792506,-0.8614627,-0.11965335,-0.08980019,-0.9697743,-0.1443731,0.06410294,-0.51853865,-0.048580095,0.09270356,-0.74819565,-0.097770184,0.11248376,-0.8794146,-0.14200665,0.1314059,-0.9913286,-0.17080165,0.13240112,-0.4552918,-0.06278208,0.20341398,-0.59629697,-0.14163105,0.17281124,-0.4995984,-0.17545047,0.13857076,-0.41889685,-0.18088841,0.18415558,-0.35710934,-0.08199504,0.21818504,-0.42602104,-0.1484261,0.17678255,-0.35786602,-0.16555953,0.13672112,-0.29548594,-0.16733749
NO,0.0,0.0,0.0,-0.07367455,-0.102325134,-0.07221514,-0.06815532,-0.2655932,-0.10596233,0.046284635,-0.35518396,-0.13897905,0.1402048,-0.39912847,-0.16838896,-0.033252392,-0.52050394,-0.045818634,-0.062046155,-0.7312812,-0.09245071,-0.08166461,-0.86121845,-0.12581077,-0.09382551,-0.9696854,-0.15012975,0.060757346,-0.5172411,-0.050737925,0.0901129,-0.74784034,-0.10235236,0.10893733,-0.8782788,-0.14450362,0.12639153,-0.9919805,-0.17030135,0.12936223,-0.4553102,-0.06508613,0.19798577,-0.59017354,-0.14391449,0.16444272,-0.48198554,-0.16829692,0.12834957,-0.39838943,-0.16573353,0.18138008,-0.35795993,-0.08495023,0.21685544,-0.42984304,-0.14741883,0.17728752,-0.3552085,-0.15566593,0.13983251,-0.29153058,-0.15012975
NO,0.0,0.0,0.0,-0.073075786,-0.10490105,-0.0733197,-0.06842188,-0.26427802,-0.10757772,0.045097664,-0.3540437,-0.14078085,0.13947995,-0.39704448,-0.17010804,-0.036252216,-0.51978314,-0.047225334,-0.06382102,-0.72970116,-0.09341596,-0.08136968,-0.85954267,-0.1262022,-0.09173587,-0.9684235,-0.14996089,0.059331376,-0.51711303,-0.051261194,0.08892163,-0.74793625,-0.10124994,0.107520275,-0.87801266,-0.14193432,0.12458788,-0.99220866,-0.16686533,0.129372,-0.45529604,-0.06490159,0.19555898,-0.5900047,-0.14273928,0.16695367,-0.4816433,-0.16686685,0.13514934,-0.39628425,-0.16372886,0.18193834,-0.3581138,-0.08416154,0.2184505,-0.4344085,-0.14471838,0.18261196,-0.36335313,-0.15224883,0.14660898,-0.2986115,-0.14616753
NO,0.0,0.0,0.0,-0.074049,-0.10167084,-0.071529984,-0.06935644,-0.26607385,-0.10493318,0.0426111,-0.35775,-0.13721775,0.13818736,-0.4027977,-0.16600552,-0.039770707,-0.52096117,-0.04646552,-0.06808167,-0.73468065,-0.09113901,-0.08525971,-0.8658459,-0.12199432,-0.09600304,-0.974176,-0.14445148,0.055885054,-0.5174765,-0.050483283,0.08631334,-0.7493333,-0.09981755,0.10563704,-0.8808753,-0.14015126,0.12113445,-0.99263614,-0.1647105,0.1263256,-0.45540428,-0.06377842,0.19490348,-0.5945269,-0.14203224,0.16921425,-0.49665093,-0.1706766,0.13838379,-0.41657737,-0.17126349,0.17935346,-0.3597046,-0.08198044,0.21221314,-0.4257927,-0.14639173,0.17306653,-0.35578883,-0.15937522,0.13504426,-0.2939941,-0.15707847
NO,0.0,0.0,0.0,-0.0754906,-0.10046084,-0.07556386,-0.07437845,-0.2615011,-0.110913835,0.03755326,-0.35301334,-0.14435996,0.13249864,-0.400512,-0.17398074,-0.041183528,-0.5187043,-0.050223753,-0.06948787,-0.7296147,-0.095378526,-0.08783986,-0.8602905,-0.12772883,-0.09729004,-0.9700267,-0.15189347,0.05343118,-0.518432,-0.05285293,0.078861974,-0.75036377,-0.102842644,0.10036748,-0.881086,-0.14496742,0.12051118,-0.992712,-0.17158826,0.1233464,-0.4588289,-0.06496368,0.19136831,-0.59497243,-0.14296836,0.1690042,-0.4948437,-0.17168456,0.13907032,-0.4129359,-0.1730429,0.17698614,-0.36437616,-0.08257655,0.21372731,-0.4347945,-0.14616755,0.1807554,-0.36252132,-0.1584575,0.1454427,-0.29768974,-0.15620956
NO,0.0,0.0,0.0,-0.07333074,-0.10000218,-0.075923465,-0.06773593,-0.26151055,-0.109783076,0.04560919,-0.35087624,-0.14123847,0.14055465,-0.3970176,-0.16924857,-0.03902147,-0.51950705,-0.05085502,-0.06717177,-0.73119426,-0.094712965,-0.08454545,-0.8630859,-0.1262475,-0.093759984,-0.9732871,-0.15037799,0.05632521,-0.51720876,-0.052883517,0.084146105,-0.7482565,-0.102057405,0.107267305,-0.88005984,-0.14551479,0.1276758,-0.991816,-0.17386684,0.12699969,-0.4565695,-0.06444592,0.19923596,-0.5922183,-0.14273298,0.1821998,-0.50485057,-0.17822917,0.15560961,-0.42987442,-0.18516138,0.1805411,-0.36308014,-0.08121231,0.21881913,-0.4276085,-0.14750037,0.18847778,-0.3637399,-0.16678853,0.15467875,-0.305285,-0.17024148
NO,0.0,0.0,0.0,-0.07425703,-0.103302196,-0.07392193,-0.06740286,-0.26157346,-0.10701715,0.044447012,-0.35294762,-0.13867442,0.1373223,-0.40063542,-0.16651647,-0.03747483,-0.5190411,-0.04230596,-0.06618429,-0.7292812,-0.0843244,-0.08456373,-0.85911906,-0.11600506,-0.09329307,-0.9670883,-0.1403849,0.0560267,-0.5165352,-0.045293592,0.0807259,-0.7470661,-0.09319224,0.10195135,-0.8810388,-0.13781379,0.12144954,-0.99259764,-0.16721301,0.1259121,-0.4553985,-0.05806702,0.19472836,-0.5940269,-0.13500185,0.17769802,-0.51012284,-0.17091204,0.1505356,-0.43497416,-0.17849265,0.17930724,-0.36066028,-0.07606346,0.22040252,-0.4339966,-0.14043918,0.19083624,-0.3720531,-0.15850857,0.15644835,-0.31192505,-0.16147128
NO,0.0,0.0,0.0,-0.073722,-0.09872478,-0.071879864,-0.06673269,-0.26410857,-0.10230715,0.045797516,-0.3577914,-0.1310738,0.13866349,-0.40468374,-0.15683113,-0.039863873,-0.5177223,-0.04644076,-0.069045946,-0.73006266,-0.08880971,-0.08719484,-0.8612589,-0.1193464,-0.09778266,-0.9708464,-0.14291872,0.054681666,-0.5155509,-0.0499068,0.08272663,-0.74799985,-0.09817472,0.10438152,-0.88016164,-0.1418835,0.12278618,-0.9924332,-0.17035276,0.12498248,-0.4550443,-0.062418323,0.19573347,-0.593772,-0.14056036,0.17826441,-0.50537425,-0.1768004,0.15209161,-0.42940015,-0.18432604,0.17828389,-0.3610124,-0.07962113,0.21472532,-0.42383003,-0.14608988,0.18179463,-0.35936385,-0.16585697,0.14756241,-0.30024007,-0.16979541
NO,0.0,0.0,0.0,-0.07395706,-0.10015632,-0.07377836,-0.06799939,-0.2618699,-0.107354134,0.043028988,-0.35399592,-0.13940422,0.13572973,-0.39729846,-0.16813856,-0.036643073,-0.515062,-0.050088424,-0.066776246,-0.7264678,-0.095924444,-0.0864395,-0.8580788,-0.12952869,-0.097184114,-0.9682836,-0.15518199,0.05647789,-0.5128531,-0.053706225,0.084086254,-0.74470305,-0.10501513,0.10565607,-0.87772983,-0.15097228,0.12550858,-0.99209255,-0.18135382,0.12627023,-0.45301428,-0.06639655,0.19729464,-0.59263414,-0.14464748,0.17552012,-0.5035323,-0.17899159,0.14505526,-0.4266337,-0.18561076,0.18039635,-0.35877874,-0.084334366,0.22098522,-0.42905456,-0.14902547,0.18761954,-0.36606917,-0.16655487,0.1510762,-0.30623087,-0.16933979
NO,0.0,0.0,0.0,-0.07592308,-0.09886466,-0.071990326,-0.07021174,-0.26403373,-0.104699835,0.04084894,-0.35659194,-0.13624999,0.1352238,-0.40257472,-0.16478592,-0.038495533,-0.515107,-0.048522964,-0.067260385,-0.7262729,-0.093814515,-0.08563641,-0.85837096,-0.12601899,-0.09646058,-0.9695931,-0.15056045,0.056282494,-0.51157445,-0.05291963,0.08546012,-0.7430916,-0.1049755,0.104644425,-0.87741804,-0.14987272,0.121123895,-0.99263746,-0.1785708,0.12725136,-0.45040601,-0.06623616,0.19735654,-0.5908828,-0.14682952,0.17284572,-0.49737337,-0.17976394,0.14242284,-0.41874814,-0.18399735,0.18175948,-0.35602382,-0.08430446,0.21541102,-0.42313373,-0.15086885,0.17664225,-0.3580147,-0.167685,0.13853385,-0.29906404,-0.16895969
NO,0.0,0.0,0.0,-0.074082986,-0.09868857,-0.07430697,-0.07029379,-0.25950798,-0.10823766,0.041359745,-0.35240853,-0.14058962,0.13682091,-0.39504436,-0.16922988,-0.037352093,-0.51936144,-0.04899247,-0.064646706,-0.73026395,-0.09389021,-0.081522,-0.86338353,-0.12583701,-0.0899168,-0.9751366,-0.15010552,0.057372734,-0.5160376,-0.052686237,0.08507549,-0.74608654,-0.103590414,0.10589148,-0.8785888,-0.1462382,0.1259329,-0.99203885,-0.17312995,0.1273572,-0.45340773,-0.06583672,0.1961896,-0.5906034,-0.146205,0.16921246,-0.49133497,-0.1764269,0.1376178,-0.40810072,-0.17813364,0.18079817,-0.35625562,-0.08423005,0.21726215,-0.42623717,-0.15151224,0.1785976,-0.3588639,-0.1668809,0.13931774,-0.29548302,-0.1662656
NO,0.0,0.0,0.0,-0.07310604,-0.09976182,-0.07325086,-0.06925514,-0.26267424,-0.10621405,0.04304478,-0.35327968,-0.13737859,0.13894272,-0.3953411,-0.1650186,-0.039538004,-0.520274,-0.0479862,-0.06853483,-0.7311252,-0.09232622,-0.0864166,-0.86345285,-0.12334277,-0.09752966,-0.97318107,-0.1463761,0.05604867,-0.5173663,-0.051401515,0.08457296,-0.74785924,-0.10104714,0.10486327,-0.8804437,-0.14211015,0.12168917,-0.9925682,-0.16747865,0.12726964,-0.4557726,-0.064294346,0.19572379,-0.5903259,-0.14349282,0.17324746,-0.4974072,-0.17471315,0.14378273,-0.4208245,-0.17741197,0.18110307,-0.36024064,-0.08221247,0.21654668,-0.42665786,-0.14817072,0.18020907,-0.357065,-0.16323642,0.14282674,-0.2943702,-0.16274194
NO,0.0,0.0,0.0,-0.072521456,-0.10241754,-0.068817124,-0.068863384,-0.26668212,-0.09967064,0.043009423,-0.36029783,-0.13029581,0.1377833,-0.40177217,-0.15740451,-0.040290445,-0.51828724,-0.04067349,-0.06948055,-0.7307249,-0.08348937,-0.08800604,-0.8598042,-0.11380155,-0.09814454,-0.96689594,-0.1363229,0.05390958,-0.5170904,-0.045814954,0.079829484,-0.74979377,-0.0945179,0.0999595,-0.88138014,-0.13600203,0.11889436,-0.9929069,-0.16167463,0.124782875,-0.45753568,-0.06017517,0.19336806,-0.59257793,-0.13736273,0.16701421,-0.4951537,-0.16700947,0.13445811,-0.41454208,-0.16851723,0.17918666,-0.36409014,-0.07949172,0.21619523,-0.43304202,-0.14250176,0.18056367,-0.36645514,-0.15602103,0.1432726,-0.3050888,-0.1545636
NO,0.0,0.0,0.0,-0.07749529,-0.09732837,-0.078806385,-0.07235684,-0.26184902,-0.1156134,0.04023918,-0.35285673,-0.1500252,0.13445777,-0.40051138,-0.1810269,-0.038845364,-0.5183455,-0.055154324,-0.066054665,-0.73015404,-0.10143757,-0.083712615,-0.8630442,-0.13408113,-0.09360754,-0.97343653,-0.15895018,0.0566604,-0.51593417,-0.057120126,0.086158566,-0.74640274,-0.10902401,0.10662565,-0.8789172,-0.15310106,0.12478752,-0.9921835,-0.18130584,0.12730849,-0.45488286,-0.068700306,0.19649613,-0.59380525,-0.15006289,0.16895367,-0.4960498,-0.18338846,0.13666552,-0.41436967,-0.18792973,0.18191971,-0.36058038,-0.085687555,0.21404208,-0.42290682,-0.15533777,0.17513946,-0.35183227,-0.17410758,0.1376149,-0.29021293,-0.17621298
NO,0.0,0.0,0.0,-0.07526106,-0.10076002,-0.07689893,-0.06921178,-0.2628592,-0.11191742,0.044821315,-0.35286066,-0.1450359,0.13969776,-0.39659128,-0.17445979,-0.039249495,-0.5170889,-0.04875624,-0.068721615,-0.72817016,-0.095009774,-0.086775586,-0.8601882,-0.12873378,-0.096539564,-0.97018147,-0.15410173,0.054422345,-0.5163089,-0.0516586,0.080997236,-0.7474548,-0.10323697,0.10279199,-0.87973875,-0.1477919,0.122456856,-0.9924738,-0.17602679,0.12413403,-0.45621142,-0.06442902,0.19294553,-0.59488434,-0.14420198,0.17096083,-0.49744758,-0.17582512,0.14140205,-0.4167886,-0.17923597,0.17817986,-0.3607444,-0.08282587,0.21509588,-0.4272409,-0.14918283,0.18107213,-0.3560404,-0.16447873,0.14549924,-0.2931504,-0.16439365
NO,0.0,0.0,0.0,-0.07761183,-0.10131259,-0.07426605,-0.07348468,-0.26605436,-0.10967374,0.03720009,-0.36012086,-0.14402197,0.1301335,-0.40930575,-0.17499004,-0.041894875,-0.5162272,-0.04966471,-0.06932672,-0.7275405,-0.09658673,-0.087464124,-0.85861105,-0.12992486,-0.09752857,-0.9671352,-0.15438268,0.053035036,-0.5128288,-0.05362094,0.08235685,-0.747833,-0.106375284,0.10091798,-0.88005215,-0.15087086,0.11915812,-0.99287534,-0.17838456,0.123916656,-0.4512393,-0.06664,0.1882686,-0.5935895,-0.14642744,0.15603665,-0.4886485,-0.1738936,0.12286727,-0.40278974,-0.17347911,0.17889634,-0.35594615,-0.08492404,0.2097576,-0.42898002,-0.14860868,0.17040326,-0.35639158,-0.15915084,0.13440609,-0.29090968,-0.15517348
NO,0.0,0.0,0.0,-0.07712119,-0.101524584,-0.07534731,-0.07133503,-0.2655595,-0.10981152,0.040517766,-0.35829112,-0.14281613,0.13442042,-0.40237316,-0.17231093,-0.039522666,-0.5196827,-0.04850246,-0.06697607,-0.7318199,-0.09361438,-0.08442983,-0.86379254,-0.12678224,-0.09371634,-0.97293186,-0.15217476,0.055552263,-0.51633775,-0.05207234,0.08347918,-0.7474411,-0.10316936,0.103581,-0.87973404,-0.14889851,0.12224706,-0.99249965,-0.17877012,0.12624528,-0.4548864,-0.065093175,0.19607846,-0.59674853,-0.14392179,0.16801327,-0.5007774,-0.17690524,0.13477266,-0.41946223,-0.18196057,0.1809237,-0.35940787,-0.08350123,0.21601656,-0.42867395,-0.1491694,0.17785452,-0.3607842,-0.1659922,0.13988245,-0.29795787,-0.1675781
NO,0.0,0.0,0.0,-0.07734271,-0.099707715,-0.079908185,-0.07115989,-0.26333895,-0.11801137,0.041663364,-0.35630167,-0.1543178,0.13657108,-0.40196237,-0.18719144,-0.03739041,-0.5162779,-0.053589474,-0.066208765,-0.7267778,-0.102283016,-0.08493604,-0.8586616,-0.13728064,-0.09514663,-0.9680724,-0.16347674,0.05723093,-0.51332873,-0.05613252,0.08569893,-0.7461612,-0.11111467,0.10441781,-0.8791572,-0.15780845,0.122098915,-0.99251795,-0.1872709,0.12718944,-0.45206732,-0.06845909,0.19284615,-0.5911509,-0.1511467,0.16081005,-0.48629898,-0.18207847,0.12651628,-0.40048215,-0.1842673,0.18154648,-0.35698462,-0.08657739,0.21156055,-0.4252955,-0.15415402,0.17005146,-0.34810635,-0.16864981,0.13170207,-0.2804055,-0.1677217
NO,0.0,0.0,0.0,-0.076131456,-0.1009375,-0.07717334,-0.07228711,-0.2589601,-0.11247167,0.038899604,-0.3497728,-0.14565244,0.13276742,-0.3929653,-0.17501631,-0.040881395,-0.51580065,-0.050782174,-0.06849659,-0.72494835,-0.09688586,-0.08655287,-0.85500234,-0.13088663,-0.09602765,-0.96284753,-0.15654561,0.054218616,-0.51294404,-0.05326314,0.080988266,-0.7438266,-0.10394962,0.10306812,-0.8769528,-0.14942728,0.12333249,-0.9923654,-0.1794545,0.12433708,-0.451938,-0.06556544,0.19337396,-0.5870172,-0.1442579,0.17408475,-0.497288,-0.17929007,0.14535235,-0.4211327,-0.18593542,0.17783225,-0.35754985,-0.08348613,0.21798652,-0.4277913,-0.14849643,0.1872635,-0.36546475,-0.16637394,0.15135983,-0.30694756,-0.16918656
NO,0.0,0.0,0.0,-0.07585605,-0.0985961,-0.072307974,-0.07036743,-0.26090991,-0.103263885,0.04053664,-0.35297686,-0.13279636,0.13381042,-0.39649323,-0.1588997,-0.03928971,-0.51772034,-0.04375143,-0.06665906,-0.72928345,-0.08610407,-0.08431788,-0.8611279,-0.1176391,-0.09389764,-0.9694257,-0.14206003,0.055019878,-0.5139028,-0.047235634,0.08287309,-0.7450398,-0.09615013,0.1049863,-0.87920696,-0.1415024,0.12415641,-0.99226266,-0.17136247,0.12483312,-0.45258528,-0.06023334,0.19614533,-0.591356,-0.13848841,0.17887609,-0.505513,-0.1759515,0.15146324,-0.4293684,-0.18420954,0.17766243,-0.3592753,-0.07811879,0.21877539,-0.4309039,-0.14517252,0.18751168,-0.37021318,-0.16621426,0.1519421,-0.31100515,-0.17099452
NO,0.0,0.0,0.0,-0.07654396,-0.10250389,-0.071676575,-0.07314183,-0.2656061,-0.105043896,0.035955813,-0.3575209,-0.13741928,0.12949009,-0.40026784,-0.1667929,-0.038408797,-0.51865244,-0.048289042,-0.06705874,-0.7313355,-0.09348202,-0.08550463,-0.86335963,-0.12625393,-0.09475788,-0.97245973,-0.15129474,0.056094415,-0.51354647,-0.053451773,0.08401503,-0.74613214,-0.10522559,0.10506339,-0.8794375,-0.15131073,0.12479813,-0.99218214,-0.18142672,0.12657487,-0.45100644,-0.0676592,0.19741651,-0.5895119,-0.14765584,0.1720892,-0.5027125,-0.18402152,0.13979365,-0.42598456,-0.19149667,0.18023026,-0.35512874,-0.08662035,0.2162321,-0.4229874,-0.15382713,0.17791064,-0.36257324,-0.17343745,0.13795233,-0.30389073,-0.1772768
NO,0.0,0.0,0.0,-0.073638976,-0.103286125,-0.07442556,-0.06848687,-0.26401174,-0.107136674,0.04325761,-0.35617286,-0.13811712,0.13609228,-0.40038332,-0.16550012,-0.03898629,-0.51889753,-0.04610374,-0.06517139,-0.7311568,-0.08925014,-0.082419544,-0.8632145,-0.121249706,-0.09120268,-0.9722171,-0.14567028,0.05573516,-0.5138159,-0.048756275,0.08374078,-0.74459976,-0.09715385,0.10674062,-0.87864107,-0.1419081,0.12764144,-0.99182045,-0.17158127,0.12596647,-0.45143172,-0.061153032,0.1950235,-0.58935344,-0.13913277,0.17979217,-0.50648886,-0.17631231,0.1543629,-0.43091267,-0.18430205,0.17869064,-0.35719857,-0.078676574,0.22018458,-0.43508,-0.14424008,0.19272964,-0.37865445,-0.16369168,0.15930972,-0.3191929,-0.16739881
NO,0.0,0.0,0.0,-0.07562774,-0.10116123,-0.07408112,-0.06969355,-0.2659444,-0.10776892,0.04210606,-0.35457692,-0.13988528,0.13694362,-0.3962917,-0.168953,-0.037450213,-0.5189506,-0.049693894,-0.066747434,-0.7323306,-0.09543679,-0.08538583,-0.86406446,-0.12762952,-0.095796265,-0.97214323,-0.15154174,0.057507936,-0.51278055,-0.053542297,0.086205825,-0.7456874,-0.10570135,0.1063065,-0.8792143,-0.15083212,0.12421059,-0.9922559,-0.17925891,0.12854953,-0.44972304,-0.06673452,0.19716744,-0.5830718,-0.14839533,0.16955581,-0.49090645,-0.18426692,0.13708188,-0.4132314,-0.19012262,0.18218775,-0.3549816,-0.084727034,0.21264629,-0.41495377,-0.15335453,0.17050736,-0.34730917,-0.17247441,0.13006338,-0.28692737,-0.17503722
NO,0.0,0.0,0.0,-0.07455406,-0.10210432,-0.071190745,-0.07112372,-0.26393643,-0.10310734,0.04234745,-0.35590178,-0.13422558,0.13804506,-0.39666477,-0.16182703,-0.04016065,-0.5175114,-0.043881148,-0.068523526,-0.7304903,-0.08678965,-0.086499795,-0.86113846,-0.1178823,-0.09582101,-0.96953124,-0.14154923,0.05517667,-0.51488584,-0.048345376,0.08235006,-0.7471819,-0.09680414,0.10311215,-0.87946737,-0.13978732,0.12286281,-0.99242365,-0.16749245,0.1258954,-0.45309517,-0.062087696,0.19520825,-0.58779526,-0.1384893,0.16884805,-0.49272594,-0.16975532,0.13659546,-0.41333377,-0.17334726,0.17940064,-0.35771674,-0.081028394,0.21624482,-0.42680106,-0.14386928,0.18183817,-0.362265,-0.15871415,0.14604163,-0.30156153,-0.15888132
NO,0.0,0.0,0.0,-0.07516201,-0.102668144,-0.07624818,-0.07019455,-0.26676324,-0.11026637,0.04594573,-0.35936603,-0.14195478,0.14134637,-0.4070562,-0.17017795,-0.0368099,-0.51744753,-0.050589234,-0.06447067,-0.7294684,-0.09536441,-0.0823978,-0.8617121,-0.12811016,-0.09139022,-0.9726297,-0.15298727,0.058657985,-0.515638,-0.052729875,0.08655317,-0.7461289,-0.10222704,0.10813541,-0.87855065,-0.14607738,0.12799393,-0.991775,-0.1746887,0.12802792,-0.45530853,-0.06446991,0.19860046,-0.59516114,-0.1431573,0.17713939,-0.5028867,-0.1767099,0.14786147,-0.42433307,-0.18194164,0.18033442,-0.36030963,-0.081548035,0.21996085,-0.43281156,-0.14777988,0.18749434,-0.36704844,-0.16472153,0.15137747,-0.30409256,-0.16605726
NO,0.0,0.0,0.0,-0.07638451,-0.097969465,-0.07163028,-0.07603624,-0.2657547,-0.10581344,0.034093387,-0.3600069,-0.1390276,0.12787148,-0.4101705,-0.16934931,-0.037647955,-0.5169804,-0.050329722,-0.06638825,-0.7300017,-0.09748469,-0.08529468,-0.86160886,-0.13026331,-0.0969938,-0.9713041,-0.15443653,0.057391826,-0.513064,-0.055495553,0.08761959,-0.74561435,-0.10831987,0.10520774,-0.8777501,-0.15132299,0.12063913,-0.9926964,-0.17789043,0.1269969,-0.451564,-0.0695813,0.19232291,-0.5916651,-0.15093197,0.15804558,-0.48747176,-0.17861918,0.12225257,-0.40457833,-0.17836176,0.1791288,-0.35622153,-0.08844688,0.20684616,-0.42747077,-0.15497,0.16423717,-0.3530715,-0.16670597,0.12577844,-0.28829005,-0.16341949
NO,0.0,0.0,0.0,-0.07585498,-0.104258634,-0.07113322,-0.072715946,-0.2667469,-0.10416922,0.038811643,-0.36315545,-0.13622697,0.13185988,-0.40826508,-0.16479474,-0.039433897,-0.51900196,-0.046868637,-0.068105884,-0.7308897,-0.09172318,-0.086658224,-0.8608881,-0.12439109,-0.09730057,-0.96959436,-0.14867453,0.055594467,-0.5163228,-0.051598806,0.08331435,-0.7479902,-0.10053824,0.10385173,-0.87892187,-0.14266726,0.122978136,-0.99240947,-0.16975594,0.1258501,-0.45540664,-0.06546833,0.19263579,-0.59233534,-0.14116548,0.16663325,-0.4964926,-0.16913722,0.13484927,-0.4172934,-0.17070785,0.17893428,-0.35939726,-0.08464856,0.21610685,-0.43513575,-0.14472042,0.18116783,-0.37004948,-0.15540525,0.14436059,-0.30806366,-0.1529422
NO,0.0,0.0,0.0,-0.07601189,-0.09943556,-0.06942009,-0.07414544,-0.26917565,-0.10046677,0.036180817,-0.3677781,-0.13079546,0.12952726,-0.4147046,-0.15835448,-0.041899536,-0.51876,-0.045404475,-0.06863773,-0.73131096,-0.088820636,-0.086210415,-0.86272776,-0.11948473,-0.09699751,-0.9710664,-0.14256819,0.05367531,-0.5157467,-0.050277375,0.08477809,-0.74890715,-0.09919969,0.1042666,-0.8819957,-0.14087059,0.121546015,-0.99258584,-0.16705388,0.12582389,-0.45533526,-0.06396679,0.1909792,-0.59673727,-0.14107433,0.16131173,-0.50163203,-0.17110878,0.12909961,-0.41968518,-0.17362861,0.18089847,-0.3620869,-0.08240122,0.20751187,-0.43103892,-0.14629948,0.16917913,-0.36402893,-0.16051632,0.13497056,-0.30198258,-0.15983051
NO,0.0,0.0,0.0,-0.075213,-0.10132337,-0.070169665,-0.07529738,-0.2669132,-0.1032595,0.035974413,-0.36243418,-0.13553724,0.13094333,-0.40944195,-0.16501684,-0.039946854,-0.52056676,-0.04607662,-0.06854484,-0.73136604,-0.09038302,-0.08774472,-0.8610866,-0.122191034,-0.09870553,-0.96948004,-0.14583151,0.055215504,-0.5179452,-0.05086374,0.0850245,-0.75041157,-0.09930817,0.10439656,-0.88184613,-0.14076963,0.122067586,-0.9925218,-0.16699785,0.12622645,-0.457731,-0.06463265,0.19216543,-0.5965391,-0.14114691,0.1630467,-0.50154525,-0.17105518,0.13053112,-0.42075992,-0.17372945,0.17988192,-0.3639733,-0.08324833,0.20838262,-0.43305427,-0.14562503,0.16982615,-0.36390087,-0.15833823,0.13426134,-0.3000416,-0.15684584
NO,0.0,0.0,0.0,-0.07750771,-0.09972015,-0.07102554,-0.07519133,-0.26475552,-0.10250273,0.035418034,-0.3626602,-0.13308176,0.12774621,-0.4099995,-0.16062722,-0.044437267,-0.5221097,-0.044644117,-0.072149634,-0.73281974,-0.08745814,-0.089347504,-0.86359316,-0.11795126,-0.09876598,-0.9721738,-0.14110166,0.052245755,-0.51906294,-0.04934573,0.08359965,-0.74907494,-0.09801714,0.10423755,-0.88117844,-0.1406604,0.12321528,-0.99237996,-0.16791871,0.12387964,-0.45721024,-0.063246146,0.19154927,-0.59009296,-0.14053512,0.16315414,-0.4987637,-0.17287986,0.13102207,-0.4225426,-0.17736478,0.17735627,-0.3623325,-0.0820248,0.20849726,-0.42806777,-0.14599109,0.16930172,-0.36312893,-0.16169985,0.1317543,-0.30351824,-0.16253144
NO,0.0,0.0,0.0,-0.076153204,-0.10022766,-0.07166424,-0.07358762,-0.2657195,-0.103891455,0.03850005,-0.36268845,-0.13490081,0.13195683,-0.41247877,-0.16294624,-0.03929662,-0.52102065,-0.045250714,-0.068955116,-0.731034,-0.08851311,-0.087364495,-0.861315,-0.119522326,-0.09696615,-0.96980786,-0.14302678,0.056402743,-0.5193633,-0.049523674,0.086510174,-0.749033,-0.09762445,0.106891535,-0.88100797,-0.1398868,0.12504992,-0.9921505,-0.16715756,0.12716295,-0.45942014,-0.06315268,0.19698085,-0.5928519,-0.14035557,0.1682419,-0.50283235,-0.17351452,0.13484289,-0.4273169,-0.17902236,0.18001343,-0.36520126,-0.081696786,0.21325576,-0.4285314,-0.14629266,0.17261466,-0.36055312,-0.16278972,0.13300541,-0.29923862,-0.1644106
NO,0.0,0.0,0.0,-0.077593945,-0.10038375,-0.075986594,-0.076640055,-0.25861445,-0.11280575,0.033643067,-0.35741597,-0.14831701,0.1291701,-0.40744945,-0.1798118,-0.04379025,-0.5193347,-0.048604794,-0.07288203,-0.7298377,-0.094985835,-0.09159845,-0.86054873,-0.12846553,-0.10044887,-0.9697603,-0.15342091,0.051986743,-0.5180079,-0.05193135,0.07898816,-0.7495516,-0.103527375,0.099192515,-0.88030803,-0.14687164,0.120090835,-0.9927629,-0.17415509,0.12314398,-0.45714802,-0.06480435,0.18955529,-0.58967537,-0.14346212,0.1555327,-0.48444992,-0.16968146,0.11982447,-0.4006154,-0.16904758,0.17737839,-0.36079955,-0.08347509,0.2121399,-0.42923278,-0.14649312,0.17313103,-0.35524675,-0.15672137,0.1360082,-0.2905164,-0.1528506
NO,0.0,0.0,0.0,-0.075794406,-0.099701114,-0.07512147,-0.06944252,-0.26531154,-0.10855854,0.04361084,-0.36018473,-0.14030483,0.13809903,-0.4088417,-0.16923234,-0.03579432,-0.5186167,-0.04932821,-0.063860565,-0.7289366,-0.09424882,-0.08191076,-0.8605662,-0.1263568,-0.09157639,-0.9702224,-0.15078337,0.060367275,-0.51548445,-0.052463025,0.08887894,-0.74600977,-0.10320165,0.10940269,-0.8786937,-0.1474542,0.12898493,-0.9916466,-0.17582592,0.13145714,-0.45462602,-0.0650494,0.20066555,-0.59065664,-0.1455897,0.17306161,-0.4968975,-0.17992473,0.14200504,-0.41886106,-0.18541679,0.18514538,-0.36080647,-0.08270705,0.21587595,-0.42003512,-0.15118521,0.17472829,-0.34991324,-0.16988271,0.13595988,-0.288472,-0.17233397
NO,0.0,0.0,0.0,-0.0775433,-0.10178961,-0.07673319,-0.075354464,-0.2624009,-0.11185594,0.03893382,-0.35470414,-0.14492124,0.13447869,-0.3996108,-0.17443833,-0.040763445,-0.5174211,-0.047470607,-0.06876454,-0.7256215,-0.09238113,-0.08755864,-0.85576344,-0.12661551,-0.09793153,-0.96374685,-0.15274543,0.05460891,-0.5163524,-0.049754117,0.08146998,-0.7453184,-0.098792545,0.102635495,-0.8791826,-0.14415248,0.121571906,-0.9925827,-0.17445314,0.12430988,-0.45624146,-0.061967116,0.19293474,-0.59371364,-0.13919473,0.17218456,-0.50797737,-0.17506403,0.14237899,-0.43264782,-0.18303436,0.17687865,-0.3617148,-0.079739675,0.21461812,-0.43344548,-0.1446459,0.18304914,-0.3695821,-0.16275238,0.14759707,-0.30813804,-0.16586457
NO,0.0,0.0,0.0,-0.07592676,-0.10372788,-0.073525146,-0.07330837,-0.26607186,-0.108890474,0.039377213,-0.359815,-0.1429756,0.13488868,-0.4075348,-0.17378326,-0.038034648,-0.5186556,-0.049328174,-0.066053025,-0.7290867,-0.09529256,-0.08461923,-0.8607904,-0.1287553,-0.09369956,-0.97084713,-0.15404052,0.057139482,-0.51610434,-0.053528786,0.08501897,-0.74773264,-0.104503304,0.105364196,-0.8799712,-0.14863606,0.12517525,-0.99213463,-0.1770174,0.12759876,-0.45510277,-0.06695788,0.1941811,-0.58802056,-0.14524402,0.16478075,-0.49196136,-0.17624128,0.13109812,-0.4118212,-0.17979902,0.1815514,-0.36025074,-0.085676745,0.2162232,-0.42860854,-0.14997984,0.17831777,-0.35910475,-0.16410935,0.14021355,-0.29629445,-0.16365048
NO,0.0,0.0,0.0,-0.07612272,-0.10435608,-0.07044317,-0.072673,-0.26733413,-0.10403962,0.03722233,-0.35864747,-0.13716221,0.13130698,-0.40445656,-0.16679785,-0.04041793,-0.5188385,-0.04429805,-0.06917326,-0.7307819,-0.08886845,-0.08771618,-0.86086494,-0.121080525,-0.09743984,-0.9683173,-0.14506999,0.05450371,-0.51514405,-0.049296763,0.082791746,-0.74629515,-0.09956136,0.102743074,-0.87903327,-0.14297414,0.12158384,-0.9925812,-0.17048967,0.12552668,-0.45465228,-0.06336731,0.19240795,-0.59363776,-0.14006035,0.16313873,-0.4954508,-0.1677267,0.12975004,-0.41486406,-0.16858742,0.17971972,-0.36120445,-0.08262709,0.21284945,-0.4355208,-0.14377114,0.17686994,-0.36835295,-0.15476929,0.14177245,-0.3075097,-0.15197209
NO,0.0,0.0,0.0,-0.07327846,-0.10724044,-0.06886791,-0.06675761,-0.27299362,-0.10065098,0.04610987,-0.3657009,-0.13258246,0.13989614,-0.40914693,-0.1616339,-0.031253327,-0.5203551,-0.041168533,-0.06206912,-0.7288416,-0.08526635,-0.0822767,-0.8578716,-0.11855239,-0.09280801,-0.9660719,-0.14379933,0.06234069,-0.5174922,-0.04711926,0.089088574,-0.74621594,-0.095841825,0.108439475,-0.8774011,-0.14038521,0.1284338,-0.9917181,-0.1697398,0.13123581,-0.45670658,-0.062154155,0.20040415,-0.5996671,-0.1382571,0.17110479,-0.50328755,-0.16932221,0.13866219,-0.42176595,-0.17333287,0.18359429,-0.36110708,-0.08230656,0.21908413,-0.43616122,-0.1442344,0.18267643,-0.37219685,-0.15832679,0.14751928,-0.3107723,-0.15839201
NO,0.0,0.0,0.0,-0.07472677,-0.106545255,-0.07681452,-0.06895716,-0.2644014,-0.112578444,0.043902513,-0.35764554,-0.14629818,0.13775441,-0.40811232,-0.17610705,-0.036182623,-0.51973414,-0.04992047,-0.06362282,-0.72971416,-0.095346436,-0.081638336,-0.85924196,-0.12871705,-0.091720484,-0.96842086,-0.15353687,0.0594952,-0.5171521,-0.051881526,0.088365965,-0.7459035,-0.100602254,0.10960918,-0.876158,-0.14360008,0.12900367,-0.99164414,-0.17167729,0.12976393,-0.45631355,-0.06369501,0.19683269,-0.59197307,-0.14146546,0.1780086,-0.4963811,-0.17309292,0.15191925,-0.4173098,-0.17672391,0.18301153,-0.36092237,-0.081064574,0.2228056,-0.43694055,-0.14356153,0.19357347,-0.37327716,-0.15741122,0.16154349,-0.31306037,-0.15695606
NO,0.0,0.0,0.0,-0.073802695,-0.103737965,-0.073655844,-0.06790554,-0.26476753,-0.10877699,0.04368134,-0.35632944,-0.14252582,0.13813199,-0.40587264,-0.17281121,-0.035659026,-0.52005225,-0.047197394,-0.064938195,-0.728083,-0.09345291,-0.08345548,-0.8587666,-0.12654917,-0.09415669,-0.9666988,-0.15075111,0.05938014,-0.51749825,-0.051108982,0.08843565,-0.74764174,-0.10216091,0.10846565,-0.879453,-0.14491047,0.12655053,-0.9919602,-0.1713332,0.12992918,-0.45665053,-0.06453506,0.19664675,-0.58937854,-0.14364184,0.16879371,-0.49119902,-0.17288914,0.13738556,-0.41146126,-0.17419256,0.18306169,-0.36148202,-0.08316558,0.21584588,-0.42909232,-0.14709756,0.17710279,-0.3555069,-0.1591544,0.14100344,-0.2914967,-0.156598
NO,0.0,0.0,0.0,-0.07476355,-0.10413474,-0.072588265,-0.06947184,-0.26719612,-0.1074222,0.04530395,-0.35920665,-0.14127733,0.14104432,-0.40616867,-0.17175882,-0.033371504,-0.5187995,-0.047159627,-0.062443268,-0.7285917,-0.09325753,-0.0818805,-0.8573516,-0.12692048,-0.092294045,-0.9660101,-0.15211542,0.061062064,-0.5165132,-0.05174546,0.08882825,-0.7480701,-0.10287887,0.108860455,-0.87778026,-0.14654084,0.12834519,-0.9917295,-0.17438169,0.13036121,-0.45611867,-0.06554967,0.19950514,-0.5937566,-0.14402027,0.16887361,-0.49161717,-0.1721198,0.13467695,-0.41051105,-0.17329118,0.18373844,-0.36037308,-0.08470754,0.21916084,-0.43046662,-0.14805135,0.17956308,-0.3577531,-0.15966532,0.1414237,-0.29433566,-0.15727694
NO,0.0,0.0,0.0,-0.07521954,-0.10314035,-0.07259373,-0.06904947,-0.2667088,-0.104806,0.04412049,-0.356676,-0.13590164,0.1369378,-0.4015278,-0.16394126,-0.03383939,-0.5192378,-0.04448664,-0.062375963,-0.72817016,-0.087892585,-0.081075795,-0.8569951,-0.12073235,-0.091329515,-0.96289295,-0.14603607,0.06147673,-0.5151317,-0.048486315,0.08877026,-0.747332,-0.097428955,0.11057733,-0.8797247,-0.1434967,0.13090707,-0.9913947,-0.17431821,0.13195181,-0.45439243,-0.06180421,0.20099267,-0.5974022,-0.13912705,0.17657098,-0.5109411,-0.17579845,0.14548537,-0.4353025,-0.1845187,0.18642968,-0.3609992,-0.08021549,0.22104041,-0.4319831,-0.14593473,0.1855939,-0.36973,-0.16566774,0.14994636,-0.31163123,-0.17018406
NO,0.0,0.0,0.0,-0.07610543,-0.1031002,-0.06844372,-0.06936334,-0.2723085,-0.098014265,0.045482382,-0.36225858,-0.12700693,0.1378118,-0.4041889,-0.15319619,-0.032830417,-0.51977295,-0.04051559,-0.06185655,-0.7285319,-0.08316775,-0.08144809,-0.856587,-0.115331374,-0.09319543,-0.96272033,-0.14020206,0.060723115,-0.5159995,-0.04597911,0.08969571,-0.7468233,-0.094952844,0.11074784,-0.8791062,-0.14008504,0.13019402,-0.9914885,-0.16963519,0.1297864,-0.45499727,-0.06038914,0.199964,-0.59595335,-0.13709345,0.171961,-0.5036261,-0.17011055,0.13888656,-0.42611796,-0.17589992,0.18296705,-0.3602855,-0.07959599,0.21705247,-0.4285015,-0.14415762,0.17911354,-0.36048013,-0.16063227,0.14338553,-0.30020288,-0.16249855
NO,0.0,0.0,0.0,-0.075604245,-0.10435193,-0.07300972,-0.06893317,-0.26775947,-0.10558093,0.04603541,-0.3597888,-0.13673906,0.13966715,-0.40299037,-0.16451915,-0.03361051,-0.5192383,-0.045137454,-0.06020592,-0.7256853,-0.09002009,-0.07864808,-0.85389936,-0.123336,-0.0896432,-0.96135247,-0.14862393,0.06093081,-0.5179162,-0.048843734,0.089342736,-0.7466304,-0.09893775,0.11066206,-0.8774939,-0.14305209,0.13062613,-0.99143165,-0.17147587,0.13030517,-0.4576888,-0.062023163,0.19895044,-0.5935037,-0.14078951,0.17249186,-0.49459082,-0.17228267,0.1405535,-0.4139889,-0.1757546,0.18415684,-0.3625783,-0.08044793,0.2196498,-0.4306997,-0.14600843,0.18328981,-0.36159384,-0.16148384,0.14664167,-0.30060437,-0.16172381
NO,0.0,0.0,0.0,-0.07535724,-0.10117651,-0.06653223,-0.071796864,-0.26683986,-0.09662958,0.036244236,-0.3611538,-0.12665658,0.1287633,-0.40436104,-0.15399766,-0.037222758,-0.51773506,-0.041443158,-0.065549076,-0.7271009,-0.08504031,-0.084288575,-0.85541016,-0.116292164,-0.09648577,-0.96212125,-0.1399631,0.05676644,-0.5147794,-0.04831463,0.088263124,-0.74464357,-0.09788286,0.10821396,-0.8783498,-0.14102492,0.12524523,-0.9921258,-0.16846995,0.12687314,-0.4537433,-0.06392702,0.19404352,-0.5935474,-0.14137882,0.16377096,-0.5011075,-0.17266963,0.1305761,-0.42350936,-0.17662849,0.18007945,-0.35850978,-0.08406586,0.20769559,-0.42403272,-0.14860158,0.16484705,-0.35453844,-0.163731,0.12701762,-0.2924652,-0.16419838
NO,0.0,0.0,0.0,-0.07378169,-0.102378294,-0.07078128,-0.070855625,-0.26884624,-0.102492996,0.04236138,-0.36236277,-0.13321246,0.13668483,-0.4065497,-0.16100618,-0.031450868,-0.52209824,-0.044176728,-0.06084322,-0.73142266,-0.08757286,-0.07985561,-0.861245,-0.12012219,-0.090076394,-0.96985406,-0.14539526,0.061868217,-0.51895195,-0.04896565,0.089762256,-0.74710196,-0.09738375,0.11138939,-0.8796603,-0.14135757,0.13135637,-0.99133515,-0.17051795,0.13043988,-0.45690396,-0.06294898,0.20183334,-0.5999861,-0.13996698,0.17566927,-0.5109494,-0.17375076,0.1435627,-0.4334965,-0.180351,0.18310867,-0.3596846,-0.0818829,0.21879782,-0.42802244,-0.1484157,0.18065543,-0.36134076,-0.16654612,0.14300027,-0.29904196,-0.16933075
NO,0.0,0.0,0.0,-0.07312802,-0.10170539,-0.07079985,-0.07109688,-0.2656008,-0.103328496,0.040098418,-0.36313063,-0.13508116,0.13583238,-0.4072513,-0.16346093,-0.03578798,-0.51849055,-0.044861034,-0.063160755,-0.7279867,-0.089489475,-0.08091204,-0.85704625,-0.12182376,-0.09103771,-0.9658693,-0.14613666,0.058790553,-0.51623183,-0.04961953,0.088996015,-0.74536455,-0.09912774,0.10997731,-0.87642604,-0.14119646,0.12932526,-0.99160224,-0.16780208,0.12857696,-0.45529613,-0.06359798,0.1965755,-0.5925579,-0.14174266,0.16909955,-0.49089798,-0.16954447,0.13762365,-0.40847117,-0.1698013,0.18157646,-0.35954496,-0.08267837,0.2173544,-0.43370134,-0.14605653,0.18117498,-0.36494976,-0.15768838,0.14590241,-0.301759,-0.1548317
NO,0.0,0.0,0.0,-0.07345622,-0.10278405,-0.06609174,-0.06987199,-0.27020466,-0.095168106,0.041409656,-0.36701095,-0.124261856,0.13446093,-0.41119286,-0.15038057,-0.038256377,-0.5190655,-0.03883903,-0.06670781,-0.7285185,-0.081373215,-0.084762536,-0.85706,-0.111898854,-0.09597493,-0.9639956,-0.13471293,0.05557511,-0.5179536,-0.04530328,0.08600998,-0.7477932,-0.0936846,0.1065494,-0.87994623,-0.13511811,0.12462375,-0.99220407,-0.16073501,0.12552722,-0.4579487,-0.060641054,0.19234332,-0.594036,-0.13619241,0.16384336,-0.4964606,-0.16349524,0.13227701,-0.41682678,-0.16406837,0.1783043,-0.36314148,-0.080768436,0.21070442,-0.43300495,-0.14194876,0.172206,-0.36235166,-0.15280321,0.1375131,-0.29903466,-0.14982368
NO,0.0,0.0,0.0,-0.075859405,-0.104017474,-0.06659712,-0.07345614,-0.27324638,-0.09657893,0.0357279,-0.36940795,-0.12670954,0.128954,-0.4118316,-0.15470062,-0.035737935,-0.52241117,-0.04031782,-0.06366095,-0.7301035,-0.082998775,-0.08245437,-0.8570108,-0.11400659,-0.09352376,-0.9628242,-0.1375359,0.058469,-0.51843965,-0.047486804,0.088115916,-0.7509971,-0.09525311,0.10846089,-0.88173145,-0.13780941,0.12833883,-0.9917304,-0.16513047,0.12871745,-0.45608944,-0.06346561,0.19393235,-0.59660035,-0.1411144,0.16131005,-0.50080395,-0.17383349,0.12857188,-0.4200991,-0.17861907,0.18232344,-0.35947266,-0.08379391,0.20727637,-0.4252433,-0.14893115,0.1630396,-0.35291088,-0.16446957,0.12566543,-0.28769904,-0.16516918
NO,0.0,0.0,0.0,-0.07622384,-0.106033884,-0.068326585,-0.07267924,-0.27039513,-0.09931866,0.037137777,-0.3695927,-0.13025904,0.12883267,-0.41528213,-0.1583733,-0.03982534,-0.51883066,-0.04252129,-0.06736146,-0.72915906,-0.08472735,-0.08629026,-0.8567229,-0.115749545,-0.09687666,-0.9632944,-0.13935322,0.05500234,-0.5167062,-0.048147645,0.08440729,-0.7491985,-0.09468444,0.1060043,-0.88128644,-0.1375924,0.1270924,-0.99189085,-0.16592346,0.12627052,-0.45635247,-0.062531,0.19310564,-0.5948414,-0.13648427,0.16613442,-0.5040761,-0.1682886,0.13509351,-0.42380092,-0.17335042,0.18051147,-0.3619844,-0.08180464,0.2118387,-0.43283877,-0.14183062,0.1758467,-0.37148333,-0.15595122,0.14121647,-0.31019786,-0.15643919
NO,0.0,0.0,0.0,-0.07601855,-0.10260755,-0.068879895,-0.072301514,-0.27185345,-0.10078462,0.03725554,-0.36723208,-0.13263524,0.12930275,-0.41546923,-0.16198431,-0.034021065,-0.52006596,-0.04291196,-0.0634833,-0.7301689,-0.08777332,-0.08320245,-0.8592432,-0.12041848,-0.09434079,-0.96697587,-0.1451895,0.06002287,-0.51724356,-0.049826987,0.090364054,-0.7481907,-0.10015993,0.11020203,-0.87978995,-0.14468062,0.12886237,-0.9916625,-0.17328349,0.12945615,-0.45628974,-0.065729484,0.19534124,-0.5943355,-0.14415477,0.16111667,-0.49495164,-0.17524758,0.12607446,-0.41339988,-0.17908745,0.18212795,-0.3601637,-0.08642269,0.20894057,-0.4256452,-0.1514638,0.16453661,-0.3502692,-0.16562468,0.12612164,-0.28413835,-0.1653767
NO,0.0,0.0,0.0,-0.07667389,-0.10574476,-0.068459645,-0.07286009,-0.27056345,-0.09931682,0.035977002,-0.36623323,-0.12983005,0.12738584,-0.4125477,-0.157619,-0.036264285,-0.5209179,-0.04019336,-0.06396101,-0.7272673,-0.083195545,-0.082747966,-0.85491574,-0.11546568,-0.09350904,-0.961714,-0.14011921,0.056959227,-0.51885635,-0.04630793,0.083776824,-0.74901164,-0.093612224,0.10614305,-0.88108,-0.13745235,0.12708429,-0.9918919,-0.16616884,0.12632836,-0.4576868,-0.061529983,0.19286907,-0.59693587,-0.13739115,0.17098793,-0.51011986,-0.1716388,0.14263177,-0.43458676,-0.17853472,0.17980573,-0.36133897,-0.08148586,0.21293819,-0.4274023,-0.14512166,0.17646834,-0.360329,-0.16164443,0.14042406,-0.29819775,-0.1636136
NO,0.0,0.0,0.0,-0.076686725,-0.10469261,-0.07013655,-0.07339255,-0.27089125,-0.10333352,0.034506842,-0.36473292,-0.1362688,0.12544173,-0.4130309,-0.16627537,-0.03694853,-0.5201635,-0.04497457,-0.06544134,-0.7293329,-0.09074391,-0.08317098,-0.8577251,-0.123143576,-0.09314165,-0.96569127,-0.14739253,0.056770667,-0.5174373,-0.051206797,0.088205494,-0.7474895,-0.10279924,0.10866138,-0.8781074,-0.14695315,0.12836164,-0.9917274,-0.1745456,0.12670028,-0.4563964,-0.06634645,0.1947591,-0.59423167,-0.1455622,0.16262163,-0.49168384,-0.17455043,0.13024382,-0.4099984,-0.1759325,0.18139842,-0.3594085,-0.08634746,0.20886195,-0.42180294,-0.1502942,0.16705917,-0.347081,-0.16257282,0.13205878,-0.28392047,-0.16036321
NO,0.0,0.0,0.0,-0.07538053,-0.104735516,-0.06818445,-0.07492698,-0.27116084,-0.100229755,0.032044332,-0.36947268,-0.1320446,0.124712594,-0.41714048,-0.16126387,-0.03887213,-0.5188946,-0.041729953,-0.0672237,-0.7287344,-0.08452997,-0.08592488,-0.85713065,-0.11622084,-0.09578632,-0.9647207,-0.14028066,0.054474697,-0.5160579,-0.048105247,0.08380903,-0.7479703,-0.09491201,0.105104275,-0.8813812,-0.13752913,0.124945216,-0.99216366,-0.16523282,0.12494263,-0.4552879,-0.06335204,0.19131969,-0.6028203,-0.13857956,0.16703382,-0.51514614,-0.17063482,0.13869856,-0.43695042,-0.17594868,0.17897122,-0.3590058,-0.08320437,0.20822352,-0.4315117,-0.14539881,0.17187777,-0.360841,-0.15892056,0.13969688,-0.29370978,-0.15857169
NO,0.0,0.0,0.0,-0.077746615,-0.106896795,-0.07321042,-0.07549886,-0.27077723,-0.10830991,0.030027255,-0.36929768,-0.14246182,0.12093324,-0.41913345,-0.17346017,-0.040808138,-0.5213269,-0.048390295,-0.069297425,-0.7317333,-0.09392357,-0.087845184,-0.8622644,-0.12685545,-0.09756768,-0.97211033,-0.15182297,0.054231077,-0.5179793,-0.053416844,0.08369725,-0.74849504,-0.10373158,0.10525104,-0.8794582,-0.1469339,0.12589271,-0.99204385,-0.17485994,0.12567385,-0.4561741,-0.06781591,0.19177955,-0.595423,-0.14624341,0.16399124,-0.4982826,-0.17671533,0.13294147,-0.41663256,-0.18011467,0.18033996,-0.35926446,-0.08741241,0.21243526,-0.43180284,-0.15162885,0.17448352,-0.3611033,-0.16505565,0.13923794,-0.29685467,-0.16436997
NO,0.0,0.0,0.0,-0.07635653,-0.10503846,-0.06921925,-0.07451721,-0.2705234,-0.10106367,0.033453897,-0.3684757,-0.13210218,0.12601247,-0.41531366,-0.16072015,-0.039612636,-0.52112156,-0.045021523,-0.06820489,-0.7303548,-0.087352455,-0.08662704,-0.8602912,-0.119034536,-0.09717621,-0.96815455,-0.14349154,0.055051006,-0.51793677,-0.05065636,0.08407425,-0.7476926,-0.096717104,0.104885705,-0.8816878,-0.13950664,0.12266367,-0.9924483,-0.16830975,0.12580243,-0.45622706,-0.06522178,0.193132,-0.5977528,-0.1392147,0.17180683,-0.5197681,-0.17466813,0.14346305,-0.4477383,-0.1835967,0.1787618,-0.36037707,-0.08449508,0.21180181,-0.4335153,-0.14683016,0.1758845,-0.37024868,-0.16390601,0.13980891,-0.30667984,-0.1671555
NO,0.0,0.0,0.0,-0.07612337,-0.10645108,-0.06780771,-0.07535062,-0.27276072,-0.099499434,0.03277471,-0.37079617,-0.13102739,0.1251356,-0.41738853,-0.16012289,-0.037869863,-0.52183235,-0.043152206,-0.067065105,-0.7309472,-0.08623295,-0.086098135,-0.8593269,-0.11867017,-0.09601851,-0.96630454,-0.1435922,0.056122117,-0.5175474,-0.04984975,0.08471997,-0.74725085,-0.09725656,0.10504759,-0.8801968,-0.1410472,0.124410555,-0.99223083,-0.17040572,0.12635398,-0.45527226,-0.065416336,0.19345504,-0.59912205,-0.14053231,0.16769464,-0.5157694,-0.1744009,0.13750114,-0.44163552,-0.18177328,0.17932102,-0.3583421,-0.08563296,0.21330915,-0.43632442,-0.14775594,0.1759369,-0.3720751,-0.16294067,0.140305,-0.3084882,-0.16465236
NO,0.0,0.0,0.0,-0.07617308,-0.109864056,-0.06960795,-0.072687864,-0.2716189,-0.102898836,0.035432447,-0.36741206,-0.13574445,0.12755871,-0.4148702,-0.1656359,-0.03644242,-0.51986223,-0.044992466,-0.06513137,-0.7289765,-0.08954887,-0.08368912,-0.8582326,-0.12265193,-0.09311928,-0.96620077,-0.14759521,0.05796169,-0.515228,-0.0510582,0.087257266,-0.74530137,-0.099408835,0.10801709,-0.87790465,-0.14278841,0.1289262,-0.99165416,-0.17138694,0.12834385,-0.4524503,-0.066169634,0.19428971,-0.594091,-0.1415645,0.16674964,-0.5041053,-0.17196986,0.13667314,-0.42669696,-0.1760293,0.18118928,-0.35460573,-0.08627466,0.21624222,-0.43554944,-0.14646709,0.17967358,-0.37234443,-0.15826508,0.1450626,-0.30978173,-0.1571423
NO,0.0,0.0,0.0,-0.07746239,-0.10662913,-0.07277296,-0.07603077,-0.2650632,-0.109187245,0.02990049,-0.36151668,-0.14443126,0.122996375,-0.40985698,-0.1763619,-0.038791943,-0.51725477,-0.04915663,-0.067755185,-0.72753906,-0.094971724,-0.08653781,-0.8572653,-0.12876257,-0.096426874,-0.9654397,-0.15406692,0.055822782,-0.5150561,-0.05397727,0.08571008,-0.7446935,-0.103144564,0.1062512,-0.878914,-0.14680071,0.124274746,-0.9922479,-0.17551139,0.12662496,-0.45417443,-0.0679688,0.1916668,-0.59553194,-0.14354381,0.16942635,-0.5105602,-0.174912,0.14111486,-0.43443394,-0.17996448,0.17993109,-0.35752532,-0.087199174,0.21343538,-0.4330139,-0.14778063,0.17982817,-0.36888015,-0.16054131,0.14677918,-0.3060967,-0.16008502
NO,0.0,0.0,0.0,-0.07754548,-0.10652661,-0.073075294,-0.0759009,-0.26718968,-0.10791128,0.03267001,-0.36380428,-0.14156231,0.12697412,-0.40998998,-0.17210022,-0.039570015,-0.520432,-0.048070386,-0.06891509,-0.7284738,-0.093221575,-0.087613374,-0.85859936,-0.12627564,-0.097519964,-0.9680276,-0.15124907,0.0562329,-0.5177608,-0.05273913,0.08442043,-0.7480067,-0.10232856,0.104942605,-0.8796455,-0.14499344,0.12404005,-0.9922772,-0.17236751,0.12747407,-0.45539206,-0.06675543,0.1917759,-0.5916416,-0.14429942,0.1656935,-0.4957066,-0.17421669,0.13519534,-0.41617838,-0.17709363,0.18150592,-0.3582492,-0.086033225,0.21546754,-0.43160695,-0.14916682,0.17938974,-0.36087847,-0.16162157,0.14419313,-0.2966464,-0.16012843
NO,0.0,0.0,0.0,-0.07753895,-0.108582,-0.07138115,-0.07486949,-0.26824114,-0.1065571,0.036510784,-0.36221066,-0.14092399,0.13161194,-0.40864405,-0.17263715,-0.036945798,-0.51854205,-0.049235284,-0.06576741,-0.72830695,-0.0944157,-0.084911875,-0.85794944,-0.12781101,-0.095439024,-0.9656241,-0.15282641,0.059013892,-0.51347727,-0.054830443,0.089946456,-0.7448068,-0.10339628,0.10962012,-0.8788601,-0.14731424,0.12713629,-0.99188524,-0.17646995,0.13019615,-0.45012826,-0.06935713,0.19755445,-0.5886723,-0.14467104,0.17183681,-0.5028283,-0.17687541,0.14098424,-0.4276379,-0.1825739,0.18252707,-0.35276827,-0.088910915,0.21765366,-0.43177426,-0.14905481,0.18241447,-0.36795503,-0.16162203,0.1473177,-0.30490837,-0.16131614
NO,0.0,0.0,0.0,-0.07813736,-0.10451883,-0.074733794,-0.07693607,-0.26742175,-0.11025178,0.035204332,-0.36142883,-0.14402336,0.13127293,-0.4116167,-0.17479096,-0.037444826,-0.5185628,-0.049771752,-0.0662992,-0.72744846,-0.0960213,-0.08573036,-0.85734046,-0.13012773,-0.09644118,-0.965014,-0.15566945,0.05768654,-0.51517504,-0.053407174,0.08634017,-0.74532646,-0.103338644,0.107070416,-0.8785817,-0.14780293,0.12562965,-0.99207723,-0.17688306,0.12767985,-0.45349643,-0.066561334,0.19514582,-0.5913185,-0.14496125,0.17089164,-0.5032504,-0.17895186,0.14032795,-0.42799884,-0.18517643,0.18026231,-0.3576021,-0.08485464,0.21432318,-0.4290931,-0.15007982,0.17981379,-0.36175385,-0.1661512,0.1451549,-0.30011106,-0.16746162
NO,0.0,0.0,0.0,-0.07804118,-0.101322375,-0.077674426,-0.07439208,-0.26565704,-0.11337762,0.03672578,-0.36118403,-0.14655314,0.12973577,-0.41182432,-0.17664938,-0.03653261,-0.51929504,-0.053583626,-0.06394927,-0.7264952,-0.10042644,-0.082084924,-0.8579385,-0.13502643,-0.09156658,-0.9682466,-0.16164778,0.058647063,-0.51736194,-0.056382142,0.08682659,-0.74589473,-0.10810602,0.109204866,-0.8770381,-0.15328078,0.1289562,-0.9916503,-0.18301322,0.1284935,-0.45696923,-0.06886806,0.19810297,-0.59338456,-0.14953361,0.1748837,-0.5015806,-0.18414998,0.14372554,-0.42631572,-0.19079421,0.18149112,-0.36208358,-0.08679723,0.2185789,-0.43191284,-0.15542556,0.18448812,-0.36282697,-0.17380767,0.1482362,-0.30261442,-0.17668717
NO,0.0,0.0,0.0,-0.07665654,-0.10120154,-0.06958529,-0.07468144,-0.2716446,-0.10103549,0.035703942,-0.36700684,-0.13158645,0.12927753,-0.41632238,-0.15917778,-0.037510406,-0.52100986,-0.0448338,-0.066384256,-0.7306691,-0.089913525,-0.0844017,-0.8604045,-0.12124656,-0.09542361,-0.9681764,-0.1446059,0.057449915,-0.5185205,-0.050771505,0.08778759,-0.74823856,-0.101528704,0.10743024,-0.8792493,-0.1430079,0.1245566,-0.9922125,-0.16836016,0.12747099,-0.4572271,-0.0659523,0.19525525,-0.5920226,-0.14603114,0.16554955,-0.4941448,-0.17546535,0.13361582,-0.41743404,-0.17697111,0.179965,-0.3615923,-0.085835665,0.21003999,-0.42407295,-0.15255626,0.16775602,-0.34991682,-0.16643426,0.13036557,-0.28918082,-0.16506362
NO,0.0,0.0,0.0,-0.077016346,-0.10530832,-0.07409378,-0.072633594,-0.27121758,-0.10749275,0.041013394,-0.365596,-0.13934164,0.13552612,-0.41480404,-0.16837415,-0.037843686,-0.5232945,-0.04489121,-0.06518547,-0.72978973,-0.08890977,-0.08360815,-0.8574589,-0.12164873,-0.09368082,-0.9645686,-0.1464196,0.057707444,-0.5218099,-0.048445232,0.08521405,-0.751077,-0.09638077,0.10659108,-0.8808407,-0.13959987,0.12681472,-0.99192643,-0.16773315,0.12822418,-0.46175027,-0.061715264,0.19744024,-0.5987417,-0.13988876,0.17138265,-0.5062971,-0.17444135,0.14043458,-0.43034595,-0.18100995,0.18214102,-0.36679912,-0.08011364,0.21649066,-0.43086094,-0.146582,0.17961623,-0.35750732,-0.16379647,0.14386235,-0.2941882,-0.16576916
NO,0.0,0.0,0.0,-0.076894835,-0.10608142,-0.0721252,-0.068733625,-0.2730099,-0.10317323,0.043293342,-0.36445585,-0.1329463,0.13556933,-0.4105117,-0.15983957,-0.03590201,-0.5205922,-0.04384887,-0.06261109,-0.7297084,-0.08705247,-0.08026778,-0.85866797,-0.11860314,-0.09030452,-0.9658067,-0.14248703,0.059898105,-0.5157137,-0.047749795,0.09051582,-0.7460999,-0.09626915,0.11178446,-0.877732,-0.13987987,0.13097869,-0.9913852,-0.16801433,0.13030873,-0.45460162,-0.06107651,0.19892052,-0.592469,-0.13903552,0.17038038,-0.49724048,-0.17238237,0.1373429,-0.42028213,-0.17761795,0.18360345,-0.36071634,-0.07938358,0.2172098,-0.42877716,-0.14509226,0.17921482,-0.35836536,-0.16180749,0.14239983,-0.29702824,-0.16331819
NO,0.0,0.0,0.0,-0.077946305,-0.10455147,-0.070232876,-0.07661564,-0.2698163,-0.10327678,0.031431496,-0.3632945,-0.13548608,0.123081274,-0.4102188,-0.1648504,-0.037738774,-0.5210064,-0.04543727,-0.06577422,-0.7284236,-0.0905994,-0.08469281,-0.85736203,-0.12373745,-0.09622781,-0.9647553,-0.14869505,0.057147294,-0.51821667,-0.051176794,0.08817904,-0.74719244,-0.10078756,0.10848264,-0.8792752,-0.14394328,0.12640114,-0.9919792,-0.17171915,0.12772979,-0.45695925,-0.066033974,0.19339468,-0.59460366,-0.14313912,0.16496435,-0.5013563,-0.17344953,0.13307536,-0.42440066,-0.1770794,0.18128124,-0.3607388,-0.08585789,0.2121778,-0.43120453,-0.1494392,0.17522821,-0.36050445,-0.16257355,0.14145827,-0.29818848,-0.1617528
NO,0.0,0.0,0.0,-0.07612473,-0.10554367,-0.07208926,-0.072821096,-0.27022988,-0.10571165,0.038290013,-0.366589,-0.13836914,0.13171318,-0.4147883,-0.16813466,-0.03837916,-0.5214669,-0.04555751,-0.06575493,-0.72874534,-0.090004504,-0.08445253,-0.8591161,-0.12326929,-0.09450865,-0.9670816,-0.1487346,0.056654148,-0.51868296,-0.050591636,0.08539909,-0.74823195,-0.09957858,0.10641772,-0.8806236,-0.14382887,0.1260282,-0.9920267,-0.17290565,0.12745744,-0.45647204,-0.064926855,0.19247292,-0.59320515,-0.14216556,0.16574518,-0.501941,-0.1752769,0.13437633,-0.42405125,-0.18111771,0.18178234,-0.35982043,-0.08436003,0.21631534,-0.43313345,-0.14904527,0.18051532,-0.36471823,-0.16460958,0.14517815,-0.30159226,-0.16567445
NO,0.0,0.0,0.0,-0.074937664,-0.10367407,-0.069957234,-0.07288793,-0.27211088,-0.102582134,0.037024625,-0.3682972,-0.13461158,0.13045698,-0.41634288,-0.1636361,-0.03589678,-0.52191556,-0.045465123,-0.06292389,-0.730485,-0.09056678,-0.08072508,-0.85948384,-0.12290587,-0.09129049,-0.96650654,-0.14735892,0.05940237,-0.5192009,-0.051464006,0.09013796,-0.74670416,-0.10189486,0.11026286,-0.8781715,-0.1450472,0.12873237,-0.9916794,-0.1724837,0.1302712,-0.4579505,-0.066554494,0.19762301,-0.59321153,-0.14462993,0.16594236,-0.4958535,-0.17409703,0.13243064,-0.41807938,-0.17654955,0.18425864,-0.36212304,-0.08663307,0.21471648,-0.42853734,-0.15098056,0.17479588,-0.35774466,-0.16450942,0.139311,-0.2975409,-0.1635491
NO,0.0,0.0,0.0,-0.07795539,-0.103130355,-0.07329908,-0.076667406,-0.26785576,-0.10838203,0.029632071,-0.36579752,-0.14246945,0.120987006,-0.41718236,-0.17330627,-0.039117087,-0.5213956,-0.047278367,-0.06638942,-0.7286047,-0.094139114,-0.08551069,-0.8567321,-0.1287516,-0.09659941,-0.9640043,-0.15490587,0.054802008,-0.51938325,-0.052400537,0.08403839,-0.74640435,-0.103803866,0.10592238,-0.87796503,-0.14847448,0.12587003,-0.9920468,-0.17757301,0.12491519,-0.45870483,-0.06713476,0.1914937,-0.5959301,-0.1464769,0.16379377,-0.50123364,-0.1783432,0.13163942,-0.4232131,-0.1830078,0.1786905,-0.3623872,-0.08712533,0.21123326,-0.42990625,-0.15301965,0.17233239,-0.35911474,-0.16835195,0.13600507,-0.2972507,-0.16905709
NO,0.0,0.0,0.0,-0.07488147,-0.106277816,-0.069867246,-0.07080094,-0.27477583,-0.10218493,0.036744077,-0.3691693,-0.13427411,0.12834607,-0.41392636,-0.16377003,-0.034985177,-0.5212177,-0.04326413,-0.063758574,-0.7274722,-0.088316835,-0.08270157,-0.8560451,-0.12144579,-0.094025284,-0.96333355,-0.1466303,0.05878745,-0.51696724,-0.049688157,0.087317795,-0.7450807,-0.100863114,0.1077768,-0.8770714,-0.14583823,0.12696886,-0.9919067,-0.1744686,0.12932563,-0.4554093,-0.06532526,0.19582936,-0.59343845,-0.1456756,0.16595495,-0.49425715,-0.17799689,0.13324349,-0.41333216,-0.18174802,0.18423212,-0.3597592,-0.08572515,0.21623127,-0.42898798,-0.15255445,0.1760824,-0.35581616,-0.16792239,0.13913092,-0.2915486,-0.16794804
NO,0.0,0.0,0.0,-0.07708662,-0.1052617,-0.070860766,-0.07271841,-0.27232853,-0.10264506,0.034782812,-0.36576107,-0.13361184,0.12504442,-0.41404805,-0.16178335,-0.0389326,-0.52052003,-0.043764763,-0.06888819,-0.7262761,-0.08858971,-0.08787347,-0.85466725,-0.12114681,-0.09989557,-0.96169865,-0.14568765,0.055566885,-0.51759726,-0.049446147,0.0839214,-0.7471575,-0.0997718,0.10470087,-0.87971705,-0.14372365,0.12286253,-0.9924237,-0.17156,0.12628369,-0.4567104,-0.064619094,0.19261722,-0.59111357,-0.14408436,0.16617204,-0.5011225,-0.17807539,0.13496397,-0.42609453,-0.18364261,0.1802628,-0.36147392,-0.08461015,0.2110526,-0.4251979,-0.15090632,0.17051633,-0.35477182,-0.16747859,0.13236925,-0.29310456,-0.16894579
NO,0.0,0.0,0.0,-0.07711092,-0.103094496,-0.072526194,-0.075105235,-0.27201962,-0.10502553,0.03345904,-0.36830968,-0.13653041,0.12531812,-0.4156509,-0.16530026,-0.03940681,-0.521371,-0.04473562,-0.06871102,-0.72792107,-0.08963308,-0.08796592,-0.85597116,-0.12297381,-0.09913928,-0.96266294,-0.14848426,0.054982048,-0.51973873,-0.049619388,0.081658445,-0.74937004,-0.09983311,0.10291747,-0.8801859,-0.1442639,0.123075545,-0.9923973,-0.17304207,0.12544768,-0.45993823,-0.06411311,0.19182682,-0.59862715,-0.14378205,0.16495629,-0.5036901,-0.17761438,0.1335135,-0.4253123,-0.18338157,0.18013564,-0.3657309,-0.08369935,0.21447442,-0.43434668,-0.15195453,0.17646919,-0.36025217,-0.16949975,0.13965917,-0.2953089,-0.17149328
NO,0.0,0.0,0.0,-0.0757011,-0.103847325,-0.0693772,-0.07303703,-0.27180013,-0.1012132,0.034021176,-0.36925948,-0.13269223,0.12516768,-0.41676083,-0.16124384,-0.037795182,-0.52131605,-0.043980423,-0.065408416,-0.72940207,-0.088857606,-0.08435576,-0.8580978,-0.121574104,-0.09637646,-0.9657595,-0.1465173,0.056985866,-0.5182366,-0.05037312,0.086653344,-0.7464416,-0.1008304,0.107070446,-0.8775968,-0.14427432,0.12602848,-0.99202657,-0.17209728,0.12794659,-0.45673266,-0.065871455,0.1926718,-0.5944814,-0.14440161,0.16058813,-0.49428603,-0.17339642,0.12656821,-0.4134304,-0.17541829,0.18225114,-0.36078164,-0.0863655,0.21405762,-0.4324457,-0.15136468,0.17398779,-0.360736,-0.1643627,0.13714075,-0.297374,-0.16298947
NO,0.0,0.0,0.0,-0.07790686,-0.1039902,-0.07331995,-0.076984264,-0.26821443,-0.108501285,0.031417977,-0.36558113,-0.14276902,0.124430485,-0.41510463,-0.17388284,-0.04136696,-0.5189629,-0.04844196,-0.07201879,-0.72774136,-0.09528655,-0.09152679,-0.8559594,-0.12930606,-0.10324834,-0.9633419,-0.15500472,0.053961016,-0.51802397,-0.053876836,0.08227166,-0.7485782,-0.105878085,0.10261694,-0.87970954,-0.14997491,0.120485365,-0.99271506,-0.1781199,0.12526324,-0.4575995,-0.0688119,0.19045192,-0.5952544,-0.14875217,0.16047381,-0.49603695,-0.17875408,0.12704717,-0.41494834,-0.18149693,0.17926408,-0.36097097,-0.08904143,0.21092418,-0.4294337,-0.15471789,0.17122844,-0.35589036,-0.16818897,0.13446812,-0.29148847,-0.16727018
NO,0.0,0.0,0.0,-0.07675977,-0.10704952,-0.06903861,-0.07746526,-0.27018192,-0.10329202,0.024914216,-0.36695805,-0.13765341,0.11587529,-0.4137745,-0.16919328,-0.03959517,-0.5189299,-0.044960335,-0.0681321,-0.72557145,-0.09144301,-0.08760109,-0.8529543,-0.12565126,-0.0992034,-0.96008915,-0.15133022,0.053806804,-0.5170618,-0.052415397,0.08218909,-0.7458956,-0.1037732,0.10336327,-0.878681,-0.14799298,0.12239865,-0.99248105,-0.17645319,0.124243155,-0.45730442,-0.0690156,0.1875286,-0.59594136,-0.14707841,0.16197592,-0.5028631,-0.17746522,0.13141662,-0.42519522,-0.1810181,0.17862238,-0.36301783,-0.090656914,0.2123876,-0.4369563,-0.15382399,0.17563204,-0.3678042,-0.16647781,0.13931824,-0.30479112,-0.1654703
NO,0.0,0.0,0.0,-0.07584341,-0.109978534,-0.07093744,-0.06792997,-0.2744852,-0.103197776,0.04067942,-0.36604655,-0.13457055,0.13127296,-0.41263703,-0.16388246,-0.034180094,-0.5181544,-0.044848204,-0.06350379,-0.7242809,-0.08954439,-0.0837734,-0.8538805,-0.12318771,-0.095776185,-0.9613015,-0.14902115,0.05939761,-0.5152811,-0.050750826,0.0878477,-0.7448296,-0.100908965,0.10948927,-0.8787032,-0.14770307,0.12935993,-0.9915977,-0.17868908,0.12920366,-0.45481658,-0.06578644,0.20019251,-0.5924095,-0.14404458,0.1765169,-0.5082474,-0.18174042,0.14652884,-0.43569037,-0.19148543,0.18240687,-0.36057442,-0.085585356,0.21751073,-0.42585662,-0.15235427,0.18014286,-0.35398188,-0.17156383,0.14402337,-0.29007602,-0.17580137
NO,0.0,0.0,0.0,-0.07636977,-0.106156714,-0.07084154,-0.07102557,-0.27205843,-0.10272739,0.03901771,-0.36683226,-0.13367875,0.13099577,-0.4153989,-0.16182688,-0.034611687,-0.51883525,-0.04163163,-0.06391142,-0.724608,-0.08490858,-0.08389469,-0.8532956,-0.11802474,-0.09510824,-0.9595748,-0.14348015,0.059438497,-0.5162115,-0.04673869,0.08716905,-0.74413097,-0.09551682,0.107751966,-0.8785502,-0.1413994,0.12647903,-0.99196935,-0.17167789,0.12900278,-0.45547244,-0.06113764,0.1977927,-0.5933939,-0.1382632,0.17341968,-0.508819,-0.17433271,0.14223793,-0.4350395,-0.18253113,0.18154049,-0.36051932,-0.08043251,0.21751258,-0.43051225,-0.14550857,0.18325663,-0.36517742,-0.16340359,0.14862944,-0.30533412,-0.16636494
NO,0.0,0.0,0.0,-0.07799678,-0.10877255,-0.07174895,-0.07090141,-0.27394912,-0.104487784,0.0377948,-0.36754104,-0.1364258,0.128112,-0.41357315,-0.16547772,-0.03711115,-0.51774466,-0.043974496,-0.06619122,-0.7232816,-0.089364514,-0.08571121,-0.8523129,-0.12315458,-0.097084686,-0.9591187,-0.14863482,0.057278533,-0.51488346,-0.049134985,0.085651785,-0.74388623,-0.10029928,0.10594852,-0.8772045,-0.14607704,0.12463809,-0.9922023,-0.17557426,0.12807892,-0.45461372,-0.063692935,0.19490503,-0.5893275,-0.14207989,0.1669212,-0.49876907,-0.17558634,0.13417149,-0.42387122,-0.1811676,0.18258244,-0.36117557,-0.08338583,0.21767072,-0.4301224,-0.14728132,0.18225777,-0.36420107,-0.16293305,0.14776711,-0.3071797,-0.16414773
NO,0.0,0.0,0.0,-0.0759361,-0.10562992,-0.0659407,-0.07191686,-0.27452618,-0.09522694,0.03646717,-0.3679246,-0.124515735,0.12817699,-0.40943423,-0.15145457,-0.03811603,-0.51799226,-0.040506538,-0.06703636,-0.72512525,-0.0837516,-0.08628816,-0.8537469,-0.11522422,-0.098396145,-0.95976985,-0.13917434,0.05647215,-0.51465243,-0.047582887,0.08713112,-0.74365723,-0.0972415,0.1074893,-0.87827945,-0.14115246,0.1254969,-0.99209404,-0.16916251,0.12785308,-0.4542521,-0.0633849,0.19574212,-0.5902191,-0.14009714,0.16677722,-0.50071377,-0.17219582,0.13389874,-0.42575973,-0.17695384,0.18253735,-0.36074707,-0.0837336,0.21267599,-0.42765334,-0.14711851,0.17388617,-0.3588362,-0.16211857,0.13881806,-0.29808405,-0.1627624
NO,0.0,0.0,0.0,-0.07534626,-0.10582825,-0.07075025,-0.07099273,-0.26945305,-0.10445191,0.038193036,-0.36523533,-0.13748996,0.13076124,-0.41204548,-0.16731258,-0.036686353,-0.5184103,-0.045767415,-0.06680822,-0.72618383,-0.09228809,-0.087615974,-0.855381,-0.12636222,-0.09993313,-0.96260434,-0.15176584,0.05782656,-0.51634914,-0.05175857,0.08588518,-0.7461386,-0.10287143,0.10618569,-0.8788667,-0.14680025,0.1255151,-0.9920918,-0.174855,0.12855254,-0.45540154,-0.06699959,0.19434378,-0.59086406,-0.14407972,0.16722573,-0.49793467,-0.17328055,0.13559535,-0.42142862,-0.17595541,0.18200283,-0.3592253,-0.08754312,0.21782316,-0.43260378,-0.1494958,0.18194833,-0.36550063,-0.16129999,0.14654304,-0.3048764,-0.15962096
NO,0.0,0.0,0.0,-0.07709505,-0.10690996,-0.070171624,-0.07462545,-0.2713004,-0.10375726,0.03592469,-0.3639974,-0.13658865,0.12881635,-0.4103766,-0.16651766,-0.03571807,-0.5190458,-0.046018638,-0.06533622,-0.7258397,-0.09209605,-0.08612777,-0.85395014,-0.12623347,-0.098559394,-0.9611887,-0.1520104,0.058986034,-0.51641446,-0.052190363,0.08764249,-0.74566615,-0.102717124,0.10756737,-0.8775688,-0.14696006,0.12636624,-0.9919837,-0.17565413,0.1286676,-0.4550206,-0.06745047,0.19524615,-0.5915416,-0.14487551,0.1658245,-0.4985153,-0.17555991,0.13228588,-0.42269278,-0.1795587,0.18181545,-0.35873258,-0.0877628,0.2158047,-0.4286363,-0.15091687,0.1783257,-0.36039886,-0.16412516,0.14180288,-0.3000674,-0.16355886
NO,0.0,0.0,0.0,-0.075073674,-0.10720988,-0.07088788,-0.07113656,-0.2700077,-0.104552984,0.037570145,-0.36450985,-0.13763286,0.13029666,-0.41132703,-0.16811702,-0.033006314,-0.51592326,-0.04529287,-0.06250831,-0.72303295,-0.09038347,-0.08281962,-0.85122633,-0.1251255,-0.094222,-0.9574501,-0.15174387,0.06021519,-0.51246,-0.050977502,0.08881649,-0.7423896,-0.10075968,0.10967092,-0.8766883,-0.14797898,0.12891287,-0.99165595,-0.17978375,0.1296652,-0.45185846,-0.06571637,0.19723316,-0.59061,-0.1424617,0.17235918,-0.505411,-0.17856407,0.14051743,-0.42994428,-0.18724577,0.18224603,-0.35708264,-0.085432515,0.21951403,-0.43129003,-0.14858076,0.18576549,-0.36844948,-0.16554445,0.15089484,-0.30733696,-0.16856009
NO,0.0,0.0,0.0,-0.0777837,-0.1048673,-0.07752944,-0.073350884,-0.26676676,-0.115093194,0.037551295,-0.36040288,-0.15104678,0.13119496,-0.40836415,-0.1840548,-0.032986514,-0.5140495,-0.05284528,-0.062142663,-0.7218361,-0.10177803,-0.08262163,-0.8517095,-0.13882945,-0.09425248,-0.9593962,-0.16704045,0.060818534,-0.5106081,-0.056747414,0.08885953,-0.7409101,-0.111304544,0.1087394,-0.8754193,-0.16141444,0.12724905,-0.9918708,-0.19479014,0.13054878,-0.45055002,-0.07017146,0.19620383,-0.5905023,-0.1517804,0.17126916,-0.5030681,-0.18955877,0.1401582,-0.4271566,-0.19857593,0.18510336,-0.35643253,-0.08903499,0.21974002,-0.42815235,-0.15612686,0.18519586,-0.36324462,-0.17507972,0.14998834,-0.30355757,-0.17900342
NO,0.0,0.0,0.0,-0.07755355,-0.10465025,-0.07519464,-0.07225714,-0.2661674,-0.109663196,0.037540026,-0.36006603,-0.14247504,0.12980661,-0.40772843,-0.17226616,-0.03550174,-0.515242,-0.048913088,-0.06565713,-0.7238019,-0.09395083,-0.0856176,-0.85301465,-0.12762192,-0.0965078,-0.96051174,-0.15345149,0.059748664,-0.5104728,-0.052594982,0.0872668,-0.74067914,-0.102962285,0.10883754,-0.87573457,-0.15020351,0.12904666,-0.99163854,-0.18182823,0.12994008,-0.4489563,-0.065731876,0.19915673,-0.5884163,-0.14503123,0.17757417,-0.5063615,-0.18359978,0.14824739,-0.43338916,-0.19341266,0.18335731,-0.35430595,-0.083940506,0.2188552,-0.4233325,-0.15089053,0.18492003,-0.361375,-0.17124568,0.14937682,-0.30230394,-0.17611775
NO,0.0,0.0,0.0,-0.07672668,-0.10825087,-0.06813554,-0.07121903,-0.27182648,-0.10000954,0.038428593,-0.36232024,-0.13140152,0.13030557,-0.40652856,-0.16042696,-0.03279069,-0.5156419,-0.044331174,-0.06333282,-0.7242944,-0.0879423,-0.083404884,-0.8542936,-0.1208324,-0.094391085,-0.9618797,-0.14619803,0.061564285,-0.51141405,-0.05107827,0.09134606,-0.7411662,-0.09980185,0.11192843,-0.87695843,-0.14553809,0.13055348,-0.99144125,-0.17609724,0.13168183,-0.44943228,-0.066470504,0.19994175,-0.590857,-0.14190982,0.175055,-0.5099326,-0.17702033,0.1445012,-0.43752697,-0.18538216,0.18456613,-0.3530838,-0.0864935,0.21674536,-0.42458543,-0.14909004,0.17983924,-0.36051443,-0.1653958,0.14442897,-0.299287,-0.16801442
NO,0.0,0.0,0.0,-0.07644141,-0.10583796,-0.073030844,-0.069318585,-0.27146676,-0.10681335,0.043761563,-0.36322603,-0.13960753,0.13732597,-0.40673247,-0.17020495,-0.031098135,-0.5158787,-0.04810455,-0.060155917,-0.7234998,-0.094591774,-0.08008785,-0.8545053,-0.12947313,-0.09139048,-0.96262646,-0.15615956,0.06308228,-0.5116371,-0.05351935,0.092055075,-0.74197334,-0.10661513,0.11274407,-0.87631214,-0.15496343,0.13188112,-0.99126554,-0.18671076,0.13293785,-0.45058045,-0.06810054,0.20119642,-0.5902895,-0.14940694,0.17404844,-0.5006739,-0.18642583,0.14190239,-0.424197,-0.19453934,0.1868979,-0.35684723,-0.08757572,0.21914902,-0.42865852,-0.15590799,0.18365042,-0.35895222,-0.1747644,0.1499172,-0.29623663,-0.17807327
NO,0.0,0.0,0.0,-0.07664294,-0.09943684,-0.07098754,-0.07423488,-0.2669593,-0.10252418,0.03871861,-0.3620511,-0.13298774,0.13378043,-0.40393212,-0.16034563,-0.03613442,-0.517243,-0.044726025,-0.06470749,-0.72562265,-0.08917801,-0.08292932,-0.8547135,-0.12150059,-0.093960814,-0.962371,-0.14605185,0.059135024,-0.51504844,-0.049739413,0.088981636,-0.74561673,-0.10029924,0.109533496,-0.8780969,-0.14344788,0.12758304,-0.99182785,-0.1705776,0.12916149,-0.45388073,-0.063943505,0.19601433,-0.58947283,-0.1432765,0.16766052,-0.49266464,-0.1736366,0.13523114,-0.4133985,-0.17605366,0.18228479,-0.35880122,-0.08320451,0.21692893,-0.4255664,-0.14947294,0.17999528,-0.3545404,-0.163987,0.14440793,-0.29254997,-0.16325179
NO,0.0,0.0,0.0,-0.0770018,-0.098857135,-0.06594679,-0.077090755,-0.2695592,-0.09438868,0.03207286,-0.365349,-0.122683674,0.12685993,-0.39962068,-0.1485639,-0.03801457,-0.51995206,-0.041518968,-0.067611255,-0.73157954,-0.08301061,-0.08662664,-0.860752,-0.11334875,-0.09804752,-0.9672221,-0.13713776,0.05609673,-0.5145587,-0.048755433,0.085706,-0.7458987,-0.09632661,0.106905706,-0.8803333,-0.13943574,0.1259878,-0.9920318,-0.16769396,0.12623115,-0.45095086,-0.064615674,0.19488673,-0.59118825,-0.14058165,0.16623309,-0.50686944,-0.17469367,0.13388675,-0.43319336,-0.18170439,0.17865986,-0.35415688,-0.08497611,0.21024576,-0.41894916,-0.15054087,0.16849847,-0.3531925,-0.16880801,0.13051939,-0.29177034,-0.17211659
NO,0.0,0.0,0.0,-0.075543046,-0.10201982,-0.0657839,-0.07400026,-0.2710918,-0.09509693,0.035637625,-0.36688042,-0.124352545,0.1288039,-0.40892258,-0.15141772,-0.034120332,-0.51700765,-0.041177545,-0.06392481,-0.7278,-0.08271875,-0.08437747,-0.8564268,-0.11442872,-0.095786616,-0.9623799,-0.13930996,0.059376385,-0.5111268,-0.04809532,0.08861742,-0.7429867,-0.094709836,0.108973466,-0.8791493,-0.14025821,0.12830126,-0.9917352,-0.17131644,0.12914465,-0.4481989,-0.06344583,0.1975269,-0.5967434,-0.13792725,0.1712842,-0.5190012,-0.17506617,0.14016901,-0.44625756,-0.18531491,0.1826301,-0.35242906,-0.083121866,0.21409789,-0.42521372,-0.14705367,0.17631027,-0.36593872,-0.16628917,0.14036123,-0.30628598,-0.17109777
NO,0.0,0.0,0.0,-0.07451823,-0.10140913,-0.06282564,-0.07184298,-0.26985815,-0.08958584,0.034898866,-0.3664835,-0.1165945,0.12561414,-0.40682918,-0.14156945,-0.034287486,-0.5168616,-0.037262727,-0.06313954,-0.7256583,-0.077652045,-0.08215101,-0.8547991,-0.108036496,-0.0930803,-0.9612026,-0.1317992,0.058299065,-0.5129705,-0.045074333,0.08846519,-0.7430937,-0.09138421,0.11048626,-0.87839437,-0.13548352,0.1306026,-0.9914348,-0.16478984,0.12807718,-0.45276332,-0.061234243,0.19862705,-0.5921727,-0.13484028,0.17438474,-0.5136355,-0.17084382,0.14431898,-0.44261578,-0.17998776,0.1816752,-0.3593475,-0.081562534,0.21600568,-0.42608967,-0.14384387,0.17992221,-0.3636244,-0.16197668,0.14603022,-0.3043737,-0.16599542
NO,0.0,0.0,0.0,-0.074881576,-0.10324566,-0.06404697,-0.07189432,-0.27264652,-0.09334379,0.035095304,-0.37091628,-0.12340433,0.1268994,-0.41124988,-0.15136823,-0.03283693,-0.5172663,-0.04156064,-0.06187832,-0.72671336,-0.08539936,-0.081167944,-0.855446,-0.11655271,-0.092395306,-0.9631474,-0.14019787,0.06136731,-0.51347166,-0.050806873,0.09195437,-0.7465276,-0.10091753,0.111826986,-0.8782295,-0.14354108,0.13146462,-0.9913209,-0.17025228,0.13196349,-0.45128646,-0.06840057,0.19794886,-0.58754015,-0.14537801,0.16476165,-0.48864704,-0.17341961,0.13189463,-0.40922126,-0.17496371,0.18537529,-0.35460404,-0.09056818,0.2152365,-0.42009583,-0.15252645,0.1736593,-0.3463928,-0.16365632,0.13907027,-0.28346997,-0.16141814
NO,0.0,0.0,0.0,-0.07497369,-0.10572912,-0.06261703,-0.072020054,-0.2731478,-0.09029852,0.035068743,-0.3684884,-0.11854423,0.12464399,-0.41018924,-0.14486594,-0.03419182,-0.520488,-0.03861148,-0.06339436,-0.7281702,-0.080812536,-0.08216354,-0.8572028,-0.11166837,-0.09360213,-0.96420467,-0.13524066,0.059968635,-0.5154143,-0.047642253,0.09198138,-0.744899,-0.0954041,0.11284281,-0.87800837,-0.13858394,0.13200717,-0.9912488,-0.16644455,0.13014828,-0.45259202,-0.0650395,0.1971468,-0.5881626,-0.14038332,0.16790143,-0.5013373,-0.17325729,0.13721444,-0.4283738,-0.17918977,0.1830405,-0.3558816,-0.08662805,0.2126268,-0.42118958,-0.14861542,0.1724004,-0.35348377,-0.16352984,0.13826938,-0.29303825,-0.16468346
NO,0.0,0.0,0.0,-0.0745667,-0.10330778,-0.065286346,-0.07025086,-0.2738161,-0.09344585,0.04225405,-0.3697799,-0.121811934,0.13558911,-0.41145644,-0.14818788,-0.030811857,-0.519086,-0.038264707,-0.06126246,-0.72764057,-0.0798805,-0.080203004,-0.85588485,-0.11102047,-0.09057277,-0.96290123,-0.13529247,0.06279341,-0.5155971,-0.045751352,0.09191078,-0.7450223,-0.093136646,0.11282459,-0.8786362,-0.13724045,0.13222533,-0.99121964,-0.16626324,0.13215923,-0.453724,-0.061986536,0.20140284,-0.5939933,-0.13802695,0.17335959,-0.5085256,-0.17327112,0.14207745,-0.43461153,-0.1811063,0.18511195,-0.3575193,-0.08258936,0.21640275,-0.42289335,-0.14735459,0.17708755,-0.35509333,-0.16525002,0.14247532,-0.29358953,-0.16839863
NO,0.0,0.0,0.0,-0.07358993,-0.105008654,-0.063433245,-0.06788771,-0.27154157,-0.088913314,0.04566087,-0.35720012,-0.11456951,0.1392881,-0.38920003,-0.13809694,-0.030720592,-0.5195674,-0.032388337,-0.059861213,-0.72713494,-0.07130249,-0.07900674,-0.8534404,-0.10227378,-0.08984449,-0.9567737,-0.12678592,0.06182324,-0.5128733,-0.03985943,0.08979544,-0.74434316,-0.08423579,0.11183328,-0.8795607,-0.12999153,0.13266276,-0.99116117,-0.16114302,0.130492,-0.44941625,-0.0561236,0.20282327,-0.5950035,-0.12922177,0.1799555,-0.5209592,-0.16891803,0.15062723,-0.45386475,-0.18116003,0.18317628,-0.35369873,-0.0765702,0.21509403,-0.4221389,-0.14017466,0.18011156,-0.36116916,-0.16097888,0.14724886,-0.30354425,-0.16716513
NO,0.0,0.0,0.0,-0.07445809,-0.105202205,-0.06483877,-0.06921698,-0.27132717,-0.09266755,0.04219799,-0.3638041,-0.120594986,0.13279447,-0.39961064,-0.14646448,-0.033217378,-0.51723313,-0.038158327,-0.06276759,-0.7262199,-0.07921609,-0.08297424,-0.8550799,-0.11014892,-0.09453771,-0.96079886,-0.13399702,0.06077309,-0.51039493,-0.045567945,0.089408666,-0.74334556,-0.09223777,0.11064492,-0.87932605,-0.13680027,0.13088186,-0.991398,-0.16614284,0.1312921,-0.44620517,-0.061514694,0.20082957,-0.5880426,-0.13580713,0.17542739,-0.51027864,-0.17191744,0.14425933,-0.43957523,-0.1806282,0.18553399,-0.3498069,-0.081786305,0.21794552,-0.4185534,-0.14421204,0.18379278,-0.3589431,-0.16160786,0.15133987,-0.302053,-0.16473098
NO,0.0,0.0,0.0,-0.07445119,-0.10169616,-0.06407217,-0.06829747,-0.26793286,-0.08949795,0.04427779,-0.3582351,-0.114633,0.13575321,-0.39185557,-0.13772851,-0.033459704,-0.5160456,-0.03445689,-0.06333869,-0.72504616,-0.073398605,-0.082483,-0.85501397,-0.10362882,-0.09332603,-0.9611964,-0.1277172,0.059132557,-0.5104165,-0.041725796,0.088220045,-0.74202347,-0.08713372,0.110413544,-0.8790132,-0.13233091,0.13005503,-0.99150676,-0.16255067,0.12787957,-0.4469982,-0.05774864,0.20067261,-0.5880857,-0.13232616,0.17888004,-0.51500446,-0.17225619,0.14903064,-0.44672552,-0.18405806,0.1804905,-0.3517347,-0.077830106,0.21380553,-0.4188169,-0.14366952,0.17768846,-0.3572893,-0.16531189,0.14213859,-0.29776037,-0.1715482
NO,0.0,0.0,0.0,-0.073940106,-0.1037272,-0.065512255,-0.06917695,-0.26909313,-0.09509414,0.041895233,-0.36119065,-0.124750145,0.13386305,-0.39809218,-0.15235564,-0.02939487,-0.5170764,-0.04153933,-0.05924702,-0.72654414,-0.08408938,-0.07877297,-0.85664743,-0.11635196,-0.08879066,-0.96468234,-0.14156766,0.06369416,-0.51090276,-0.049588274,0.09348252,-0.7421571,-0.097897924,0.11431465,-0.8777739,-0.14342989,0.13406827,-0.99097216,-0.17374903,0.13319033,-0.44689605,-0.066060044,0.2022602,-0.5929644,-0.14206117,0.17464778,-0.5111821,-0.17787957,0.14279345,-0.43739504,-0.18645135,0.18666597,-0.34894165,-0.086876124,0.21889059,-0.42051452,-0.15108648,0.18086523,-0.35777247,-0.16876203,0.14583719,-0.29693997,-0.17202997
NO,0.0,0.0,0.0,-0.072873496,-0.10507344,-0.067396216,-0.067131124,-0.26971626,-0.097936936,0.04459479,-0.36379117,-0.12847361,0.13681318,-0.4007229,-0.1564094,-0.031224305,-0.5172986,-0.04116098,-0.058876567,-0.7270381,-0.083959356,-0.07673653,-0.8568603,-0.116089,-0.086114116,-0.9651618,-0.14083607,0.06256972,-0.511297,-0.048138067,0.09332499,-0.74171984,-0.096620075,0.11569044,-0.876409,-0.14106669,0.13653524,-0.9906352,-0.17015454,0.13215837,-0.4475276,-0.06389405,0.20315944,-0.5891096,-0.14010409,0.17659727,-0.5018472,-0.17306666,0.14460915,-0.42551073,-0.17863452,0.18543053,-0.34973097,-0.084346294,0.2226342,-0.4225915,-0.14706741,0.18737808,-0.3604942,-0.16204388,0.15274808,-0.3008037,-0.16284713
NO,0.0,0.0,0.0,-0.072660156,-0.10201177,-0.06604608,-0.06893504,-0.27007106,-0.09537182,0.04206836,-0.3641021,-0.12450713,0.13511041,-0.4006383,-0.15119188,-0.03178412,-0.5160883,-0.043202374,-0.060791805,-0.72904783,-0.08540503,-0.078989625,-0.85875076,-0.11601707,-0.089534104,-0.965514,-0.13974895,0.062370863,-0.50982356,-0.05070477,0.09442492,-0.7411414,-0.09852383,0.11516793,-0.87742525,-0.1420744,0.13301508,-0.99111396,-0.17059872,0.13203749,-0.445006,-0.06668208,0.20283847,-0.5886742,-0.14239989,0.17750281,-0.5080332,-0.17648716,0.14670849,-0.43620005,-0.18358514,0.18447217,-0.3458831,-0.08705571,0.218377,-0.41162622,-0.15158342,0.17995791,-0.35024974,-0.16877632,0.14368732,-0.29184586,-0.17137194
NO,0.0,0.0,0.0,-0.07613699,-0.098794855,-0.07332086,-0.07918547,-0.25678948,-0.11012926,0.023478787,-0.35386434,-0.145933,0.11581986,-0.40152636,-0.17880887,-0.035839293,-0.5144099,-0.054004095,-0.0624637,-0.7257967,-0.10270574,-0.07994445,-0.85619605,-0.13675185,-0.08961541,-0.96649534,-0.16207796,0.059977975,-0.5091552,-0.06041902,0.09315947,-0.7419494,-0.113776036,0.11450691,-0.8741775,-0.15716146,0.13435978,-0.99093264,-0.18463501,0.13042851,-0.4449165,-0.07595407,0.19682728,-0.58489126,-0.15831399,0.16519733,-0.4855485,-0.18725498,0.1320901,-0.40589318,-0.18858214,0.18314876,-0.34522486,-0.09645275,0.21556012,-0.41804793,-0.16367297,0.17256597,-0.3435738,-0.17574951,0.13324912,-0.27772254,-0.1734457
NO,0.0,0.0,0.0,-0.07546352,-0.10486643,-0.06685595,-0.07377671,-0.26936156,-0.09915125,0.03628484,-0.3618089,-0.13173102,0.13057722,-0.40091902,-0.16235615,-0.032113686,-0.5163979,-0.04551807,-0.05996431,-0.72747886,-0.090606235,-0.07728984,-0.8579929,-0.122333065,-0.086216815,-0.9667832,-0.14638616,0.06273209,-0.5098369,-0.0542933,0.09604407,-0.74209803,-0.105040684,0.11666487,-0.8767904,-0.14825611,0.13519217,-0.9908194,-0.1757258,0.1327744,-0.44417506,-0.0717168,0.20043698,-0.58631533,-0.15123308,0.16818632,-0.49288496,-0.18257739,0.13514015,-0.41513515,-0.18633242,0.18475811,-0.3438831,-0.093485266,0.21093471,-0.4115103,-0.15951821,0.16522175,-0.33836338,-0.17354281,0.12664731,-0.27272305,-0.17307387
NO,0.0,0.0,0.0,-0.07583003,-0.10178702,-0.07531083,-0.07207646,-0.26892316,-0.11017903,0.0433488,-0.35890812,-0.143372,0.1406458,-0.40111992,-0.17416608,-0.032621708,-0.51612765,-0.0512426,-0.060353767,-0.72572076,-0.097590365,-0.07906847,-0.8551131,-0.13236053,-0.08888558,-0.9622165,-0.15943429,0.061786126,-0.5099636,-0.055395544,0.093857944,-0.7413713,-0.10809147,0.11571703,-0.87609076,-0.15687539,0.1357242,-0.9907467,-0.18948846,0.1320612,-0.4467919,-0.068648316,0.20304008,-0.58951193,-0.15048453,0.17333463,-0.5019558,-0.18930854,0.13972993,-0.4263229,-0.19924118,0.1867427,-0.35060096,-0.08679513,0.21808751,-0.41368476,-0.15843251,0.17917822,-0.34323105,-0.18025082,0.14381608,-0.28033552,-0.18555143
NO,0.0,0.0,0.0,-0.07518066,-0.10241645,-0.07061724,-0.073890954,-0.2679989,-0.104400255,0.040064104,-0.35932702,-0.13724382,0.13716775,-0.40143096,-0.16747262,-0.03128728,-0.51790243,-0.049455643,-0.05783523,-0.72707415,-0.09520136,-0.07615082,-0.85692054,-0.12836674,-0.085614555,-0.9655545,-0.15406197,0.06463375,-0.5130269,-0.055742104,0.09615969,-0.74238914,-0.10796939,0.11691964,-0.87601393,-0.15295435,0.13718887,-0.9905449,-0.18203278,0.1360243,-0.44898567,-0.07069359,0.20438236,-0.5865961,-0.15045726,0.16828589,-0.49038112,-0.18112732,0.13191864,-0.41121238,-0.18457806,0.19105849,-0.3507873,-0.09052434,0.21873464,-0.4156571,-0.15823357,0.17832056,-0.34494168,-0.1737147,0.14360698,-0.28363112,-0.17378005
NO,0.0,0.0,0.0,-0.0760746,-0.10378811,-0.07072618,-0.073643856,-0.26701114,-0.10366628,0.038110986,-0.35913584,-0.13544112,0.13206086,-0.40357536,-0.16454582,-0.031774577,-0.5170547,-0.04775351,-0.059326936,-0.72720635,-0.092822224,-0.07815491,-0.8572409,-0.12606972,-0.088531844,-0.96540785,-0.15153207,0.06306689,-0.5123968,-0.05313802,0.094261095,-0.74203616,-0.10381132,0.11546108,-0.8766795,-0.14936645,0.13511819,-0.9908295,-0.17915173,0.13358404,-0.4506509,-0.067301795,0.2038807,-0.5894822,-0.14577222,0.17521282,-0.5016849,-0.18014233,0.14291702,-0.42622864,-0.1867183,0.1881497,-0.35534137,-0.086219154,0.2168574,-0.41889617,-0.15286607,0.1790753,-0.35186598,-0.17069207,0.14521019,-0.29149246,-0.17299318
NO,0.0,0.0,0.0,-0.07345218,-0.10337472,-0.06743986,-0.07098795,-0.26824376,-0.09905355,0.03993274,-0.36310518,-0.13045202,0.13337418,-0.40699455,-0.15928872,-0.030092677,-0.517272,-0.0436883,-0.056850195,-0.7268271,-0.088240996,-0.075241014,-0.85646224,-0.12092798,-0.084787786,-0.96428674,-0.14583237,0.06386585,-0.5127673,-0.050600253,0.095303334,-0.74214715,-0.10046369,0.11699396,-0.8771742,-0.14430453,0.13712266,-0.9905541,-0.17265648,0.13386545,-0.45049095,-0.06624063,0.20009455,-0.5913302,-0.14340225,0.1695522,-0.49965805,-0.17426021,0.13661344,-0.42120764,-0.1783411,0.18740942,-0.3540457,-0.08661591,0.21695937,-0.4228606,-0.1512815,0.1776672,-0.353305,-0.16579917,0.14293648,-0.29006243,-0.16573983
NO,0.0,0.0,0.0,-0.073863894,-0.108855255,-0.06199389,-0.06791057,-0.2777468,-0.09139724,0.041331723,-0.37040475,-0.12202608,0.13218471,-0.41069582,-0.15044738,-0.028208416,-0.51855624,-0.041129094,-0.05593802,-0.7253375,-0.08620046,-0.07391524,-0.85325116,-0.11817057,-0.08391775,-0.9607244,-0.1420771,0.0666629,-0.5115266,-0.051277734,0.09975112,-0.7416208,-0.10281822,0.119108975,-0.8741308,-0.14575844,0.138999,-0.9902925,-0.17233513,0.13725765,-0.446609,-0.06947183,0.20196782,-0.5857976,-0.14703648,0.16036497,-0.48249704,-0.17186786,0.12276078,-0.4010621,-0.17028081,0.1910008,-0.3473104,-0.09206357,0.2167676,-0.41877872,-0.15341486,0.17092638,-0.34862754,-0.16194606,0.13408919,-0.288255,-0.1571178
NO,0.0,0.0,0.0,-0.07281754,-0.10834468,-0.061542667,-0.066510975,-0.27681258,-0.08919153,0.04494596,-0.37104636,-0.118262544,0.1370513,-0.40815255,-0.14503047,-0.02767651,-0.51628995,-0.036116976,-0.056196596,-0.72710603,-0.07855984,-0.07466041,-0.85561407,-0.11013456,-0.08535288,-0.962612,-0.13429366,0.065768704,-0.51060945,-0.04521299,0.09795604,-0.7419092,-0.09395441,0.11847722,-0.8760231,-0.13791694,0.13858758,-0.9903502,-0.166308,0.13529457,-0.44823825,-0.062537454,0.20239244,-0.5903716,-0.13712317,0.16775568,-0.4946309,-0.16522425,0.13319007,-0.41276494,-0.16716261,0.18810481,-0.35304266,-0.08437714,0.21602528,-0.42744404,-0.1446886,0.1756875,-0.36121622,-0.15603413,0.14212565,-0.2984428,-0.15403341
NO,0.0,0.0,0.0,-0.07338133,-0.110187106,-0.06275158,-0.06799539,-0.27712777,-0.09214159,0.040911637,-0.37196547,-0.12299931,0.13317087,-0.40831152,-0.15152079,-0.024552451,-0.5173174,-0.038399845,-0.053036053,-0.7275183,-0.08135859,-0.07167031,-0.85547125,-0.11354958,-0.08101415,-0.96330583,-0.13841046,0.06818151,-0.50961,-0.04792756,0.09875641,-0.7411031,-0.09643712,0.11995996,-0.87478715,-0.14063503,0.14215624,-0.98984426,-0.16987744,0.13658889,-0.44468945,-0.06581048,0.20452556,-0.5909975,-0.1407904,0.17031248,-0.49846697,-0.17021686,0.13600738,-0.4188479,-0.17360315,0.18771672,-0.34557658,-0.08823476,0.21924435,-0.4233117,-0.14837816,0.1766066,-0.3621364,-0.1604333,0.13918082,-0.3019645,-0.15957104
NO,0.0,0.0,0.0,-0.07360452,-0.11162525,-0.05218813,-0.07602862,-0.28413326,-0.07905663,0.0204118,-0.37724042,-0.109526165,0.10650042,-0.40629232,-0.13870817,-0.03070069,-0.512355,-0.034469787,-0.05811594,-0.7181595,-0.07654502,-0.074851446,-0.8470276,-0.10761351,-0.08348936,-0.95535666,-0.1309636,0.059907943,-0.50296205,-0.047983162,0.09840741,-0.7316911,-0.094802335,0.116012506,-0.8717893,-0.13726853,0.13606757,-0.9906995,-0.16537265,0.12790714,-0.43861243,-0.0687162,0.19101666,-0.58708483,-0.13676767,0.15987763,-0.50932693,-0.16317117,0.13197188,-0.43273476,-0.16532421,0.17955661,-0.343216,-0.09331014,0.2152784,-0.43988958,-0.14127138,0.17953517,-0.3955407,-0.14663601,0.148667,-0.3393614,-0.14257436
NO,0.0,0.0,0.0,-0.076058984,-0.11030927,-0.049561612,-0.07454057,-0.2853571,-0.074404635,0.022818519,-0.38099942,-0.102407016,0.106455594,-0.41381115,-0.12991087,-0.028940897,-0.5162132,-0.033595942,-0.05681364,-0.7250465,-0.073916875,-0.07453594,-0.8547473,-0.1029458,-0.08565632,-0.96199465,-0.12499389,0.06207203,-0.505753,-0.04945047,0.097947285,-0.740579,-0.09522205,0.117985666,-0.8780955,-0.13639183,0.13554385,-0.99077135,-0.16293937,0.13091178,-0.43901703,-0.072102785,0.19975254,-0.589267,-0.14320602,0.17212723,-0.51559097,-0.17302176,0.142415,-0.44495443,-0.1777255,0.18164681,-0.3404085,-0.09757953,0.21025501,-0.4248792,-0.1524735,0.17131096,-0.3668705,-0.16089989,0.13893667,-0.30605286,-0.15843207
NO,0.0,0.0,0.0,-0.07624111,-0.11080069,-0.05316315,-0.079987384,-0.2799545,-0.08163433,0.01017047,-0.3726491,-0.112787664,0.0928818,-0.4064077,-0.1431989,-0.029892167,-0.5135562,-0.038559094,-0.059379317,-0.71926075,-0.08211191,-0.07887104,-0.8467612,-0.11447986,-0.09029633,-0.9531837,-0.13863768,0.06142288,-0.5065306,-0.05310197,0.096655615,-0.7409717,-0.10052157,0.11472936,-0.8771772,-0.14289564,0.13134518,-0.99133664,-0.1705161,0.13160627,-0.44363564,-0.07453708,0.19618608,-0.59613115,-0.14368266,0.16933906,-0.5210051,-0.1705009,0.1399474,-0.4520452,-0.17386684,0.18413101,-0.34712496,-0.09962138,0.21245441,-0.43899822,-0.14979888,0.17864819,-0.38278675,-0.1543206,0.14984201,-0.32524937,-0.14974907
NO,0.0,0.0,0.0,-0.07692131,-0.11344208,-0.056520816,-0.07599601,-0.28562322,-0.08390912,0.025419507,-0.38140082,-0.113152735,0.11242291,-0.41570285,-0.14120832,-0.033116736,-0.51811415,-0.034655925,-0.060886446,-0.7237872,-0.0749569,-0.08046966,-0.85049593,-0.10602189,-0.093237735,-0.9549855,-0.12982568,0.058251135,-0.5098701,-0.046671264,0.09185402,-0.7431726,-0.09031851,0.11133205,-0.8804999,-0.1329356,0.12886582,-0.991662,-0.16176836,0.1278246,-0.44457805,-0.066334665,0.19691236,-0.5990976,-0.13463189,0.17544691,-0.5346115,-0.16763048,0.14853841,-0.46767262,-0.17608991,0.18011154,-0.34596997,-0.08967719,0.21107079,-0.43426883,-0.14266318,0.18060897,-0.3835037,-0.1529213,0.15324394,-0.32606986,-0.15269725
NO,0.0,0.0,0.0,-0.07658386,-0.11453347,-0.055057533,-0.07658415,-0.2886925,-0.083084464,0.0214733,-0.38678697,-0.11396991,0.1084909,-0.4248232,-0.14334904,-0.030888896,-0.5202076,-0.033711053,-0.060787883,-0.7263794,-0.076170936,-0.08108556,-0.8541463,-0.108440086,-0.09358965,-0.95917743,-0.1329853,0.060455397,-0.5113669,-0.04753975,0.09439968,-0.74271613,-0.09545092,0.11232075,-0.87866074,-0.13899519,0.12894115,-0.99165225,-0.1673294,0.13011858,-0.4468701,-0.06889238,0.19429643,-0.59999543,-0.14025466,0.16290398,-0.51762015,-0.16707754,0.1312303,-0.4435563,-0.16964278,0.1830641,-0.348522,-0.094140895,0.2130183,-0.4402613,-0.14793235,0.17639172,-0.37978727,-0.15389302,0.14634055,-0.31904528,-0.14953971
NO,0.0,0.0,0.0,-0.07888169,-0.10829403,-0.05822207,-0.084728055,-0.2842091,-0.08692221,0.014560004,-0.38457295,-0.11774519,0.10527675,-0.4244158,-0.14716394,-0.035425566,-0.5221849,-0.03751825,-0.06241434,-0.72807664,-0.08034724,-0.08026704,-0.85488296,-0.11181234,-0.09175917,-0.9600276,-0.13599499,0.05850554,-0.51473594,-0.050132822,0.09200444,-0.74707067,-0.09795343,0.11008297,-0.87996334,-0.13983902,0.12648031,-0.99196917,-0.16691802,0.12918477,-0.44985247,-0.07061954,0.19170652,-0.60248685,-0.1449656,0.15773904,-0.511838,-0.17260228,0.12526098,-0.43381062,-0.17506105,0.18253522,-0.3504477,-0.095025346,0.20670758,-0.4344118,-0.15428215,0.1668766,-0.36672148,-0.16326298,0.1358929,-0.30331627,-0.16025957
NO,0.0,0.0,0.0,-0.078037344,-0.10643841,-0.06078212,-0.084394425,-0.27966672,-0.09066872,0.012931856,-0.383419,-0.12252242,0.10528057,-0.42199898,-0.15284021,-0.034683302,-0.5190898,-0.039177597,-0.06299339,-0.7272472,-0.082145125,-0.081022345,-0.85530955,-0.11392894,-0.09162183,-0.960165,-0.13826452,0.05896805,-0.51209956,-0.05038289,0.09164983,-0.74313724,-0.097725295,0.11027824,-0.8783057,-0.1407771,0.1274582,-0.9918439,-0.16953737,0.12988557,-0.4496335,-0.06981633,0.19482785,-0.60226786,-0.14394063,0.16270758,-0.51939976,-0.17584613,0.13010183,-0.44307682,-0.18184844,0.18315724,-0.35358158,-0.09338261,0.21060666,-0.43925783,-0.15238214,0.17255256,-0.37806255,-0.16497071,0.1407169,-0.3152496,-0.16531399
NO,0.0,0.0,0.0,-0.074497566,-0.108383015,-0.06557811,-0.0695851,-0.2817159,-0.09180707,0.040448405,-0.37302828,-0.11833923,0.13223049,-0.41348985,-0.14341702,-0.02824304,-0.5226026,-0.035301954,-0.059820008,-0.7306706,-0.07459165,-0.07890687,-0.85952806,-0.10550233,-0.08878378,-0.9660034,-0.13009894,0.066467464,-0.51624703,-0.04242178,0.09781073,-0.7429851,-0.08694336,0.11750796,-0.8788644,-0.13296641,0.13465524,-0.99089247,-0.16464622,0.13513073,-0.45399654,-0.05852081,0.20801102,-0.60856736,-0.13345467,0.18429567,-0.53714967,-0.17488581,0.15435442,-0.46939328,-0.1883218,0.18652785,-0.35712966,-0.07867732,0.22203605,-0.4344223,-0.14500956,0.18640152,-0.37266973,-0.16682813,0.15197253,-0.3091695,-0.1734167
NO,0.0,0.0,0.0,-0.07591054,-0.11216524,-0.062801555,-0.06998434,-0.28279468,-0.09013291,0.038787216,-0.3780253,-0.11852113,0.129077,-0.4172051,-0.14509247,-0.03081508,-0.5185843,-0.03484981,-0.056663673,-0.7242605,-0.07632588,-0.0747481,-0.8524573,-0.108146414,-0.08469172,-0.9580924,-0.13253318,0.06337602,-0.5129591,-0.0434842,0.09485057,-0.74098694,-0.09038918,0.11662336,-0.8762492,-0.13499217,0.13716458,-0.99054825,-0.16437498,0.1337484,-0.4509295,-0.0607991,0.2009676,-0.59121686,-0.1348392,0.17512795,-0.5106993,-0.16908921,0.14501975,-0.43851328,-0.17615327,0.18601878,-0.35605678,-0.0824545,0.22112423,-0.4370409,-0.14250275,0.18746422,-0.37853992,-0.15693904,0.155881,-0.31990054,-0.1580114
NO,0.0,0.0,0.0,-0.07482722,-0.11099937,-0.060258716,-0.07411065,-0.28389686,-0.0874421,0.028985845,-0.38256794,-0.116087586,0.119650185,-0.42141846,-0.14291605,-0.0331487,-0.51873624,-0.03505123,-0.06001256,-0.7264292,-0.07677019,-0.07883983,-0.85452235,-0.10792191,-0.090903446,-0.95980674,-0.1316521,0.060157493,-0.51384336,-0.045197755,0.09449677,-0.7429237,-0.09129664,0.11441951,-0.8789458,-0.13418919,0.1322341,-0.9912185,-0.16221881,0.13083418,-0.452442,-0.06367349,0.19682004,-0.5962984,-0.13586423,0.17104566,-0.5169624,-0.1675015,0.1427172,-0.4434893,-0.17323332,0.18364264,-0.35709947,-0.08636222,0.21147239,-0.43427664,-0.1441645,0.17544703,-0.37354085,-0.15610608,0.14497238,-0.31217685,-0.15562789
NO,0.0,0.0,0.0,-0.07505535,-0.10886507,-0.06022302,-0.075156346,-0.28735855,-0.0859188,0.02772682,-0.38857186,-0.11293766,0.11853333,-0.4262578,-0.13869776,-0.033172674,-0.52272934,-0.033138283,-0.060578957,-0.72949785,-0.07314922,-0.07885749,-0.85693717,-0.103228115,-0.089575775,-0.9623509,-0.12663458,0.05957631,-0.5170088,-0.042975135,0.093253754,-0.7453831,-0.08819016,0.113880575,-0.8799473,-0.13082264,0.132993,-0.991117,-0.15881996,0.12999211,-0.4555776,-0.061327506,0.19834688,-0.6022124,-0.13481574,0.17105933,-0.52456456,-0.16965899,0.14216304,-0.45354593,-0.17774853,0.1830757,-0.36094332,-0.08357412,0.20972739,-0.43527934,-0.14448136,0.17068279,-0.37024632,-0.15966879,0.13930519,-0.30817482,-0.16154374
NO,0.0,0.0,0.0,-0.077999,-0.11220513,-0.060236342,-0.07523184,-0.29050806,-0.08498555,0.030974817,-0.38546413,-0.111399606,0.12154371,-0.42354012,-0.1366769,-0.033631664,-0.5239294,-0.031316493,-0.062096406,-0.7308346,-0.07121893,-0.0792788,-0.8590428,-0.09994775,-0.08963571,-0.9662603,-0.121968016,0.060814507,-0.5187183,-0.04117799,0.094774246,-0.74610895,-0.08664367,0.11460716,-0.8792501,-0.12781052,0.13256781,-0.9911739,-0.15377834,0.13112582,-0.45732376,-0.0598964,0.19897348,-0.5994281,-0.1363079,0.1676966,-0.51224613,-0.17141104,0.13706923,-0.43759358,-0.17788206,0.18413863,-0.36221918,-0.08231885,0.20824756,-0.42803723,-0.14654617,0.16436929,-0.3579846,-0.16336328,0.13015027,-0.29601023,-0.16516398
NO,0.0,0.0,0.0,-0.07735838,-0.11220746,-0.064146906,-0.07541502,-0.28402197,-0.092941195,0.029676743,-0.37980705,-0.122602016,0.121698186,-0.42101383,-0.15110263,-0.033519518,-0.52038497,-0.037350867,-0.06320051,-0.72847444,-0.07937545,-0.08148039,-0.8568612,-0.1104109,-0.09160603,-0.9627777,-0.1339569,0.0610114,-0.5163019,-0.045881048,0.09394151,-0.7467056,-0.09222951,0.11358197,-0.8803132,-0.1355497,0.13118917,-0.9913573,-0.1637345,0.13192116,-0.45605844,-0.063256375,0.19928703,-0.60054225,-0.13942063,0.17213131,-0.5191177,-0.17693946,0.14320773,-0.44609463,-0.18611325,0.18554945,-0.36163402,-0.08460546,0.21153536,-0.4318099,-0.14820887,0.1732311,-0.3632044,-0.1656722,0.14189397,-0.29917213,-0.1686446
NO,0.0,0.0,0.0,-0.0774049,-0.110852614,-0.06443914,-0.07479816,-0.28354204,-0.09449966,0.032571916,-0.38121492,-0.12548123,0.12523189,-0.4271478,-0.15474752,-0.031050906,-0.5210611,-0.0380642,-0.058601808,-0.7277805,-0.08186675,-0.076999314,-0.8555106,-0.114741534,-0.08745009,-0.96139747,-0.1396175,0.06340776,-0.5155549,-0.04660775,0.095643185,-0.7439288,-0.09538537,0.11512422,-0.87719387,-0.13985519,0.13314238,-0.9910969,-0.16880754,0.13377248,-0.4540676,-0.0639706,0.1985887,-0.6008681,-0.14221571,0.16433673,-0.51060045,-0.17634577,0.12969114,-0.43203348,-0.1824483,0.187749,-0.35860774,-0.0854452,0.21495633,-0.43521902,-0.15071583,0.17424172,-0.3665238,-0.16634694,0.13942403,-0.3021005,-0.16726671
NO,0.0,0.0,0.0,-0.07742908,-0.11046194,-0.06941461,-0.07522594,-0.27736416,-0.10127567,0.03093745,-0.37197885,-0.13265948,0.12224347,-0.4174767,-0.16203187,-0.031302474,-0.5218585,-0.043116648,-0.059908472,-0.72867054,-0.08718765,-0.079117544,-0.8579703,-0.12086936,-0.0900561,-0.9640779,-0.14648566,0.062975205,-0.51557034,-0.049471527,0.09398992,-0.74354815,-0.09763241,0.114881806,-0.87843907,-0.14389066,0.13427284,-0.9909444,-0.17497812,0.13284463,-0.45353144,-0.06504803,0.20152214,-0.5963312,-0.14206785,0.17782427,-0.5211907,-0.18158823,0.14877446,-0.4503298,-0.19270426,0.18548273,-0.35838982,-0.08511581,0.21719705,-0.43543518,-0.14975381,0.18301502,-0.37613088,-0.16912287,0.15035917,-0.31585282,-0.1737931
NO,0.0,0.0,0.0,-0.075906664,-0.10944596,-0.066163056,-0.071503624,-0.28053227,-0.094865605,0.035878148,-0.375011,-0.12331846,0.12816744,-0.4148696,-0.14990163,-0.02756944,-0.5224755,-0.03834147,-0.055930305,-0.7275632,-0.07982651,-0.074867435,-0.85523486,-0.11226327,-0.08644337,-0.9594715,-0.13743253,0.06488639,-0.5142834,-0.045459274,0.096670665,-0.74146235,-0.091757685,0.117235385,-0.8776349,-0.13750553,0.13508199,-0.9908345,-0.16834645,0.13309084,-0.4503972,-0.061549112,0.20350705,-0.5967779,-0.13763091,0.17948644,-0.527007,-0.17864807,0.14907305,-0.45997253,-0.19123214,0.18433094,-0.35297674,-0.081673734,0.21605133,-0.427947,-0.14744957,0.17651868,-0.36980098,-0.16865739,0.13852984,-0.31055138,-0.17480084
NO,0.0,0.0,0.0,-0.07819927,-0.107851245,-0.067889646,-0.07588144,-0.27809784,-0.09936257,0.030052634,-0.37274134,-0.13081966,0.12190102,-0.41252238,-0.16036366,-0.033952408,-0.5194051,-0.04247627,-0.060911033,-0.72495335,-0.08805287,-0.08015799,-0.8529817,-0.122333094,-0.09265916,-0.9588229,-0.14810562,0.05930673,-0.51275665,-0.05007051,0.090682246,-0.7424238,-0.10100097,0.110419735,-0.8769816,-0.1474183,0.12838762,-0.991724,-0.1774839,0.12966812,-0.45048755,-0.06665302,0.19506726,-0.59287745,-0.14693,0.16846472,-0.5076451,-0.1836911,0.1389281,-0.43220302,-0.19122896,0.18398023,-0.35601512,-0.08753175,0.21138373,-0.42926195,-0.1539423,0.17388034,-0.36334354,-0.17117347,0.14146,-0.30153096,-0.17323752
NO,0.0,0.0,0.0,-0.08012522,-0.106941365,-0.068810664,-0.07509439,-0.2769989,-0.09882788,0.031605955,-0.37081382,-0.12852073,0.12334029,-0.40822795,-0.15652277,-0.03274162,-0.5189503,-0.041136585,-0.059977274,-0.7251287,-0.083643496,-0.07902359,-0.8545546,-0.116459005,-0.0908069,-0.95974064,-0.14223295,0.06108109,-0.51252735,-0.048495524,0.09206484,-0.7415928,-0.09710217,0.11354191,-0.8788429,-0.14510706,0.13256133,-0.9911749,-0.17752224,0.13177736,-0.45039508,-0.065053426,0.19951151,-0.5938477,-0.14323609,0.17782839,-0.52396834,-0.18656644,0.15011424,-0.45610794,-0.2006732,0.1857557,-0.35662025,-0.08592861,0.21589237,-0.4300425,-0.15351257,0.17979854,-0.36950395,-0.17683555,0.1463205,-0.30885136,-0.18461001
NO,0.0,0.0,0.0,-0.078601,-0.10599145,-0.06847727,-0.08113255,-0.27233824,-0.10109953,0.02210559,-0.37194958,-0.13363713,0.11373118,-0.41816893,-0.16393195,-0.03561288,-0.52125186,-0.044893414,-0.063011,-0.7270359,-0.089985654,-0.08152544,-0.85594904,-0.124297306,-0.09159998,-0.962751,-0.15057385,0.05865649,-0.51597476,-0.05210474,0.08937041,-0.7447615,-0.101602994,0.110325396,-0.878476,-0.14731684,0.13031575,-0.99147254,-0.17787728,0.1293853,-0.45387307,-0.06823813,0.19449234,-0.5960644,-0.14563069,0.16775192,-0.5136837,-0.18185848,0.13671058,-0.4378631,-0.1903244,0.1835583,-0.3573661,-0.08895604,0.21507055,-0.43487465,-0.15288386,0.17942421,-0.3749823,-0.17022334,0.14552383,-0.31433374,-0.17321645
NO,0.0,0.0,0.0,-0.080051355,-0.10528776,-0.06655437,-0.08012896,-0.2778351,-0.097935654,0.023448426,-0.37572837,-0.1298923,0.11515526,-0.4140901,-0.16000576,-0.033456,-0.5207465,-0.044790704,-0.060441453,-0.7267569,-0.090558775,-0.0786635,-0.8562507,-0.12416516,-0.08967996,-0.96367705,-0.15016283,0.06178147,-0.5150138,-0.05387011,0.09427849,-0.7446229,-0.10610222,0.114150204,-0.8769759,-0.15156765,0.1333874,-0.991064,-0.18093428,0.1333013,-0.45271638,-0.07153852,0.19683418,-0.59221435,-0.15075658,0.16255489,-0.49581853,-0.18143132,0.12902129,-0.41529197,-0.1848616,0.1878404,-0.3572268,-0.09389468,0.21313111,-0.43043596,-0.15843514,0.17262678,-0.3619734,-0.1722023,0.1387415,-0.30033076,-0.17192383
NO,0.0,0.0,0.0,-0.07809281,-0.104739524,-0.069061644,-0.079694495,-0.27206913,-0.102385044,0.024270436,-0.3726256,-0.13556106,0.1177682,-0.41863433,-0.16638927,-0.03400947,-0.5199305,-0.045479946,-0.061107747,-0.7270914,-0.09145006,-0.07928762,-0.85435325,-0.1257949,-0.08946455,-0.95957935,-0.15177274,0.060352948,-0.5155437,-0.05261382,0.0908924,-0.74402875,-0.1032619,0.11122103,-0.87725425,-0.14871153,0.13029005,-0.991476,-0.1785788,0.13125306,-0.45472327,-0.0687085,0.19555376,-0.5949052,-0.14718352,0.1661084,-0.5067876,-0.18118203,0.13421398,-0.4302062,-0.18766707,0.1853053,-0.3589539,-0.089511976,0.21493204,-0.43280715,-0.15420099,0.17649364,-0.36452296,-0.1698472,0.14237615,-0.3004677,-0.1711981
NO,0.0,0.0,0.0,-0.078209795,-0.10741701,-0.06666789,-0.07509722,-0.27743274,-0.098331966,0.030810872,-0.37375265,-0.1304857,0.12330499,-0.41630355,-0.16067462,-0.03312547,-0.5205039,-0.042401474,-0.05976228,-0.72521096,-0.088155106,-0.07791565,-0.8534203,-0.12226959,-0.088975735,-0.9597099,-0.14815454,0.06095648,-0.51448363,-0.051083688,0.092128605,-0.74443334,-0.10334932,0.112193406,-0.87699866,-0.14952166,0.13118643,-0.99135774,-0.1790279,0.13159697,-0.4521431,-0.068406515,0.19392706,-0.59429836,-0.14830889,0.1628398,-0.49543482,-0.17905211,0.13128784,-0.4143496,-0.18208842,0.18619609,-0.35612017,-0.09023379,0.21381764,-0.4348236,-0.154713,0.1750768,-0.35992494,-0.16690287,0.14232379,-0.29378557,-0.16518041
NO,0.0,0.0,0.0,-0.079458036,-0.108394645,-0.068491675,-0.075783916,-0.27915072,-0.099673554,0.030168358,-0.37360182,-0.13091499,0.122623004,-0.4127561,-0.16034439,-0.034125283,-0.5220343,-0.042986393,-0.060584962,-0.7276623,-0.088598736,-0.078870215,-0.85644853,-0.1224642,-0.09027083,-0.96245867,-0.14833748,0.060241777,-0.51568377,-0.050772976,0.09179352,-0.74424213,-0.10255811,0.11279422,-0.877121,-0.14975192,0.13265206,-0.9911627,-0.18048108,0.13144362,-0.4531396,-0.067577906,0.19774336,-0.59319425,-0.14841264,0.16785377,-0.5045604,-0.18554817,0.13660152,-0.4290017,-0.19357172,0.18627498,-0.35794193,-0.08881594,0.21188433,-0.4263661,-0.15653023,0.17213938,-0.35867217,-0.17543678,0.13869601,-0.29812443,-0.17883365
NO,0.0,0.0,0.0,-0.07898348,-0.105730124,-0.07465009,-0.07377201,-0.27326736,-0.10964881,0.033649184,-0.36746442,-0.14362247,0.12629014,-0.41079846,-0.1756917,-0.030918175,-0.5183068,-0.05058031,-0.059010986,-0.7244832,-0.09812589,-0.077813886,-0.8550939,-0.13399677,-0.08872992,-0.9617844,-0.16148217,0.062072154,-0.51171124,-0.056122124,0.093626134,-0.7406495,-0.1097074,0.11509905,-0.87672913,-0.15930618,0.13386826,-0.99099916,-0.19234169,0.13177238,-0.44907767,-0.07111369,0.19928136,-0.59133244,-0.1536782,0.17383228,-0.5108151,-0.1953483,0.1435205,-0.43780485,-0.20720778,0.18494654,-0.35371646,-0.09087988,0.21603,-0.42646572,-0.16080835,0.17687264,-0.36032534,-0.18293394,0.14014098,-0.29732934,-0.18919483
NO,0.0,0.0,0.0,-0.07971152,-0.10312352,-0.07761053,-0.077317856,-0.26863277,-0.115070835,0.029500235,-0.3651509,-0.15070033,0.12202675,-0.41264912,-0.18402764,-0.032177,-0.51675504,-0.05688005,-0.05928332,-0.7235289,-0.106576435,-0.077650614,-0.85445356,-0.14348562,-0.08766971,-0.9622904,-0.17161532,0.062493224,-0.510934,-0.061624046,0.093405426,-0.7427085,-0.11697293,0.11482961,-0.8768113,-0.16599335,0.13473982,-0.990881,-0.19836368,0.13324934,-0.448321,-0.07579979,0.20052303,-0.58935046,-0.15985104,0.1705674,-0.5029427,-0.19849972,0.13668078,-0.42748484,-0.20777957,0.18759377,-0.35249206,-0.09509807,0.22096908,-0.42646822,-0.16614012,0.18264422,-0.36065093,-0.18655008,0.14579333,-0.29968056,-0.19099917
