label,f0,f1,f2,f3,f4,f5,f6,f7,f8,f9,f10,f11,f12,f13,f14,f15,f16,f17,f18,f19,f20,f21,f22,f23,f24,f25,f26,f27,f28,f29,f30,f31,f32,f33,f34,f35,f36,f37,f38,f39,f40,f41,f42,f43,f44,f45,f46,f47,f48,f49,f50,f51,f52,f53,f54,f55,f56,f57,f58,f59,f60,f61,f62
PLEASE,0.0,0.0,0.0,0.0012570777,-0.20600042,-0.022378078,-0.07594815,-0.32241338,-0.04302464,-0.1454108,-0.37227237,-0.058982067,-0.19207673,-0.4046622,-0.07715743,-0.32330453,-0.3188979,-0.086289786,-0.5343867,-0.3858378,-0.13224618,-0.6686942,-0.4148039,-0.15472946,-0.770629,-0.4310904,-0.16821772,-0.38899037,-0.17492783,-0.10049836,-0.6340542,-0.28355137,-0.15927443,-0.79065365,-0.35641524,-0.18420236,-0.9090657,-0.41665286,-0.19626154,-0.43148133,-0.025579002,-0.11410334,-0.6579385,-0.1471898,-0.16464674,-0.8020574,-0.23722059,-0.19479409,-0.91581833,-0.3118368,-0.20883393,-0.44605315,0.120086394,-0.1259731,-0.63313115,0.026908988,-0.17221445,-0.7524015,-0.04727251,-0.1971489,-0.8508615,-0.12567523,-0.2091918
PLEASE,0.0,0.0,0.0,0.001670119,-0.21571517,0.036507633,-0.08405369,-0.3387547,0.05579688,-0.17484637,-0.3929461,0.07206045,-0.21580473,-0.43298173,0.085444465,-0.34216356,-0.33124316,-0.008849931,-0.5465469,-0.39833465,-0.022938887,-0.671935,-0.41329592,-0.024125341,-0.7638367,-0.41550964,-0.024079518,-0.40493527,-0.19511566,-0.036596887,-0.64902186,-0.31849805,-0.0692884,-0.793378,-0.3849801,-0.079462275,-0.899954,-0.4359848,-0.08010297,-0.44173387,-0.051749226,-0.058975913,-0.6705673,-0.18704203,-0.08990661,-0.8079156,-0.26434544,-0.11170854,-0.9152666,-0.33102602,-0.12056184,-0.44751877,0.09216155,-0.07432041,-0.63298666,-0.005856706,-0.10085549,-0.7454218,-0.07496531,-0.114258714,-0.8391691,-0.15016018,-0.118799865
PLEASE,0.0,0.0,0.0,-0.015268169,-0.20157336,0.057165325,-0.10681393,-0.31724793,0.09806507,-0.19986364,-0.36498556,0.1330409,-0.25250262,-0.3676041,0.16577682,-0.3671218,-0.31062594,0.043063615,-0.5589481,-0.36467254,0.042409442,-0.679043,-0.37616792,0.04507548,-0.7690673,-0.3795023,0.046933606,-0.42812338,-0.18525946,0.011066315,-0.6625209,-0.29372022,-0.012724806,-0.80462104,-0.35410234,-0.021594338,-0.9161484,-0.40083933,-0.020319609,-0.4604635,-0.05323483,-0.016301343,-0.68124294,-0.17202547,-0.04383373,-0.8138982,-0.24594897,-0.065081075,-0.9234839,-0.3073932,-0.07162282,-0.45973206,0.0766284,-0.035403866,-0.6437975,-0.018733945,-0.0642657,-0.7561145,-0.0819255,-0.0796491,-0.8508242,-0.14948256,-0.08381402
PLEASE,0.0,0.0,0.0,-0.015225429,-0.2180576,0.0454414,-0.10628472,-0.34611773,0.07867849,-0.20212989,-0.40082794,0.109999515,-0.26388487,-0.4219413,0.14087074,-0.36132404,-0.3290357,0.020299489,-0.55795664,-0.39067248,0.019360315,-0.67725515,-0.4041444,0.023777353,-0.7688245,-0.4074203,0.026893301,-0.421531,-0.19843403,-0.0039294725,-0.6572554,-0.31906503,-0.025946032,-0.79444885,-0.3846316,-0.030977076,-0.90121895,-0.43336403,-0.027937131,-0.45458558,-0.067842096,-0.022994058,-0.67420876,-0.20603168,-0.044718724,-0.8008099,-0.28741306,-0.061048586,-0.9044561,-0.35611233,-0.06626067,-0.45752105,0.05502476,-0.034911934,-0.6419906,-0.039189026,-0.055374786,-0.7514755,-0.10023889,-0.06576708,-0.8419867,-0.16850771,-0.06776593
PLEASE,0.0,0.0,0.0,-0.02458953,-0.21479528,0.0406526,-0.12140591,-0.33478236,0.06512298,-0.21737982,-0.38328558,0.08539897,-0.27633846,-0.3998378,0.10474394,-0.3772082,-0.31046227,0.017092023,-0.5772761,-0.37393245,0.01257379,-0.6935221,-0.39153388,0.013828995,-0.7835609,-0.3993854,0.014544649,-0.43407103,-0.17761604,-0.010189126,-0.6734647,-0.2951452,-0.032833125,-0.8076781,-0.3603108,-0.039172832,-0.9122161,-0.40970922,-0.038077567,-0.46143082,-0.04837835,-0.03318596,-0.68561375,-0.18050414,-0.05538249,-0.8120351,-0.26123402,-0.07098498,-0.91286516,-0.32665944,-0.07640959,-0.4580269,0.06920233,-0.04996946,-0.6469468,-0.026610844,-0.06771592,-0.75947595,-0.089181915,-0.07435612,-0.851396,-0.1540775,-0.07472328
PLEASE,0.0,0.0,0.0,-0.031826187,-0.23534352,0.041495703,-0.13766421,-0.3673638,0.06761976,-0.24242575,-0.41822723,0.090749614,-0.2969862,-0.42666492,0.113029346,-0.3521909,-0.32145655,0.005920885,-0.5576721,-0.3854092,0.0016514742,-0.6797626,-0.39437535,0.0067953067,-0.77518743,-0.39230162,0.010322691,-0.4165963,-0.18956606,-0.018960942,-0.65640604,-0.31552407,-0.044653572,-0.7947273,-0.38223875,-0.048679214,-0.9028359,-0.42998526,-0.044287153,-0.4522396,-0.06415921,-0.03782962,-0.6705608,-0.20516346,-0.05706957,-0.7964516,-0.28737378,-0.06853721,-0.8984932,-0.35206756,-0.07126127,-0.45599768,0.04431488,-0.05058531,-0.6425753,-0.049817294,-0.06360207,-0.75352323,-0.1099637,-0.06705919,-0.8447817,-0.17073366,-0.065183036
PLEASE,0.0,0.0,0.0,-0.021112077,-0.2275737,0.045425974,-0.11811002,-0.35818073,0.076507226,-0.21936703,-0.40528998,0.10401702,-0.27956235,-0.4070917,0.13067487,-0.3646241,-0.3293823,0.020751674,-0.5739898,-0.39037398,0.01994766,-0.6936062,-0.4002578,0.026137412,-0.7819238,-0.40005845,0.031076657,-0.42525986,-0.19745032,-0.0043985713,-0.66830856,-0.31720707,-0.022367602,-0.8030382,-0.381375,-0.02403154,-0.9045401,-0.4263885,-0.019679792,-0.45557502,-0.069265574,-0.025008094,-0.6782569,-0.20210403,-0.041067798,-0.80385125,-0.2803677,-0.054775566,-0.90389335,-0.34321883,-0.05999215,-0.4558678,0.045952886,-0.039096184,-0.6444649,-0.042989183,-0.05391019,-0.7551598,-0.10198877,-0.061650544,-0.8451295,-0.16434637,-0.06316398
PLEASE,0.0,0.0,0.0,-0.03275465,-0.23260222,0.035322707,-0.13433242,-0.36203334,0.05772723,-0.23416431,-0.40870196,0.076946154,-0.28790215,-0.40420493,0.09439183,-0.3571718,-0.31846225,0.0010260168,-0.5613644,-0.38013965,-0.008786572,-0.6799784,-0.39033428,-0.010054012,-0.7723951,-0.39133498,-0.011147608,-0.4239483,-0.18488958,-0.024218986,-0.66515946,-0.30553743,-0.047930807,-0.801441,-0.37293923,-0.05555075,-0.90575117,-0.4238098,-0.056965996,-0.46011743,-0.05860451,-0.04483994,-0.6826761,-0.19454074,-0.06539778,-0.80931276,-0.27880105,-0.084227495,-0.9098914,-0.34775856,-0.09446567,-0.46390247,0.051301118,-0.05983529,-0.6526069,-0.04329036,-0.07969922,-0.76362145,-0.105654344,-0.09043473,-0.855203,-0.16994564,-0.094989605
PLEASE,0.0,0.0,0.0,-0.020707946,-0.2323021,0.02983027,-0.11357333,-0.36142024,0.047619507,-0.21191302,-0.40859294,0.0643606,-0.2647282,-0.40910172,0.079793565,-0.3480839,-0.3206009,-0.017044498,-0.55554163,-0.3835251,-0.032161605,-0.6774188,-0.39656612,-0.033917133,-0.7698957,-0.39845395,-0.03397179,-0.41298014,-0.18735413,-0.039212313,-0.6592994,-0.31453237,-0.06768246,-0.7977299,-0.38358572,-0.07392107,-0.9018496,-0.43205008,-0.07298145,-0.4488231,-0.06136485,-0.05622254,-0.6744081,-0.20279357,-0.07865166,-0.8018519,-0.2841557,-0.094352774,-0.9027137,-0.3505772,-0.10155415,-0.45351657,0.049724642,-0.067829944,-0.64124155,-0.043765977,-0.0867325,-0.75116575,-0.103477314,-0.0951813,-0.841724,-0.16579339,-0.09743866
PLEASE,0.0,0.0,0.0,-0.02592182,-0.22374538,0.038438395,-0.11809566,-0.34757423,0.06240712,-0.2044652,-0.40444484,0.08292132,-0.24691924,-0.4330731,0.10274373,-0.35614216,-0.3246487,0.00454469,-0.5540932,-0.38612533,-0.007499961,-0.6719868,-0.39849162,-0.009345106,-0.7623178,-0.40099567,-0.0102616735,-0.4193958,-0.19676048,-0.022219125,-0.66061527,-0.31328565,-0.051091406,-0.79745966,-0.3795658,-0.05861743,-0.9028307,-0.42999628,-0.0580184,-0.4532122,-0.0717798,-0.044438843,-0.6743201,-0.20060179,-0.07052916,-0.8006811,-0.2802349,-0.08830971,-0.90146744,-0.34757388,-0.09543688,-0.454558,0.041908342,-0.060630254,-0.6385438,-0.05008769,-0.08494989,-0.74855167,-0.110309154,-0.0970331,-0.8397186,-0.17458643,-0.10095774
PLEASE,0.0,0.0,0.0,-0.016653199,-0.21976219,0.060170658,-0.10560873,-0.34638956,0.09974052,-0.20267892,-0.4058442,0.13431926,-0.2631137,-0.42576146,0.16910692,-0.3692724,-0.33358368,0.040876683,-0.5775239,-0.39515427,0.04840944,-0.69409406,-0.4103669,0.06017757,-0.7808238,-0.41631955,0.06873028,-0.42980406,-0.20423384,0.011725019,-0.6725068,-0.32436007,-0.0023549977,-0.8028585,-0.38821438,-0.000126408,-0.8994695,-0.43698367,0.008605015,-0.4595508,-0.075002044,-0.011943192,-0.68325603,-0.20799804,-0.027739637,-0.8070988,-0.2858482,-0.040328592,-0.90455514,-0.35165873,-0.04275089,-0.45735422,0.044512533,-0.027204417,-0.64426833,-0.050288193,-0.03936679,-0.75274676,-0.107905194,-0.045053825,-0.84113777,-0.17240718,-0.04433655
PLEASE,0.0,0.0,0.0,-0.027081816,-0.22075562,0.06293797,-0.12067367,-0.3422779,0.10514814,-0.21553905,-0.4025945,0.14157158,-0.27242303,-0.4247669,0.17854787,-0.37582335,-0.32292572,0.050748482,-0.5765591,-0.38269317,0.061904684,-0.6908027,-0.39678058,0.07385589,-0.7794366,-0.40287662,0.08135628,-0.43554533,-0.19262719,0.020782635,-0.67666805,-0.3112935,0.008638689,-0.8055845,-0.37572733,0.010287566,-0.90408576,-0.4273511,0.018233921,-0.46299458,-0.06727927,-0.0035344774,-0.6840051,-0.19870114,-0.015290015,-0.8068243,-0.27776453,-0.02617982,-0.90533036,-0.34583196,-0.02809392,-0.45616254,0.045627102,-0.019848539,-0.64517254,-0.04950672,-0.028233591,-0.75489813,-0.10839717,-0.03154664,-0.84479445,-0.17416024,-0.02952545
PLEASE,0.0,0.0,0.0,-0.02803332,-0.2290884,0.05596769,-0.12492265,-0.35733005,0.09430793,-0.22402105,-0.41087824,0.12760392,-0.2856003,-0.41721994,0.1602519,-0.3708347,-0.3298243,0.041089818,-0.57560515,-0.39215243,0.047413904,-0.6913035,-0.40812698,0.054817826,-0.7820853,-0.41410154,0.059420656,-0.43141252,-0.20211698,0.012725038,-0.66998446,-0.32186824,0.0009558128,-0.79963136,-0.3858542,-0.0011752383,-0.90081877,-0.4341952,0.0024412975,-0.46133268,-0.076185316,-0.010222249,-0.67840433,-0.20935772,-0.021164143,-0.8034633,-0.28971395,-0.034798034,-0.9045759,-0.35759312,-0.04051674,-0.4585781,0.040179938,-0.02581368,-0.64545816,-0.05220876,-0.035039704,-0.7540656,-0.112105094,-0.038983956,-0.8432661,-0.1783299,-0.038164474
PLEASE,0.0,0.0,0.0,-0.032151755,-0.22299021,0.07126317,-0.1303178,-0.34688702,0.11888498,-0.22619914,-0.40129578,0.15816826,-0.28150403,-0.4175386,0.1964501,-0.38066462,-0.3283464,0.07001895,-0.58825797,-0.3861319,0.08527813,-0.7039327,-0.39907473,0.09804697,-0.79085,-0.4033396,0.10633877,-0.43745098,-0.20424287,0.036206596,-0.67675185,-0.31982803,0.032250725,-0.8062223,-0.37937808,0.033043653,-0.90602434,-0.42322555,0.038591266,-0.46406645,-0.07825446,0.0075217597,-0.6825046,-0.2072798,0.0007864953,-0.80684423,-0.28251827,-0.012407345,-0.9070766,-0.34471777,-0.017848028,-0.46077168,0.04152054,-0.012598001,-0.64784735,-0.04927832,-0.021208102,-0.75650674,-0.1063807,-0.026316594,-0.8464112,-0.16904093,-0.026124999
PLEASE,0.0,0.0,0.0,-0.024199765,-0.22649395,0.051946722,-0.11967352,-0.35194382,0.085162334,-0.21785013,-0.41417533,0.111821346,-0.28764793,-0.4359798,0.13845669,-0.37128034,-0.344831,0.04570174,-0.5725189,-0.4043447,0.052062485,-0.68789,-0.42188323,0.0580387,-0.7798743,-0.4302856,0.06076613,-0.4318147,-0.21810272,0.015244896,-0.6660002,-0.32776278,0.0012102277,-0.7966415,-0.38899204,-0.0046108486,-0.8990111,-0.43792596,-0.0036088554,-0.46231294,-0.091542326,-0.010794796,-0.677729,-0.21922167,-0.024651723,-0.80154437,-0.29702014,-0.039517928,-0.9019969,-0.36211964,-0.045289185,-0.45893976,0.026618935,-0.030237805,-0.6443053,-0.07070197,-0.04030354,-0.7547415,-0.1290806,-0.04416726,-0.8459646,-0.19264534,-0.042784046
PLEASE,0.0,0.0,0.0,-0.031574383,-0.21503994,0.05620858,-0.12556824,-0.33556154,0.09462908,-0.21918961,-0.3902646,0.12830277,-0.27968308,-0.40073588,0.16132721,-0.3801409,-0.31675363,0.03706768,-0.5849842,-0.377661,0.041617222,-0.7010841,-0.39462787,0.049527887,-0.78988034,-0.40279567,0.05498281,-0.4357749,-0.19044903,0.008324411,-0.67803484,-0.30813664,-0.006184386,-0.80918175,-0.3709518,-0.007838323,-0.90843326,-0.41803,-0.003586386,-0.4614498,-0.0629443,-0.015318083,-0.6845702,-0.19286135,-0.031604026,-0.8094417,-0.26811674,-0.048354913,-0.90788865,-0.33128735,-0.05537246,-0.45749334,0.056929503,-0.030958155,-0.6425863,-0.035348315,-0.047940966,-0.75049084,-0.09300643,-0.058329456,-0.8385581,-0.15708965,-0.061443698
PLEASE,0.0,0.0,0.0,-0.025364222,-0.22878002,0.058014505,-0.12380518,-0.36502865,0.10291086,-0.2260528,-0.42126274,0.14351584,-0.29064113,-0.43202922,0.18454342,-0.38334855,-0.33326384,0.060747843,-0.5888596,-0.3949223,0.08022311,-0.69999164,-0.41008523,0.09458494,-0.7866105,-0.41502133,0.10358684,-0.43800586,-0.20364647,0.035943232,-0.67472625,-0.3262796,0.03725644,-0.8009515,-0.39089233,0.040461127,-0.8993605,-0.43720782,0.04709295,-0.4612805,-0.0771132,0.015758775,-0.67534643,-0.21487033,0.015152486,-0.7965253,-0.29929578,0.004731789,-0.8954192,-0.3690131,0.0001754112,-0.45647442,0.03944206,0.0027013964,-0.64242,-0.054305997,0.0017253705,-0.74821347,-0.11706244,0.0008880533,-0.8358668,-0.18568432,0.0032077022
PLEASE,0.0,0.0,0.0,-0.025208687,-0.2277513,0.060306765,-0.1202699,-0.35767326,0.10281299,-0.2176501,-0.42095044,0.13901941,-0.2859984,-0.43257156,0.17480618,-0.37606525,-0.33914614,0.05762151,-0.5766923,-0.40028203,0.071572684,-0.68754095,-0.41641188,0.08194752,-0.77500457,-0.42334175,0.08799878,-0.43444544,-0.21313724,0.027759532,-0.67192847,-0.32795036,0.021935672,-0.8009274,-0.38832036,0.020391561,-0.90055096,-0.43475044,0.023949426,-0.46040565,-0.08636263,0.0028469348,-0.67642164,-0.21600562,-0.0044875927,-0.8000981,-0.29385877,-0.01868226,-0.8994443,-0.35962546,-0.024894303,-0.45427486,0.03358798,-0.014562031,-0.6391994,-0.061335545,-0.02050612,-0.7463165,-0.12153926,-0.023889963,-0.8346182,-0.188512,-0.022959545
PLEASE,0.0,0.0,0.0,-0.030843452,-0.22765121,0.048624385,-0.12860598,-0.358773,0.08717196,-0.22944143,-0.41229415,0.12361148,-0.30046287,-0.40081507,0.16027431,-0.37912053,-0.3181916,0.03338754,-0.58597296,-0.38160357,0.042472467,-0.7020902,-0.4021523,0.05266456,-0.7920414,-0.41401187,0.059572157,-0.43668166,-0.18963932,0.01214225,-0.6782076,-0.3079068,0.0059621204,-0.8091618,-0.3718128,0.007331195,-0.9070625,-0.42099598,0.012107586,-0.46241185,-0.06455035,-0.004327594,-0.6857692,-0.19888322,-0.013554494,-0.810598,-0.2786123,-0.029871231,-0.9074498,-0.34592417,-0.03803897,-0.45922452,0.046837352,-0.013452669,-0.6470064,-0.046631295,-0.024649639,-0.75612885,-0.106153816,-0.033829123,-0.84475845,-0.1723764,-0.037243664
PLEASE,0.0,0.0,0.0,-0.035302747,-0.2345912,0.03217079,-0.13698207,-0.3711567,0.05457615,-0.2355957,-0.41732565,0.07358184,-0.29790723,-0.41086435,0.09156244,-0.37420082,-0.31977838,0.015660793,-0.5728286,-0.3831019,0.011068406,-0.68907917,-0.40534633,0.0077734417,-0.78486335,-0.41796115,0.004377721,-0.43177596,-0.19226873,-0.008231075,-0.66185033,-0.31215248,-0.023407314,-0.79543376,-0.3793934,-0.03288477,-0.90204346,-0.43164524,-0.03717871,-0.4586374,-0.068897285,-0.028451286,-0.6733114,-0.20058897,-0.039113786,-0.79928017,-0.28247347,-0.053889893,-0.90155923,-0.352386,-0.06331294,-0.4560611,0.04356092,-0.044579808,-0.63777065,-0.048264213,-0.052654058,-0.7452805,-0.11126955,-0.05559426,-0.8344596,-0.17884313,-0.055705674
PLEASE,0.0,0.0,0.0,-0.028197993,-0.23252727,0.039779294,-0.12327897,-0.36647755,0.06583955,-0.21754397,-0.41556963,0.087881625,-0.28167695,-0.41723895,0.10850546,-0.3642829,-0.32524523,0.01962804,-0.5662163,-0.39308682,0.018709162,-0.6811077,-0.41672045,0.019733071,-0.7741955,-0.42804244,0.019828333,-0.42301643,-0.19934674,-0.0063020126,-0.65660083,-0.32633036,-0.019971766,-0.79080623,-0.39351082,-0.027328424,-0.8965041,-0.44303533,-0.029554168,-0.45136893,-0.07473623,-0.027670914,-0.6670578,-0.21415633,-0.03793249,-0.7925025,-0.29704002,-0.053030048,-0.8947064,-0.3662994,-0.062225327,-0.45059273,0.0417635,-0.0436635,-0.6321785,-0.054553166,-0.051773943,-0.73972046,-0.11859253,-0.05545472,-0.8293947,-0.18786357,-0.055870578
PLEASE,0.0,0.0,0.0,-0.027096432,-0.23130018,0.044910755,-0.1277702,-0.36646912,0.07964943,-0.22208866,-0.4020787,0.11109304,-0.2819722,-0.39797485,0.14288966,-0.38599882,-0.323991,0.03863549,-0.5856005,-0.39257547,0.048901584,-0.6998181,-0.41311997,0.058417566,-0.78869087,-0.42206085,0.06420081,-0.44020492,-0.18835442,0.016136236,-0.67560226,-0.31079152,0.009683742,-0.803983,-0.37807485,0.010168938,-0.9036555,-0.42826015,0.014524117,-0.4657738,-0.06018901,-0.002619622,-0.6858915,-0.19649638,-0.008987335,-0.80724865,-0.2783618,-0.019523267,-0.90496314,-0.34542075,-0.02378372,-0.46362635,0.05379218,-0.0155152455,-0.64992267,-0.037750456,-0.01876114,-0.75682384,-0.101220205,-0.019597039,-0.844443,-0.16846749,-0.017653167
PLEASE,0.0,0.0,0.0,-0.046111215,-0.23495224,0.014928824,-0.1682168,-0.37729278,0.022137428,-0.27935913,-0.41978884,0.026208898,-0.3481547,-0.41744795,0.029016683,-0.3790859,-0.31139192,-0.0068932394,-0.5845152,-0.37490964,-0.018600015,-0.70470566,-0.38903224,-0.025144702,-0.8008249,-0.39004302,-0.030659176,-0.43309724,-0.17632551,-0.028659523,-0.6658331,-0.29400247,-0.048673812,-0.8043421,-0.36173165,-0.06168279,-0.91244847,-0.4091916,-0.06953128,-0.4608478,-0.046258297,-0.048245966,-0.67879945,-0.18032673,-0.06379673,-0.810535,-0.26894963,-0.082159676,-0.9143444,-0.33775505,-0.09535898,-0.46694827,0.07090006,-0.06512834,-0.65112,-0.02065935,-0.07677701,-0.7648196,-0.089098565,-0.08208731,-0.86124843,-0.1555056,-0.085409604
PLEASE,0.0,0.0,0.0,-0.02900491,-0.23911491,0.016249785,-0.13507693,-0.38597444,0.027104536,-0.22874297,-0.43045247,0.03585155,-0.28523734,-0.44285828,0.044175923,-0.37807328,-0.3245447,0.00043207142,-0.57933635,-0.39524215,-0.0077303746,-0.6962315,-0.41725972,-0.012533858,-0.78818786,-0.42521736,-0.016931903,-0.43059862,-0.18607444,-0.01857989,-0.6606425,-0.3091877,-0.03674266,-0.79509854,-0.3823908,-0.050202943,-0.9005909,-0.4346677,-0.058368087,-0.4584943,-0.05572964,-0.035288636,-0.6781844,-0.19489624,-0.050762128,-0.8062535,-0.28337532,-0.07170345,-0.9077763,-0.35234854,-0.085747726,-0.46349263,0.057316706,-0.048639655,-0.64649093,-0.035827085,-0.062400807,-0.7584961,-0.102561854,-0.07122032,-0.8518475,-0.16812639,-0.07607152
PLEASE,0.0,0.0,0.0,-0.044424586,-0.23608041,-0.0075590108,-0.14763014,-0.37317896,-0.025500912,-0.23370901,-0.43566164,-0.042958092,-0.28425604,-0.47210568,-0.061661214,-0.35456118,-0.28570455,-0.06271566,-0.567334,-0.36766672,-0.09465391,-0.6928961,-0.39084592,-0.11114538,-0.7941437,-0.3957279,-0.121773235,-0.4125327,-0.1445052,-0.07828292,-0.6538636,-0.28790334,-0.11445359,-0.7982649,-0.36462528,-0.13093448,-0.90774554,-0.4195211,-0.14088488,-0.44933254,-0.01058817,-0.0911462,-0.676975,-0.17325558,-0.11612819,-0.81639767,-0.26149112,-0.13292798,-0.9220922,-0.32898393,-0.14458469,-0.4640554,0.11002371,-0.102399334,-0.6501887,0.007946189,-0.1191608,-0.76730126,-0.06377176,-0.12311512,-0.8627374,-0.13053742,-0.12479283
PLEASE,0.0,0.0,0.0,-0.021962402,-0.24335815,0.009038256,-0.12583749,-0.39865544,0.011826318,-0.21359797,-0.4669492,0.010336054,-0.26077908,-0.51860946,0.0061921254,-0.3670951,-0.34396544,-0.0011265269,-0.563399,-0.42925656,-0.015530307,-0.6753263,-0.4680409,-0.02522378,-0.76326334,-0.49101844,-0.031701073,-0.41783237,-0.20645247,-0.023140807,-0.6413866,-0.33501345,-0.04471413,-0.77886915,-0.40867585,-0.061794784,-0.88603723,-0.463614,-0.07182167,-0.44714677,-0.062675014,-0.04479664,-0.65709144,-0.22087707,-0.06556343,-0.7926205,-0.31094965,-0.08815373,-0.9004091,-0.38330132,-0.10179545,-0.45431337,0.0797804,-0.06376299,-0.62823564,-0.03676625,-0.080397904,-0.7384558,-0.113270395,-0.08697483,-0.82988274,-0.18731365,-0.08918386
PLEASE,0.0,0.0,0.0,-0.036098406,-0.24132918,0.0005356754,-0.1466101,-0.3989392,-0.0029355406,-0.2341428,-0.4745589,-0.010431846,-0.28545782,-0.522151,-0.019854844,-0.3725129,-0.33191308,-0.011582841,-0.5686899,-0.41839868,-0.03200456,-0.6829633,-0.45753843,-0.04735392,-0.7768503,-0.47772267,-0.058019064,-0.42345887,-0.19009846,-0.032269977,-0.6448168,-0.31959203,-0.05698102,-0.7848154,-0.39331248,-0.07681747,-0.8960186,-0.4440164,-0.08991329,-0.45140252,-0.045285013,-0.05340501,-0.66005236,-0.19469106,-0.074547805,-0.7941395,-0.2871178,-0.097551405,-0.8999907,-0.35784522,-0.112518765,-0.45897093,0.09519652,-0.07316822,-0.63292074,-0.01783973,-0.09095148,-0.74447954,-0.094729625,-0.09893696,-0.8361215,-0.16527279,-0.10249062
PLEASE,0.0,0.0,0.0,0.0017684053,-0.25428843,0.031249827,-0.09820894,-0.40802923,0.059350614,-0.18856893,-0.48069945,0.08424325,-0.23365077,-0.5354634,0.10796813,-0.3564313,-0.38503477,0.02636045,-0.5527594,-0.46410203,0.027015738,-0.67020273,-0.5016067,0.028860753,-0.7567122,-0.5218569,0.030888768,-0.41047186,-0.25034696,0.0064221863,-0.63787264,-0.37060454,-0.0049164337,-0.7724578,-0.43832093,-0.011886787,-0.874335,-0.4853229,-0.012399556,-0.4426759,-0.10826047,-0.011104141,-0.65243477,-0.24619474,-0.023247901,-0.7788704,-0.321949,-0.040001296,-0.8805163,-0.38353574,-0.047320478,-0.45074362,0.034937445,-0.023984997,-0.62409854,-0.070724815,-0.035043266,-0.73072857,-0.13858336,-0.041477725,-0.81884307,-0.20578393,-0.041823637
PLEASE,0.0,0.0,0.0,-0.0034458267,-0.24437949,0.01414622,-0.105783895,-0.40741935,0.031188093,-0.198836,-0.49606687,0.047696136,-0.24782442,-0.55579054,0.06353362,-0.36465043,-0.38219517,-0.00067034765,-0.56588763,-0.44821265,-0.009245392,-0.681999,-0.47459292,-0.013975612,-0.7686694,-0.48376316,-0.017052095,-0.42077714,-0.23242582,-0.017772395,-0.6500012,-0.35383236,-0.035209518,-0.78616476,-0.4186338,-0.0443678,-0.88795996,-0.45992067,-0.048084315,-0.44855246,-0.082549274,-0.03382051,-0.66403854,-0.2195658,-0.051917862,-0.7901736,-0.29734895,-0.07070817,-0.8867566,-0.35864136,-0.0809041,-0.45217595,0.062244248,-0.046712358,-0.6273774,-0.04682801,-0.068272114,-0.7335787,-0.118088774,-0.080902494,-0.81854427,-0.18841165,-0.08573879
PLEASE,0.0,0.0,0.0,-0.009287785,-0.23853585,0.021712128,-0.11924388,-0.404427,0.039595556,-0.217563,-0.50267136,0.057762347,-0.25857034,-0.586273,0.074938744,-0.3516507,-0.36926597,-0.017964503,-0.55975056,-0.43287075,-0.030020965,-0.681412,-0.45493948,-0.029709402,-0.7708477,-0.46255556,-0.02824686,-0.41370127,-0.22828925,-0.036477797,-0.64974654,-0.34188178,-0.061547343,-0.7901218,-0.40201765,-0.066499814,-0.89522415,-0.445616,-0.0649116,-0.44854575,-0.08263538,-0.051053658,-0.66952974,-0.21079752,-0.07456241,-0.80022514,-0.28122124,-0.09010819,-0.9010064,-0.33836386,-0.09667464,-0.45672518,0.063568264,-0.060710516,-0.6345717,-0.036225963,-0.08704746,-0.74562,-0.09641402,-0.10060911,-0.8355603,-0.15610372,-0.104707375
PLEASE,0.0,0.0,0.0,-0.01927772,-0.24918291,0.0046555107,-0.13925962,-0.4242569,0.015544728,-0.23509797,-0.52719253,0.029338012,-0.26655903,-0.6043288,0.04238671,-0.37547618,-0.3610592,-0.02845099,-0.57888067,-0.42913377,-0.042429928,-0.69238096,-0.4598672,-0.04762252,-0.7737017,-0.4742612,-0.05060631,-0.42804328,-0.20793019,-0.039897095,-0.6575395,-0.32823116,-0.06086845,-0.7940695,-0.39576593,-0.0688488,-0.8969894,-0.44205207,-0.07242678,-0.45383245,-0.05877327,-0.049355246,-0.6714298,-0.19531673,-0.06949959,-0.7977277,-0.27660263,-0.08898816,-0.89566267,-0.34086457,-0.10091827,-0.45879465,0.07981605,-0.055906832,-0.6343389,-0.025375083,-0.08260051,-0.7416601,-0.0945932,-0.09971756,-0.8287631,-0.16051185,-0.108241595
PLEASE,0.0,0.0,0.0,-0.015019757,-0.25298563,0.00607181,-0.13294496,-0.42884642,0.01990426,-0.22915238,-0.534116,0.037492163,-0.2591497,-0.61802775,0.05421757,-0.3743173,-0.3621286,-0.0238469,-0.57281524,-0.44630778,-0.03252351,-0.6857176,-0.48249614,-0.034771934,-0.7692582,-0.5001258,-0.036354426,-0.43138897,-0.21148825,-0.032628812,-0.65684664,-0.34433126,-0.046303343,-0.7889106,-0.41285402,-0.05146043,-0.8889628,-0.45797938,-0.053782377,-0.45745993,-0.062477972,-0.03886099,-0.6736475,-0.20228244,-0.05209829,-0.7953085,-0.28156573,-0.06923557,-0.88988334,-0.343232,-0.08108987,-0.46082085,0.07807481,-0.04219842,-0.63090855,-0.020298976,-0.06261985,-0.7332265,-0.08618212,-0.076700784,-0.81652373,-0.15200113,-0.08398116
PLEASE,0.0,0.0,0.0,-0.018055473,-0.25705943,0.01804065,-0.13724376,-0.43177107,0.040093,-0.2367495,-0.5363262,0.06505627,-0.26797032,-0.6252809,0.089530535,-0.3806536,-0.3672395,-0.009228731,-0.5890685,-0.45176834,-0.007826003,-0.69833153,-0.4843232,-0.0009043725,-0.7752943,-0.49857405,0.004255671,-0.43705195,-0.2142334,-0.019206833,-0.6647826,-0.35046497,-0.026712693,-0.7937923,-0.41477165,-0.026279606,-0.88949543,-0.4569441,-0.023798618,-0.4599549,-0.0651097,-0.025728004,-0.675653,-0.21058828,-0.03296713,-0.7976627,-0.28871474,-0.048664276,-0.89181834,-0.34871945,-0.059401393,-0.45833322,0.07723142,-0.02783,-0.6311002,-0.026455315,-0.041765295,-0.73264056,-0.094275594,-0.053884596,-0.8135304,-0.16161259,-0.060016092
PLEASE,0.0,0.0,0.0,-0.013907847,-0.26066682,0.009395134,-0.12467569,-0.4416164,0.023075607,-0.22810756,-0.5536772,0.041472103,-0.25776523,-0.6475605,0.05867058,-0.37057537,-0.3681711,-0.030904956,-0.5820765,-0.4514923,-0.03745249,-0.69565636,-0.48377126,-0.034921333,-0.7776106,-0.49977896,-0.032487962,-0.42961413,-0.21501788,-0.038775485,-0.6602407,-0.35271943,-0.052025557,-0.7901659,-0.4190919,-0.052970763,-0.88600475,-0.46367615,-0.05157482,-0.45577598,-0.066898264,-0.042758685,-0.67276657,-0.21372803,-0.054171946,-0.7933787,-0.2909222,-0.068817474,-0.8853174,-0.34856784,-0.07911311,-0.45596772,0.072813846,-0.042855617,-0.6309477,-0.03245602,-0.060965434,-0.73208183,-0.100492604,-0.073165536,-0.8130472,-0.16692324,-0.079008125
PLEASE,0.0,0.0,0.0,-0.006693103,-0.26399678,0.006138064,-0.12052153,-0.44540793,0.019396456,-0.22308806,-0.5570322,0.036742166,-0.25230375,-0.6639824,0.054486826,-0.36570305,-0.36265832,-0.019999383,-0.5633082,-0.4469297,-0.027281895,-0.6756473,-0.4804562,-0.027078075,-0.76095545,-0.4976556,-0.02676758,-0.42572746,-0.21141084,-0.027349763,-0.6493186,-0.34778705,-0.044483658,-0.77971077,-0.41940716,-0.047713805,-0.88136965,-0.47242725,-0.04699454,-0.4548955,-0.06883256,-0.03210028,-0.6627405,-0.21058294,-0.04656105,-0.7842368,-0.29148275,-0.060431156,-0.88009644,-0.35427967,-0.06854629,-0.45871794,0.06148605,-0.034054052,-0.62811935,-0.044792037,-0.050895855,-0.7302859,-0.11341253,-0.06089401,-0.81311655,-0.17887266,-0.06490182
PLEASE,0.0,0.0,0.0,-0.013249329,-0.26443076,0.0039859316,-0.12548886,-0.44438636,0.0164003,-0.22647294,-0.56193584,0.032829996,-0.25497726,-0.66292226,0.049307246,-0.36728308,-0.35941228,-0.020441705,-0.56929195,-0.4431147,-0.025965134,-0.6810573,-0.4776866,-0.026304604,-0.7648564,-0.49689957,-0.02689494,-0.4305391,-0.21088256,-0.026722023,-0.65595037,-0.3476845,-0.038605947,-0.7858922,-0.41657466,-0.04306586,-0.8843094,-0.46690118,-0.0445587,-0.46031842,-0.06878779,-0.030438703,-0.67337316,-0.20962353,-0.039304715,-0.793176,-0.286369,-0.055433687,-0.88574445,-0.3468974,-0.06733361,-0.46323082,0.06305269,-0.03171394,-0.6343631,-0.03611901,-0.04569671,-0.7344142,-0.10299205,-0.056727458,-0.81496465,-0.17030229,-0.062536664
PLEASE,0.0,0.0,0.0,-0.0046506077,-0.27010527,0.009236306,-0.1175569,-0.45478877,0.025599848,-0.22218798,-0.56983304,0.045872245,-0.2555992,-0.6768041,0.06675178,-0.36395735,-0.37920988,-0.011244797,-0.56296104,-0.4589996,-0.013533863,-0.6746965,-0.49047005,-0.010294811,-0.75960183,-0.50657475,-0.00821223,-0.42462593,-0.22491103,-0.018435061,-0.64680237,-0.35523158,-0.031813435,-0.7774838,-0.42372012,-0.032787114,-0.8795719,-0.47576588,-0.030221289,-0.45335838,-0.07884831,-0.02309133,-0.6578418,-0.21652584,-0.03508256,-0.7787313,-0.29735923,-0.046949957,-0.8743901,-0.36213985,-0.05338991,-0.45733038,0.05480249,-0.024809573,-0.62751365,-0.047264114,-0.040047374,-0.72989976,-0.114469595,-0.048659068,-0.81429386,-0.18164657,-0.051295362
PLEASE,0.0,0.0,0.0,0.0022602843,-0.2732434,-0.0049577733,-0.110808074,-0.46829826,0.00433317,-0.21885751,-0.58427864,0.018105423,-0.2630736,-0.68671125,0.032468423,-0.36516646,-0.3914256,-0.019686067,-0.55987567,-0.4704984,-0.029688263,-0.6695337,-0.5037794,-0.034365773,-0.753285,-0.52129346,-0.037861705,-0.42443228,-0.23534462,-0.024748506,-0.64039445,-0.3656486,-0.043302372,-0.77060837,-0.43597215,-0.05228143,-0.8730184,-0.48768738,-0.056364737,-0.44935185,-0.08958657,-0.029282207,-0.65148705,-0.22674894,-0.047881518,-0.77142775,-0.30645886,-0.066394255,-0.8687482,-0.3681795,-0.07751491,-0.4494504,0.04273339,-0.03224758,-0.61679554,-0.05799076,-0.053576272,-0.71908194,-0.12217534,-0.0672896,-0.80515146,-0.18433657,-0.07380439
PLEASE,0.0,0.0,0.0,-0.001022412,-0.27291065,-0.0061658723,-0.1128289,-0.46727666,3.354033e-05,-0.22020096,-0.5842491,0.00988965,-0.26415437,-0.6888692,0.019972486,-0.364877,-0.38419625,-0.02394862,-0.55757695,-0.45941794,-0.038096476,-0.666204,-0.49264404,-0.04610465,-0.74963915,-0.51086676,-0.05227939,-0.42555878,-0.23013164,-0.03126191,-0.6417293,-0.35999385,-0.053858876,-0.77141535,-0.43258646,-0.064642966,-0.8734567,-0.48690167,-0.07008078,-0.45189092,-0.08662732,-0.038317546,-0.6560358,-0.22536772,-0.060656052,-0.77756,-0.30630404,-0.08020885,-0.875779,-0.36956623,-0.092070624,-0.45211977,0.043483064,-0.043974735,-0.62068397,-0.058236975,-0.068492845,-0.72421277,-0.12326795,-0.08321702,-0.810855,-0.18512367,-0.09056298
PLEASE,0.0,0.0,0.0,-0.0034731713,-0.2710506,-0.002013212,-0.11477739,-0.46361658,0.003290284,-0.22453459,-0.5837331,0.012916299,-0.26488188,-0.69978905,0.022986552,-0.36210307,-0.3747416,-0.027573787,-0.5669137,-0.45955864,-0.038953584,-0.6809157,-0.49266768,-0.041170526,-0.7638144,-0.5070897,-0.04171163,-0.42160192,-0.21740921,-0.033452813,-0.6475835,-0.35276172,-0.053001903,-0.7803396,-0.42393184,-0.05783301,-0.87940514,-0.47607413,-0.057955418,-0.448505,-0.074297465,-0.037696872,-0.65977436,-0.21123616,-0.05444212,-0.78375906,-0.28923434,-0.06722236,-0.87928,-0.3499703,-0.07449413,-0.45025352,0.053535074,-0.0399768,-0.6231716,-0.039497484,-0.057702128,-0.7279963,-0.10030313,-0.06654807,-0.8135869,-0.16147536,-0.069449954
PLEASE,0.0,0.0,0.0,-0.0025753544,-0.27151647,-0.011714224,-0.11893008,-0.4620371,-0.008835029,-0.23233424,-0.5780997,0.001227084,-0.27436012,-0.689979,0.012453588,-0.36789265,-0.36445424,-0.04214242,-0.57413965,-0.45488864,-0.055279355,-0.68689096,-0.48982695,-0.057065036,-0.7684015,-0.5052559,-0.056714073,-0.42518896,-0.20899862,-0.041948114,-0.6516037,-0.34576923,-0.06225266,-0.7837529,-0.4188829,-0.06649803,-0.88152856,-0.47213054,-0.066028625,-0.44929573,-0.06985789,-0.040345907,-0.6597146,-0.20383714,-0.056801725,-0.7826996,-0.28264782,-0.07106819,-0.8782108,-0.34435964,-0.07927171,-0.447025,0.052910402,-0.037437018,-0.6202666,-0.03473456,-0.054687563,-0.7247728,-0.09417444,-0.06535409,-0.8098188,-0.1541539,-0.069666095
PLEASE,0.0,0.0,0.0,-0.004350171,-0.2717271,-0.010956252,-0.1235928,-0.4702345,-0.008599894,-0.23846304,-0.595013,0.00090287544,-0.28017706,-0.7138007,0.010990385,-0.37202504,-0.38009673,-0.03520886,-0.57716155,-0.46804145,-0.04253088,-0.68604136,-0.5048723,-0.04285203,-0.7642459,-0.5230697,-0.04295344,-0.4294295,-0.22618395,-0.034066804,-0.64907604,-0.36600327,-0.04673908,-0.77526563,-0.43970054,-0.050507188,-0.86993307,-0.49316972,-0.051436935,-0.4511089,-0.085634515,-0.031628568,-0.6580317,-0.22275239,-0.042398952,-0.7782523,-0.3067528,-0.058347654,-0.87003446,-0.37219772,-0.06973674,-0.4487727,0.039330248,-0.027962487,-0.62233907,-0.052845906,-0.043035734,-0.7253037,-0.11525943,-0.055574257,-0.8100919,-0.17997335,-0.062330328
PLEASE,0.0,0.0,0.0,-0.008251776,-0.26326495,-0.008674109,-0.12102218,-0.45965207,-0.005487611,-0.2350232,-0.5805658,0.004843357,-0.27893323,-0.6958407,0.015730066,-0.37460953,-0.36709395,-0.037845533,-0.58104575,-0.45441297,-0.04860712,-0.68919206,-0.49120873,-0.0508835,-0.7654609,-0.5101976,-0.051617872,-0.43143365,-0.21409452,-0.038314305,-0.6522378,-0.35599312,-0.054296847,-0.77906543,-0.4315997,-0.0588727,-0.8730518,-0.48762736,-0.060364433,-0.4511635,-0.07626761,-0.0373969,-0.65739405,-0.21559839,-0.051467687,-0.7788809,-0.30057505,-0.0683908,-0.8719819,-0.36758777,-0.08014252,-0.4451513,0.047412775,-0.034829292,-0.61874515,-0.047029953,-0.052973885,-0.72296107,-0.109520264,-0.06703341,-0.8092622,-0.17393082,-0.07469374
PLEASE,0.0,0.0,0.0,-0.015257554,-0.26486227,-0.008751132,-0.13006346,-0.46168408,-0.0061292113,-0.24180263,-0.5867505,0.004550487,-0.27881747,-0.70386666,0.015977705,-0.3742236,-0.35392964,-0.04620802,-0.5814951,-0.44722477,-0.05653851,-0.6888704,-0.48801583,-0.05776967,-0.7658345,-0.508649,-0.058197632,-0.43046957,-0.19906557,-0.045684326,-0.65561825,-0.34714124,-0.061777465,-0.78133005,-0.42611536,-0.066540465,-0.8760385,-0.48224118,-0.068489775,-0.45175532,-0.06294209,-0.042645104,-0.6642755,-0.20578016,-0.05549554,-0.7865563,-0.29219335,-0.07337739,-0.88003534,-0.36044067,-0.0868769,-0.44886544,0.05457789,-0.03768328,-0.6225123,-0.039513532,-0.05426839,-0.72460943,-0.10485016,-0.06795728,-0.80679804,-0.1713084,-0.0762139
PLEASE,0.0,0.0,0.0,-0.011689059,-0.267988,-0.0043704207,-0.12741119,-0.46460056,0.0021959676,-0.24162765,-0.58960915,0.01559978,-0.27969307,-0.7051843,0.029739637,-0.37466964,-0.36469162,-0.034061175,-0.5793689,-0.45723528,-0.040195998,-0.68662,-0.4974853,-0.039213937,-0.7637263,-0.51866114,-0.03838373,-0.43086955,-0.2110513,-0.034467272,-0.6530594,-0.35481715,-0.04651965,-0.7782534,-0.43088958,-0.049859993,-0.87377316,-0.4863337,-0.05088425,-0.45192608,-0.07240094,-0.0324806,-0.6625828,-0.21299784,-0.042377558,-0.7827605,-0.29744938,-0.058677424,-0.874709,-0.36444482,-0.070968196,-0.448718,0.050573565,-0.028444929,-0.6211497,-0.042376403,-0.04235899,-0.72293633,-0.10752286,-0.05454787,-0.8048535,-0.17368709,-0.061625022
PLEASE,0.0,0.0,0.0,-0.016113281,-0.27082053,-0.011162454,-0.13570419,-0.47247797,-0.008272206,-0.24554554,-0.59738505,0.002454162,-0.28590605,-0.7086958,0.014225582,-0.36901328,-0.37085855,-0.04255311,-0.5677012,-0.46847332,-0.054326244,-0.6792291,-0.5107479,-0.058895767,-0.76271355,-0.53398776,-0.062535375,-0.42556974,-0.21781328,-0.042511616,-0.64210093,-0.36582416,-0.059608355,-0.7687417,-0.4441096,-0.06819347,-0.8659117,-0.5001969,-0.07336624,-0.4496753,-0.07987104,-0.04033587,-0.6548673,-0.2261455,-0.053533934,-0.77545476,-0.31248584,-0.07301503,-0.86755675,-0.3797226,-0.08780945,-0.4504079,0.040508598,-0.036852527,-0.61690164,-0.059240147,-0.054155238,-0.7165246,-0.12808962,-0.06851732,-0.7970316,-0.19684012,-0.077067785
PLEASE,0.0,0.0,0.0,-0.0148154795,-0.2703528,-0.0072884723,-0.13222861,-0.47487384,-0.000840663,-0.2421427,-0.5998667,0.012954631,-0.2828221,-0.71255887,0.02819571,-0.37206966,-0.37700257,-0.032885835,-0.5752306,-0.46955281,-0.04153442,-0.68426657,-0.5105831,-0.043653745,-0.76290494,-0.5338362,-0.044768266,-0.42755014,-0.22402777,-0.032737724,-0.64207023,-0.36924672,-0.046337534,-0.7671211,-0.4494475,-0.05223417,-0.86073947,-0.50904584,-0.055277385,-0.4497835,-0.08803678,-0.03093315,-0.65065914,-0.22904061,-0.042190123,-0.7694872,-0.31698906,-0.061004244,-0.859988,-0.38704494,-0.07501785,-0.4489817,0.029625146,-0.027540214,-0.613498,-0.07075463,-0.043477047,-0.7118905,-0.13740622,-0.05766385,-0.79133904,-0.20385095,-0.06597596
PLEASE,0.0,0.0,0.0,-0.011745488,-0.27042538,-0.0058826045,-0.12667543,-0.47241768,0.0023618774,-0.23745124,-0.5964971,0.017918153,-0.27651697,-0.710324,0.03492283,-0.36651582,-0.38750747,-0.031356808,-0.56713736,-0.48049444,-0.037970003,-0.6781573,-0.5206209,-0.03849695,-0.7591114,-0.5423088,-0.038863543,-0.42613918,-0.23587988,-0.031174231,-0.64240324,-0.3812883,-0.045276754,-0.76816434,-0.45402116,-0.050363604,-0.8627204,-0.50568134,-0.051960707,-0.44991872,-0.09949262,-0.028784554,-0.6535353,-0.24188817,-0.039045535,-0.77107716,-0.32313445,-0.055072434,-0.8602934,-0.3873709,-0.066694595,-0.4485809,0.021984488,-0.02477176,-0.6149553,-0.07402492,-0.037580926,-0.71272427,-0.13965896,-0.048558578,-0.7911528,-0.20692255,-0.05443386
PLEASE,0.0,0.0,0.0,-0.009758326,-0.2678983,-0.0031962786,-0.12075798,-0.46771896,0.0044244975,-0.2286602,-0.5871502,0.018793501,-0.25992796,-0.7042324,0.03427523,-0.357104,-0.37917295,-0.03467324,-0.5572292,-0.46692562,-0.044663787,-0.66667825,-0.5025649,-0.04607879,-0.74706984,-0.51892966,-0.046935387,-0.41881394,-0.22514245,-0.037536494,-0.63723123,-0.37422737,-0.05731754,-0.76413107,-0.45152175,-0.06274144,-0.8619895,-0.50692606,-0.06398049,-0.44706747,-0.08598779,-0.03797817,-0.6491378,-0.23592411,-0.054422453,-0.76793414,-0.3232409,-0.07117023,-0.8609811,-0.39103034,-0.08225366,-0.45012897,0.03838125,-0.03618243,-0.61814016,-0.070102945,-0.055659622,-0.7174065,-0.13930221,-0.06882841,-0.79900986,-0.20690891,-0.07567886
PLEASE,0.0,0.0,0.0,-0.00444008,-0.27159518,0.01286681,-0.10837568,-0.466287,0.035785776,-0.21931064,-0.5792661,0.06584184,-0.258233,-0.67388564,0.09929583,-0.35585833,-0.4013756,-0.011580794,-0.5582921,-0.48608276,-0.009341103,-0.6688242,-0.52105415,-0.00035911138,-0.7477378,-0.54060555,0.007008826,-0.418308,-0.24620411,-0.012839379,-0.63722193,-0.3920442,-0.024547348,-0.75961524,-0.4656669,-0.021630568,-0.851903,-0.5236996,-0.0145796705,-0.44788516,-0.103071585,-0.010408039,-0.6526261,-0.2559564,-0.019219743,-0.7678186,-0.338557,-0.030294213,-0.85673547,-0.4058654,-0.03510482,-0.45115197,0.026259704,-0.0039467844,-0.6182683,-0.0810945,-0.011111143,-0.71319556,-0.14899361,-0.01718057,-0.7884131,-0.21910512,-0.018036582
PLEASE,0.0,0.0,0.0,-0.010700149,-0.26593643,0.008273577,-0.11569069,-0.46205664,0.026568528,-0.22481254,-0.5768208,0.051737987,-0.26819122,-0.6669634,0.07956559,-0.36078846,-0.39547235,-0.020037195,-0.56237715,-0.48061606,-0.024981618,-0.674952,-0.51605684,-0.02121776,-0.75537455,-0.5331303,-0.017069949,-0.4215575,-0.23954861,-0.022709098,-0.63768023,-0.38626727,-0.042497303,-0.76175386,-0.46090013,-0.0450403,-0.8564097,-0.51629674,-0.041645456,-0.45018366,-0.09682333,-0.022069177,-0.65126705,-0.24695627,-0.037507586,-0.7684167,-0.3323205,-0.051540386,-0.8601612,-0.4011913,-0.058144845,-0.4537652,0.032115392,-0.017831497,-0.61983365,-0.07767467,-0.031081991,-0.7164498,-0.14911613,-0.04015113,-0.7928985,-0.22316399,-0.042921837
PLEASE,0.0,0.0,0.0,-0.011804888,-0.265294,0.009663565,-0.116015315,-0.46215504,0.03225887,-0.2255199,-0.57498115,0.062347192,-0.27294824,-0.64159846,0.094628915,-0.36615607,-0.39646453,-0.016110027,-0.5735052,-0.48313537,-0.01565344,-0.6886388,-0.51829267,-0.009742355,-0.7695307,-0.53618056,-0.004435988,-0.42863837,-0.24141118,-0.016710952,-0.64913315,-0.38675237,-0.02460668,-0.77263093,-0.45517823,-0.02292174,-0.8633166,-0.50466275,-0.018915895,-0.4580034,-0.09515679,-0.014171227,-0.66520125,-0.24869533,-0.020003827,-0.78063446,-0.32735625,-0.03406156,-0.86920977,-0.3900521,-0.043622527,-0.46306485,0.038388237,-0.008049797,-0.62932664,-0.06727996,-0.017986905,-0.7244827,-0.13424906,-0.028801559,-0.80059755,-0.20623744,-0.034039184
PLEASE,0.0,0.0,0.0,-0.012335885,-0.26703784,0.017615255,-0.11268111,-0.46260077,0.04500405,-0.22009568,-0.5717551,0.0792547,-0.26897156,-0.63423485,0.11680112,-0.355958,-0.39415735,-0.005559662,-0.5617395,-0.4787761,0.0018029127,-0.6723789,-0.51064783,0.01477186,-0.7490697,-0.52393186,0.025467629,-0.42037126,-0.24121736,-0.007668326,-0.64510673,-0.39136273,-0.013061851,-0.76660407,-0.46405783,-0.006732273,-0.85585487,-0.5172161,0.0028352863,-0.4518746,-0.098876916,-0.005834104,-0.6608431,-0.25042266,-0.007813298,-0.7753366,-0.3333624,-0.01702413,-0.8634731,-0.40058726,-0.02162131,-0.45604253,0.03072188,0.0002457147,-0.62638044,-0.075053886,-0.0019425332,-0.7211333,-0.14469372,-0.0059517184,-0.7950104,-0.21827404,-0.005862041
PLEASE,0.0,0.0,0.0,-0.009123507,-0.26401424,0.015126826,-0.11216937,-0.45870817,0.04184538,-0.2133893,-0.569705,0.07277579,-0.26051873,-0.634237,0.105566,-0.36095494,-0.39767706,0.0021961892,-0.55713034,-0.4737115,0.004729887,-0.6645116,-0.5046926,0.009362997,-0.7429776,-0.5196285,0.0130388085,-0.42224246,-0.24609616,-0.004411573,-0.63979,-0.38958788,-0.014410076,-0.76341814,-0.4618262,-0.016141543,-0.85776967,-0.51403433,-0.013609355,-0.44934475,-0.101389065,-0.008723276,-0.65225744,-0.25076297,-0.017412664,-0.7696014,-0.33441994,-0.032920305,-0.86093223,-0.40158817,-0.041815683,-0.45096692,0.032852624,-0.009523428,-0.61722994,-0.07563486,-0.020366635,-0.7153163,-0.14720342,-0.03020344,-0.7924331,-0.22042143,-0.034302898
PLEASE,0.0,0.0,0.0,-0.018997155,-0.2674114,0.010664481,-0.13013051,-0.46271008,0.030457553,-0.23460546,-0.5777547,0.05350062,-0.28650394,-0.64421433,0.07766811,-0.36794505,-0.3912246,-0.0071819453,-0.57070726,-0.47188208,-0.0125477435,-0.6814774,-0.5091911,-0.014229983,-0.7598872,-0.526892,-0.01494038,-0.42683345,-0.24057783,-0.015629457,-0.6471012,-0.3776142,-0.028017407,-0.7739067,-0.4489727,-0.03461219,-0.86855245,-0.49559727,-0.037603002,-0.4534622,-0.09707648,-0.022157649,-0.6607473,-0.2385657,-0.03224147,-0.7817217,-0.31808618,-0.051947,-0.8747873,-0.37932068,-0.06640421,-0.45675102,0.03399629,-0.02572308,-0.6221466,-0.066248626,-0.042383038,-0.7228816,-0.13065182,-0.05797045,-0.8038673,-0.19594249,-0.06692694
PLEASE,0.0,0.0,0.0,-0.009315965,-0.26084948,0.020132126,-0.11669039,-0.45454055,0.04717202,-0.21934783,-0.56150293,0.077889964,-0.25492162,-0.6448539,0.11041802,-0.36261684,-0.39021042,0.0016540182,-0.55639684,-0.474793,0.002194626,-0.6634849,-0.51060426,0.007828814,-0.7397676,-0.5273023,0.012298147,-0.42135534,-0.24271458,-0.007382321,-0.6381058,-0.38666022,-0.021845102,-0.7612476,-0.4625485,-0.022001168,-0.85623145,-0.5165924,-0.017296558,-0.4479238,-0.10294583,-0.013422571,-0.65192306,-0.25041902,-0.027077489,-0.76821375,-0.33603823,-0.04071928,-0.8587135,-0.40317166,-0.047189012,-0.44818854,0.027015105,-0.015088644,-0.6128425,-0.079249986,-0.031543218,-0.7111654,-0.14804527,-0.04272199,-0.78857183,-0.21593654,-0.046749588
PLEASE,0.0,0.0,0.0,-0.013630914,-0.26393682,0.018893396,-0.11875522,-0.45938855,0.045392115,-0.22494897,-0.5738758,0.07528812,-0.28122145,-0.6340217,0.10649826,-0.363756,-0.40202588,0.003316566,-0.56339395,-0.4852436,0.0056929556,-0.6733511,-0.52232003,0.01058598,-0.7511728,-0.5409547,0.0145292105,-0.42473584,-0.2515707,-0.00527237,-0.64194286,-0.3928883,-0.014088978,-0.76640797,-0.4632029,-0.01590824,-0.85911727,-0.5117789,-0.014225362,-0.45188814,-0.104628175,-0.011084305,-0.6565844,-0.2533058,-0.018476682,-0.7740375,-0.33314836,-0.033580318,-0.86367613,-0.39665475,-0.043574803,-0.45456576,0.03461799,-0.012920193,-0.62025243,-0.070465446,-0.025219355,-0.7178442,-0.13770789,-0.036520943,-0.7948728,-0.20945096,-0.04179117
PLEASE,0.0,0.0,0.0,-0.007628304,-0.26085404,0.02495984,-0.108400196,-0.4569252,0.052687865,-0.2098407,-0.5751566,0.083670385,-0.2536926,-0.65518725,0.11625478,-0.35768563,-0.40759054,0.0051578525,-0.55291086,-0.49024454,0.008122845,-0.6615036,-0.5223312,0.015263974,-0.73816764,-0.53676295,0.021074397,-0.41871524,-0.25774813,-0.004987271,-0.63299924,-0.40447718,-0.018007657,-0.75466865,-0.47762805,-0.017450588,-0.84749657,-0.5308009,-0.012146053,-0.44632977,-0.11288986,-0.011323322,-0.6459632,-0.2661237,-0.02253682,-0.7610492,-0.35188627,-0.033348046,-0.84948957,-0.4200711,-0.0380387,-0.44816935,0.023876658,-0.012855395,-0.61265653,-0.088320166,-0.025514424,-0.7097319,-0.16014566,-0.033065304,-0.78621,-0.23277421,-0.03454166
PLEASE,0.0,0.0,0.0,-0.011757829,-0.26304084,0.022626089,-0.11524591,-0.45605868,0.04927721,-0.21832283,-0.57040375,0.078742415,-0.26840168,-0.6411375,0.10973803,-0.36072385,-0.402796,0.0049760155,-0.55788684,-0.4828055,0.0054707103,-0.66796786,-0.5175974,0.010083783,-0.7461356,-0.5340477,0.014347457,-0.4203025,-0.25167277,-0.0052541317,-0.63594645,-0.3952558,-0.020320354,-0.7591414,-0.46840993,-0.022459198,-0.85375607,-0.5206733,-0.01892913,-0.44827744,-0.10727193,-0.012235507,-0.64933854,-0.25636652,-0.024661945,-0.76602536,-0.34081557,-0.03743611,-0.8565114,-0.4075217,-0.043400533,-0.45129207,0.027548827,-0.01484683,-0.61650014,-0.08343552,-0.028119288,-0.7143478,-0.15447146,-0.03657359,-0.79064655,-0.22624187,-0.038639918
PLEASE,0.0,0.0,0.0,-0.012189599,-0.26346,0.023693254,-0.11333622,-0.45516482,0.0512907,-0.2148086,-0.5695985,0.08248925,-0.26215178,-0.6434304,0.115352586,-0.3632102,-0.40381822,0.0017976883,-0.5685037,-0.48096222,0.0032171344,-0.67951995,-0.51310045,0.010139455,-0.7555619,-0.5296179,0.016741958,-0.42094073,-0.24941602,-0.0071101035,-0.6423005,-0.388481,-0.020604206,-0.7666301,-0.46028158,-0.019908464,-0.8582105,-0.51329786,-0.014033643,-0.44692177,-0.10247712,-0.012507767,-0.65330154,-0.24886066,-0.023024501,-0.77095395,-0.3321496,-0.034555383,-0.85976285,-0.40073246,-0.039456055,-0.4476669,0.033443674,-0.0132359,-0.61510354,-0.07422964,-0.024200123,-0.7125353,-0.14432721,-0.031718716,-0.7873069,-0.21690145,-0.03308808
PLEASE,0.0,0.0,0.0,-0.014085991,-0.2626851,0.025067667,-0.119729586,-0.4544179,0.05302535,-0.22256094,-0.57103443,0.08349708,-0.26639456,-0.64688873,0.1158931,-0.3637813,-0.4006857,0.0094598625,-0.5620832,-0.47931805,0.011234437,-0.6712362,-0.5148507,0.017299436,-0.7479318,-0.5337626,0.023001065,-0.4217044,-0.24969058,-0.0011646268,-0.6376668,-0.3909094,-0.015482509,-0.7605382,-0.4641873,-0.016380623,-0.8545452,-0.51937705,-0.0112794,-0.4482684,-0.10645935,-0.008428381,-0.64978516,-0.2538124,-0.019282298,-0.7661195,-0.33742827,-0.030409517,-0.85606164,-0.405329,-0.03455567,-0.44897342,0.027945997,-0.011269698,-0.6160018,-0.08368309,-0.021357724,-0.7139175,-0.15651639,-0.027587935,-0.7898737,-0.23096202,-0.027847683
PLEASE,0.0,0.0,0.0,-0.008679257,-0.26209533,0.019223224,-0.111261494,-0.4567471,0.045321736,-0.21364775,-0.5705513,0.07553324,-0.25774372,-0.6472605,0.10709227,-0.3589279,-0.4038689,-0.0025820525,-0.56661,-0.4821142,-0.0015145754,-0.6784573,-0.5158601,0.005811386,-0.75474817,-0.5345927,0.012679849,-0.41798583,-0.25208166,-0.0097506335,-0.6412026,-0.3918685,-0.020453427,-0.7662188,-0.46266592,-0.018535607,-0.8570993,-0.5151513,-0.012598904,-0.44536552,-0.10654316,-0.013837904,-0.65314126,-0.25342715,-0.022504112,-0.7711872,-0.3337363,-0.03395119,-0.85987633,-0.39986128,-0.039658736,-0.4476723,0.029775336,-0.013754412,-0.6141495,-0.07797134,-0.025233062,-0.7109819,-0.14817718,-0.03379319,-0.7859369,-0.22041583,-0.036217757
PLEASE,0.0,0.0,0.0,-0.014470932,-0.26512927,0.016050134,-0.11887407,-0.46197528,0.03989072,-0.22244768,-0.57807595,0.06809619,-0.2744296,-0.65065295,0.098356,-0.35894302,-0.4011052,-0.0021395711,-0.55732733,-0.48342544,-0.004040032,-0.6665495,-0.51936257,-0.0009925399,-0.7439934,-0.53901744,0.0026075004,-0.41772708,-0.25006035,-0.009112204,-0.6330706,-0.39269617,-0.024407566,-0.75657654,-0.46810493,-0.028012397,-0.8512997,-0.5246797,-0.025947541,-0.44513765,-0.1076064,-0.013287867,-0.6463679,-0.2547975,-0.025523677,-0.76246053,-0.33901086,-0.040280793,-0.8536598,-0.40724313,-0.047897153,-0.4475192,0.023899065,-0.013701137,-0.6135335,-0.08706038,-0.027429052,-0.71120733,-0.15885842,-0.03771551,-0.78867036,-0.23242475,-0.041213818
PLEASE,0.0,0.0,0.0,-0.005866779,-0.26162675,0.020181086,-0.1068676,-0.46037275,0.046227843,-0.20848794,-0.57677984,0.07591292,-0.24728543,-0.6604368,0.10717195,-0.35783714,-0.4099837,0.0023644413,-0.5513526,-0.49346045,0.0023270948,-0.66120493,-0.5274415,0.007019239,-0.73875904,-0.54515123,0.011057656,-0.41876614,-0.26049063,-0.006367167,-0.6311414,-0.40232038,-0.020868283,-0.75308305,-0.4757543,-0.021643747,-0.84647894,-0.53242224,-0.017235605,-0.44630224,-0.117498815,-0.012109908,-0.6454171,-0.264945,-0.02536434,-0.76009077,-0.34998628,-0.036873993,-0.8498476,-0.42073858,-0.041628845,-0.44773707,0.016767878,-0.013712193,-0.61128527,-0.08991381,-0.028772531,-0.70810336,-0.15931764,-0.037792403,-0.78487545,-0.23042007,-0.040022314
PLEASE,0.0,0.0,0.0,-0.009918037,-0.25950086,0.016622322,-0.113121465,-0.4540793,0.03962922,-0.215824,-0.5676632,0.066179276,-0.25990131,-0.64753276,0.09358181,-0.35757443,-0.40279123,-0.005273796,-0.5564947,-0.48226508,-0.008777223,-0.6668365,-0.51584697,-0.0062934514,-0.7442467,-0.53287697,-0.0035569975,-0.41713217,-0.2520477,-0.014534838,-0.63437194,-0.39190358,-0.03181615,-0.76011837,-0.4647244,-0.03541934,-0.85516804,-0.5183508,-0.033624306,-0.44435793,-0.10781328,-0.021063162,-0.64743346,-0.2546007,-0.037420623,-0.76535857,-0.33796734,-0.053294685,-0.8566983,-0.40515512,-0.061376795,-0.4466983,0.027402995,-0.023519013,-0.61408067,-0.081542835,-0.042923924,-0.71389574,-0.1514138,-0.056179643,-0.7935339,-0.22220829,-0.061595384
PLEASE,0.0,0.0,0.0,-0.0107419025,-0.2616967,0.024810212,-0.11203027,-0.45579225,0.052925352,-0.21147442,-0.5722861,0.08366824,-0.25312948,-0.6577063,0.11587502,-0.36436513,-0.40142626,0.00977125,-0.55552006,-0.48392406,0.011039588,-0.6629648,-0.51973116,0.014809292,-0.7405284,-0.5388418,0.017728508,-0.42546272,-0.2528963,-0.0013321956,-0.635705,-0.39356494,-0.014794261,-0.7579533,-0.46636727,-0.017560711,-0.85293263,-0.52202094,-0.015422274,-0.45280448,-0.111738935,-0.009285428,-0.6498233,-0.25821382,-0.022573132,-0.7649102,-0.3404198,-0.03634498,-0.8567659,-0.408004,-0.04307963,-0.45422196,0.02010047,-0.012582048,-0.6196345,-0.08786389,-0.029451203,-0.71732205,-0.15460064,-0.040249087,-0.7968067,-0.22290708,-0.043706976
PLEASE,0.0,0.0,0.0,-0.013550933,-0.26200116,0.01635016,-0.11805389,-0.46174684,0.03994849,-0.21850611,-0.5825287,0.067692645,-0.2588969,-0.6662187,0.09685507,-0.36411995,-0.40215456,-0.0038995882,-0.56033504,-0.48627427,-0.0069716433,-0.6697977,-0.5224349,-0.004543623,-0.7469637,-0.54268557,-0.0018521091,-0.422777,-0.25245053,-0.012344201,-0.6340267,-0.39419413,-0.028108634,-0.7567697,-0.4688542,-0.030973028,-0.8502225,-0.5264235,-0.028678024,-0.44865984,-0.110532485,-0.018179445,-0.6469547,-0.25862592,-0.032903686,-0.76354784,-0.34303483,-0.047786076,-0.85542035,-0.41299257,-0.05547998,-0.44928053,0.020427138,-0.020178515,-0.6131786,-0.087934844,-0.037936352,-0.7111231,-0.15798742,-0.049958423,-0.78975564,-0.2298956,-0.05456741
PLEASE,0.0,0.0,0.0,-0.00926584,-0.25808564,0.02006183,-0.11243036,-0.45240968,0.045560926,-0.21350801,-0.5679922,0.074711956,-0.24801621,-0.6566773,0.10553172,-0.36359712,-0.4016309,0.0011953502,-0.5590176,-0.4857767,-0.0001906474,-0.6709539,-0.52093023,0.0037194805,-0.75068146,-0.540718,0.0069718626,-0.4229121,-0.2543372,-0.008291915,-0.63479626,-0.39388987,-0.024801766,-0.75794023,-0.46686533,-0.027043609,-0.8518303,-0.5238178,-0.023723857,-0.44898,-0.11379487,-0.014774629,-0.64943755,-0.2592415,-0.030092178,-0.7663228,-0.34180325,-0.04344841,-0.85822004,-0.41047132,-0.04930997,-0.44854018,0.018001338,-0.01701296,-0.6139201,-0.08598698,-0.034426846,-0.7125124,-0.15409045,-0.045549143,-0.79090315,-0.22405936,-0.049102824
PLEASE,0.0,0.0,0.0,-0.011382361,-0.25873226,0.020656418,-0.11448716,-0.4532745,0.046760723,-0.21476018,-0.5696226,0.07665728,-0.25702322,-0.6540902,0.10843832,-0.3653045,-0.4013293,0.001529855,-0.5628189,-0.48565793,0.00082797295,-0.6740147,-0.5205996,0.0053035147,-0.752822,-0.5398762,0.009302749,-0.42386794,-0.25335646,-0.0076628965,-0.636803,-0.3936324,-0.023601737,-0.7593816,-0.46637663,-0.025976608,-0.85261124,-0.5225458,-0.022809075,-0.44997042,-0.112281196,-0.013783022,-0.64979,-0.25842217,-0.02862446,-0.765908,-0.3408255,-0.04270903,-0.85757565,-0.40888962,-0.049133476,-0.4504879,0.019498806,-0.015469979,-0.6165263,-0.08527271,-0.03229495,-0.7149408,-0.15349877,-0.04351936,-0.79389745,-0.22378455,-0.047202293
PLEASE,0.0,0.0,0.0,-0.008161612,-0.26103044,0.024147982,-0.10969187,-0.45762745,0.052228965,-0.20997995,-0.5751618,0.082467824,-0.2570668,-0.6589097,0.11449514,-0.36027476,-0.41013688,0.014576779,-0.55224645,-0.49369317,0.016949128,-0.66050535,-0.52945596,0.02140715,-0.7387525,-0.54948854,0.024880527,-0.42209134,-0.2638606,0.0036149605,-0.6310557,-0.4031976,-0.008522833,-0.75374466,-0.4741764,-0.011327166,-0.8487131,-0.52885354,-0.008981089,-0.44990495,-0.122663856,-0.0046792766,-0.6448815,-0.2679297,-0.016384747,-0.75949025,-0.34896463,-0.029225003,-0.8510368,-0.4157864,-0.035388205,-0.45145676,0.010378021,-0.008704166,-0.6133706,-0.09400343,-0.023741562,-0.7114876,-0.16029942,-0.033670064,-0.791862,-0.22814047,-0.036530178
PLEASE,0.0,0.0,0.0,-0.014245111,-0.25851238,0.017354932,-0.12035303,-0.4520974,0.03931054,-0.22171801,-0.5679702,0.06372805,-0.25661173,-0.6608676,0.08830399,-0.36496878,-0.39691684,-0.0024722735,-0.559649,-0.47833246,-0.007045804,-0.6727137,-0.5122597,-0.0059524667,-0.7554945,-0.52962446,-0.0053562047,-0.4249107,-0.24704678,-0.013831452,-0.6363167,-0.3834179,-0.032071028,-0.76282054,-0.45397198,-0.036554076,-0.86149174,-0.5077716,-0.03596371,-0.4515168,-0.10519367,-0.02279378,-0.6517768,-0.24836645,-0.04093595,-0.7711241,-0.33093706,-0.056385767,-0.866193,-0.39880586,-0.064784914,-0.45319998,0.02764897,-0.027848998,-0.6201207,-0.07661843,-0.052083667,-0.7221781,-0.143129,-0.06733797,-0.80556023,-0.211105,-0.0739858
PLEASE,0.0,0.0,0.0,-0.012801332,-0.26018146,0.013781991,-0.11530758,-0.4538124,0.034764137,-0.21740988,-0.5662007,0.059768625,-0.25814697,-0.6504339,0.08570639,-0.36438856,-0.39457372,-0.008573874,-0.56301767,-0.47407487,-0.014353628,-0.675588,-0.50657874,-0.0142112635,-0.75600594,-0.52513033,-0.013190225,-0.4235065,-0.24274386,-0.017253347,-0.6384009,-0.377621,-0.034098614,-0.7662511,-0.44893283,-0.03916937,-0.8634645,-0.5044096,-0.03930495,-0.4492141,-0.0979344,-0.023335883,-0.65176255,-0.24066465,-0.038708664,-0.76976436,-0.3216021,-0.0543308,-0.86221474,-0.3891231,-0.063140005,-0.44968855,0.037194524,-0.025833419,-0.6161583,-0.06409604,-0.045654632,-0.7150113,-0.1304537,-0.05872465,-0.79462117,-0.19926965,-0.06400308
PLEASE,0.0,0.0,0.0,-0.011507207,-0.26146385,0.015692394,-0.11741,-0.4599229,0.039844617,-0.2197107,-0.5795296,0.06867916,-0.2587831,-0.6631751,0.099292055,-0.36343095,-0.39573002,-0.0038866778,-0.562337,-0.48088932,-0.0053844317,-0.67251426,-0.51634395,-0.0014458346,-0.751365,-0.53635406,0.002220912,-0.42121682,-0.2452703,-0.011507899,-0.635621,-0.3877845,-0.027300548,-0.760165,-0.4615294,-0.030810079,-0.8555828,-0.517666,-0.028707206,-0.44641048,-0.102783784,-0.016216459,-0.64703554,-0.25054213,-0.03059606,-0.76224077,-0.3358939,-0.04552727,-0.85329425,-0.40593535,-0.052898437,-0.44679698,0.029422568,-0.017033508,-0.61355245,-0.0768369,-0.03397018,-0.71119434,-0.14675388,-0.045588862,-0.7904947,-0.21823807,-0.049742103
PLEASE,0.0,0.0,0.0,-0.014134565,-0.26157054,0.018493421,-0.11862288,-0.45700732,0.042673413,-0.21853937,-0.57342106,0.070916384,-0.25900218,-0.6575818,0.10070409,-0.36436647,-0.39586568,-0.004225868,-0.5635902,-0.47969455,-0.006399416,-0.6739548,-0.514315,-0.0025015092,-0.7527573,-0.5323523,0.0012545413,-0.422014,-0.24404551,-0.013300275,-0.63794744,-0.38794002,-0.030141719,-0.7623851,-0.46099672,-0.03325815,-0.8572856,-0.51484114,-0.030666083,-0.44739142,-0.101269074,-0.019215386,-0.6503822,-0.2502114,-0.03423895,-0.7658568,-0.33449095,-0.048953556,-0.8563623,-0.40320966,-0.056107316,-0.4482413,0.030296188,-0.02087495,-0.6157415,-0.07610012,-0.037896123,-0.7138052,-0.14586529,-0.049308635,-0.79217994,-0.21802904,-0.053321585
PLEASE,0.0,0.0,0.0,-0.011335075,-0.2614616,0.020042047,-0.11888222,-0.46124634,0.04842812,-0.2167803,-0.5835006,0.08072461,-0.24647062,-0.67399365,0.11515347,-0.36799213,-0.40570158,0.0096414955,-0.559469,-0.4904394,0.014003477,-0.6666165,-0.5258378,0.02074233,-0.744302,-0.54417664,0.02535767,-0.42566803,-0.25567007,0.0013724703,-0.6356488,-0.39918396,-0.010932094,-0.7567326,-0.47119138,-0.012159271,-0.8517005,-0.52402896,-0.00814241,-0.45011497,-0.11340549,-0.004232327,-0.6484991,-0.25984946,-0.01680495,-0.761444,-0.3440153,-0.030702686,-0.851714,-0.41170368,-0.036980953,-0.45009598,0.018476753,-0.0057700365,-0.6146843,-0.0874373,-0.020817319,-0.7114273,-0.15706047,-0.03160009,-0.78929347,-0.22819312,-0.035237376
PLEASE,0.0,0.0,0.0,-0.02025262,-0.25836888,0.01770961,-0.12547937,-0.45008662,0.03802048,-0.21224885,-0.57944363,0.060019895,-0.23179473,-0.6805523,0.081191495,-0.3699242,-0.39966986,-0.0027882857,-0.568513,-0.47712636,-0.0073803477,-0.6788685,-0.5086832,-0.007176485,-0.75771993,-0.5267492,-0.0072245565,-0.4276198,-0.24953958,-0.016232496,-0.64238,-0.38434947,-0.032620177,-0.76687557,-0.45490217,-0.037992768,-0.8606663,-0.5091694,-0.03867305,-0.45158198,-0.104030535,-0.02745404,-0.6538852,-0.2439801,-0.044262014,-0.7716824,-0.32667845,-0.061987966,-0.8639035,-0.39519548,-0.07249802,-0.45074302,0.031677622,-0.034974195,-0.6195667,-0.071547136,-0.05835692,-0.7198524,-0.14067876,-0.07415448,-0.8015878,-0.21084878,-0.081788264
PLEASE,0.0,0.0,0.0,-0.016055604,-0.25936452,0.011759709,-0.1183915,-0.46329245,0.028371928,-0.19178614,-0.61503077,0.047444735,-0.19918527,-0.7195327,0.06559978,-0.36211413,-0.40992257,-0.0071150064,-0.5606062,-0.49317303,-0.010823622,-0.6698251,-0.526659,-0.010779767,-0.7488155,-0.5458982,-0.011175538,-0.42155987,-0.2628025,-0.018322457,-0.63416386,-0.40018272,-0.03132871,-0.7593884,-0.47038278,-0.03561212,-0.8530638,-0.5218066,-0.036061596,-0.4467979,-0.11801586,-0.027817823,-0.6443145,-0.25946912,-0.040163837,-0.76174957,-0.342439,-0.05688908,-0.8536238,-0.40885377,-0.06743079,-0.44723973,0.017029123,-0.034652144,-0.61272544,-0.09072037,-0.053626344,-0.71258086,-0.15932094,-0.067270145,-0.7943616,-0.22631064,-0.07387392
PLEASE,0.0,0.0,0.0,-0.018403536,-0.2680989,0.014786821,-0.12452783,-0.4707857,0.031765208,-0.19840571,-0.6171125,0.051046442,-0.19980599,-0.7211398,0.068104975,-0.37212414,-0.41330054,-0.011380176,-0.5783267,-0.48675737,-0.011313235,-0.6905813,-0.5140506,-0.0060887435,-0.7681411,-0.52969694,-0.0035614076,-0.4287182,-0.25918537,-0.023815677,-0.64808315,-0.39150658,-0.031516444,-0.77067393,-0.46195608,-0.02898292,-0.85661566,-0.51595503,-0.026009033,-0.4530701,-0.10836918,-0.03425617,-0.6597837,-0.25220326,-0.043763265,-0.7771793,-0.33728746,-0.057946317,-0.8664162,-0.4070925,-0.068694115,-0.45378315,0.03235645,-0.04137374,-0.62392336,-0.06987534,-0.062388983,-0.72513634,-0.13752525,-0.07782815,-0.80652773,-0.20511593,-0.08668196
PLEASE,0.0,0.0,0.0,-0.022976393,-0.25888175,-0.0018140887,-0.124356754,-0.46569812,0.0032267254,-0.18194516,-0.62902427,0.012225555,-0.17023365,-0.73897314,0.01949163,-0.37459305,-0.39613685,-0.027042316,-0.58398014,-0.47571713,-0.03338716,-0.6952694,-0.50505584,-0.033770323,-0.77280045,-0.52252376,-0.03446271,-0.42889148,-0.24273477,-0.03434277,-0.65072364,-0.37948823,-0.04246401,-0.7742174,-0.45276657,-0.042583723,-0.86118627,-0.5082896,-0.04256773,-0.4514155,-0.09487524,-0.041227903,-0.6579758,-0.23656085,-0.048382815,-0.7773342,-0.32300583,-0.06498131,-0.86658084,-0.39274216,-0.07873202,-0.45149735,0.038937643,-0.046954885,-0.6208273,-0.061533127,-0.06518874,-0.7236168,-0.12873125,-0.080821976,-0.8055273,-0.19408873,-0.09077685
PLEASE,0.0,0.0,0.0,-0.03138574,-0.26361334,-0.017666003,-0.12597853,-0.48307192,-0.03344665,-0.168095,-0.67078066,-0.045856014,-0.14727913,-0.7982318,-0.06114261,-0.36962938,-0.38738784,-0.05262735,-0.5794068,-0.4697994,-0.070749275,-0.69241244,-0.50303465,-0.080342114,-0.77475804,-0.5231334,-0.08745942,-0.42401677,-0.23513487,-0.060464326,-0.65107703,-0.3690699,-0.07518889,-0.7800314,-0.44165862,-0.08208016,-0.8682283,-0.49616483,-0.08856559,-0.44553143,-0.090367064,-0.06820493,-0.6569467,-0.23095499,-0.07793381,-0.7805243,-0.31271756,-0.095791616,-0.87011814,-0.37912834,-0.11210797,-0.44602275,0.038982246,-0.076634884,-0.61758816,-0.059982367,-0.094691604,-0.72173125,-0.12386707,-0.10805323,-0.8058822,-0.18667647,-0.11735707
PLEASE,0.0,0.0,0.0,-0.03254635,-0.26320508,-0.012628253,-0.13038035,-0.47233737,-0.025233487,-0.18028192,-0.6532412,-0.034554366,-0.16736546,-0.78443414,-0.046032403,-0.36575857,-0.38776362,-0.046350133,-0.58146626,-0.4611613,-0.05945,-0.69769305,-0.48975053,-0.06378813,-0.78396505,-0.5059067,-0.06718597,-0.4199546,-0.23697767,-0.05442025,-0.652045,-0.36421672,-0.0654576,-0.78095335,-0.43585384,-0.06868412,-0.8702719,-0.49257156,-0.071474135,-0.444436,-0.09158956,-0.061685372,-0.65880954,-0.22491214,-0.06722261,-0.7833167,-0.3084016,-0.08224224,-0.8719995,-0.3776857,-0.09633377,-0.4471944,0.037965085,-0.06916488,-0.6198914,-0.057741884,-0.082549654,-0.7239132,-0.1208768,-0.09237609,-0.8050056,-0.18263023,-0.09884715
PLEASE,0.0,0.0,0.0,-0.039630327,-0.25637856,-0.014444569,-0.1379932,-0.46819052,-0.02979967,-0.18909761,-0.6452669,-0.04146057,-0.17884904,-0.77412146,-0.05554456,-0.38427556,-0.36722872,-0.056207325,-0.6008065,-0.44125563,-0.075288564,-0.7122089,-0.47209623,-0.08330087,-0.79081213,-0.49266124,-0.08839053,-0.43339184,-0.21153353,-0.065633334,-0.6681458,-0.33986712,-0.08122067,-0.7988985,-0.41009516,-0.08622158,-0.8863445,-0.46302634,-0.0910204,-0.45244333,-0.06403526,-0.074568756,-0.6702518,-0.20324366,-0.08551955,-0.7992371,-0.28334123,-0.10312391,-0.89114153,-0.34742272,-0.11883081,-0.45070162,0.06777243,-0.083378054,-0.6253263,-0.031769983,-0.10313904,-0.7338768,-0.09480272,-0.11714641,-0.81931627,-0.15340656,-0.12627314
PLEASE,0.0,0.0,0.0,-0.03927162,-0.26132736,-0.017746542,-0.13768294,-0.472692,-0.033403993,-0.18685138,-0.65263,-0.043882437,-0.17682661,-0.7855154,-0.056393392,-0.38517186,-0.37055516,-0.05675003,-0.602735,-0.45084015,-0.072494335,-0.7172041,-0.48091957,-0.0793254,-0.8019675,-0.49808833,-0.08456343,-0.43409303,-0.2177534,-0.062041666,-0.66456395,-0.34982595,-0.07366296,-0.7933285,-0.41920298,-0.07845249,-0.88232976,-0.4706317,-0.084038876,-0.45350122,-0.0720978,-0.06652259,-0.67005515,-0.21309143,-0.07326979,-0.79607624,-0.29427904,-0.09103685,-0.888638,-0.36013785,-0.1084324,-0.45238242,0.057358667,-0.07118083,-0.62248856,-0.039163627,-0.08878369,-0.72789705,-0.101772584,-0.10313165,-0.81371117,-0.16138834,-0.1132476
PLEASE,0.0,0.0,0.0,-0.03296599,-0.2609302,-0.023841975,-0.13651213,-0.48399374,-0.03587281,-0.18560606,-0.67137456,-0.044778295,-0.17315945,-0.7996855,-0.054942787,-0.39573282,-0.37861106,-0.03466041,-0.5909459,-0.4564123,-0.051819503,-0.70059675,-0.486592,-0.06699352,-0.78452635,-0.50533074,-0.07904465,-0.44595468,-0.22763254,-0.039836116,-0.6570341,-0.35033488,-0.054117605,-0.78578436,-0.41951486,-0.06784343,-0.88138205,-0.4724042,-0.07985242,-0.46333444,-0.08689698,-0.047118086,-0.66248435,-0.21978946,-0.05887074,-0.7855148,-0.29786524,-0.082829595,-0.878799,-0.3599452,-0.10256475,-0.4610685,0.037847158,-0.056387395,-0.6254623,-0.057915755,-0.076782234,-0.7290335,-0.118563354,-0.09401088,-0.81208575,-0.17471372,-0.10559292
PLEASE,0.0,0.0,0.0,-0.026687259,-0.2533746,-0.0194204,-0.12954758,-0.47991854,-0.031929187,-0.18235926,-0.664201,-0.042934556,-0.16749704,-0.7957307,-0.054694053,-0.39827916,-0.38486415,-0.027511517,-0.59676856,-0.44584483,-0.04511276,-0.71062964,-0.46841726,-0.060093857,-0.797603,-0.48264843,-0.07165591,-0.45590696,-0.2345422,-0.036049426,-0.67246264,-0.34216896,-0.051243853,-0.80123645,-0.40041435,-0.063221805,-0.8962392,-0.443571,-0.072725534,-0.48126692,-0.08732028,-0.046186958,-0.68231606,-0.20848447,-0.056582894,-0.80495816,-0.27692047,-0.07253858,-0.8936438,-0.32942227,-0.08579772,-0.483367,0.052907523,-0.058314648,-0.6462744,-0.044404894,-0.07230984,-0.7456382,-0.103916235,-0.07901845,-0.81969666,-0.15876843,-0.0823507
PLEASE,0.0,0.0,0.0,-0.030898063,-0.25538158,-0.013614654,-0.14601359,-0.47791356,-0.021902999,-0.20647585,-0.659848,-0.029089201,-0.20060508,-0.7916755,-0.03793865,-0.3980218,-0.4106465,-0.02539159,-0.6087054,-0.45284483,-0.04117794,-0.7326871,-0.46267802,-0.05442523,-0.8253132,-0.46552014,-0.06538594,-0.4503875,-0.2584167,-0.036128253,-0.67054546,-0.3549591,-0.049466867,-0.80352604,-0.40264225,-0.06165362,-0.8993813,-0.437165,-0.07166384,-0.4757037,-0.100778244,-0.047699116,-0.679915,-0.21727952,-0.057758834,-0.8055452,-0.28095865,-0.07560824,-0.8941424,-0.33123058,-0.09100148,-0.4805044,0.05356644,-0.06036879,-0.64136165,-0.048450172,-0.076560944,-0.73871225,-0.10895223,-0.08587403,-0.81321454,-0.16623643,-0.09138126
PLEASE,0.0,0.0,0.0,-0.034519356,-0.26675782,-0.001295826,-0.15338206,-0.48532233,0.0010073521,-0.21441023,-0.6598784,0.002060685,-0.20793039,-0.7941013,0.0012994793,-0.40487427,-0.4095367,9.5935975e-05,-0.6131328,-0.44760984,-0.0059006447,-0.7368302,-0.45775792,-0.013843594,-0.8306753,-0.4602206,-0.021913249,-0.45490342,-0.25897434,-0.014263959,-0.67266005,-0.35885778,-0.019912329,-0.80179405,-0.41031456,-0.02834426,-0.8946747,-0.44671813,-0.03542115,-0.47944734,-0.106774084,-0.02948052,-0.67987657,-0.2246504,-0.03369358,-0.80346125,-0.29382282,-0.050120287,-0.89548075,-0.3474592,-0.064459704,-0.4836711,0.04027237,-0.04514062,-0.6463677,-0.06581543,-0.056630418,-0.7440256,-0.12514351,-0.0640384,-0.8201447,-0.17646356,-0.06830244
PLEASE,0.0,0.0,0.0,-0.050159447,-0.26959795,0.015479646,-0.16441314,-0.47112718,0.018079588,-0.23568273,-0.63488626,0.014940393,-0.24950507,-0.7658204,0.0077091637,-0.4125403,-0.40054175,0.012198447,-0.61859757,-0.4153922,0.005680111,-0.73955566,-0.41002348,-0.0047546513,-0.83138716,-0.4096161,-0.014874965,-0.4680392,-0.24827406,-0.011732778,-0.6918971,-0.322699,-0.016833773,-0.8242056,-0.36089373,-0.025911082,-0.917064,-0.3987399,-0.034422524,-0.49267036,-0.085943736,-0.03513172,-0.69955593,-0.18810819,-0.03982558,-0.8263716,-0.24675113,-0.053083025,-0.9181145,-0.3001245,-0.066126294,-0.49211797,0.07462042,-0.057159957,-0.6572105,-0.023802465,-0.0669636,-0.7547426,-0.07978756,-0.068190716,-0.8328945,-0.13414614,-0.06811888
PLEASE,0.0,0.0,0.0,-0.061294045,-0.26266065,0.036800925,-0.19379269,-0.44613972,0.05430079,-0.27924585,-0.5881602,0.061221823,-0.29522938,-0.71886224,0.06342629,-0.4266504,-0.3690059,0.043653417,-0.62391895,-0.36591047,0.04202715,-0.7456333,-0.35168248,0.03376422,-0.8411415,-0.3388191,0.02501352,-0.4732836,-0.22373125,0.01094346,-0.7006301,-0.28186867,0.0070097796,-0.83908063,-0.31104144,-0.00019661576,-0.9417918,-0.33619684,-0.0057410626,-0.4944364,-0.069651976,-0.020526974,-0.70705867,-0.15070665,-0.025592048,-0.839402,-0.19900395,-0.03641126,-0.938296,-0.24146497,-0.045498274,-0.49299678,0.08901238,-0.049228333,-0.6636868,0.0051505337,-0.056538638,-0.7663809,-0.048936285,-0.054563224,-0.84644645,-0.09980949,-0.051733233
PLEASE,0.0,0.0,0.0,-0.05952169,-0.26717603,0.039666407,-0.19323903,-0.44595495,0.05769527,-0.28687397,-0.5756045,0.064082205,-0.31527075,-0.69982046,0.065019816,-0.42496648,-0.36802337,0.043838464,-0.6236594,-0.37270603,0.040854856,-0.7448223,-0.36523497,0.032171644,-0.8395109,-0.35782546,0.022861755,-0.46874195,-0.21976191,0.007362312,-0.696229,-0.2786012,-0.0018282147,-0.8370713,-0.30517802,-0.01472445,-0.9456902,-0.3250691,-0.024367267,-0.48656932,-0.06425393,-0.027482906,-0.7013919,-0.14759038,-0.039559346,-0.8365733,-0.19618723,-0.056881152,-0.9416879,-0.2385635,-0.06979148,-0.48381433,0.09518999,-0.058541957,-0.6580628,0.010894793,-0.07261884,-0.7663084,-0.042687017,-0.076286815,-0.8537772,-0.09309229,-0.07724541
PLEASE,0.0,0.0,0.0,-0.05358645,-0.2765273,0.031459037,-0.17623189,-0.44584137,0.041218143,-0.2766185,-0.57319826,0.041997902,-0.31027767,-0.6970063,0.03666483,-0.40822613,-0.36489967,0.013095847,-0.62921613,-0.3587441,0.003439663,-0.75839895,-0.3415481,-0.0055269087,-0.8566415,-0.32741493,-0.013942255,-0.45665124,-0.21056235,-0.019594792,-0.7000962,-0.26873308,-0.032269187,-0.843283,-0.2969631,-0.041571822,-0.9454267,-0.32583478,-0.048401307,-0.47546434,-0.047004715,-0.04975576,-0.7018852,-0.13761963,-0.06348993,-0.84139895,-0.19258486,-0.077861995,-0.9443956,-0.24542303,-0.08939829,-0.46988636,0.11701552,-0.07617588,-0.6541343,0.02449564,-0.09318434,-0.763831,-0.03114029,-0.09561128,-0.8533961,-0.08413764,-0.09528779
PLEASE,0.0,0.0,0.0,-0.04938177,-0.277595,0.041476738,-0.1751112,-0.4452015,0.059025653,-0.2791027,-0.5632032,0.066138886,-0.3164651,-0.68469244,0.066452734,-0.4050483,-0.36282802,0.028042937,-0.61299986,-0.360586,0.024918292,-0.73548913,-0.34307444,0.020665262,-0.8310921,-0.32760376,0.014920708,-0.4563247,-0.21288656,-0.008244559,-0.6991601,-0.27162012,-0.016052417,-0.8425939,-0.29726976,-0.021909675,-0.94650143,-0.32269958,-0.026089808,-0.4786996,-0.050866112,-0.041398145,-0.70690787,-0.14089115,-0.052856486,-0.84793186,-0.19481954,-0.066595495,-0.95478904,-0.24562362,-0.07777781,-0.47406632,0.11785479,-0.06964263,-0.65697896,0.03466079,-0.084253825,-0.7673957,-0.020218017,-0.085584134,-0.8578145,-0.073439926,-0.08509755
PLEASE,0.0,0.0,0.0,-0.04837151,-0.26971945,0.024941599,-0.1827736,-0.45222935,0.03394868,-0.28569487,-0.578837,0.035622574,-0.31931224,-0.7015505,0.031933106,-0.41695514,-0.36589947,0.009480193,-0.62101114,-0.36574474,-0.00026799805,-0.7458055,-0.3482873,-0.010773373,-0.843742,-0.32974577,-0.021414237,-0.46321103,-0.20780708,-0.02186762,-0.6954399,-0.27151418,-0.035865724,-0.8367683,-0.30251682,-0.047691748,-0.944264,-0.32918918,-0.05757211,-0.4833944,-0.04478707,-0.051395528,-0.70193934,-0.14271662,-0.06687727,-0.84234273,-0.20130618,-0.08582131,-0.9491977,-0.25291857,-0.101587705,-0.48307455,0.12013064,-0.07785562,-0.66357386,0.032496054,-0.09653788,-0.77475953,-0.023147577,-0.10398717,-0.86365867,-0.0746559,-0.10860022
PLEASE,0.0,0.0,0.0,-0.03581379,-0.27680787,0.02056076,-0.16731106,-0.46226686,0.032586925,-0.27275968,-0.589896,0.039896064,-0.30901626,-0.71378684,0.043554366,-0.4079187,-0.37485972,0.01213142,-0.6195091,-0.3812519,0.010208085,-0.7448831,-0.37556952,0.007179712,-0.8413855,-0.36510286,0.0023177234,-0.4584338,-0.2205131,-0.012200048,-0.6942056,-0.29016355,-0.017159896,-0.83192885,-0.32697576,-0.022065638,-0.9342616,-0.35658813,-0.026173223,-0.48263425,-0.0626005,-0.034993764,-0.7007155,-0.16150475,-0.041197512,-0.83632183,-0.2189695,-0.05577799,-0.9387646,-0.27071744,-0.068834014,-0.48474792,0.098491125,-0.05526266,-0.66289926,0.014952514,-0.06735665,-0.77003276,-0.03746399,-0.07238896,-0.85532254,-0.0881744,-0.07511421
PLEASE,0.0,0.0,0.0,-0.041183207,-0.27003527,0.015969967,-0.17605837,-0.46137488,0.022820916,-0.27815092,-0.5930489,0.024682228,-0.31011814,-0.7196304,0.022058642,-0.40466547,-0.37664598,0.00026687013,-0.612393,-0.39174065,-0.01006372,-0.73782647,-0.38845855,-0.019226866,-0.8365391,-0.3824485,-0.028691387,-0.45271432,-0.22732864,-0.026039872,-0.6822118,-0.29978523,-0.04091156,-0.82248366,-0.33748683,-0.0531841,-0.92890376,-0.37032104,-0.06272959,-0.47605813,-0.071404286,-0.05067474,-0.68885785,-0.17575373,-0.06623749,-0.82686925,-0.23922227,-0.085435994,-0.93208605,-0.29534298,-0.10105236,-0.47780654,0.08755424,-0.072989,-0.65201896,-0.009331637,-0.09213236,-0.7592772,-0.06888734,-0.10014575,-0.8463952,-0.123156816,-0.10474438
PLEASE,0.0,0.0,0.0,-0.044647247,-0.27429163,0.019706694,-0.17883138,-0.46909356,0.028525056,-0.27787,-0.6103643,0.031065403,-0.31077135,-0.7339702,0.029619154,-0.40534124,-0.3897213,0.013802705,-0.6060645,-0.40491024,0.0073365173,-0.7263907,-0.40077302,-0.0019856077,-0.8222574,-0.395531,-0.012226856,-0.45645866,-0.23908454,-0.013404263,-0.68208903,-0.3123264,-0.024322176,-0.8198588,-0.34942418,-0.036600612,-0.9246539,-0.38080853,-0.046688166,-0.48285383,-0.08112541,-0.039402384,-0.69358164,-0.18619053,-0.051489126,-0.8298612,-0.24775544,-0.06976544,-0.9339173,-0.30192873,-0.08517704,-0.48838645,0.07961414,-0.063076645,-0.6620503,-0.0154900495,-0.078848526,-0.7685824,-0.07335667,-0.08503317,-0.8549962,-0.12819712,-0.088677995
PLEASE,0.0,0.0,0.0,-0.043579455,-0.26669872,0.024123613,-0.17212117,-0.4623626,0.033297304,-0.27010828,-0.6057802,0.036936827,-0.3048785,-0.7276271,0.035693355,-0.40183052,-0.39444014,0.0074434713,-0.61342543,-0.40927565,0.0026026345,-0.73953575,-0.4020616,-0.0031986528,-0.8362369,-0.39082244,-0.010269001,-0.45029077,-0.24357562,-0.019789267,-0.68161315,-0.32393163,-0.028373048,-0.81800133,-0.36328265,-0.036605697,-0.9182619,-0.3959736,-0.043758716,-0.47377694,-0.08367268,-0.04456706,-0.6892515,-0.19496869,-0.055127036,-0.82531995,-0.25883862,-0.07171717,-0.92522234,-0.3138112,-0.086353585,-0.47703552,0.08011331,-0.06594702,-0.65321606,-0.017044296,-0.081754744,-0.7575721,-0.07544505,-0.087581076,-0.8413398,-0.12999165,-0.090879045
PLEASE,0.0,0.0,0.0,-0.041557774,-0.26852995,0.028902063,-0.16571268,-0.4623197,0.041416023,-0.26105115,-0.60543364,0.047463257,-0.28975126,-0.7326037,0.048036624,-0.40083826,-0.39691055,0.016964993,-0.6125008,-0.40910405,0.014192232,-0.7393821,-0.40116677,0.009759869,-0.8357194,-0.391154,0.003955481,-0.451398,-0.24384943,-0.010750839,-0.6823204,-0.32924566,-0.016519371,-0.8180879,-0.3696844,-0.022383753,-0.9155801,-0.4021357,-0.02745124,-0.4754781,-0.08340858,-0.036035176,-0.687797,-0.19561414,-0.04273851,-0.8201002,-0.2605702,-0.05664812,-0.9171381,-0.31632826,-0.06950803,-0.47683668,0.07968892,-0.057977572,-0.64919823,-0.021055453,-0.070553854,-0.75121236,-0.079593845,-0.0744693,-0.8330079,-0.13314769,-0.07635187
PLEASE,0.0,0.0,0.0,-0.04404343,-0.26394802,0.027976556,-0.17137265,-0.4593285,0.042266764,-0.26315308,-0.6051452,0.049247306,-0.29011083,-0.7292232,0.052284352,-0.40804842,-0.40101403,0.029949343,-0.61211324,-0.4112874,0.027848616,-0.73832166,-0.40562767,0.021321405,-0.83559066,-0.39940578,0.013155357,-0.45792255,-0.2545029,0.0017863502,-0.67983675,-0.33070675,-0.004670189,-0.81361,-0.37094,-0.013466373,-0.9131704,-0.40757802,-0.020632003,-0.48346102,-0.09816927,-0.025327986,-0.68874085,-0.2022924,-0.034715872,-0.81913346,-0.26528546,-0.05081368,-0.91855633,-0.32234886,-0.06420628,-0.48683578,0.061322667,-0.04970517,-0.65393007,-0.036869295,-0.06435588,-0.7565388,-0.09215885,-0.070504375,-0.8409768,-0.14435817,-0.073639356
PLEASE,0.0,0.0,0.0,-0.04506145,-0.27116954,0.02532762,-0.16920596,-0.46470758,0.03594993,-0.25911826,-0.60961646,0.041220162,-0.28280157,-0.73327667,0.04162265,-0.40043297,-0.39901382,0.0065723336,-0.6126254,-0.4174773,0.0007812832,-0.73782367,-0.41670153,-0.004930944,-0.83388627,-0.41325736,-0.011605573,-0.45047927,-0.24446881,-0.020057406,-0.67938226,-0.32894197,-0.028835636,-0.8144371,-0.3708768,-0.036025055,-0.9137261,-0.40633073,-0.042465918,-0.47453794,-0.08305392,-0.044130087,-0.68478215,-0.19727556,-0.053132784,-0.8163663,-0.26503357,-0.06820265,-0.91436994,-0.32402983,-0.081926614,-0.47645023,0.07849074,-0.06497655,-0.6482141,-0.02536393,-0.08058517,-0.750835,-0.08612915,-0.086655796,-0.8338669,-0.14242344,-0.08999178
PLEASE,0.0,0.0,0.0,-0.045679785,-0.26711878,0.02461543,-0.17166738,-0.4569012,0.035774443,-0.26131138,-0.60053015,0.04144132,-0.2858142,-0.72497725,0.04288932,-0.40701708,-0.3949949,0.011848557,-0.61868554,-0.41121125,0.0075332187,-0.74463224,-0.41093475,0.002528686,-0.84127027,-0.41069835,-0.0037228528,-0.45563355,-0.24332792,-0.014036516,-0.6815382,-0.32356533,-0.020849919,-0.81607664,-0.36458835,-0.028045816,-0.914944,-0.40358078,-0.034442354,-0.4785113,-0.0829141,-0.037866026,-0.68541974,-0.19584568,-0.0459749,-0.8172315,-0.26280653,-0.061893757,-0.91609365,-0.3242803,-0.075975,-0.47858158,0.07908437,-0.058632262,-0.64555496,-0.024058273,-0.073100984,-0.7481869,-0.08512587,-0.07968154,-0.8327978,-0.14440142,-0.08336484
PLEASE,0.0,0.0,0.0,-0.045332428,-0.2619476,0.030153433,-0.1676552,-0.45208582,0.044787243,-0.2555381,-0.59273416,0.054122873,-0.2824271,-0.7169482,0.05879334,-0.40831965,-0.39238223,0.015627487,-0.61982614,-0.41589755,0.01548352,-0.7451622,-0.41708,0.014423223,-0.8405919,-0.41673008,0.011085285,-0.45698106,-0.24120182,-0.01107475,-0.6820758,-0.33016646,-0.014290058,-0.8164836,-0.3704933,-0.018867806,-0.9140365,-0.40563187,-0.023569757,-0.47878355,-0.08193756,-0.034997135,-0.68549335,-0.20000152,-0.041216075,-0.8159194,-0.2654186,-0.056915622,-0.9122915,-0.3227499,-0.07087293,-0.47887483,0.07958762,-0.054977965,-0.6472652,-0.026897406,-0.06906624,-0.74905676,-0.08926571,-0.07616936,-0.8324851,-0.14853518,-0.08008375
PLEASE,0.0,0.0,0.0,-0.05063111,-0.2620477,0.03251609,-0.17493941,-0.45379898,0.049756378,-0.258503,-0.59781367,0.061042067,-0.27355576,-0.72504807,0.067277424,-0.41208306,-0.39238694,0.020590821,-0.62131935,-0.41605473,0.022893226,-0.74168295,-0.41685647,0.023508398,-0.83174014,-0.4190979,0.02124752,-0.46294275,-0.24138917,-0.00635358,-0.6883104,-0.3317451,-0.006837953,-0.81878257,-0.37328213,-0.008681018,-0.91154677,-0.41119653,-0.011395659,-0.48642054,-0.08019569,-0.030703867,-0.6935149,-0.19992293,-0.03501297,-0.82256913,-0.2672642,-0.049216993,-0.91736245,-0.328247,-0.062466286,-0.4888188,0.083827645,-0.05098555,-0.65710706,-0.024576183,-0.06449278,-0.75780964,-0.089386374,-0.07068829,-0.8397342,-0.15088436,-0.07418693
PLEASE,0.0,0.0,0.0,-0.049622204,-0.2632676,0.026041096,-0.17220293,-0.4548601,0.039720226,-0.25534493,-0.5967153,0.048826624,-0.2726327,-0.72361827,0.053559527,-0.41133463,-0.3922831,0.011409559,-0.6253476,-0.42062712,0.010816551,-0.74761015,-0.42836404,0.010483465,-0.8400698,-0.43699247,0.007900172,-0.45973146,-0.23885955,-0.012993966,-0.68633395,-0.3280878,-0.016435793,-0.8175064,-0.37150574,-0.020608816,-0.91161835,-0.4110378,-0.024876328,-0.48198488,-0.076933146,-0.035047542,-0.6882592,-0.19488928,-0.04147321,-0.81799304,-0.26301596,-0.05813128,-0.91498345,-0.3251436,-0.07284334,-0.4846107,0.08540699,-0.053440455,-0.6511902,-0.023392268,-0.068480305,-0.7518131,-0.08789119,-0.07689901,-0.8348257,-0.1500609,-0.08185465
PLEASE,0.0,0.0,0.0,-0.042749118,-0.26627567,0.022596292,-0.16672906,-0.45779806,0.036023863,-0.2495524,-0.60002077,0.045570273,-0.26044127,-0.72762483,0.050837327,-0.40261313,-0.4002289,0.0072227553,-0.6172755,-0.42857876,0.006296452,-0.74149,-0.43511552,0.0063780798,-0.83529454,-0.44074613,0.003527154,-0.4534273,-0.24573511,-0.015999284,-0.6785905,-0.33842123,-0.021265008,-0.8107561,-0.38301384,-0.025844391,-0.9068521,-0.42144898,-0.030316403,-0.47664878,-0.08349414,-0.037030794,-0.6816536,-0.2048834,-0.04530559,-0.81072265,-0.27484417,-0.06330738,-0.90816087,-0.33576173,-0.078932226,-0.47852397,0.07718098,-0.054652102,-0.64381003,-0.03470054,-0.07276731,-0.74470985,-0.099959716,-0.08408322,-0.8284446,-0.16139656,-0.09111456
PLEASE,0.0,0.0,0.0,-0.045507964,-0.26008317,0.024786431,-0.16304134,-0.44779497,0.038125407,-0.23864831,-0.58552736,0.047253244,-0.24976583,-0.70913255,0.05227187,-0.40039575,-0.39604318,0.0060224696,-0.62184685,-0.42344785,0.003125808,-0.7470024,-0.43259102,0.0037037942,-0.8401892,-0.44198206,0.0026768213,-0.44996372,-0.24426346,-0.018070878,-0.68301934,-0.33452308,-0.024456123,-0.81615365,-0.37666526,-0.02761662,-0.91061693,-0.41325152,-0.029851891,-0.47408992,-0.08263793,-0.03990705,-0.68540543,-0.20113628,-0.049221586,-0.81554157,-0.26686686,-0.06601571,-0.9127962,-0.3250431,-0.07948927,-0.47781488,0.08031145,-0.058004912,-0.64666146,-0.029546445,-0.07648301,-0.7480796,-0.09344414,-0.08673527,-0.83191425,-0.1539314,-0.09202796
PLEASE,0.0,0.0,0.0,-0.04144211,-0.26060292,0.02989787,-0.16006507,-0.4488881,0.046382792,-0.24042368,-0.58744204,0.05739969,-0.2535827,-0.7112695,0.06392482,-0.3964337,-0.40314102,0.017428193,-0.6130178,-0.43048945,0.018390385,-0.7349399,-0.43669853,0.019663727,-0.82500803,-0.44220543,0.018568566,-0.44882601,-0.25492147,-0.00819704,-0.67843777,-0.34706184,-0.00984404,-0.81069475,-0.38988927,-0.0124269575,-0.90431577,-0.4268641,-0.015126439,-0.4744595,-0.095427886,-0.03144176,-0.6833463,-0.21534894,-0.036423042,-0.8127575,-0.28147337,-0.052099217,-0.9079225,-0.3388354,-0.06585385,-0.4786151,0.066567875,-0.05072304,-0.64669347,-0.04225643,-0.065281905,-0.74791163,-0.106230766,-0.073518805,-0.8309104,-0.1668261,-0.078081794
PLEASE,0.0,0.0,0.0,-0.04589436,-0.25850573,0.030023959,-0.16283093,-0.44414625,0.045794737,-0.23857328,-0.5820682,0.055455025,-0.24449058,-0.7055414,0.060080003,-0.39620224,-0.39705694,0.015964512,-0.6069163,-0.41600943,0.013270823,-0.7313804,-0.41387284,0.010448198,-0.8258965,-0.4115585,0.0058089984,-0.4491634,-0.24858728,-0.011711398,-0.6760824,-0.3399705,-0.018443583,-0.81114495,-0.38233486,-0.02376839,-0.9088154,-0.41719848,-0.02828709,-0.47548658,-0.089862004,-0.037082117,-0.68018603,-0.2074678,-0.045468967,-0.80984306,-0.27493632,-0.062184382,-0.90587914,-0.33315292,-0.07638728,-0.47967646,0.072205946,-0.058793858,-0.64534783,-0.03621957,-0.07532615,-0.7461879,-0.09998453,-0.08409449,-0.82792413,-0.1599906,-0.08911617
PLEASE,0.0,0.0,0.0,-0.0464391,-0.25814953,0.035213694,-0.16363291,-0.44432363,0.054824658,-0.24001056,-0.58452874,0.06883801,-0.24619465,-0.7086571,0.07803684,-0.39401746,-0.40020835,0.019214794,-0.61027974,-0.4237822,0.022021642,-0.73285615,-0.4267623,0.025212388,-0.82378805,-0.42957416,0.025300484,-0.44748145,-0.24973552,-0.00765858,-0.67864406,-0.34290978,-0.009379209,-0.8120113,-0.38671413,-0.009643937,-0.9053331,-0.4247023,-0.010140082,-0.4740432,-0.089345016,-0.031561363,-0.6821455,-0.20953281,-0.03571601,-0.81142384,-0.27745032,-0.050112646,-0.9048591,-0.3368211,-0.06267102,-0.47775862,0.073719196,-0.05099767,-0.6468117,-0.033619206,-0.06493497,-0.7478915,-0.09615162,-0.07296633,-0.82980555,-0.15648398,-0.07727657
PLEASE,0.0,0.0,0.0,-0.047689434,-0.25757933,0.03580524,-0.16370063,-0.44293866,0.053505275,-0.24013859,-0.5839125,0.06500271,-0.24414021,-0.708042,0.07105205,-0.39194015,-0.38966843,0.015849257,-0.6005425,-0.42118642,0.014985436,-0.7215189,-0.4240466,0.014373052,-0.8132752,-0.423944,0.011356649,-0.44456482,-0.23843594,-0.013076517,-0.6730064,-0.33911625,-0.019551072,-0.8084126,-0.3851947,-0.023631655,-0.90683585,-0.42148405,-0.027409302,-0.47010776,-0.080579825,-0.038579557,-0.6786988,-0.20643562,-0.046124708,-0.8085789,-0.27559394,-0.0622997,-0.9041495,-0.3327128,-0.07632347,-0.47346482,0.07783121,-0.059478536,-0.6454759,-0.03323375,-0.076002695,-0.74790263,-0.09662316,-0.084886424,-0.8297889,-0.15420732,-0.090035476
PLEASE,0.0,0.0,0.0,-0.049574573,-0.26363125,0.030035589,-0.17146964,-0.4496056,0.048146334,-0.24936862,-0.58899486,0.06246571,-0.24915421,-0.7100009,0.07218457,-0.39743182,-0.38770163,0.0059820083,-0.6104073,-0.42586854,0.0055825165,-0.72854054,-0.440864,0.0075864047,-0.8175771,-0.4543567,0.0064987773,-0.44904992,-0.23112446,-0.019073417,-0.6772777,-0.3314954,-0.025540117,-0.80966645,-0.3794669,-0.028986508,-0.9073534,-0.42036864,-0.03217704,-0.4732864,-0.0695797,-0.04084371,-0.6809421,-0.19799635,-0.0504091,-0.81003374,-0.26897135,-0.069549054,-0.90875155,-0.33043584,-0.08533574,-0.4757075,0.08947447,-0.057914514,-0.646873,-0.024437472,-0.079209864,-0.74940336,-0.09218692,-0.093379095,-0.83430845,-0.15710784,-0.101948366
PLEASE,0.0,0.0,0.0,-0.04479698,-0.25826478,0.0358419,-0.16515513,-0.43748978,0.05864488,-0.2464032,-0.57133627,0.07649637,-0.2522963,-0.6899981,0.090207286,-0.3946616,-0.39087573,0.018112214,-0.6039711,-0.42958146,0.018783372,-0.72500384,-0.44108406,0.02042972,-0.81606495,-0.45000434,0.019974658,-0.44684017,-0.23912847,-0.00791241,-0.6758648,-0.3335883,-0.013846338,-0.8115504,-0.37594873,-0.017060421,-0.91191155,-0.4103869,-0.01832147,-0.47240272,-0.07907101,-0.030260531,-0.6811388,-0.1963655,-0.03776258,-0.8103745,-0.2622979,-0.052531604,-0.90896,-0.32009524,-0.06354751,-0.47367457,0.083964795,-0.047857564,-0.6425314,-0.026155628,-0.063254714,-0.7437426,-0.09175162,-0.07051391,-0.82511896,-0.15449823,-0.07301521
PLEASE,0.0,0.0,0.0,-0.04614549,-0.25874358,0.037767798,-0.16874747,-0.44279042,0.06020122,-0.24926719,-0.5801959,0.07737951,-0.25316483,-0.7026089,0.09024305,-0.39943677,-0.39634278,0.016308557,-0.61572206,-0.43143967,0.016771475,-0.735244,-0.44506246,0.020059371,-0.82272726,-0.45844713,0.020935096,-0.45067528,-0.24324381,-0.010725169,-0.6817916,-0.33515438,-0.017475061,-0.8139243,-0.3785266,-0.019823449,-0.9092741,-0.41619778,-0.020404179,-0.47607473,-0.08212031,-0.034016877,-0.68586606,-0.20037542,-0.042768665,-0.81627697,-0.26600152,-0.058519445,-0.9149265,-0.32463154,-0.07023771,-0.47858506,0.08203897,-0.05211025,-0.6491832,-0.027882436,-0.06887341,-0.7513573,-0.092100464,-0.07808907,-0.8344035,-0.15381438,-0.08213719
PLEASE,0.0,0.0,0.0,-0.043583944,-0.2641059,0.0401831,-0.16323881,-0.44981492,0.06493739,-0.24383613,-0.58699805,0.08444748,-0.2501576,-0.7032737,0.100189134,-0.40524623,-0.39716378,0.024136428,-0.6206427,-0.43194792,0.029692201,-0.7381358,-0.44689766,0.035458595,-0.8237965,-0.4606646,0.037692156,-0.45586213,-0.24046859,-0.00215176,-0.6861687,-0.33434823,-0.002999996,-0.815247,-0.3802366,-0.002380264,-0.9075606,-0.41992122,-0.0018220694,-0.48018786,-0.07690853,-0.02493258,-0.6892466,-0.19888437,-0.029284015,-0.8162838,-0.26596257,-0.04322195,-0.91190076,-0.32529944,-0.054579582,-0.4825683,0.08762944,-0.04230793,-0.6519061,-0.022590589,-0.05602537,-0.7529624,-0.0868816,-0.06416833,-0.83514124,-0.14885436,-0.06807182
PLEASE,0.0,0.0,0.0,-0.04306884,-0.25658062,0.04512177,-0.16441262,-0.43862897,0.075355984,-0.24748388,-0.571616,0.099794485,-0.25539106,-0.686861,0.120420866,-0.40056908,-0.3941518,0.03302833,-0.6142388,-0.4265121,0.04063561,-0.732266,-0.43855217,0.048200328,-0.8181715,-0.45146057,0.051782757,-0.45251027,-0.24480417,0.0055407956,-0.68389076,-0.33400944,0.004771361,-0.81455266,-0.37738314,0.0063250447,-0.9090783,-0.41662526,0.008690344,-0.4787605,-0.085081495,-0.01823997,-0.6870498,-0.20087148,-0.023157,-0.81462806,-0.26540986,-0.036665086,-0.9115285,-0.32453614,-0.046635844,-0.4816542,0.0798359,-0.03626398,-0.65058446,-0.02616642,-0.049977362,-0.7507644,-0.088236816,-0.05741534,-0.8326124,-0.14914748,-0.060191642
PLEASE,0.0,0.0,0.0,-0.04351416,-0.25488204,0.04497191,-0.16594714,-0.43897408,0.074703075,-0.24786192,-0.57423466,0.09839313,-0.25062522,-0.6893924,0.11809908,-0.4034407,-0.39589933,0.032322466,-0.6216176,-0.42661265,0.039801326,-0.7416077,-0.43931738,0.048021216,-0.8289116,-0.45270112,0.051963814,-0.4539202,-0.24673969,0.0045256135,-0.68619704,-0.3350288,0.0033994105,-0.8161376,-0.37771708,0.0046425904,-0.9096436,-0.4153895,0.006649682,-0.48012653,-0.08653931,-0.019619247,-0.68813473,-0.20106491,-0.025066584,-0.81593156,-0.26566306,-0.03966442,-0.91259444,-0.32407928,-0.050686564,-0.48527053,0.07984789,-0.03796259,-0.6532077,-0.025704587,-0.05317056,-0.7536247,-0.08754219,-0.062562324,-0.8356612,-0.14844571,-0.066895045
PLEASE,0.0,0.0,0.0,-0.043872442,-0.2611453,0.049810667,-0.16342874,-0.44214347,0.08131551,-0.24599169,-0.57564914,0.10623402,-0.24803849,-0.6911797,0.12680228,-0.39890826,-0.3993881,0.03421984,-0.61748135,-0.42887935,0.043347687,-0.7358324,-0.4400706,0.05334529,-0.8210269,-0.4527554,0.0585475,-0.4507645,-0.24695858,0.004962645,-0.6845604,-0.3359242,0.004318173,-0.81451285,-0.37940434,0.007163654,-0.90784204,-0.41931224,0.010551045,-0.4769333,-0.08507027,-0.020100882,-0.6859533,-0.2013672,-0.024825888,-0.8135104,-0.26600328,-0.038055997,-0.91044104,-0.325392,-0.04783613,-0.48060003,0.08117387,-0.038791686,-0.6508628,-0.025669558,-0.052243423,-0.7516519,-0.08784277,-0.060170118,-0.83431363,-0.14987521,-0.06349382
PLEASE,0.0,0.0,0.0,-0.04651933,-0.25711077,0.050335158,-0.16759905,-0.43861875,0.08193432,-0.2495359,-0.57296777,0.10717108,-0.2510739,-0.69084543,0.12790345,-0.40181115,-0.39121914,0.03309256,-0.62098557,-0.42198494,0.04225568,-0.739536,-0.43445295,0.052580252,-0.8246992,-0.44828907,0.058442358,-0.452266,-0.2403262,0.004242491,-0.68765754,-0.33090127,0.0043014903,-0.8181326,-0.37363574,0.007724765,-0.91120493,-0.41195345,0.011736607,-0.47798494,-0.079126894,-0.020104278,-0.6888396,-0.19639762,-0.024038183,-0.8171658,-0.26086658,-0.03696294,-0.9138996,-0.31909472,-0.046478998,-0.48172423,0.08735163,-0.03785356,-0.652862,-0.020793809,-0.05065298,-0.75372547,-0.08404996,-0.057889875,-0.8357951,-0.14577043,-0.060571175
PLEASE,0.0,0.0,0.0,-0.0444409,-0.2578622,0.04506743,-0.16972758,-0.44158208,0.074930884,-0.25147206,-0.579212,0.099246465,-0.25160897,-0.6978365,0.1194772,-0.40162128,-0.39752787,0.02994416,-0.62204814,-0.42792287,0.03866741,-0.74161845,-0.4402261,0.048189517,-0.8271977,-0.45362926,0.05337965,-0.45274428,-0.24577199,0.003617926,-0.68655705,-0.33382782,0.0047171186,-0.81671864,-0.37681505,0.007879712,-0.9092925,-0.4161575,0.011246154,-0.4795678,-0.08398776,-0.018771807,-0.6883838,-0.20032208,-0.020950979,-0.8177479,-0.2651255,-0.034335166,-0.91503125,-0.32353288,-0.044837374,-0.4841513,0.082197905,-0.03535624,-0.6530843,-0.026217636,-0.046466656,-0.75388783,-0.08981073,-0.053723596,-0.8357758,-0.15069918,-0.056883488
PLEASE,0.0,0.0,0.0,-0.040235374,-0.2553895,0.054624755,-0.15813315,-0.43414682,0.089161694,-0.24189903,-0.56565887,0.1170567,-0.24909605,-0.6846031,0.14125519,-0.39851952,-0.39773494,0.03997725,-0.61986977,-0.42516822,0.051368207,-0.74020606,-0.43475893,0.064121045,-0.8255788,-0.44569016,0.07241724,-0.4509572,-0.24764764,0.011654177,-0.687889,-0.33516985,0.012261172,-0.81830215,-0.3766721,0.01839216,-0.90981466,-0.41501483,0.02579965,-0.4783176,-0.08665541,-0.012015563,-0.6894956,-0.20008385,-0.014554326,-0.81672287,-0.26402122,-0.02406934,-0.91168207,-0.32277736,-0.029750504,-0.48218837,0.08080501,-0.02883568,-0.6522784,-0.025803216,-0.036928926,-0.7529736,-0.08795613,-0.04030089,-0.83388877,-0.14805058,-0.039585378
PLEASE,0.0,0.0,0.0,-0.04472137,-0.26372284,0.04829616,-0.16341794,-0.4438189,0.07789114,-0.2456149,-0.5797484,0.10101498,-0.24622667,-0.69676614,0.11969965,-0.3945902,-0.3956635,0.028876957,-0.6171513,-0.42822185,0.03590922,-0.73648727,-0.44195217,0.045334782,-0.822584,-0.45529374,0.050706137,-0.4464079,-0.2431845,-4.380839e-05,-0.6830798,-0.33720908,-0.0020268932,-0.8142508,-0.38166785,0.00060698926,-0.90762275,-0.41978684,0.004230995,-0.47257766,-0.0825105,-0.024593303,-0.6837146,-0.20119704,-0.029248698,-0.81213087,-0.26409632,-0.042570367,-0.90904343,-0.31865242,-0.052247096,-0.47610086,0.080376804,-0.04291513,-0.64741313,-0.02894903,-0.0552233,-0.7475438,-0.09059929,-0.062403724,-0.8286172,-0.14891995,-0.06512467
PLEASE,0.0,0.0,0.0,-0.043029223,-0.26403108,0.04494247,-0.16330694,-0.4446961,0.07257866,-0.2457728,-0.58027357,0.09397304,-0.24578951,-0.70013046,0.110729404,-0.3914904,-0.39963642,0.024327798,-0.61526793,-0.43001536,0.02935223,-0.73598325,-0.44454134,0.037893962,-0.8231916,-0.45949444,0.042573884,-0.44446987,-0.24662209,-0.004499186,-0.6800869,-0.33899963,-0.008196417,-0.8114456,-0.3840323,-0.006279896,-0.9055284,-0.4242856,-0.0032397837,-0.4725343,-0.084322214,-0.029273534,-0.68092656,-0.2033813,-0.035671204,-0.80999005,-0.26926947,-0.049261995,-0.9082727,-0.32822877,-0.059301365,-0.47808576,0.081091516,-0.048188426,-0.64807856,-0.030489605,-0.06316914,-0.74846464,-0.09412959,-0.07129775,-0.8311938,-0.15531741,-0.07457871
PLEASE,0.0,0.0,0.0,-0.044961724,-0.25688824,0.05039401,-0.16407405,-0.43371892,0.08029691,-0.24441972,-0.56543875,0.103032194,-0.24813269,-0.68623936,0.12096474,-0.39570004,-0.39213356,0.030383935,-0.6151039,-0.4280634,0.03641033,-0.7342221,-0.44381684,0.04597932,-0.8200105,-0.46024668,0.05152373,-0.44685313,-0.24333404,-0.0005358455,-0.6835401,-0.33401272,-0.004836789,-0.81542706,-0.37751922,-0.003052234,-0.9090683,-0.41664717,0.0005079555,-0.47233662,-0.08266746,-0.027042331,-0.68507403,-0.19661155,-0.03550272,-0.8142188,-0.2612581,-0.050013226,-0.91165143,-0.3203077,-0.059473097,-0.4752755,0.084552936,-0.046847843,-0.6491391,-0.021691289,-0.06326598,-0.7518139,-0.08481366,-0.07246278,-0.8357208,-0.14770742,-0.07592671
PLEASE,0.0,0.0,0.0,-0.04120182,-0.26866946,0.045542967,-0.1602674,-0.4509374,0.07495605,-0.24216585,-0.5859205,0.09831724,-0.2401532,-0.70436096,0.11715483,-0.39280578,-0.39989933,0.027656296,-0.61293626,-0.43076563,0.034639403,-0.7322223,-0.44492492,0.04409017,-0.81854296,-0.4600524,0.049091022,-0.44553614,-0.24576753,-0.00043709154,-0.6794818,-0.3391556,-0.0042588436,-0.81008667,-0.38540134,-0.0023581195,-0.90452427,-0.42642212,0.00099465,-0.47201994,-0.08425106,-0.02446775,-0.6806144,-0.20426589,-0.031586666,-0.80852467,-0.27131712,-0.045765314,-0.906981,-0.33072284,-0.055509206,-0.47516418,0.07777085,-0.042450543,-0.64587164,-0.032881264,-0.057668608,-0.74686074,-0.096713364,-0.066288784,-0.8292999,-0.15821268,-0.06970364
PLEASE,0.0,0.0,0.0,-0.04107955,-0.26215383,0.05178344,-0.15817115,-0.43727207,0.08338635,-0.23964855,-0.5663637,0.1079426,-0.24554545,-0.6863072,0.12764972,-0.39585343,-0.3945345,0.031333163,-0.61927587,-0.4236599,0.03837236,-0.7387776,-0.4376509,0.049479604,-0.8240708,-0.45352972,0.05636321,-0.44657424,-0.24250007,0.0006368975,-0.68534476,-0.3306659,-0.0040331343,-0.81649816,-0.37408322,-0.0005813566,-0.91006,-0.41447654,0.0047885994,-0.47128466,-0.07978903,-0.025593983,-0.6839831,-0.1945977,-0.034314588,-0.81207484,-0.25915772,-0.04688394,-0.9101381,-0.31895134,-0.054412436,-0.4725701,0.0883494,-0.044930633,-0.6474922,-0.018093206,-0.06116673,-0.75004536,-0.08139322,-0.068882376,-0.83452314,-0.14428034,-0.070881985
PLEASE,0.0,0.0,0.0,-0.042601153,-0.26710594,0.044990174,-0.16246434,-0.448564,0.07518597,-0.24581671,-0.58410543,0.09982843,-0.24463221,-0.7065564,0.11977819,-0.39624184,-0.3961776,0.028559512,-0.6115438,-0.43320048,0.037222646,-0.7300348,-0.44773245,0.04661506,-0.8172081,-0.46181497,0.051101167,-0.45018503,-0.2423909,0.0012647816,-0.68067324,-0.3389805,0.0003823669,-0.8110849,-0.3839678,0.0025825317,-0.9059343,-0.42341822,0.005563608,-0.4760603,-0.08181074,-0.021795962,-0.6844936,-0.20226966,-0.026621174,-0.8117869,-0.26711187,-0.040411998,-0.9099274,-0.32451898,-0.050423626,-0.47759843,0.08044578,-0.03891741,-0.6492121,-0.028283464,-0.052758764,-0.7498873,-0.09180651,-0.060685433,-0.83152676,-0.15325677,-0.063727506
PLEASE,0.0,0.0,0.0,-0.043206543,-0.25859293,0.049159713,-0.16170636,-0.43928105,0.08033013,-0.2409266,-0.57424337,0.1048372,-0.24031171,-0.6943382,0.12457419,-0.39588988,-0.39540425,0.032732338,-0.6148229,-0.42697406,0.039902557,-0.73548526,-0.43906835,0.049501225,-0.82290506,-0.452974,0.054759547,-0.44772178,-0.24520926,0.0034878757,-0.6831038,-0.3336942,0.00059459097,-0.81526387,-0.37533623,0.0023489974,-0.9103708,-0.41379339,0.005644816,-0.47374895,-0.0844727,-0.021576341,-0.68471897,-0.19867885,-0.02888243,-0.8132413,-0.26265046,-0.043901186,-0.9110801,-0.3208929,-0.05401139,-0.47712108,0.08063502,-0.04020557,-0.6478691,-0.024846647,-0.05659304,-0.7497523,-0.08756016,-0.066574864,-0.8335722,-0.14963731,-0.07065573
PLEASE,0.0,0.0,0.0,-0.04164853,-0.26217932,0.04391664,-0.16158529,-0.44268143,0.07138148,-0.24149583,-0.5781352,0.093205206,-0.24029666,-0.69971865,0.110295735,-0.38891125,-0.40097335,0.02139949,-0.6127562,-0.4326968,0.026477145,-0.73679966,-0.44589,0.036020126,-0.82594603,-0.45926848,0.041253615,-0.4406423,-0.24832074,-0.006665825,-0.6777334,-0.33914554,-0.011510526,-0.81133693,-0.3836064,-0.009601522,-0.90594983,-0.42338505,-0.006410671,-0.46801624,-0.08646928,-0.030620124,-0.6802216,-0.20567006,-0.038829487,-0.8103135,-0.2731624,-0.053865727,-0.908523,-0.33316553,-0.06440391,-0.47295147,0.078228526,-0.048579417,-0.64505476,-0.02998891,-0.06609254,-0.74830455,-0.09289216,-0.077109426,-0.8333603,-0.1547446,-0.08221304
PLEASE,0.0,0.0,0.0,-0.042066596,-0.26036152,0.053134546,-0.16143297,-0.43416354,0.08610527,-0.24325393,-0.5622339,0.11164499,-0.2471635,-0.67953455,0.13306274,-0.39716622,-0.3917236,0.038067978,-0.6201531,-0.42382506,0.04717556,-0.7433843,-0.43788356,0.05864327,-0.83136356,-0.45241806,0.06535565,-0.44877636,-0.24022134,0.007771736,-0.6867804,-0.3288909,0.006410432,-0.81913966,-0.3711622,0.010191618,-0.912312,-0.40949592,0.015138797,-0.47528479,-0.079312265,-0.018116249,-0.68898845,-0.19477545,-0.02360321,-0.81737036,-0.25935608,-0.035778113,-0.9138075,-0.3175255,-0.043808974,-0.4788749,0.08596468,-0.03729794,-0.651084,-0.019724151,-0.051850177,-0.7538781,-0.08142692,-0.060126163,-0.8384493,-0.1426227,-0.06284244
PLEASE,0.0,0.0,0.0,-0.041935038,-0.26415336,0.047678214,-0.16303217,-0.44937795,0.081043035,-0.24688196,-0.5858716,0.10853898,-0.24745087,-0.7037058,0.13175525,-0.39797163,-0.39832705,0.03666276,-0.6145403,-0.43364048,0.047804143,-0.7326623,-0.44900522,0.058726165,-0.8186817,-0.4645702,0.06437737,-0.45055464,-0.24723028,0.009707265,-0.68318063,-0.33862633,0.01102718,-0.81293833,-0.38202256,0.013675126,-0.9070928,-0.42093056,0.016893951,-0.47672167,-0.08792847,-0.013255103,-0.6859114,-0.20375834,-0.017029611,-0.8135874,-0.26739073,-0.032192767,-0.9116579,-0.32431504,-0.043142907,-0.4808364,0.07431807,-0.030040888,-0.65140617,-0.030604409,-0.04344573,-0.7515219,-0.09277185,-0.05292648,-0.83327734,-0.15426037,-0.057256524
PLEASE,0.0,0.0,0.0,-0.042803332,-0.26477996,0.044384465,-0.16167697,-0.4477054,0.07256234,-0.24206573,-0.58401424,0.096091256,-0.23727438,-0.70190465,0.1152109,-0.38774407,-0.39293894,0.016160827,-0.6146109,-0.428145,0.02200335,-0.73874307,-0.44154906,0.03354867,-0.82623726,-0.45442814,0.040593825,-0.4400382,-0.23649418,-0.010071148,-0.68179435,-0.33382368,-0.014021897,-0.81470925,-0.38136408,-0.008766787,-0.90605354,-0.423163,-0.0030015174,-0.46679822,-0.07464691,-0.031591125,-0.6855238,-0.19932503,-0.038324542,-0.8161852,-0.26923242,-0.05145037,-0.91114414,-0.33010677,-0.06083263,-0.4702972,0.08672585,-0.046792194,-0.64584994,-0.021427812,-0.06318318,-0.75007385,-0.084810525,-0.07349588,-0.8327116,-0.14613162,-0.0781713
PLEASE,0.0,0.0,0.0,-0.042733893,-0.26091355,0.044275362,-0.16573289,-0.4457702,0.07592682,-0.24712855,-0.5841934,0.10205066,-0.24559614,-0.70492643,0.1240339,-0.39817336,-0.3969771,0.033510577,-0.614434,-0.429575,0.04391241,-0.7314703,-0.44213125,0.054166526,-0.8164061,-0.45604447,0.05912464,-0.45081738,-0.2453795,0.007206829,-0.68289566,-0.3358025,0.008365017,-0.8134172,-0.38020694,0.0109785125,-0.9075386,-0.41996872,0.013928462,-0.47659218,-0.086473316,-0.01565222,-0.68573606,-0.20381095,-0.01993495,-0.8134145,-0.26793152,-0.035607066,-0.91100377,-0.32504648,-0.04711771,-0.479437,0.073979706,-0.03272997,-0.64974356,-0.03075658,-0.0479676,-0.75072795,-0.09267404,-0.05900202,-0.832884,-0.1532331,-0.0644936
PLEASE,0.0,0.0,0.0,-0.0425646,-0.26578155,0.04563759,-0.15996924,-0.44812435,0.074886575,-0.24069749,-0.5811992,0.09911707,-0.24119256,-0.6992863,0.11935293,-0.38907182,-0.39736626,0.021175338,-0.61353767,-0.4335514,0.026795877,-0.735614,-0.4487913,0.037619088,-0.8215949,-0.4631366,0.044549197,-0.44048524,-0.24125153,-0.005459024,-0.68117815,-0.33683667,-0.010252819,-0.8141046,-0.38309103,-0.006156367,-0.90603787,-0.42319664,-0.00070852233,-0.46718907,-0.08008635,-0.02769394,-0.6843322,-0.20406711,-0.03511967,-0.8139347,-0.27201286,-0.04824245,-0.9097678,-0.33184513,-0.056867465,-0.47117525,0.080557056,-0.043553207,-0.64643687,-0.029067324,-0.060058035,-0.7507486,-0.09349862,-0.070266694,-0.83439124,-0.15593198,-0.07434213
PLEASE,0.0,0.0,0.0,-0.04400806,-0.2626139,0.055391315,-0.16100504,-0.44158912,0.0913383,-0.24271166,-0.57325125,0.12064674,-0.24777731,-0.69202167,0.14562166,-0.39663932,-0.39329052,0.039876394,-0.61519754,-0.4263245,0.051954113,-0.7320682,-0.43910906,0.06517348,-0.81547457,-0.45384502,0.073234364,-0.44894174,-0.24103913,0.0107465,-0.6859343,-0.33252534,0.011106696,-0.8166853,-0.3756156,0.01636235,-0.9097646,-0.41512462,0.022746146,-0.47402385,-0.0806887,-0.0136574255,-0.68818176,-0.1979976,-0.01859016,-0.81553894,-0.261764,-0.031287044,-0.9119704,-0.31975925,-0.039082475,-0.47507066,0.08252334,-0.030774064,-0.649983,-0.022764996,-0.044716015,-0.75205463,-0.0849928,-0.05288285,-0.8344396,-0.14654393,-0.055253394
PLEASE,0.0,0.0,0.0,-0.043996338,-0.26617342,0.04729923,-0.16314368,-0.44775328,0.07861507,-0.24464716,-0.5846262,0.104282394,-0.24419671,-0.70779157,0.12548658,-0.3917513,-0.39589116,0.027787104,-0.61665654,-0.4303292,0.036300883,-0.73634624,-0.44439155,0.048092943,-0.82153845,-0.45880464,0.055336785,-0.4426064,-0.24210349,0.00077784335,-0.682284,-0.3361826,-0.00019808197,-0.81534266,-0.37984908,0.0038659035,-0.90869933,-0.41745132,0.008703288,-0.4677799,-0.081751645,-0.021981154,-0.68272,-0.20016108,-0.026424317,-0.81199193,-0.264567,-0.04045538,-0.9088884,-0.32095546,-0.05045415,-0.47046408,0.07874284,-0.038421,-0.64430565,-0.02627759,-0.052964654,-0.74761975,-0.08832059,-0.06314695,-0.8310907,-0.14782031,-0.067760915
PLEASE,0.0,0.0,0.0,-0.04486997,-0.26333928,0.04791042,-0.16382653,-0.44627208,0.078467004,-0.24422121,-0.58288085,0.103713214,-0.24228771,-0.7016852,0.12450254,-0.38936263,-0.397208,0.022066249,-0.61649036,-0.42953986,0.02918454,-0.738617,-0.44222584,0.041252982,-0.8249431,-0.4556596,0.04870001,-0.43972287,-0.24313979,-0.005308268,-0.68193024,-0.33664715,-0.0080482345,-0.8149815,-0.38158548,-0.0032682961,-0.90696913,-0.42119715,0.0020836932,-0.4659579,-0.08197332,-0.027968654,-0.6827196,-0.20419545,-0.033942223,-0.81314147,-0.27154416,-0.047992438,-0.9093677,-0.33076638,-0.058029376,-0.4701051,0.07958527,-0.04403775,-0.6437506,-0.027502429,-0.060400687,-0.7479986,-0.090611674,-0.07176821,-0.83237284,-0.15111497,-0.07722786
PLEASE,0.0,0.0,0.0,-0.044408597,-0.26402912,0.037983075,-0.16707064,-0.44878086,0.061055608,-0.24666563,-0.58747524,0.079556905,-0.24114245,-0.70570385,0.093465306,-0.39363152,-0.39210558,0.0095494315,-0.61869174,-0.42568856,0.010354045,-0.7432371,-0.43895978,0.016589623,-0.8323367,-0.45108986,0.019510673,-0.44450557,-0.23517564,-0.01644621,-0.68339026,-0.3321558,-0.02310853,-0.8155165,-0.37950632,-0.022137528,-0.9076114,-0.4198112,-0.02045948,-0.47101438,-0.07309948,-0.038289968,-0.68855006,-0.19814871,-0.046236385,-0.8208321,-0.267624,-0.061356913,-0.91820025,-0.32701966,-0.07330507,-0.47524792,0.08691236,-0.05469073,-0.6482343,-0.022092694,-0.07203869,-0.7529759,-0.0858228,-0.083226934,-0.83691037,-0.14516239,-0.08925024
PLEASE,0.0,0.0,0.0,-0.038304895,-0.26376495,0.04708073,-0.1585241,-0.44767746,0.07879499,-0.23957907,-0.5807626,0.10486148,-0.24166372,-0.69925076,0.12670979,-0.387545,-0.408924,0.028427267,-0.6107624,-0.4426171,0.035915,-0.73185927,-0.45660278,0.04702436,-0.81706685,-0.46961418,0.05421492,-0.44063276,-0.25661883,0.0016768981,-0.6794899,-0.3470754,-0.0007040355,-0.81174624,-0.38901493,0.0033718578,-0.90526766,-0.42484167,0.008937661,-0.46944612,-0.094512254,-0.020831466,-0.6826964,-0.2132794,-0.0263852,-0.81155336,-0.27709138,-0.03850246,-0.9086805,-0.3332973,-0.04646161,-0.4757945,0.071642786,-0.03704679,-0.6472144,-0.03575922,-0.051650386,-0.75007445,-0.09992949,-0.05981176,-0.83386266,-0.16148862,-0.062382415
PLEASE,0.0,0.0,0.0,-0.04007591,-0.26120663,0.04388799,-0.15784669,-0.4398447,0.07188452,-0.24131049,-0.57095927,0.09490971,-0.24609758,-0.68938774,0.1133051,-0.38553792,-0.3940553,0.020055046,-0.607822,-0.425858,0.026330244,-0.7313352,-0.43582845,0.034872517,-0.82254183,-0.44346413,0.03905609,-0.43741778,-0.2386549,-0.0066218935,-0.67612815,-0.33933783,-0.009082686,-0.8112217,-0.38371614,-0.0064426493,-0.90807164,-0.4188149,-0.0037320282,-0.46441808,-0.07607308,-0.028767178,-0.67872083,-0.20490792,-0.034038574,-0.8102435,-0.27354372,-0.04778563,-0.90803283,-0.3301146,-0.058582917,-0.46982315,0.08681839,-0.044778198,-0.64263976,-0.025168968,-0.059672836,-0.7462322,-0.08949528,-0.06858229,-0.8297748,-0.1489326,-0.07293982
PLEASE,0.0,0.0,0.0,-0.038082905,-0.26158413,0.055765975,-0.15352488,-0.4386239,0.09041947,-0.23716973,-0.56725657,0.11755767,-0.24675542,-0.68474215,0.13985153,-0.38890925,-0.4021368,0.040240534,-0.6048308,-0.4401444,0.05073722,-0.7231266,-0.45191363,0.0622275,-0.80931604,-0.46313944,0.068642385,-0.4455769,-0.2516699,0.009361194,-0.6803129,-0.3443619,0.007947901,-0.81201404,-0.38468745,0.010709137,-0.9073741,-0.42032397,0.015014886,-0.47352803,-0.08993845,-0.016614273,-0.6868636,-0.20733081,-0.022997309,-0.8154828,-0.2718186,-0.03649247,-0.91341335,-0.32920173,-0.045184113,-0.47703528,0.076142475,-0.03524434,-0.65024775,-0.029246967,-0.049299642,-0.75332654,-0.09178918,-0.05675792,-0.8375398,-0.1541734,-0.058881667
PLEASE,0.0,0.0,0.0,-0.043496814,-0.26279724,0.044442005,-0.1642227,-0.4458425,0.07319271,-0.24410446,-0.58149284,0.096335344,-0.24190024,-0.70255494,0.11493415,-0.3899596,-0.39467865,0.023852345,-0.6116705,-0.4245342,0.029334344,-0.73490214,-0.43620992,0.037989505,-0.8242149,-0.4478925,0.042461198,-0.4412949,-0.24133419,-0.0037402078,-0.6787495,-0.3367953,-0.0075639333,-0.8119682,-0.38264823,-0.0051700026,-0.90624744,-0.4227476,-0.0019793778,-0.46857238,-0.08086207,-0.027390175,-0.6836719,-0.20501854,-0.034650415,-0.8148365,-0.27297115,-0.049411114,-0.9125469,-0.33248076,-0.06013528,-0.47399378,0.081706926,-0.04503072,-0.64905417,-0.023780325,-0.06236279,-0.7538238,-0.085828386,-0.07334957,-0.83788544,-0.14484784,-0.07872378
PLEASE,0.0,0.0,0.0,-0.040117875,-0.26564863,0.044955473,-0.15754296,-0.44683778,0.074201554,-0.23853852,-0.5800873,0.09861101,-0.24222843,-0.70010513,0.11890493,-0.3919477,-0.39801526,0.023162285,-0.6150352,-0.43474042,0.030087015,-0.73778343,-0.4496773,0.040900573,-0.8243672,-0.46359888,0.047647964,-0.44455406,-0.24095076,-0.0028501984,-0.6827205,-0.337745,-0.005899839,-0.81477547,-0.38306618,-0.0011891786,-0.9063662,-0.42249286,0.0045892745,-0.4713214,-0.07822414,-0.024602432,-0.687331,-0.20397298,-0.03117659,-0.81569195,-0.27078265,-0.043056734,-0.91125065,-0.32944453,-0.05091011,-0.475096,0.08473199,-0.04009922,-0.6499687,-0.023789385,-0.05630863,-0.7536487,-0.08734695,-0.065241516,-0.83781284,-0.14871812,-0.068223454
PLEASE,0.0,0.0,0.0,-0.03907849,-0.26546887,0.04794207,-0.15552522,-0.44590992,0.0794784,-0.23797984,-0.5801403,0.10496367,-0.24490613,-0.70056856,0.12598477,-0.39047512,-0.39885837,0.03182288,-0.60795885,-0.4375192,0.040950768,-0.72511715,-0.45157632,0.051843457,-0.81031096,-0.46573794,0.05799456,-0.44584206,-0.24595888,0.004307459,-0.6810217,-0.3404042,0.0019673605,-0.8121297,-0.38336825,0.0047809915,-0.9065335,-0.42213395,0.009257577,-0.47276157,-0.08530052,-0.018937858,-0.6864415,-0.2038891,-0.02576663,-0.8147961,-0.2673718,-0.039604798,-0.913226,-0.32436314,-0.04851569,-0.4752545,0.077681966,-0.035643175,-0.65043163,-0.026538108,-0.050826486,-0.75330216,-0.088107206,-0.059287157,-0.83725786,-0.14958705,-0.06200349
PLEASE,0.0,0.0,0.0,-0.040131222,-0.2642261,0.042535767,-0.16100742,-0.44726032,0.069564216,-0.24295242,-0.5840039,0.09149894,-0.24331348,-0.70616794,0.109031655,-0.38879782,-0.39735323,0.020071112,-0.6131658,-0.4315957,0.02488752,-0.73571163,-0.44504294,0.033982918,-0.8227287,-0.45786175,0.03911318,-0.44124538,-0.24254596,-0.0064772996,-0.68031806,-0.3367739,-0.011555496,-0.813076,-0.38276318,-0.009383263,-0.90599716,-0.4232838,-0.005854595,-0.46901006,-0.08131585,-0.028895652,-0.6861901,-0.20385623,-0.036977235,-0.81735075,-0.27144292,-0.051037233,-0.9144682,-0.32883096,-0.06086269,-0.47341496,0.07971586,-0.045288898,-0.64809763,-0.026355285,-0.061612632,-0.7526478,-0.0869046,-0.07095625,-0.83658564,-0.142613,-0.07487185
PLEASE,0.0,0.0,0.0,-0.038899954,-0.26235205,0.049379986,-0.15750395,-0.44031408,0.082355104,-0.24068086,-0.57023656,0.10938084,-0.24781042,-0.68601346,0.13222215,-0.39853337,-0.3939255,0.034480073,-0.62010336,-0.43063527,0.044739094,-0.7412578,-0.44534463,0.056624997,-0.827222,-0.46034095,0.06386829,-0.45033735,-0.23915483,0.0073473305,-0.6874424,-0.3323279,0.0070710448,-0.81856406,-0.37550706,0.011244453,-0.9102505,-0.41405803,0.016612832,-0.47540802,-0.07609022,-0.01558707,-0.69161385,-0.19508997,-0.020969909,-0.81920856,-0.260118,-0.034248374,-0.91508913,-0.31741565,-0.042812396,-0.4772155,0.089062,-0.03186657,-0.652135,-0.017778726,-0.046276577,-0.7554206,-0.0795659,-0.055213712,-0.8396901,-0.1397084,-0.05833204
PLEASE,0.0,0.0,0.0,-0.04188164,-0.2656584,0.043830793,-0.16150866,-0.44722828,0.07373218,-0.24393332,-0.581673,0.09794477,-0.24504742,-0.70217216,0.117823906,-0.39562666,-0.39670676,0.029159091,-0.612363,-0.43506247,0.03580299,-0.7314323,-0.4498642,0.043858584,-0.81874084,-0.46377984,0.047649186,-0.4495105,-0.2438493,0.0020750698,-0.682894,-0.33780757,-0.0007356834,-0.81404215,-0.3803184,0.00017514035,-0.9087018,-0.417446,0.0024860697,-0.47552684,-0.08428095,-0.021215752,-0.6880722,-0.20282847,-0.028047632,-0.816781,-0.26513916,-0.043205313,-0.9152507,-0.31976393,-0.053812828,-0.4770794,0.07650981,-0.038661145,-0.65137196,-0.029228397,-0.054828625,-0.7538752,-0.09120927,-0.06452951,-0.83716106,-0.15134402,-0.0685621
PLEASE,0.0,0.0,0.0,-0.04183841,-0.26437172,0.0452472,-0.16326773,-0.4483605,0.07618179,-0.24407339,-0.5856208,0.10210919,-0.24280179,-0.7073888,0.1238998,-0.39244786,-0.40016896,0.025837932,-0.61599916,-0.43506113,0.03352585,-0.7383098,-0.45051855,0.044628076,-0.8243302,-0.46584347,0.051502213,-0.44490436,-0.24521253,7.302249e-05,-0.6838076,-0.33842862,-0.0013529097,-0.8161399,-0.38216496,0.00345997,-0.9072583,-0.42057392,0.0090834005,-0.47232217,-0.083095446,-0.021600699,-0.68889654,-0.20503874,-0.027021933,-0.8177831,-0.27014336,-0.039646994,-0.91302073,-0.32637307,-0.04824424,-0.47688505,0.07964218,-0.037104577,-0.65125644,-0.027061673,-0.05277783,-0.7552868,-0.089080855,-0.062319443,-0.8393238,-0.14724834,-0.06599528
PLEASE,0.0,0.0,0.0,-0.04150398,-0.26817378,0.048254687,-0.16136247,-0.44969183,0.08073268,-0.24383011,-0.58490705,0.10762685,-0.24343826,-0.70595145,0.1301469,-0.39454234,-0.40133983,0.030276582,-0.6186835,-0.4344536,0.039966006,-0.74036086,-0.4474937,0.051871188,-0.8273418,-0.46075657,0.05877159,-0.44709644,-0.24494132,0.0033440364,-0.68516237,-0.33816475,0.0029967318,-0.816597,-0.38048026,0.0077719903,-0.9084365,-0.41802302,0.0131160915,-0.47383294,-0.08138465,-0.019239323,-0.69039696,-0.20386596,-0.0240663,-0.82026035,-0.2689848,-0.037059706,-0.91740006,-0.3250738,-0.046143513,-0.47730914,0.08232642,-0.03531613,-0.6524599,-0.024945524,-0.050037563,-0.75641763,-0.08642322,-0.05895893,-0.8405195,-0.14437853,-0.06245706
PLEASE,0.0,0.0,0.0,-0.04010885,-0.26245213,0.048240975,-0.16011874,-0.4438542,0.08087193,-0.24460037,-0.5775339,0.1084821,-0.24848509,-0.6948163,0.13196188,-0.39602005,-0.39621872,0.02819618,-0.6227899,-0.43223134,0.03834888,-0.7451265,-0.44644699,0.051477585,-0.8320907,-0.45903075,0.05937999,-0.4461786,-0.2395689,0.0017217834,-0.68483996,-0.33544302,0.00048363613,-0.81661355,-0.3796731,0.0051345,-0.9090001,-0.4167958,0.010728205,-0.47055757,-0.077377245,-0.020211358,-0.6875986,-0.20011884,-0.025626443,-0.81817216,-0.26736158,-0.039311443,-0.9159738,-0.3247624,-0.048562247,-0.47263035,0.08400028,-0.035449684,-0.6486111,-0.024104675,-0.050443992,-0.75353897,-0.08606382,-0.06046332,-0.8378546,-0.14498009,-0.064633116
PLEASE,0.0,0.0,0.0,-0.041942243,-0.25866124,0.050443072,-0.16250102,-0.44024616,0.08511582,-0.24598704,-0.57313806,0.1141183,-0.2511068,-0.6937215,0.13930357,-0.39886948,-0.39426726,0.03674499,-0.6159118,-0.43103337,0.048019957,-0.73436224,-0.44117504,0.06083612,-0.81930304,-0.4515696,0.06827305,-0.4522068,-0.24088868,0.009661716,-0.6865761,-0.33573288,0.0082702255,-0.8168283,-0.37724152,0.013090111,-0.9106277,-0.4132278,0.01925408,-0.47870564,-0.07878293,-0.013187194,-0.6916619,-0.19980504,-0.019605258,-0.8197683,-0.26505968,-0.032520827,-0.91706896,-0.32211813,-0.04054212,-0.481334,0.08611374,-0.029233273,-0.65351635,-0.022236435,-0.044411734,-0.75622326,-0.08573596,-0.053260483,-0.83897763,-0.1476559,-0.05618832
PLEASE,0.0,0.0,0.0,-0.043087576,-0.2573175,0.046710953,-0.16507009,-0.43905962,0.079534195,-0.24872783,-0.5718584,0.107495666,-0.25238025,-0.6904034,0.13178825,-0.40152174,-0.38903335,0.031194545,-0.61763704,-0.42675245,0.04046754,-0.73620135,-0.43903926,0.05145257,-0.8210709,-0.45059887,0.057621952,-0.4528768,-0.23542577,0.005214314,-0.68678945,-0.3309743,0.003161615,-0.8172733,-0.37483183,0.006940574,-0.9111948,-0.41197574,0.011867856,-0.47768003,-0.074803665,-0.016705474,-0.690701,-0.19696382,-0.023793317,-0.8184259,-0.26342323,-0.037730195,-0.91528445,-0.3210383,-0.046827942,-0.47899985,0.08695236,-0.032172132,-0.6514028,-0.021924157,-0.04899055,-0.7538984,-0.08620251,-0.059326068,-0.8366834,-0.14804436,-0.06346622
PLEASE,0.0,0.0,0.0,-0.038575344,-0.26263997,0.045166448,-0.15853278,-0.4469677,0.07858973,-0.24088511,-0.58173126,0.108034156,-0.24253239,-0.6980642,0.1346969,-0.39890507,-0.39883083,0.032147907,-0.61864716,-0.43758214,0.04344964,-0.7380857,-0.44986352,0.05599642,-0.8210342,-0.4606068,0.06405479,-0.45105535,-0.2438169,0.009506582,-0.68681985,-0.33920717,0.011779471,-0.8162117,-0.38315526,0.019010961,-0.90699065,-0.42115086,0.026607139,-0.4773226,-0.082234986,-0.009260261,-0.69081867,-0.20345932,-0.010263851,-0.8165683,-0.2681419,-0.020147005,-0.9108302,-0.3244547,-0.026762763,-0.47900072,0.07988779,-0.022106323,-0.6495815,-0.028098086,-0.032233573,-0.7507562,-0.09147541,-0.03857575,-0.83168393,-0.15156181,-0.040054098
PLEASE,0.0,0.0,0.0,-0.040814087,-0.2692891,0.037627827,-0.16453624,-0.4549427,0.062330443,-0.24789307,-0.5931395,0.08183463,-0.24100855,-0.71313584,0.09683156,-0.39108613,-0.40011215,0.014841936,-0.6127002,-0.43581477,0.01615739,-0.73638284,-0.4487907,0.021907333,-0.8260993,-0.4591973,0.024146827,-0.4434397,-0.24463592,-0.011680032,-0.6785077,-0.3415972,-0.019105088,-0.81058156,-0.3867449,-0.019197078,-0.9059366,-0.42341337,-0.017899187,-0.4707137,-0.083726995,-0.034356333,-0.68381417,-0.20767961,-0.043427993,-0.81494194,-0.27514833,-0.058065202,-0.9142772,-0.33135536,-0.06919072,-0.4761765,0.076013505,-0.05187646,-0.64789426,-0.03182384,-0.06970769,-0.7517275,-0.095315866,-0.07979013,-0.83533067,-0.1543829,-0.08477249
PLEASE,0.0,0.0,0.0,-0.036382504,-0.2652618,0.041018195,-0.1582164,-0.44933003,0.06692415,-0.24177298,-0.58535564,0.08786716,-0.23767331,-0.70115364,0.10442594,-0.3871292,-0.40468475,0.013880299,-0.612368,-0.44043064,0.015455498,-0.73782593,-0.45538586,0.023591666,-0.8260316,-0.46846834,0.028455798,-0.44020784,-0.2479459,-0.012940347,-0.6801101,-0.341656,-0.0215078,-0.81420845,-0.3844208,-0.019239616,-0.90759075,-0.41985595,-0.014878388,-0.46826386,-0.08443219,-0.0354207,-0.68721527,-0.20720546,-0.045799166,-0.818723,-0.2735019,-0.058377255,-0.9156909,-0.32932863,-0.06653286,-0.4726138,0.07955495,-0.052072704,-0.64745325,-0.02792378,-0.07039313,-0.75300616,-0.09049797,-0.07978374,-0.8376325,-0.14846152,-0.083184876
PLEASE,0.0,0.0,0.0,-0.036866505,-0.2627265,0.041491535,-0.15745553,-0.44098383,0.067631595,-0.24008061,-0.5719003,0.08864794,-0.2414054,-0.6881023,0.10529621,-0.38936022,-0.39427856,0.017722433,-0.61146414,-0.4285195,0.02006007,-0.7362232,-0.44226673,0.027310586,-0.82528573,-0.45420974,0.031101143,-0.4421243,-0.23799571,-0.009449334,-0.68031687,-0.33275384,-0.017075581,-0.8145385,-0.37786794,-0.015940247,-0.90933084,-0.41607374,-0.013076558,-0.46951148,-0.07502232,-0.032600496,-0.6876747,-0.19796917,-0.042712495,-0.81958187,-0.26607817,-0.056686062,-0.9181064,-0.3239164,-0.066236116,-0.47310892,0.0880109,-0.04985661,-0.64862543,-0.017835826,-0.067867614,-0.7549994,-0.07956244,-0.077810064,-0.840678,-0.13720441,-0.08204273
PLEASE,0.0,0.0,0.0,-0.029786563,-0.2607576,0.042751845,-0.14465912,-0.44258267,0.07203447,-0.23081681,-0.57598937,0.09638546,-0.24441354,-0.69052,0.11711889,-0.38349688,-0.40958288,0.024976516,-0.60723007,-0.4470339,0.030922629,-0.73030114,-0.4604323,0.04105283,-0.8184194,-0.47226426,0.04721454,-0.43852726,-0.25607204,-0.00072930136,-0.6756054,-0.34780684,-0.0065952227,-0.8091051,-0.3901614,-0.0043524737,-0.9045079,-0.4264569,0.00032278008,-0.46615824,-0.09360513,-0.022589566,-0.6816848,-0.20989822,-0.03154745,-0.81104916,-0.27387446,-0.04357595,-0.90991837,-0.3305541,-0.050574016,-0.4695231,0.0712683,-0.038489025,-0.64450324,-0.03496028,-0.05431027,-0.7492949,-0.09671467,-0.062115263,-0.8346126,-0.15741949,-0.06398582
PLEASE,0.0,0.0,0.0,-0.03962232,-0.25876316,0.04166854,-0.16248019,-0.43930715,0.06984878,-0.24574377,-0.57442075,0.09346099,-0.24590512,-0.6876847,0.11290042,-0.3902548,-0.39462602,0.01922573,-0.6122031,-0.42737556,0.023725484,-0.7366326,-0.43727922,0.031356532,-0.826066,-0.44586754,0.03497913,-0.4438418,-0.23963568,-0.006928705,-0.6803359,-0.33250642,-0.012447919,-0.8146783,-0.37592453,-0.010999457,-0.91037,-0.4137953,-0.008273507,-0.47285214,-0.07718787,-0.028933642,-0.6877958,-0.2015689,-0.03671712,-0.8190741,-0.2679051,-0.05040456,-0.9181636,-0.32430676,-0.060356505,-0.47798976,0.08604339,-0.04509341,-0.65140605,-0.022404162,-0.061262142,-0.7556202,-0.08424389,-0.07016864,-0.8396623,-0.14195454,-0.07399692
PLEASE,0.0,0.0,0.0,-0.03522967,-0.26003766,0.046110332,-0.15484348,-0.43951434,0.078311704,-0.24064247,-0.5696734,0.10537982,-0.25142342,-0.68161905,0.12935129,-0.39305046,-0.4048538,0.031161906,-0.6157219,-0.43894604,0.039479416,-0.73861974,-0.452373,0.050568268,-0.826589,-0.46410006,0.05729475,-0.44694096,-0.24953766,0.0051180036,-0.68154466,-0.33923015,-2.1906311e-05,-0.81371164,-0.3813794,0.002744472,-0.9086279,-0.41760656,0.008261017,-0.47512263,-0.08557116,-0.01687894,-0.687251,-0.20260963,-0.025681103,-0.81515115,-0.2676331,-0.03756602,-0.91313374,-0.32407537,-0.043943837,-0.47991204,0.07978078,-0.032550357,-0.6520217,-0.028943675,-0.047346245,-0.7545963,-0.090792045,-0.054264765,-0.83818895,-0.151288,-0.055406462
PLEASE,0.0,0.0,0.0,-0.037602056,-0.26052597,0.044737577,-0.1606562,-0.4401888,0.07610224,-0.24509607,-0.5725675,0.102150746,-0.24990383,-0.68689287,0.124598816,-0.3964642,-0.39554197,0.029140886,-0.6177636,-0.42749137,0.037063695,-0.74057555,-0.44174895,0.047705058,-0.82815546,-0.45550942,0.053813785,-0.44921875,-0.24102277,0.002621819,-0.684965,-0.33275855,-0.0009806834,-0.81666,-0.37689382,0.002748178,-0.90957415,-0.41554174,0.008089996,-0.47656965,-0.07870215,-0.020151645,-0.69065106,-0.19864666,-0.027937928,-0.81929755,-0.2644348,-0.040421415,-0.9165279,-0.32120657,-0.048168167,-0.48034123,0.08525932,-0.036924157,-0.6534376,-0.022693923,-0.052342508,-0.7574024,-0.08514751,-0.06079742,-0.8416604,-0.14477248,-0.06365132
PLEASE,0.0,0.0,0.0,-0.04084865,-0.2615476,0.046021465,-0.16127458,-0.44401124,0.07759728,-0.24561311,-0.58025676,0.1041839,-0.24920547,-0.70297277,0.1269565,-0.394305,-0.40148994,0.027194524,-0.6184229,-0.4368254,0.03521746,-0.74080384,-0.44880715,0.04699626,-0.82752866,-0.46056747,0.054230053,-0.44767255,-0.24666183,0.001151839,-0.6836956,-0.33936682,-0.0026834763,-0.8149411,-0.38124692,0.0014715428,-0.9080682,-0.4188223,0.007429343,-0.4748101,-0.083669335,-0.020710187,-0.6883614,-0.20272799,-0.028435456,-0.8175425,-0.26733375,-0.04105969,-0.9161105,-0.32442892,-0.048768923,-0.47847342,0.081407346,-0.03622667,-0.65227467,-0.027651766,-0.051849954,-0.7555163,-0.09072043,-0.0603491,-0.83959985,-0.1520942,-0.06297665
PLEASE,0.0,0.0,0.0,-0.03971525,-0.26349655,0.04239047,-0.16123645,-0.44425887,0.072107315,-0.2462061,-0.57909435,0.0970887,-0.24939767,-0.6987487,0.11835539,-0.3942208,-0.40039346,0.024087848,-0.615258,-0.4313037,0.029619642,-0.7385538,-0.4447906,0.03865602,-0.8270258,-0.4581045,0.043528818,-0.44700527,-0.24373882,-0.0022535995,-0.68125933,-0.33507803,-0.0088398,-0.8133831,-0.37917376,-0.0068701357,-0.90817475,-0.41859123,-0.0028129856,-0.47480205,-0.08050723,-0.02489161,-0.6865864,-0.20172922,-0.035603203,-0.8150907,-0.26788288,-0.0491747,-0.91388863,-0.32629603,-0.057485122,-0.47941297,0.082497165,-0.041628893,-0.65316,-0.02973279,-0.060668427,-0.7566231,-0.0945239,-0.070701145,-0.84172136,-0.15748936,-0.07431166
PLEASE,0.0,0.0,0.0,-0.0383374,-0.26061028,0.047414977,-0.15730214,-0.4396844,0.07799879,-0.24260113,-0.5703209,0.10300252,-0.24850856,-0.6859897,0.12416621,-0.39245114,-0.39578718,0.027011717,-0.611795,-0.4325945,0.033282608,-0.7349081,-0.4475183,0.04342526,-0.8229627,-0.46021315,0.049464565,-0.44662946,-0.24105199,-0.0008598032,-0.6819065,-0.3351807,-0.008333821,-0.81466824,-0.37830514,-0.0059126485,-0.9098005,-0.41504583,-0.00063068885,-0.47423676,-0.07876497,-0.024153646,-0.6887873,-0.20037451,-0.03445967,-0.8178485,-0.26578155,-0.046466906,-0.9158683,-0.32268968,-0.052974656,-0.47734702,0.08560507,-0.040901493,-0.65223324,-0.025562864,-0.05663095,-0.7562418,-0.090424255,-0.06365232,-0.8402843,-0.15400887,-0.06489743
PLEASE,0.0,0.0,0.0,-0.04025401,-0.26410222,0.035613004,-0.16370456,-0.44783884,0.060539335,-0.24948388,-0.5832356,0.08130941,-0.24895251,-0.6994966,0.0977321,-0.390228,-0.3937397,0.0113719655,-0.6021652,-0.43197063,0.011450478,-0.7218806,-0.44859836,0.016400382,-0.80975395,-0.46307763,0.01807451,-0.44439548,-0.23890488,-0.0146087445,-0.6750715,-0.33511457,-0.026837746,-0.8086248,-0.38126513,-0.02866491,-0.90746063,-0.42013705,-0.02750599,-0.47155058,-0.079481475,-0.036789287,-0.681971,-0.20050508,-0.051260293,-0.81128234,-0.26854995,-0.06708888,-0.9113306,-0.3271478,-0.07721567,-0.47464514,0.07975019,-0.05369551,-0.64860064,-0.026493782,-0.07615322,-0.75379914,-0.09044752,-0.0882741,-0.83908117,-0.15222797,-0.09352964
PLEASE,0.0,0.0,0.0,-0.039517395,-0.260976,0.030924337,-0.16349262,-0.4441541,0.051506445,-0.24675809,-0.57964474,0.069778465,-0.24249841,-0.6998596,0.08407965,-0.39305148,-0.39163682,-0.0026382462,-0.61388224,-0.4328303,-0.005113612,-0.7376282,-0.45129603,2.0883492e-05,-0.8269425,-0.466038,0.0026055162,-0.4435168,-0.23240246,-0.025594186,-0.6783131,-0.32989296,-0.038081847,-0.81239617,-0.37763435,-0.038524214,-0.9091669,-0.41643193,-0.036685806,-0.46768948,-0.06934115,-0.04444854,-0.68186164,-0.19121638,-0.05755455,-0.8134572,-0.26108068,-0.07304487,-0.9120898,-0.31987506,-0.083600275,-0.46962944,0.09098334,-0.058256894,-0.6436083,-0.014923389,-0.079485536,-0.7492244,-0.07891005,-0.09191597,-0.8330683,-0.138508,-0.09776739
PLEASE,0.0,0.0,0.0,-0.04220955,-0.26472452,0.028118046,-0.16911343,-0.45121348,0.0491156,-0.25190207,-0.58967006,0.06781632,-0.2494457,-0.70871055,0.08338207,-0.39587268,-0.3922339,0.0068258396,-0.6095675,-0.437012,0.007923218,-0.73158914,-0.45550013,0.01215555,-0.82208765,-0.4683751,0.012897476,-0.4482015,-0.23359056,-0.014563703,-0.67700964,-0.33250862,-0.022833725,-0.80985993,-0.3799284,-0.024918532,-0.90895396,-0.41689646,-0.025431916,-0.4743392,-0.07283225,-0.0325969,-0.6838534,-0.19752288,-0.041842677,-0.81355125,-0.26640293,-0.057608675,-0.9133364,-0.32234305,-0.06940487,-0.4783722,0.08172936,-0.04627145,-0.650298,-0.026293596,-0.06447655,-0.75483155,-0.08943314,-0.07574065,-0.8387799,-0.14771123,-0.08129134
PLEASE,0.0,0.0,0.0,-0.041485455,-0.25972882,0.030060206,-0.1603426,-0.4419339,0.05193469,-0.24318653,-0.5785626,0.07131217,-0.24883334,-0.6918081,0.08774065,-0.39508516,-0.39046597,0.011598492,-0.6078848,-0.435009,0.014023738,-0.7285037,-0.45025685,0.018096073,-0.8179357,-0.46070355,0.018930523,-0.4480671,-0.23354386,-0.009938563,-0.67707866,-0.33133993,-0.017269973,-0.8108349,-0.37827674,-0.020076428,-0.9094065,-0.41590837,-0.020556808,-0.4719817,-0.072570525,-0.027971722,-0.6818238,-0.19092262,-0.036012873,-0.8116244,-0.25839326,-0.051549297,-0.91146445,-0.3164926,-0.062867574,-0.47090277,0.08426468,-0.041445717,-0.64003277,-0.022267694,-0.0568441,-0.74211836,-0.08653874,-0.06579658,-0.82411325,-0.14997892,-0.06958263
PLEASE,0.0,0.0,0.0,-0.038833153,-0.2604894,0.0303693,-0.1619694,-0.44326267,0.049040284,-0.24755262,-0.57781935,0.06309156,-0.2444997,-0.6979577,0.07315479,-0.38681266,-0.38315764,0.0056221914,-0.59530014,-0.42643657,3.3670414e-05,-0.71588194,-0.44507322,0.00045311142,-0.80483294,-0.4585303,-0.0013351158,-0.43944567,-0.23029694,-0.021096693,-0.67158574,-0.3267218,-0.03789192,-0.8076144,-0.37509823,-0.043708686,-0.9105214,-0.41346204,-0.046186548,-0.46596965,-0.07542446,-0.04440632,-0.6798474,-0.19492926,-0.062193826,-0.81114495,-0.26086864,-0.079301834,-0.9134436,-0.31334978,-0.09085591,-0.4693269,0.07661598,-0.063104205,-0.6419766,-0.02625072,-0.08797516,-0.74912,-0.08661349,-0.10144422,-0.83674854,-0.14061412,-0.108200505
PLEASE,0.0,0.0,0.0,-0.03400266,-0.2624403,0.02774674,-0.15835361,-0.4461474,0.04809069,-0.24574216,-0.5800928,0.064773515,-0.2437066,-0.69638646,0.07779188,-0.3970909,-0.38771448,0.010096228,-0.60333127,-0.42242435,0.008743771,-0.7235114,-0.43614298,0.0098177465,-0.8146238,-0.4462637,0.007636057,-0.4517777,-0.23453742,-0.013941566,-0.67780477,-0.32536516,-0.02488284,-0.8100795,-0.37399665,-0.029726293,-0.91043025,-0.41366264,-0.0325577,-0.4788625,-0.07720257,-0.035186194,-0.68692,-0.19493541,-0.04864557,-0.8171441,-0.26174223,-0.06713546,-0.9186245,-0.3168685,-0.08060439,-0.48241434,0.078767836,-0.05223691,-0.65339184,-0.020645361,-0.07368268,-0.7576031,-0.07839059,-0.08680564,-0.8417958,-0.13165706,-0.09402033
PLEASE,0.0,0.0,0.0,-0.035362076,-0.25784236,0.032416586,-0.15292265,-0.43437752,0.054843154,-0.24008895,-0.56425107,0.07383735,-0.250272,-0.67812616,0.08970479,-0.39484465,-0.38983658,0.012922483,-0.6062057,-0.4245794,0.012974475,-0.727344,-0.43625632,0.015751349,-0.818579,-0.44584024,0.015408827,-0.45005503,-0.23305616,-0.01120807,-0.6788394,-0.3205305,-0.022850879,-0.8128799,-0.3672649,-0.026910271,-0.9133104,-0.40726408,-0.027873775,-0.4765509,-0.07102062,-0.032023728,-0.6875406,-0.18094604,-0.045701735,-0.81837523,-0.24704257,-0.062279407,-0.9205657,-0.3052625,-0.07306807,-0.47822198,0.087805115,-0.04795993,-0.65200526,-0.00802214,-0.06770384,-0.75766754,-0.06527403,-0.07867448,-0.84268993,-0.122061595,-0.0833925
PLEASE,0.0,0.0,0.0,-0.037044566,-0.25584674,0.020034052,-0.16409612,-0.43757445,0.03237076,-0.2474999,-0.5742286,0.041345842,-0.24158028,-0.69328076,0.04621093,-0.39198124,-0.37540096,-0.0067182183,-0.60185003,-0.41502264,-0.016159369,-0.72529674,-0.43168312,-0.019136494,-0.8190106,-0.4433081,-0.023642553,-0.44296202,-0.22248076,-0.031095657,-0.672515,-0.3157496,-0.05117979,-0.8091439,-0.36514792,-0.06029403,-0.9146533,-0.4042393,-0.065435134,-0.46923292,-0.06619418,-0.052761856,-0.67999035,-0.18689553,-0.072376005,-0.81448764,-0.25632048,-0.092204355,-0.91956156,-0.3115498,-0.10583712,-0.47377422,0.08778322,-0.070944026,-0.6470011,-0.01705955,-0.095785275,-0.75425124,-0.07838973,-0.10936968,-0.84066564,-0.13188858,-0.11645969
PLEASE,0.0,0.0,0.0,-0.042392187,-0.2633994,0.019785147,-0.1681427,-0.45041075,0.03462632,-0.24530825,-0.5919162,0.047615834,-0.23746078,-0.7163094,0.056989003,-0.3906209,-0.38849434,-0.009534612,-0.6097807,-0.42282242,-0.0172111,-0.73586667,-0.43706536,-0.016488682,-0.8284846,-0.44780278,-0.017698618,-0.44149765,-0.23098972,-0.031580642,-0.67528903,-0.3175796,-0.049266938,-0.81347936,-0.36378163,-0.05497741,-0.91565305,-0.40196937,-0.057001464,-0.46666768,-0.071591884,-0.051071703,-0.68036264,-0.18205144,-0.0688011,-0.8145518,-0.24817845,-0.08741907,-0.9181226,-0.30637082,-0.099792466,-0.4689006,0.08387627,-0.066973776,-0.6450757,-0.012556333,-0.09284092,-0.7532645,-0.072761364,-0.10814842,-0.8400024,-0.13060735,-0.11576437
PLEASE,0.0,0.0,0.0,-0.03761313,-0.2596496,0.023529323,-0.15978718,-0.44247922,0.038156405,-0.24107403,-0.57826567,0.05028658,-0.2408405,-0.699036,0.058411215,-0.38568157,-0.3868835,-0.010144178,-0.6058597,-0.42254534,-0.017584613,-0.7313,-0.43875173,-0.01611292,-0.82381463,-0.45055252,-0.016658409,-0.4373502,-0.2308818,-0.03442322,-0.6740342,-0.3201757,-0.052737813,-0.81238776,-0.3665008,-0.05829145,-0.91470635,-0.40411916,-0.060240407,-0.46327582,-0.07165333,-0.055356495,-0.67902374,-0.18804082,-0.07345805,-0.81373703,-0.25523823,-0.09119801,-0.91708505,-0.31237105,-0.10301089,-0.46612924,0.08551999,-0.07200874,-0.64404005,-0.013301923,-0.09623817,-0.75148803,-0.07245207,-0.109182596,-0.83782595,-0.12823792,-0.11537489
PLEASE,0.0,0.0,0.0,-0.038260564,-0.25606,0.025881866,-0.1597189,-0.4359961,0.042695455,-0.23960885,-0.5689031,0.056739755,-0.2413207,-0.6852897,0.06658364,-0.39626956,-0.38183954,-0.0045916336,-0.61514014,-0.41644573,-0.010203419,-0.73937744,-0.43105265,-0.008484422,-0.8304325,-0.44208252,-0.009053893,-0.44706622,-0.22424932,-0.029366175,-0.68365526,-0.31097588,-0.0459682,-0.8204949,-0.35535663,-0.051194124,-0.920163,-0.39153546,-0.05298907,-0.4711379,-0.06290937,-0.051008064,-0.68979573,-0.17844361,-0.06926078,-0.82306725,-0.24411078,-0.08729645,-0.9258141,-0.3003008,-0.09900698,-0.47161657,0.09652378,-0.068034835,-0.65001816,-0.0019017787,-0.09303011,-0.75721,-0.06092405,-0.10655662,-0.8437728,-0.11748946,-0.11296568
PLEASE,0.0,0.0,0.0,-0.037751332,-0.25110796,0.026411833,-0.16511665,-0.4315593,0.045148283,-0.24729246,-0.56757694,0.060741726,-0.24093524,-0.6816009,0.071850896,-0.38965163,-0.38452488,-0.0034469268,-0.61058253,-0.4139385,-0.008745651,-0.7354166,-0.42624632,-0.0063045085,-0.8273897,-0.43757367,-0.0066491435,-0.44193232,-0.23171873,-0.028387476,-0.6793637,-0.31318498,-0.04498812,-0.8171709,-0.35672787,-0.049839832,-0.918821,-0.39467442,-0.05105784,-0.4683871,-0.07093246,-0.05015254,-0.68487644,-0.17955717,-0.068783775,-0.81932396,-0.2451662,-0.08756944,-0.92313665,-0.3034997,-0.099740386,-0.47204986,0.09002933,-0.067455314,-0.648929,-0.0062176185,-0.09360969,-0.75613666,-0.063913375,-0.10831079,-0.84398353,-0.12026357,-0.11558896
PLEASE,0.0,0.0,0.0,-0.03517097,-0.25606975,0.024187539,-0.16188487,-0.4421234,0.041675843,-0.24503958,-0.5828859,0.055169355,-0.24057126,-0.70259947,0.06461113,-0.39575955,-0.38790485,0.008311324,-0.60296017,-0.42157418,0.0054437346,-0.7233777,-0.43646562,0.0049479683,-0.8148631,-0.44927037,0.0015314922,-0.44956332,-0.23669459,-0.016656514,-0.67628384,-0.3255518,-0.029631343,-0.81046605,-0.37213984,-0.036606144,-0.91151863,-0.41125873,-0.04059157,-0.47567973,-0.080079935,-0.039417513,-0.6849516,-0.1977324,-0.054934327,-0.81686866,-0.2645681,-0.07411633,-0.91943693,-0.32011473,-0.087376125,-0.47849342,0.07559234,-0.058520336,-0.6521929,-0.025182,-0.079870604,-0.7573907,-0.08330134,-0.09169077,-0.8426107,-0.1368976,-0.09778624
PLEASE,0.0,0.0,0.0,-0.03777035,-0.26015952,0.024488674,-0.16262057,-0.446986,0.0417606,-0.24099654,-0.5870482,0.05528952,-0.23642151,-0.7109268,0.06486058,-0.39194787,-0.39491388,0.0055504767,-0.6072813,-0.4259867,0.0021306842,-0.73166376,-0.4407306,0.0034154758,-0.82338005,-0.45300615,0.0021321736,-0.44451582,-0.2409028,-0.018990165,-0.6755871,-0.32748005,-0.03216266,-0.81152165,-0.3736099,-0.037233416,-0.91102415,-0.41235307,-0.039323773,-0.4708166,-0.082025275,-0.041364748,-0.6831012,-0.19853717,-0.057024192,-0.8150419,-0.26523262,-0.07477576,-0.91627276,-0.32188836,-0.08668866,-0.47414285,0.07579979,-0.059915446,-0.64842284,-0.02527983,-0.08297174,-0.7538827,-0.08463659,-0.09557719,-0.83951354,-0.14048727,-0.10167862
PLEASE,0.0,0.0,0.0,-0.03130075,-0.25799936,0.029197171,-0.15299004,-0.4477348,0.04887541,-0.23308426,-0.58895314,0.062831655,-0.23112375,-0.707842,0.07245802,-0.38409233,-0.40533826,0.016708206,-0.590144,-0.432312,0.014769887,-0.7108701,-0.44190744,0.015036839,-0.8017202,-0.45077962,0.012459182,-0.4402524,-0.2552265,-0.011401708,-0.670395,-0.3410872,-0.02493932,-0.8057979,-0.3855573,-0.031181414,-0.9063667,-0.42249197,-0.033641707,-0.46961206,-0.097068995,-0.037450798,-0.68097633,-0.21166378,-0.05435845,-0.8128591,-0.27618977,-0.071757466,-0.914759,-0.3306353,-0.082544334,-0.47527167,0.064069465,-0.059455883,-0.6497991,-0.034676533,-0.08069385,-0.7555501,-0.09117979,-0.09015641,-0.8402539,-0.14307414,-0.09389224
PLEASE,0.0,0.0,0.0,-0.029427404,-0.2597953,0.027575964,-0.15090337,-0.44680572,0.045422394,-0.23091152,-0.58517945,0.058380667,-0.22920237,-0.70281965,0.06708978,-0.3861267,-0.39943174,0.012450138,-0.5924032,-0.4311847,0.010728569,-0.7141606,-0.43892965,0.010411693,-0.8061642,-0.44258976,0.0072486736,-0.44331405,-0.24646255,-0.013524028,-0.67260385,-0.3388503,-0.024582034,-0.8070859,-0.38597497,-0.029609766,-0.90584016,-0.42361963,-0.03225996,-0.47318923,-0.08799489,-0.037145782,-0.68589026,-0.2051359,-0.049723,-0.8162043,-0.2712881,-0.065485194,-0.9148549,-0.32486886,-0.07661557,-0.4794595,0.07084754,-0.05697571,-0.65478253,-0.028773371,-0.07463894,-0.759815,-0.087339245,-0.08296319,-0.84294015,-0.14078933,-0.086843476
PLEASE,0.0,0.0,0.0,-0.03170133,-0.25353405,0.03342598,-0.15158276,-0.4353376,0.055636004,-0.2340037,-0.5702641,0.07238493,-0.24044988,-0.6835225,0.08491839,-0.38898546,-0.3907111,0.017955681,-0.6014622,-0.41881543,0.018438874,-0.72213054,-0.42962846,0.02133672,-0.8122024,-0.43986017,0.02083038,-0.44376543,-0.24011238,-0.009669097,-0.67732584,-0.3271562,-0.020962948,-0.8123875,-0.37308115,-0.025351087,-0.91096246,-0.41248927,-0.026561202,-0.47039855,-0.08188039,-0.034613285,-0.6854997,-0.19618815,-0.049165633,-0.81789297,-0.26153553,-0.06638856,-0.9193077,-0.31755027,-0.077485785,-0.47219414,0.07793603,-0.05480975,-0.647744,-0.02093615,-0.07458842,-0.7540695,-0.07881486,-0.08470727,-0.8399274,-0.13456424,-0.08910042
PLEASE,0.0,0.0,0.0,-0.0328062,-0.25593644,0.03422035,-0.15816492,-0.4426755,0.059508108,-0.2398893,-0.5815023,0.07979627,-0.23826593,-0.6997983,0.09641177,-0.385586,-0.4041761,0.020308746,-0.60012454,-0.4367728,0.021973608,-0.7216471,-0.45185804,0.027644094,-0.8097783,-0.46510857,0.029521264,-0.44005707,-0.25510082,-0.0062619355,-0.6725407,-0.3416829,-0.017840285,-0.8079685,-0.38541052,-0.020489333,-0.9064253,-0.42236617,-0.019396622,-0.46812153,-0.097770214,-0.030245954,-0.6804838,-0.21203862,-0.045432374,-0.8130403,-0.2746754,-0.06202136,-0.9150973,-0.32814106,-0.071774974,-0.47198078,0.061930493,-0.049396858,-0.6444508,-0.037549853,-0.07109144,-0.7508984,-0.093898796,-0.082960345,-0.8374573,-0.14735395,-0.08786207
PLEASE,0.0,0.0,0.0,-0.04072978,-0.25713766,0.024132067,-0.16668366,-0.44149715,0.0361211,-0.24669151,-0.5823856,0.044091668,-0.23556015,-0.69664603,0.047911122,-0.3826624,-0.38654277,-0.0077121016,-0.590154,-0.42873642,-0.017393602,-0.7139326,-0.44032323,-0.021499112,-0.8073858,-0.4478165,-0.027381143,-0.44200405,-0.23193021,-0.03460357,-0.67144966,-0.32635006,-0.053762227,-0.80860287,-0.37423533,-0.062477827,-0.9111017,-0.4121816,-0.06787598,-0.4750639,-0.07220458,-0.057862375,-0.68659353,-0.19056828,-0.07608719,-0.82002276,-0.25710198,-0.09416459,-0.9223637,-0.3104786,-0.10721561,-0.4829107,0.08519056,-0.077265926,-0.6543818,-0.021284772,-0.10044863,-0.7594436,-0.08486105,-0.111626774,-0.8428903,-0.14211704,-0.117338136
PLEASE,0.0,0.0,0.0,-0.033040084,-0.24967824,0.020154895,-0.15947211,-0.43629038,0.036772795,-0.23293391,-0.5702189,0.051488005,-0.22564541,-0.68305993,0.06376089,-0.38512525,-0.394604,-0.003585119,-0.5980459,-0.44004822,-0.010307664,-0.72642326,-0.45412365,-0.010304149,-0.82173306,-0.45806605,-0.011840453,-0.43758795,-0.24259603,-0.024593357,-0.6668998,-0.34089717,-0.04074232,-0.80505085,-0.38736913,-0.04542724,-0.908028,-0.4189095,-0.04640383,-0.46765462,-0.083702974,-0.04304914,-0.67770296,-0.20080246,-0.058752652,-0.8080402,-0.26846457,-0.07471511,-0.9060747,-0.32264084,-0.085082866,-0.47697115,0.075675264,-0.05821505,-0.6419469,-0.0256406,-0.08039244,-0.7446049,-0.08818119,-0.09220015,-0.82451737,-0.14691,-0.09754734
PLEASE,0.0,0.0,0.0,-0.034547843,-0.25273526,0.02245254,-0.1546806,-0.43371385,0.039155893,-0.23296556,-0.5666741,0.05386021,-0.2375988,-0.6755733,0.066319,-0.3782693,-0.38291034,-0.0024015391,-0.58744496,-0.4282368,-0.009457051,-0.7085741,-0.44392672,-0.01069098,-0.7986901,-0.45360684,-0.012985606,-0.4343097,-0.22873142,-0.023710137,-0.6660869,-0.32951698,-0.040716123,-0.80439466,-0.38053265,-0.046422094,-0.90756494,-0.41991168,-0.048132066,-0.46417135,-0.07141662,-0.042198103,-0.67610604,-0.19185978,-0.05772548,-0.80685157,-0.26036584,-0.07406848,-0.9060745,-0.31733924,-0.08453339,-0.46920314,0.08094866,-0.057014253,-0.6382232,-0.024311358,-0.07738917,-0.7405737,-0.088517524,-0.08791696,-0.82104075,-0.15006404,-0.09237193
PLEASE,0.0,0.0,0.0,-0.03606298,-0.26140344,0.02491816,-0.1622472,-0.45099655,0.044737473,-0.24151252,-0.59099126,0.06175352,-0.23464389,-0.70616055,0.075951174,-0.38091597,-0.4032023,0.004952908,-0.59545356,-0.44822657,0.0016117312,-0.718169,-0.46713734,0.003343004,-0.8090993,-0.48065847,0.0024160338,-0.43508866,-0.24882667,-0.017364634,-0.6648881,-0.34316924,-0.031969424,-0.8001619,-0.3927882,-0.038232118,-0.90150195,-0.43277514,-0.040393308,-0.46443537,-0.091023706,-0.036828414,-0.6743723,-0.20546769,-0.05149911,-0.80707514,-0.2744182,-0.06978755,-0.910425,-0.3330489,-0.08175139,-0.4704751,0.062099904,-0.05239828,-0.6384363,-0.040471584,-0.072139196,-0.7420869,-0.10427566,-0.08395699,-0.8243926,-0.16519246,-0.089663215
PLEASE,0.0,0.0,0.0,-0.03529065,-0.26528537,0.0362313,-0.15326992,-0.4477221,0.05863363,-0.23429683,-0.58490354,0.07706575,-0.22973445,-0.69839615,0.09178423,-0.38558236,-0.4035832,0.009619868,-0.59975064,-0.44987652,0.0094925165,-0.7240429,-0.4629236,0.012940437,-0.8171129,-0.4686265,0.013070961,-0.44370323,-0.24703746,-0.015564794,-0.67556846,-0.34331465,-0.025844602,-0.80889046,-0.3886234,-0.027914688,-0.90578306,-0.42374188,-0.02782224,-0.47360697,-0.08432831,-0.03632978,-0.6860547,-0.19910868,-0.046643075,-0.8157816,-0.26608807,-0.060886957,-0.91328347,-0.32192114,-0.07110838,-0.47883913,0.07555907,-0.051895708,-0.6504345,-0.026856607,-0.06786153,-0.75240093,-0.08864057,-0.075985774,-0.8327002,-0.14804046,-0.07931696
PLEASE,0.0,0.0,0.0,-0.03874209,-0.25788206,0.03473374,-0.16024785,-0.44126576,0.055908106,-0.24120693,-0.5780649,0.07220055,-0.24576494,-0.6927553,0.08423104,-0.38849846,-0.39582822,0.010558623,-0.608836,-0.43167484,0.008683545,-0.7328896,-0.44724002,0.012106691,-0.8235253,-0.46109977,0.012831178,-0.4421607,-0.24338508,-0.016819367,-0.67649776,-0.33289728,-0.029492617,-0.8115555,-0.3773526,-0.033456653,-0.909152,-0.41646445,-0.034306224,-0.4705241,-0.08355012,-0.04067827,-0.6852219,-0.20390807,-0.055508297,-0.81739134,-0.27182558,-0.07214847,-0.91788876,-0.32959244,-0.08312988,-0.47544867,0.07695958,-0.059312858,-0.6506847,-0.02841953,-0.08017879,-0.7564485,-0.08886723,-0.090540186,-0.84235275,-0.14562474,-0.094849005
PLEASE,0.0,0.0,0.0,-0.036355726,-0.26588425,0.03155332,-0.15913297,-0.45174253,0.052490566,-0.23871739,-0.5912361,0.06951295,-0.23576264,-0.71088886,0.08265092,-0.3909914,-0.4018181,0.010686058,-0.60844743,-0.43629393,0.010600264,-0.7304438,-0.45212904,0.014817349,-0.8194013,-0.46718642,0.015802922,-0.44430014,-0.24592718,-0.013769843,-0.6776169,-0.3371077,-0.023748804,-0.80987716,-0.3841591,-0.025445104,-0.9049725,-0.42547005,-0.024846222,-0.47067755,-0.084591545,-0.03516766,-0.68465376,-0.20516914,-0.04764695,-0.81523925,-0.2725872,-0.06315024,-0.91449374,-0.3310719,-0.07365026,-0.4730608,0.07420446,-0.051832274,-0.6464895,-0.029456617,-0.0718696,-0.7509716,-0.090714924,-0.08261423,-0.8354415,-0.14876336,-0.08732528
PLEASE,0.0,0.0,0.0,-0.035863888,-0.26597083,0.02486089,-0.16021292,-0.4525999,0.042768743,-0.24142537,-0.59290123,0.057202235,-0.23487705,-0.7127735,0.06789114,-0.38590515,-0.39421904,0.0064306366,-0.59957236,-0.43110326,0.004504869,-0.7237638,-0.44406882,0.005592209,-0.816444,-0.452855,0.003680649,-0.43928608,-0.24029738,-0.016529681,-0.66854215,-0.3392887,-0.026698805,-0.8041009,-0.38774413,-0.030767692,-0.90462863,-0.42620078,-0.03314247,-0.46703905,-0.083770595,-0.036905717,-0.67670155,-0.20999686,-0.04772057,-0.8074059,-0.2781482,-0.06417199,-0.9066919,-0.33247712,-0.076791584,-0.47178796,0.069019556,-0.053708058,-0.64218456,-0.037262697,-0.072813824,-0.74701923,-0.09888084,-0.08406938,-0.83039105,-0.1535251,-0.09013129
PLEASE,0.0,0.0,0.0,-0.0391043,-0.266874,0.020510437,-0.16089384,-0.45238873,0.033987623,-0.2400954,-0.5903077,0.045264933,-0.22985268,-0.7115001,0.052369203,-0.388917,-0.38199472,-0.009280739,-0.59533024,-0.42191982,-0.016292142,-0.7183042,-0.43747193,-0.0180981,-0.81117904,-0.4474066,-0.021790814,-0.44150794,-0.22319177,-0.031127412,-0.67038375,-0.32706985,-0.046160962,-0.8053704,-0.38043356,-0.050706025,-0.90677345,-0.4216182,-0.053440772,-0.46728113,-0.065735444,-0.04983601,-0.6772569,-0.195695,-0.064138316,-0.80705816,-0.26758283,-0.08062714,-0.90636766,-0.3243638,-0.09315578,-0.46951658,0.086206295,-0.06506864,-0.6397147,-0.022462154,-0.087268166,-0.74388033,-0.08676821,-0.09945422,-0.8263721,-0.14194709,-0.10611695
PLEASE,0.0,0.0,0.0,-0.030976243,-0.25443673,0.024984045,-0.15490647,-0.4407674,0.042543087,-0.23728617,-0.5762874,0.055816635,-0.23398769,-0.6957632,0.06492959,-0.39643762,-0.38509712,0.009001589,-0.6044163,-0.4187824,0.0065677515,-0.7272301,-0.42789587,0.006939283,-0.81896853,-0.4330368,0.0045350343,-0.45020917,-0.23225918,-0.015788617,-0.679516,-0.32490996,-0.026702076,-0.813942,-0.37090558,-0.030991895,-0.9139719,-0.40577742,-0.033360377,-0.477106,-0.073753506,-0.03825883,-0.6898227,-0.19252372,-0.051230505,-0.8214327,-0.2589816,-0.06719363,-0.921919,-0.3123501,-0.07911827,-0.48088866,0.08569149,-0.057129133,-0.65268314,-0.014258684,-0.07773179,-0.75733244,-0.07462017,-0.08812411,-0.8403774,-0.1299765,-0.093387924
PLEASE,0.0,0.0,0.0,-0.03252885,-0.2553264,0.031423252,-0.15461706,-0.43598297,0.054348495,-0.23970647,-0.5701337,0.07426191,-0.24083172,-0.68165994,0.09012246,-0.38600186,-0.3974633,0.0034902715,-0.61054444,-0.4246734,0.00263743,-0.7344325,-0.43316892,0.008501436,-0.8251268,-0.44118664,0.010817517,-0.44036,-0.24281695,-0.02079548,-0.6780633,-0.3273853,-0.033813227,-0.8141234,-0.36965388,-0.035688885,-0.91382986,-0.40609723,-0.034479853,-0.46761674,-0.07916501,-0.041570954,-0.68306434,-0.19085272,-0.05696132,-0.8170511,-0.25651464,-0.074397676,-0.9208748,-0.31453693,-0.08574888,-0.47121048,0.084669635,-0.05724069,-0.64573914,-0.013222568,-0.08052541,-0.7524923,-0.07043924,-0.094169244,-0.8399566,-0.12733836,-0.10070449
PLEASE,0.0,0.0,0.0,-0.035774246,-0.25297818,0.029439773,-0.15441333,-0.42943496,0.04792082,-0.23622318,-0.56024915,0.062305465,-0.2406674,-0.6757467,0.07250386,-0.3894658,-0.38573003,0.0034576203,-0.6082328,-0.4151447,-0.0010833646,-0.7335295,-0.42576537,0.00030536362,-0.8262378,-0.43452084,-0.0006942878,-0.44231117,-0.23132578,-0.022874003,-0.6774729,-0.32268,-0.03838436,-0.81419903,-0.3682489,-0.043365214,-0.9140615,-0.4055756,-0.044979874,-0.468599,-0.06997432,-0.046134003,-0.68469805,-0.18843298,-0.063718855,-0.8185076,-0.2543425,-0.08180861,-0.92151624,-0.30959573,-0.09382486,-0.47056606,0.09140632,-0.06464755,-0.6453115,-0.012210295,-0.08955496,-0.75187373,-0.07046639,-0.102906026,-0.8392377,-0.12537429,-0.10920389
PLEASE,0.0,0.0,0.0,-0.02779118,-0.26083067,0.03273439,-0.1496613,-0.44660687,0.057070892,-0.23795468,-0.58349437,0.07726587,-0.23927018,-0.70193833,0.09344301,-0.38206628,-0.41122305,0.014663728,-0.59765947,-0.44289106,0.01591914,-0.72057354,-0.45299193,0.020872813,-0.8116845,-0.4616541,0.021684097,-0.4400885,-0.25854212,-0.010945037,-0.6698862,-0.34472233,-0.022849351,-0.8050837,-0.38759774,-0.02607279,-0.90572417,-0.42386767,-0.025902158,-0.4690104,-0.09772763,-0.033434983,-0.67946297,-0.20899104,-0.048197344,-0.8110745,-0.2751472,-0.06476823,-0.9140974,-0.3337431,-0.07528167,-0.47253922,0.06394684,-0.051175795,-0.6452665,-0.034193,-0.072399504,-0.7516169,-0.092827104,-0.08392672,-0.83795863,-0.15135159,-0.088998154
PLEASE,0.0,0.0,0.0,-0.032574046,-0.2518646,0.033591893,-0.1559418,-0.4353939,0.058569275,-0.24133173,-0.5718628,0.080801,-0.23956488,-0.6844024,0.09923515,-0.3900414,-0.38516068,0.009145667,-0.60351384,-0.42210206,0.011887002,-0.7272756,-0.435192,0.018653175,-0.81791717,-0.44426343,0.021109622,-0.44335425,-0.2320363,-0.014109143,-0.6775625,-0.32759216,-0.022635788,-0.81218845,-0.37645885,-0.021630414,-0.9090095,-0.41677538,-0.019153219,-0.47012702,-0.073099904,-0.03368445,-0.68573374,-0.19285302,-0.045008574,-0.81699795,-0.26175514,-0.060216945,-0.91610414,-0.3194937,-0.0705087,-0.47250506,0.0844754,-0.04811723,-0.6461233,-0.017830798,-0.06701202,-0.75045735,-0.078314975,-0.07867985,-0.8331958,-0.13557117,-0.084494136
PLEASE,0.0,0.0,0.0,-0.03348066,-0.25936374,0.034427974,-0.15690519,-0.4457835,0.059353404,-0.23890643,-0.5892279,0.08013109,-0.22820866,-0.70662856,0.09688711,-0.38882074,-0.401877,0.015768789,-0.60472995,-0.44304562,0.018659433,-0.72631943,-0.45501497,0.024401084,-0.8144712,-0.46435353,0.025872458,-0.44495174,-0.2468947,-0.008793506,-0.6776482,-0.33859205,-0.016364623,-0.81161094,-0.38194722,-0.017942227,-0.90859216,-0.41768438,-0.017604124,-0.4718502,-0.085510194,-0.029971538,-0.68670756,-0.19962898,-0.04069796,-0.8185462,-0.2654674,-0.05789986,-0.91952693,-0.32171568,-0.06995102,-0.4737719,0.07473909,-0.04624279,-0.64581275,-0.02612042,-0.0649619,-0.751727,-0.08655816,-0.07730353,-0.83752745,-0.14555009,-0.083776474
PLEASE,0.0,0.0,0.0,-0.036758255,-0.25557187,0.032545872,-0.15713528,-0.43514717,0.054316632,-0.2369411,-0.5703585,0.07252127,-0.23937608,-0.6818268,0.08672941,-0.39002302,-0.38913843,0.0034557139,-0.60813063,-0.42548063,0.001232574,-0.7308577,-0.44057605,0.0047496096,-0.8206891,-0.45230702,0.005723781,-0.44267705,-0.23399296,-0.021590684,-0.6787846,-0.32468686,-0.033294745,-0.81523836,-0.3698296,-0.035459083,-0.9132596,-0.40737805,-0.035298802,-0.4682691,-0.0732856,-0.042878237,-0.6845088,-0.19052349,-0.056343663,-0.8157244,-0.25505435,-0.072395146,-0.91543734,-0.31015927,-0.083217986,-0.47063845,0.08684902,-0.059125684,-0.6456564,-0.016376682,-0.08076526,-0.7517852,-0.077081,-0.0929553,-0.83780164,-0.1341329,-0.09854804
PLEASE,0.0,0.0,0.0,-0.03485347,-0.26232436,0.028445458,-0.15538263,-0.45018807,0.047016803,-0.23559679,-0.5923958,0.06200034,-0.22952363,-0.70261973,0.07289999,-0.3829823,-0.40432662,0.0007897721,-0.60823894,-0.44236428,-0.0041157273,-0.73559785,-0.4563937,-0.0029573345,-0.82847124,-0.4664356,-0.0035444829,-0.43592554,-0.24740048,-0.023666777,-0.6721359,-0.33948377,-0.036712576,-0.80913836,-0.38306364,-0.041687172,-0.90851337,-0.41785565,-0.043699402,-0.4641219,-0.08499974,-0.04466572,-0.6795518,-0.20328277,-0.057457704,-0.811623,-0.2696114,-0.074179776,-0.9121717,-0.3252864,-0.086075686,-0.47006512,0.07579937,-0.061387513,-0.6441028,-0.030177888,-0.08077181,-0.74967736,-0.091791056,-0.09156285,-0.8352175,-0.14933807,-0.096644856
PLEASE,0.0,0.0,0.0,-0.03139814,-0.2544835,0.03022464,-0.14814517,-0.43357626,0.05030908,-0.2272333,-0.56520605,0.06764974,-0.23571703,-0.67379594,0.08176205,-0.37886268,-0.3953205,0.00013768494,-0.5988385,-0.4420462,-0.0048407456,-0.7240695,-0.4566629,-0.0034226119,-0.8158399,-0.46413353,-0.0032582679,-0.43514466,-0.24244685,-0.022528974,-0.67119014,-0.3391209,-0.035725757,-0.8087357,-0.3845637,-0.039228518,-0.9075738,-0.4198926,-0.039613202,-0.46466827,-0.08312708,-0.04137649,-0.6796926,-0.19702415,-0.053897545,-0.8104257,-0.26117414,-0.06912034,-0.9086554,-0.31476638,-0.07932396,-0.47015482,0.07519039,-0.055536848,-0.6406563,-0.02792871,-0.074253075,-0.74383885,-0.088541836,-0.0845332,-0.8263631,-0.14627951,-0.08878239
PLEASE,0.0,0.0,0.0,-0.032751307,-0.2589936,0.038542986,-0.15440738,-0.44292077,0.06546268,-0.23635267,-0.5776925,0.088358,-0.24109374,-0.69232935,0.10737611,-0.38425437,-0.399205,0.014525368,-0.60664755,-0.44156498,0.017152226,-0.7282932,-0.45981672,0.025177112,-0.8137859,-0.47361258,0.029756453,-0.43677604,-0.24430145,-0.010544568,-0.6763888,-0.33928227,-0.018351516,-0.81240773,-0.38414824,-0.017714093,-0.90758026,-0.41987863,-0.015007461,-0.4642045,-0.08461645,-0.031785425,-0.6855829,-0.20777944,-0.04327271,-0.8173464,-0.27508113,-0.058366552,-0.914916,-0.33143938,-0.06812122,-0.46961954,0.07435863,-0.047121834,-0.6455673,-0.027896324,-0.0674435,-0.7525865,-0.08961587,-0.07946931,-0.83794886,-0.14781332,-0.08476014
PLEASE,0.0,0.0,0.0,-0.03826676,-0.255016,0.033352513,-0.16242272,-0.43797353,0.056495268,-0.24318449,-0.57421494,0.07559601,-0.24317603,-0.694436,0.09081355,-0.3870288,-0.38845518,0.01247777,-0.6032998,-0.4238284,0.012424413,-0.72663903,-0.4362651,0.016093496,-0.81697243,-0.44513312,0.016675724,-0.4392122,-0.23683363,-0.01260049,-0.6721247,-0.33452722,-0.022960607,-0.8080962,-0.38218263,-0.025692109,-0.9077427,-0.41952744,-0.026143933,-0.46786362,-0.08033807,-0.034451116,-0.6786198,-0.20417246,-0.046751652,-0.8098949,-0.27363446,-0.063593656,-0.9095114,-0.33012763,-0.07540173,-0.475092,0.07526355,-0.051461175,-0.6461125,-0.03143837,-0.071934864,-0.75057286,-0.09354286,-0.084048875,-0.83400214,-0.149309,-0.09010221
PLEASE,0.0,0.0,0.0,-0.037606042,-0.2568389,0.031512775,-0.15986873,-0.44205162,0.054102674,-0.24016309,-0.5806624,0.07357582,-0.23785913,-0.6968317,0.08956589,-0.39273497,-0.39681092,0.0069995695,-0.6123786,-0.43554273,0.00515379,-0.73818564,-0.450971,0.008989326,-0.82959694,-0.46374804,0.010333598,-0.4443753,-0.24026129,-0.015634326,-0.6792555,-0.33097258,-0.026657313,-0.8134125,-0.37573314,-0.027857741,-0.91054296,-0.41341433,-0.026832653,-0.47145867,-0.0778321,-0.034881953,-0.6853549,-0.19327383,-0.047183055,-0.8159879,-0.25927335,-0.061679516,-0.91512114,-0.31552434,-0.07143946,-0.47662386,0.0835302,-0.049427144,-0.64791983,-0.02186145,-0.069953375,-0.7522659,-0.08561341,-0.08157072,-0.83620965,-0.14587541,-0.086723074
PLEASE,0.0,0.0,0.0,-0.03656672,-0.2555006,0.027024293,-0.15944214,-0.43969372,0.04644658,-0.23855464,-0.57784194,0.06351097,-0.23766953,-0.6953249,0.077002525,-0.38683242,-0.392743,-0.0031285419,-0.6106794,-0.43164647,-0.007872396,-0.7346221,-0.44985607,-0.0041811215,-0.8232873,-0.46584177,-0.002392584,-0.43721688,-0.23730564,-0.025710192,-0.6762086,-0.3292185,-0.039889604,-0.813064,-0.37522927,-0.042465594,-0.9107136,-0.41303843,-0.042031605,-0.46338764,-0.0767918,-0.04507041,-0.6807008,-0.19380064,-0.060517486,-0.813267,-0.26057434,-0.07747028,-0.9134098,-0.31727,-0.0885908,-0.46732098,0.08285767,-0.059783302,-0.64134485,-0.01935875,-0.08364734,-0.7478496,-0.081362605,-0.09771438,-0.8335793,-0.1392949,-0.10437718
PLEASE,0.0,0.0,0.0,-0.03538179,-0.25854123,0.030310215,-0.16152203,-0.4438128,0.05050801,-0.24484935,-0.58104104,0.067533605,-0.24446683,-0.6965975,0.08085512,-0.39036408,-0.40104783,0.0017173194,-0.6129237,-0.4395963,-0.0015536235,-0.7380335,-0.45850304,0.0022429116,-0.8284426,-0.4734227,0.0035726372,-0.44356158,-0.24356471,-0.022253469,-0.6793971,-0.3343405,-0.035731878,-0.8130835,-0.37847415,-0.037871595,-0.90945786,-0.415796,-0.037086133,-0.4720869,-0.080904074,-0.042651627,-0.68787456,-0.19986881,-0.05602543,-0.82088447,-0.26709348,-0.07001872,-0.92131156,-0.32578894,-0.079405315,-0.47826165,0.081879415,-0.05831836,-0.6531921,-0.020980945,-0.077565484,-0.7590873,-0.08416126,-0.08716168,-0.8436303,-0.14544271,-0.091026664
PLEASE,0.0,0.0,0.0,-0.033210263,-0.26250535,0.034746226,-0.15698078,-0.45003888,0.060024142,-0.2411534,-0.59000725,0.08169034,-0.24127597,-0.7041539,0.10002269,-0.39362702,-0.4091829,0.014445716,-0.6192121,-0.44481173,0.01700683,-0.7446082,-0.45958245,0.024265872,-0.83354354,-0.47220516,0.02780409,-0.4459551,-0.25214633,-0.009167471,-0.6810064,-0.3431212,-0.01697998,-0.81243706,-0.3872876,-0.016603405,-0.9049581,-0.4255007,-0.014200628,-0.4733251,-0.088542864,-0.029488383,-0.68904173,-0.20846604,-0.040093083,-0.8193778,-0.27538475,-0.054459337,-0.9176092,-0.33376724,-0.064194776,-0.47846267,0.07475375,-0.04466349,-0.6520057,-0.029236566,-0.063350685,-0.75647986,-0.09041128,-0.07414597,-0.84090877,-0.14999956,-0.0788895
PLEASE,0.0,0.0,0.0,-0.03794222,-0.2547572,0.033721216,-0.16166674,-0.4381993,0.05638047,-0.24452338,-0.5763072,0.076246805,-0.24559113,-0.6948621,0.09252533,-0.39669105,-0.3900694,0.0059836414,-0.62233704,-0.425852,0.006557239,-0.74909884,-0.44027993,0.013017572,-0.8381361,-0.45185703,0.016272902,-0.44742975,-0.2331264,-0.017269477,-0.6842888,-0.32781103,-0.024897646,-0.81769353,-0.37374353,-0.023289846,-0.9104764,-0.41356105,-0.02073607,-0.4740473,-0.071253024,-0.036896836,-0.69203985,-0.19695073,-0.047428243,-0.82375276,-0.2674064,-0.06137351,-0.9208453,-0.32783312,-0.07149542,-0.47874752,0.088923536,-0.051235873,-0.6527253,-0.016889831,-0.07099176,-0.75776196,-0.07983996,-0.082368955,-0.84179914,-0.13907099,-0.08780172
PLEASE,0.0,0.0,0.0,-0.03190358,-0.25948545,0.03607613,-0.15502708,-0.44262436,0.06329846,-0.24116787,-0.58568805,0.08736655,-0.23041154,-0.69938594,0.10782719,-0.3925815,-0.40066692,0.01537429,-0.62039804,-0.4357307,0.021204172,-0.7488425,-0.4463173,0.030703386,-0.8395734,-0.45432326,0.035908297,-0.44641313,-0.24572037,-0.006073311,-0.6839938,-0.33659312,-0.008390752,-0.8169018,-0.37789688,-0.0043782135,-0.9105063,-0.4134951,0.00025093424,-0.47444206,-0.082791716,-0.023531765,-0.6876276,-0.19890705,-0.026812777,-0.8175404,-0.2641182,-0.038598895,-0.9145811,-0.31962264,-0.047743045,-0.47804096,0.08179112,-0.036128834,-0.64670634,-0.024567898,-0.047922842,-0.74973685,-0.08752714,-0.05592745,-0.83233505,-0.14768383,-0.059467893
PLEASE,0.0,0.0,0.0,-0.03416261,-0.2616084,0.03909672,-0.15514772,-0.4420548,0.06749704,-0.24224965,-0.5773328,0.09215321,-0.24053471,-0.6935369,0.11316562,-0.39345184,-0.39975482,0.018305667,-0.6165667,-0.43270037,0.02387394,-0.7383903,-0.44765338,0.032923393,-0.82563436,-0.46217278,0.037497714,-0.44829908,-0.24307244,-0.0056416164,-0.6838977,-0.33349964,-0.011376648,-0.8155338,-0.37590027,-0.0095207505,-0.9102218,-0.41412118,-0.0061442917,-0.4768987,-0.08082216,-0.025621189,-0.68862724,-0.2004026,-0.034328725,-0.8189382,-0.26504773,-0.048649807,-0.918914,-0.32159045,-0.05852638,-0.4818388,0.08122258,-0.039965764,-0.6526466,-0.02458561,-0.056957103,-0.756315,-0.084923156,-0.06747004,-0.84134024,-0.14369477,-0.07215813
PLEASE,0.0,0.0,0.0,-0.03425846,-0.25804207,0.04070203,-0.15503873,-0.4423124,0.07084652,-0.23981285,-0.5812629,0.09686884,-0.23810403,-0.69800055,0.119345225,-0.39087194,-0.40051806,0.024353344,-0.6146832,-0.43426302,0.032230522,-0.73796207,-0.4465439,0.043399084,-0.8253649,-0.45910478,0.049525343,-0.44477832,-0.24666251,0.00036042792,-0.682163,-0.33674142,-0.004571603,-0.81436104,-0.37980953,-0.0016198973,-0.9081442,-0.41865763,0.0033072236,-0.4717495,-0.08545222,-0.019901453,-0.6877388,-0.20340505,-0.029010441,-0.8173276,-0.26937503,-0.043038223,-0.91591537,-0.32713827,-0.051688552,-0.4743886,0.07700082,-0.034319077,-0.6491299,-0.027941603,-0.05178145,-0.7542218,-0.088204294,-0.06259477,-0.8395244,-0.14755529,-0.066951595
PLEASE,0.0,0.0,0.0,-0.038878478,-0.25459382,0.04045823,-0.15618603,-0.4378202,0.06589168,-0.23782317,-0.5778184,0.086961485,-0.24190618,-0.697909,0.10380496,-0.38593715,-0.40353006,0.016298307,-0.6134746,-0.43614507,0.021736337,-0.73635507,-0.44675067,0.031310417,-0.8244053,-0.45758966,0.03628869,-0.44111407,-0.24970916,-0.009478096,-0.681621,-0.33925205,-0.01477289,-0.814691,-0.38155633,-0.012754547,-0.907487,-0.42008018,-0.009438138,-0.46957013,-0.086348735,-0.031045422,-0.6882717,-0.20643315,-0.040141236,-0.82125366,-0.27195215,-0.05453054,-0.9208716,-0.32946816,-0.06454715,-0.4742739,0.07755752,-0.046513695,-0.65065765,-0.02863476,-0.06418688,-0.756254,-0.08812656,-0.07390976,-0.8430619,-0.1460535,-0.07790867
PLEASE,0.0,0.0,0.0,-0.039248616,-0.25857985,0.042725246,-0.16019763,-0.44452086,0.06967759,-0.24256311,-0.58282214,0.0914176,-0.24690226,-0.7006868,0.10856118,-0.38442087,-0.39740223,0.019823147,-0.60284024,-0.43139085,0.023480222,-0.72447294,-0.44248602,0.030583687,-0.81159914,-0.45330396,0.03370224,-0.43859354,-0.2458597,-0.008143925,-0.67513305,-0.3397475,-0.015522315,-0.8096066,-0.38553676,-0.015434338,-0.90516746,-0.42505515,-0.013630737,-0.4670911,-0.08689213,-0.031970277,-0.68381405,-0.21276794,-0.043131135,-0.81517136,-0.28127885,-0.05846616,-0.91399026,-0.33890265,-0.06901547,-0.4715269,0.07249014,-0.04961485,-0.64721364,-0.037260577,-0.06918221,-0.7523921,-0.099316426,-0.07969501,-0.8378673,-0.15742868,-0.08441134
PLEASE,0.0,0.0,0.0,-0.039406553,-0.26108745,0.03898986,-0.16102222,-0.44788545,0.063477114,-0.24235441,-0.5865741,0.08381745,-0.24276327,-0.7032692,0.099859424,-0.3881061,-0.40482202,0.011835708,-0.6120863,-0.43677315,0.013788257,-0.7385413,-0.44855845,0.02104048,-0.829004,-0.4590906,0.024533864,-0.44002217,-0.24716641,-0.0142566785,-0.67722654,-0.34034404,-0.023794753,-0.81123024,-0.3852323,-0.023216624,-0.90606236,-0.4231441,-0.0206671,-0.46793985,-0.08354513,-0.036180515,-0.683633,-0.21015225,-0.04822404,-0.81543994,-0.279396,-0.06286969,-0.9146678,-0.33755568,-0.07266511,-0.4735234,0.07833113,-0.052262254,-0.64761245,-0.034924895,-0.07208626,-0.7520151,-0.098635726,-0.08270766,-0.8372926,-0.15794276,-0.08727783
PLEASE,0.0,0.0,0.0,-0.036649145,-0.25921857,0.038185615,-0.15861744,-0.4460553,0.06311217,-0.23991673,-0.58675057,0.08426776,-0.23628052,-0.70470536,0.10144214,-0.387205,-0.40710828,0.01054706,-0.6142883,-0.43919528,0.013704878,-0.74078375,-0.45198542,0.022943424,-0.82997704,-0.46366295,0.028172208,-0.44018945,-0.2508621,-0.013983817,-0.67819357,-0.34310505,-0.020916509,-0.81187934,-0.38732082,-0.01783089,-0.90487623,-0.42567468,-0.013572353,-0.46885118,-0.08677408,-0.03438073,-0.68384385,-0.21030718,-0.043603294,-0.81547034,-0.277947,-0.0569456,-0.91291255,-0.33555162,-0.066257134,-0.47524324,0.07747441,-0.049161635,-0.6469539,-0.032980263,-0.06692631,-0.750922,-0.09540103,-0.077269845,-0.83529544,-0.15380956,-0.081835605
PLEASE,0.0,0.0,0.0,-0.036543146,-0.25704366,0.039625857,-0.15833437,-0.44321153,0.065672055,-0.24052233,-0.5829555,0.087853275,-0.24090737,-0.69905007,0.105790555,-0.38936204,-0.40012035,0.012371026,-0.61644727,-0.43405727,0.016143337,-0.7442621,-0.4470409,0.025148055,-0.8352318,-0.45795262,0.02998884,-0.44039264,-0.24302302,-0.012594935,-0.67872685,-0.33831185,-0.019512683,-0.81298065,-0.38383275,-0.01738848,-0.9066414,-0.42190218,-0.01394376,-0.4675768,-0.07984055,-0.033291664,-0.68485457,-0.20606679,-0.043227207,-0.8169292,-0.27591348,-0.05794909,-0.91469026,-0.3341202,-0.06810221,-0.4734604,0.082197614,-0.04809784,-0.6473548,-0.029895546,-0.066544205,-0.75228643,-0.09306298,-0.07792376,-0.83723825,-0.15148187,-0.08327975
PLEASE,0.0,0.0,0.0,-0.03937074,-0.2581476,0.04161148,-0.15923342,-0.44501746,0.06973473,-0.24048583,-0.5875394,0.093058564,-0.2394737,-0.7109806,0.1120905,-0.3950581,-0.40379667,0.021275913,-0.61915845,-0.4367606,0.02720375,-0.74195087,-0.44933856,0.036850575,-0.8292418,-0.46255782,0.042097002,-0.44886982,-0.24957111,-0.004568424,-0.68489414,-0.34083417,-0.009000209,-0.8155415,-0.38325354,-0.005878014,-0.90677977,-0.4216047,-0.0015421966,-0.4759592,-0.08575413,-0.026561216,-0.69096196,-0.20484382,-0.03572115,-0.8205012,-0.2701813,-0.04914331,-0.9179707,-0.32791856,-0.05802292,-0.4803393,0.08003993,-0.04267859,-0.65577775,-0.028872365,-0.061028574,-0.75934684,-0.091487914,-0.07075605,-0.8437687,-0.15145591,-0.07449541
PLEASE,0.0,0.0,0.0,-0.03910129,-0.2645458,0.0380239,-0.15716805,-0.44736955,0.06095238,-0.2408246,-0.5883119,0.07970317,-0.24160768,-0.7109806,0.09401169,-0.38661918,-0.39957592,0.008946781,-0.61651003,-0.4349714,0.011339465,-0.7410371,-0.4478338,0.018639298,-0.83119667,-0.45825523,0.02207291,-0.43867767,-0.2420927,-0.016867928,-0.6788814,-0.3378695,-0.024144655,-0.8129921,-0.38213623,-0.02380536,-0.9075851,-0.41986817,-0.022131661,-0.4653472,-0.079795,-0.038279857,-0.6820092,-0.20472497,-0.047814596,-0.81495523,-0.27241325,-0.06294724,-0.91450894,-0.32990518,-0.074089915,-0.46981755,0.07918348,-0.0539388,-0.6460526,-0.030542016,-0.071956426,-0.7511206,-0.091438375,-0.08189912,-0.8368211,-0.14898212,-0.086438924
PLEASE,0.0,0.0,0.0,-0.03836508,-0.26926476,0.032342274,-0.16076484,-0.45489797,0.05272155,-0.24258362,-0.59865063,0.069835134,-0.23710464,-0.7217509,0.082186796,-0.38191313,-0.39990726,0.00045649736,-0.6101118,-0.43604583,0.0002619874,-0.73514456,-0.4500693,0.005994875,-0.8242111,-0.46116027,0.008422554,-0.43427306,-0.24114305,-0.023596669,-0.67461085,-0.3396244,-0.03180519,-0.8103866,-0.38621196,-0.03176996,-0.9055382,-0.42426467,-0.030650644,-0.46188974,-0.078741595,-0.043596126,-0.6799741,-0.20805497,-0.05328542,-0.81259376,-0.27816686,-0.0689396,-0.91109276,-0.33650288,-0.08109589,-0.46711028,0.07965189,-0.058460996,-0.64259136,-0.030394344,-0.078423336,-0.7474966,-0.093627006,-0.090276845,-0.83279574,-0.15209824,-0.09645054
PLEASE,0.0,0.0,0.0,-0.038188934,-0.26562425,0.03480233,-0.15832202,-0.4512219,0.057715427,-0.23926759,-0.5926921,0.07735573,-0.23884806,-0.7140325,0.09265239,-0.38430575,-0.40193036,0.0057873907,-0.61241657,-0.43614694,0.0074861455,-0.7374059,-0.44951597,0.014964057,-0.82596713,-0.46098563,0.018908696,-0.43594447,-0.24334693,-0.018133849,-0.67589957,-0.34091145,-0.025464747,-0.81134075,-0.3867973,-0.024193192,-0.90539974,-0.42456025,-0.021743312,-0.46293244,-0.08037809,-0.038129695,-0.68119127,-0.20969675,-0.047898795,-0.8133568,-0.27861005,-0.06305404,-0.9114163,-0.336311,-0.07415828,-0.46797243,0.07948701,-0.05264536,-0.64325297,-0.030356104,-0.072409615,-0.74819744,-0.092866585,-0.084243,-0.8334327,-0.15111901,-0.09001856
PLEASE,0.0,0.0,0.0,-0.03455319,-0.261808,0.032467872,-0.15466015,-0.4473617,0.05364375,-0.23729947,-0.58725476,0.07155253,-0.24342994,-0.70399225,0.085306376,-0.3815685,-0.4027673,0.0016117777,-0.61360914,-0.4362709,0.0005003631,-0.74226576,-0.4488469,0.0065032626,-0.8334619,-0.45858017,0.009808993,-0.43272176,-0.24540892,-0.022168752,-0.6748717,-0.3396775,-0.031404465,-0.8123565,-0.3839253,-0.031742796,-0.90751064,-0.42002904,-0.030449158,-0.46063012,-0.08350753,-0.04216211,-0.6810458,-0.20790908,-0.05288384,-0.8145402,-0.27568838,-0.06853457,-0.91293997,-0.33235642,-0.07997026,-0.46781948,0.076448336,-0.056996446,-0.6431497,-0.030771324,-0.076698646,-0.7490987,-0.09199438,-0.08870714,-0.83496565,-0.14872393,-0.094624266
PLEASE,0.0,0.0,0.0,-0.03894595,-0.25712052,0.032875415,-0.16253066,-0.44653192,0.055404164,-0.2414927,-0.5903397,0.07411992,-0.23753552,-0.7077559,0.08798684,-0.385923,-0.39558986,0.007861895,-0.6068174,-0.42904022,0.00836771,-0.7316227,-0.44072837,0.01329443,-0.8227105,-0.45047173,0.014621923,-0.43721536,-0.24392505,-0.017194005,-0.6727947,-0.3403934,-0.025604498,-0.8085594,-0.3857582,-0.026840271,-0.906178,-0.42289647,-0.026792873,-0.4646367,-0.085745476,-0.03885238,-0.6788716,-0.21278058,-0.05019999,-0.8112302,-0.2810124,-0.06755143,-0.9110474,-0.3376387,-0.08037306,-0.47073317,0.07263724,-0.055570856,-0.6442864,-0.03706077,-0.0771048,-0.7496597,-0.09977716,-0.09073944,-0.8352499,-0.1571885,-0.098182626
PLEASE,0.0,0.0,0.0,-0.038784523,-0.26236653,0.026563233,-0.16352965,-0.45342225,0.043447737,-0.24213983,-0.59793323,0.05720563,-0.2375229,-0.7143558,0.0662443,-0.38525108,-0.3973811,-0.005720529,-0.60620016,-0.43783173,-0.011157364,-0.7316107,-0.45497584,-0.009467055,-0.8227173,-0.46813208,-0.010059663,-0.4377954,-0.24260464,-0.029796438,-0.6725074,-0.3406619,-0.042839527,-0.8075906,-0.38814658,-0.04654768,-0.9042703,-0.42696053,-0.048339896,-0.46522424,-0.0833436,-0.050405663,-0.6805079,-0.21165238,-0.064479046,-0.81309086,-0.28077883,-0.082304,-0.9124675,-0.3375859,-0.09574181,-0.47022933,0.074350536,-0.06656286,-0.6428819,-0.034797736,-0.08965495,-0.74816877,-0.09747224,-0.10345091,-0.83373904,-0.15406795,-0.11105031
PLEASE,0.0,0.0,0.0,-0.035579395,-0.25953758,0.027887853,-0.15742342,-0.44570592,0.04783627,-0.23726116,-0.5849758,0.06519327,-0.23586988,-0.69912267,0.07864261,-0.38689998,-0.39898905,0.0013691124,-0.6084719,-0.43628776,-0.00076013105,-0.73244107,-0.45327067,0.0032879834,-0.82213455,-0.46817714,0.0047178445,-0.43834493,-0.24516045,-0.021129744,-0.6727931,-0.3384693,-0.032231364,-0.80762106,-0.38631523,-0.034734707,-0.9043774,-0.4267334,-0.0349687,-0.4647716,-0.0849584,-0.040389564,-0.67743474,-0.20804377,-0.0534773,-0.80945224,-0.2776649,-0.071093805,-0.91026896,-0.337053,-0.083455525,-0.4687307,0.07438347,-0.054979045,-0.63979936,-0.032746,-0.07659651,-0.74439335,-0.09556971,-0.089959845,-0.8297392,-0.15456586,-0.09678839
PLEASE,0.0,0.0,0.0,-0.03621467,-0.2625492,0.03149479,-0.15793248,-0.44831035,0.053147912,-0.23885593,-0.5878955,0.071639806,-0.23542795,-0.70372856,0.08606824,-0.3885139,-0.40064055,0.0053106803,-0.61000305,-0.43648788,0.0044733854,-0.73379153,-0.45323667,0.009253895,-0.8233999,-0.4684898,0.011139647,-0.4407691,-0.24518743,-0.018058147,-0.6749034,-0.33770496,-0.02839454,-0.80903345,-0.3843464,-0.029993797,-0.9054157,-0.42452595,-0.02939668,-0.46782106,-0.083795965,-0.03785914,-0.67921513,-0.20624025,-0.050028566,-0.8107864,-0.275555,-0.06633226,-0.9112976,-0.33514842,-0.07767262,-0.47214556,0.07630492,-0.052704487,-0.6427386,-0.031393178,-0.0727179,-0.74618113,-0.09480013,-0.0844043,-0.8305116,-0.15490574,-0.09002716
PLEASE,0.0,0.0,0.0,-0.03493708,-0.26368785,0.030671645,-0.15557075,-0.45193192,0.053004753,-0.23577568,-0.59273195,0.07339103,-0.23692593,-0.70517695,0.08999651,-0.38245657,-0.40582174,0.0006937193,-0.60935885,-0.4436629,0.0012545903,-0.7334184,-0.46135446,0.00835886,-0.82106954,-0.47662327,0.0124161225,-0.4343553,-0.24931715,-0.020812012,-0.67397857,-0.34344825,-0.029639827,-0.808716,-0.39046103,-0.02898455,-0.9029458,-0.42975447,-0.026635557,-0.46200302,-0.08736987,-0.038559135,-0.67832005,-0.21372002,-0.049320806,-0.8088964,-0.282808,-0.06473083,-0.90697086,-0.3416625,-0.075524434,-0.46816435,0.071840644,-0.05115021,-0.6411827,-0.036142852,-0.07084711,-0.7446606,-0.0991059,-0.082687125,-0.8287879,-0.15885037,-0.08829199
PLEASE,0.0,0.0,0.0,-0.036941443,-0.26225862,0.038128775,-0.15480542,-0.44728276,0.06271528,-0.23673324,-0.5870447,0.0836018,-0.24079749,-0.70205617,0.0998885,-0.38162968,-0.40387896,0.009539656,-0.6053166,-0.4396196,0.011992613,-0.72993356,-0.45309347,0.01910418,-0.81955206,-0.46462676,0.02240356,-0.4347774,-0.24832034,-0.015685434,-0.67227244,-0.3440687,-0.02437519,-0.80744976,-0.39021662,-0.02475791,-0.90321934,-0.4291792,-0.023317032,-0.46260926,-0.08665402,-0.036515284,-0.6783914,-0.21329542,-0.04743237,-0.81002426,-0.2831626,-0.06298737,-0.909057,-0.3423671,-0.07388214,-0.46751148,0.07362174,-0.051468574,-0.64213306,-0.036029153,-0.07019703,-0.7471261,-0.09956149,-0.08102432,-0.8326494,-0.1600687,-0.08610426
PLEASE,0.0,0.0,0.0,-0.038580593,-0.26412743,0.03825086,-0.15603797,-0.44735494,0.062006652,-0.23574668,-0.5860136,0.0827081,-0.2351269,-0.7035042,0.09899019,-0.38606048,-0.40215868,0.004842771,-0.61489713,-0.43741214,0.007350735,-0.74150175,-0.45270914,0.01605087,-0.8308058,-0.4664427,0.021136522,-0.43737024,-0.24268132,-0.019209672,-0.67779803,-0.33889407,-0.02644315,-0.8121733,-0.3857482,-0.023887964,-0.90468323,-0.42608473,-0.02020416,-0.4639728,-0.07842513,-0.038556345,-0.68248767,-0.20757991,-0.04766476,-0.8139114,-0.27859554,-0.061365716,-0.91090035,-0.33929354,-0.0711223,-0.4683084,0.082827136,-0.05189243,-0.64317065,-0.027283605,-0.069300435,-0.74727863,-0.091632195,-0.079172924,-0.8315252,-0.15218921,-0.083498865
PLEASE,0.0,0.0,0.0,-0.035201043,-0.2598635,0.041479096,-0.15133174,-0.44277623,0.070159405,-0.2329494,-0.58384794,0.09500966,-0.23596573,-0.7055446,0.116112314,-0.3824687,-0.4061081,0.018885633,-0.6129195,-0.4404469,0.027027708,-0.736234,-0.45423386,0.039784223,-0.82370025,-0.4686441,0.047553394,-0.4365748,-0.2517543,-0.0052734553,-0.6791375,-0.34378183,-0.008433595,-0.81194425,-0.3876393,-0.003409335,-0.90370405,-0.42815754,0.0026922976,-0.46468902,-0.08856368,-0.025362084,-0.681655,-0.2096066,-0.032480344,-0.81093514,-0.27672306,-0.045006864,-0.9075614,-0.3366371,-0.05314334,-0.4699559,0.075045735,-0.03934035,-0.6454896,-0.032659784,-0.054940037,-0.74874455,-0.09491946,-0.06377612,-0.83305335,-0.15639901,-0.06694142
PLEASE,0.0,0.0,0.0,-0.037444692,-0.2664844,0.04049578,-0.15559548,-0.446768,0.065054424,-0.239604,-0.5834798,0.08390887,-0.24359825,-0.6992168,0.09768004,-0.38469124,-0.40340555,0.017314363,-0.6082969,-0.434637,0.019259697,-0.73135483,-0.4451251,0.02365311,-0.8216766,-0.45422664,0.024231773,-0.4385874,-0.2507577,-0.011405604,-0.6746053,-0.34358972,-0.018137947,-0.8086119,-0.38775417,-0.020566175,-0.9047213,-0.42600393,-0.021838307,-0.46634543,-0.09031509,-0.036229275,-0.6828319,-0.21223038,-0.04597484,-0.8158863,-0.280427,-0.06286449,-0.91696715,-0.33981797,-0.076115474,-0.47081295,0.071050584,-0.055338677,-0.6458334,-0.032707706,-0.07452369,-0.7510949,-0.092884086,-0.08566904,-0.8373085,-0.15112315,-0.091683686
PLEASE,0.0,0.0,0.0,-0.032296773,-0.26514462,0.032960318,-0.14884059,-0.4490599,0.053280834,-0.23076865,-0.5874723,0.07010466,-0.23545924,-0.70160633,0.08273594,-0.37935254,-0.40509704,0.002102123,-0.60734284,-0.44172204,0.0005976544,-0.7347127,-0.45733386,0.005600658,-0.82641274,-0.47068754,0.0077836895,-0.43289855,-0.2475555,-0.022721853,-0.671636,-0.34362978,-0.03390186,-0.80636716,-0.3917617,-0.035552174,-0.90133584,-0.43312094,-0.035071198,-0.46145892,-0.08426891,-0.043646555,-0.67932045,-0.21175882,-0.05631682,-0.8104155,-0.283749,-0.07211931,-0.9082124,-0.34510496,-0.08328829,-0.4674971,0.077463165,-0.059275605,-0.6429856,-0.0313881,-0.07893452,-0.7471059,-0.09518931,-0.08959131,-0.8313536,-0.1557578,-0.09453279
PLEASE,0.0,0.0,0.0,-0.03009576,-0.25877887,0.036578063,-0.14798959,-0.4414499,0.060516965,-0.23259777,-0.57818365,0.080521114,-0.24109337,-0.69083077,0.09703698,-0.38217485,-0.40609887,0.011725008,-0.6080626,-0.44506574,0.012120699,-0.73498464,-0.46141747,0.018162182,-0.8251685,-0.47385114,0.021336,-0.4362908,-0.24922729,-0.013347484,-0.67303604,-0.34476498,-0.023695836,-0.807928,-0.39146957,-0.024594393,-0.9028467,-0.42996252,-0.022787625,-0.46579117,-0.087619476,-0.0346649,-0.6810886,-0.21118173,-0.0459861,-0.81236166,-0.28155676,-0.060218185,-0.9103695,-0.34116352,-0.069622174,-0.4723386,0.07227684,-0.050631948,-0.6445769,-0.0359192,-0.06777813,-0.7492324,-0.09830188,-0.077043585,-0.83352125,-0.15690267,-0.08067763
PLEASE,0.0,0.0,0.0,-0.033428557,-0.25762582,0.032762412,-0.15646194,-0.44303584,0.05706125,-0.23885737,-0.5840948,0.07843255,-0.2344672,-0.6996687,0.09631699,-0.39149544,-0.40008405,0.0109880045,-0.6127091,-0.44009703,0.013914539,-0.7370872,-0.45758024,0.02126955,-0.8256789,-0.47219056,0.02480705,-0.44547722,-0.24433057,-0.0114284605,-0.6794464,-0.33996972,-0.018204236,-0.8125033,-0.3856444,-0.01669067,-0.90583426,-0.4236323,-0.013746236,-0.4734345,-0.08291664,-0.030450918,-0.6867289,-0.20485179,-0.03926989,-0.81596404,-0.27387348,-0.053161606,-0.91238225,-0.33256754,-0.06289041,-0.47830787,0.07819882,-0.04463744,-0.65059876,-0.028864069,-0.061320167,-0.75426745,-0.091951825,-0.07153817,-0.8375471,-0.15154354,-0.07624495
PLEASE,0.0,0.0,0.0,-0.030289138,-0.25848678,0.031888966,-0.14951399,-0.44357997,0.055332355,-0.23368427,-0.58448243,0.075601146,-0.23663029,-0.701836,0.09215188,-0.3848838,-0.40782967,0.010415368,-0.6064327,-0.44794083,0.012869604,-0.7296213,-0.46409577,0.019322077,-0.8193157,-0.47797102,0.022060547,-0.4412865,-0.25325513,-0.0121726,-0.6743566,-0.3476784,-0.019898009,-0.80724174,-0.3923483,-0.020369755,-0.9025936,-0.43049362,-0.018867807,-0.47003582,-0.091159746,-0.03130741,-0.68130887,-0.21124116,-0.041152544,-0.8103824,-0.2796586,-0.055822458,-0.9084347,-0.33890882,-0.06596113,-0.47497135,0.07180933,-0.045606885,-0.647393,-0.035930257,-0.06262633,-0.75137967,-0.099267885,-0.0722559,-0.83615744,-0.16085573,-0.0763832
PLEASE,0.0,0.0,0.0,-0.030556954,-0.25927997,0.037675373,-0.15032037,-0.43999034,0.062346987,-0.23579046,-0.5738272,0.08250497,-0.24262407,-0.6866836,0.09838754,-0.38562402,-0.40406707,0.0139481425,-0.60586274,-0.43927678,0.015107364,-0.7291769,-0.4541774,0.020546759,-0.8185163,-0.46705922,0.022488087,-0.44085974,-0.2502513,-0.012450529,-0.6746759,-0.3422291,-0.022947386,-0.80810803,-0.38853958,-0.025248967,-0.90359277,-0.4283926,-0.024903184,-0.4694971,-0.08920159,-0.034991693,-0.6846878,-0.21121782,-0.048433907,-0.81509817,-0.2816073,-0.06495677,-0.91365165,-0.34235057,-0.07583787,-0.4739924,0.07201202,-0.051819332,-0.64887,-0.035900023,-0.071648866,-0.7537661,-0.098790795,-0.08256929,-0.8386623,-0.15947208,-0.08740006
PLEASE,0.0,0.0,0.0,-0.031678062,-0.26146778,0.034401633,-0.1499196,-0.44554707,0.05805735,-0.23279758,-0.58352476,0.07770628,-0.23407276,-0.694609,0.093273275,-0.38767916,-0.40522572,0.009827034,-0.6057384,-0.44485828,0.010216137,-0.72819066,-0.46090484,0.015469859,-0.8171876,-0.47475868,0.017405545,-0.44424543,-0.24999587,-0.015045928,-0.67747945,-0.34380865,-0.024364974,-0.809955,-0.38834637,-0.025109824,-0.90458214,-0.42629936,-0.023933098,-0.4725912,-0.08665281,-0.03631343,-0.685992,-0.20751968,-0.048370346,-0.81484544,-0.27546096,-0.0635904,-0.91280305,-0.33455235,-0.07404608,-0.4762354,0.0777726,-0.052375723,-0.6487676,-0.02801651,-0.07207687,-0.7531468,-0.09069021,-0.08304818,-0.8381881,-0.15160924,-0.08807498
PLEASE,0.0,0.0,0.0,-0.031398963,-0.26135942,0.040463597,-0.14898749,-0.44010204,0.067160234,-0.23269363,-0.5716542,0.08920171,-0.23971066,-0.68367755,0.10695799,-0.3847652,-0.40592164,0.014957142,-0.60908705,-0.44202608,0.017244274,-0.7324114,-0.45788962,0.024908725,-0.82101506,-0.47117352,0.028874407,-0.44013745,-0.2507403,-0.012084424,-0.67788905,-0.34280366,-0.021830676,-0.81155884,-0.38613585,-0.022174988,-0.9063696,-0.42248568,-0.019822832,-0.46869233,-0.08773819,-0.03502381,-0.68598944,-0.21035556,-0.047868334,-0.8169435,-0.2779375,-0.06323017,-0.91644,-0.33643407,-0.07298944,-0.47285458,0.07678617,-0.051846296,-0.64892757,-0.030349417,-0.07217901,-0.7542871,-0.09240527,-0.08306817,-0.8400752,-0.15314013,-0.08743073
PLEASE,0.0,0.0,0.0,-0.032747034,-0.25619102,0.038372423,-0.15372537,-0.43723905,0.06498296,-0.23746087,-0.57483494,0.08722713,-0.23885654,-0.6896314,0.10545834,-0.3853791,-0.4046563,0.017378476,-0.60906,-0.44185865,0.021743087,-0.7316956,-0.45834413,0.029962976,-0.8187066,-0.4719749,0.03425752,-0.44048595,-0.25171927,-0.007869802,-0.6769489,-0.3453551,-0.013027654,-0.8109681,-0.38927007,-0.0116172135,-0.9050836,-0.42523372,-0.00878231,-0.4700464,-0.08960063,-0.029459424,-0.6841029,-0.21239996,-0.037855107,-0.81337386,-0.28034005,-0.051823687,-0.91016984,-0.338346,-0.061685372,-0.47676992,0.07456583,-0.045528714,-0.6474026,-0.03271799,-0.062439293,-0.7499384,-0.0946372,-0.072086826,-0.8336985,-0.1544204,-0.07625108
PLEASE,0.0,0.0,0.0,-0.032481957,-0.2564758,0.038850866,-0.15170616,-0.43778455,0.06659095,-0.23667076,-0.5730363,0.090034306,-0.24425559,-0.685121,0.11003449,-0.38800576,-0.40289092,0.021453818,-0.61202437,-0.44124183,0.027620742,-0.7344293,-0.45943147,0.03733128,-0.82144064,-0.47517166,0.04268884,-0.4413258,-0.24948303,-0.002961404,-0.6786222,-0.34206334,-0.008357894,-0.81149,-0.3873035,-0.006771578,-0.9048451,-0.42574078,-0.003293455,-0.46900156,-0.08868246,-0.023822872,-0.68426764,-0.20890991,-0.032613788,-0.8132874,-0.27624252,-0.0462626,-0.91010445,-0.33415955,-0.05515727,-0.47419915,0.07257638,-0.03908628,-0.64592683,-0.031666484,-0.055454917,-0.74967897,-0.092257924,-0.06499471,-0.8342443,-0.15150645,-0.068730876
PLEASE,0.0,0.0,0.0,-0.033761222,-0.26183182,0.037815157,-0.15352988,-0.446771,0.065330856,-0.23729593,-0.5857336,0.08828954,-0.24173573,-0.7026191,0.10755116,-0.38567263,-0.4084747,0.022515306,-0.6087771,-0.44686833,0.02862126,-0.730473,-0.46449256,0.03751557,-0.8180202,-0.48013332,0.04197029,-0.44001645,-0.2558056,-0.0022170371,-0.67510474,-0.3497117,-0.007391472,-0.8075428,-0.39511693,-0.0069257757,-0.9011733,-0.43345892,-0.004433753,-0.46810466,-0.09561348,-0.023608975,-0.6805996,-0.21584505,-0.03223335,-0.8091218,-0.28330374,-0.046789546,-0.9062716,-0.3410513,-0.056540005,-0.4733813,0.06454494,-0.039675463,-0.6439344,-0.041225694,-0.056017146,-0.74716145,-0.101936415,-0.06557185,-0.8316607,-0.16084932,-0.06949312
PLEASE,0.0,0.0,0.0,-0.042324677,-0.25824228,0.03582959,-0.16616528,-0.44458017,0.060903676,-0.24720389,-0.5829152,0.081698745,-0.24750763,-0.6945299,0.09817426,-0.3892795,-0.39502937,0.014759222,-0.6083587,-0.43425167,0.015747376,-0.73302877,-0.45119455,0.0201676,-0.82365793,-0.46449217,0.02121223,-0.43977123,-0.24377541,-0.010803988,-0.6739166,-0.34039626,-0.01927878,-0.80853045,-0.3867437,-0.02206528,-0.9054085,-0.42454144,-0.022956688,-0.46676543,-0.08630388,-0.03294285,-0.6815022,-0.21133244,-0.044737585,-0.8122204,-0.28080526,-0.06266658,-0.9115984,-0.33917215,-0.07560955,-0.47243357,0.07120249,-0.049771603,-0.6443192,-0.035489835,-0.07163068,-0.7493986,-0.09734909,-0.08571384,-0.8354608,-0.1557455,-0.09326271
PLEASE,0.0,0.0,0.0,-0.03621476,-0.2640251,0.028365813,-0.16028942,-0.457928,0.048883487,-0.24066626,-0.60274065,0.0664791,-0.23628113,-0.7153573,0.07996893,-0.38364795,-0.4096409,0.00015220663,-0.60757375,-0.45060343,-0.002446347,-0.73048574,-0.47008872,0.0017109781,-0.81830865,-0.48590186,0.0035244261,-0.43574688,-0.25572237,-0.0223906,-0.6723057,-0.34967095,-0.033062693,-0.80577236,-0.39675638,-0.035268776,-0.9002696,-0.43533272,-0.03529761,-0.463276,-0.094679184,-0.04154068,-0.6759969,-0.21531393,-0.053690225,-0.8069633,-0.28426275,-0.07096675,-0.9052501,-0.34266636,-0.083386086,-0.4697362,0.0651341,-0.056091193,-0.6397601,-0.042594522,-0.07712287,-0.7432859,-0.10566324,-0.09029728,-0.82745814,-0.16446257,-0.097140685
PLEASE,0.0,0.0,0.0,-0.03890261,-0.25860953,0.030952657,-0.16275798,-0.44925666,0.05332252,-0.24220334,-0.5929366,0.072104976,-0.23367526,-0.7067707,0.08657011,-0.3873175,-0.39593884,0.008676409,-0.60574144,-0.43428183,0.008512586,-0.73239297,-0.44851533,0.012009563,-0.8256553,-0.458908,0.011830068,-0.4387796,-0.24393354,-0.015512183,-0.6713005,-0.34252864,-0.024533164,-0.8045718,-0.39233646,-0.02707038,-0.9011303,-0.4335483,-0.028318861,-0.4659736,-0.08622626,-0.036537614,-0.6782841,-0.21395421,-0.04863707,-0.8091723,-0.28695473,-0.066823624,-0.90771335,-0.34749568,-0.08048931,-0.47186497,0.06957368,-0.052897744,-0.6434078,-0.03844006,-0.07536536,-0.7473125,-0.10251859,-0.0897513,-0.83136845,-0.16126803,-0.0979769
PLEASE,0.0,0.0,0.0,-0.036204178,-0.26298133,0.030998927,-0.16010055,-0.45397305,0.05342907,-0.24210909,-0.59635633,0.07289199,-0.24056417,-0.71207047,0.088423595,-0.38594696,-0.4045219,0.0041175536,-0.6071065,-0.4443943,0.0034179594,-0.7290751,-0.4635275,0.008663351,-0.8164497,-0.4798832,0.010929696,-0.43951294,-0.2512586,-0.018814323,-0.6752397,-0.3478617,-0.02792276,-0.806661,-0.39626452,-0.028404279,-0.8994912,-0.43693888,-0.027315397,-0.4678402,-0.090957426,-0.03828119,-0.6827645,-0.21712062,-0.050250832,-0.81294614,-0.2872858,-0.066458225,-0.9106413,-0.3468629,-0.07814258,-0.4739321,0.06893304,-0.052716922,-0.6461491,-0.039076164,-0.07423861,-0.75013644,-0.102523014,-0.087097,-0.8347974,-0.16166261,-0.09365572
PLEASE,0.0,0.0,0.0,-0.03801116,-0.2630698,0.03336549,-0.15980029,-0.44870597,0.05575697,-0.23886456,-0.5849707,0.074011676,-0.23523925,-0.69612527,0.08816226,-0.3888117,-0.39539635,0.009684225,-0.6052614,-0.43551192,0.0074365037,-0.72992367,-0.45379007,0.009965015,-0.8207983,-0.46821862,0.009803353,-0.4424034,-0.242334,-0.015466438,-0.6750156,-0.33807138,-0.027187826,-0.80776405,-0.38653755,-0.030262118,-0.90408194,-0.4273591,-0.031110208,-0.4710099,-0.08425161,-0.037185147,-0.685154,-0.20915745,-0.05085779,-0.81459033,-0.27855644,-0.067365974,-0.9123625,-0.33679324,-0.07892332,-0.47687766,0.072542466,-0.05391315,-0.6495467,-0.03352295,-0.07636804,-0.7540085,-0.09558021,-0.08921267,-0.83825254,-0.15313673,-0.09556274
PLEASE,0.0,0.0,0.0,-0.027065009,-0.2607261,0.033681113,-0.14755306,-0.44716537,0.059165347,-0.23109026,-0.584869,0.08056849,-0.2383829,-0.6976953,0.09856833,-0.38176918,-0.4159564,0.017905612,-0.5998426,-0.45754033,0.0208015,-0.7217606,-0.47668242,0.027327355,-0.8111066,-0.49293613,0.030092366,-0.43770614,-0.26500866,-0.0059746774,-0.6688774,-0.35463044,-0.015579971,-0.80077386,-0.4013028,-0.017870469,-0.89716786,-0.44168976,-0.016878624,-0.4667515,-0.104973234,-0.026798712,-0.6751438,-0.21955751,-0.038919404,-0.8040954,-0.28772634,-0.054559343,-0.9041885,-0.34750265,-0.064189926,-0.47283462,0.05639826,-0.04271985,-0.6429447,-0.04733145,-0.060187604,-0.74612856,-0.10801093,-0.069855325,-0.8302969,-0.16753592,-0.07360231
PLEASE,0.0,0.0,0.0,-0.036818795,-0.2571567,0.034793075,-0.1579699,-0.44023883,0.058563154,-0.23966122,-0.5753513,0.07835907,-0.23687802,-0.6851043,0.09373577,-0.38619313,-0.3986464,0.011237845,-0.60516495,-0.43145248,0.01260282,-0.729442,-0.44357944,0.016951373,-0.8214353,-0.45296898,0.017272841,-0.4396859,-0.24565054,-0.014164192,-0.67290336,-0.34066167,-0.022799779,-0.80550957,-0.38987547,-0.02487462,-0.9017263,-0.43230724,-0.025761964,-0.4684382,-0.08395148,-0.0360466,-0.6801713,-0.2119179,-0.048383217,-0.81041545,-0.28477266,-0.06682563,-0.9092508,-0.34704077,-0.08043985,-0.47531238,0.07777839,-0.05255149,-0.64688855,-0.031969573,-0.074524336,-0.7502638,-0.09580962,-0.08844154,-0.8354532,-0.15629615,-0.09624135
PLEASE,0.0,0.0,0.0,-0.030721748,-0.26107728,0.03628875,-0.14987378,-0.4466838,0.06344411,-0.23609944,-0.58610505,0.086963035,-0.24058923,-0.7003465,0.106796175,-0.38646683,-0.4101256,0.018054487,-0.60850066,-0.44757962,0.02375912,-0.73117954,-0.46419728,0.032772176,-0.8196234,-0.47822428,0.037313428,-0.44162402,-0.25727007,-0.005092793,-0.67525476,-0.34957492,-0.011152622,-0.80679345,-0.39515147,-0.010254926,-0.901118,-0.4335739,-0.0073571005,-0.46909454,-0.09569639,-0.024622945,-0.6793127,-0.21467334,-0.033885796,-0.80695087,-0.28306788,-0.04774529,-0.90447885,-0.34154707,-0.056828685,-0.47282866,0.06577275,-0.038789615,-0.64334434,-0.042011242,-0.055533644,-0.7455417,-0.10562134,-0.064842895,-0.8285221,-0.16706747,-0.06845971
PLEASE,0.0,0.0,0.0,-0.0316424,-0.2615914,0.038941447,-0.1506568,-0.44448668,0.06518343,-0.23518038,-0.58362544,0.08711091,-0.23399441,-0.7006021,0.105137035,-0.38267037,-0.4075501,0.016719917,-0.60831845,-0.44742498,0.021381103,-0.7329623,-0.46545625,0.030824887,-0.8209712,-0.47925466,0.03606966,-0.43712062,-0.25357985,-0.00835019,-0.6742103,-0.35004526,-0.015561137,-0.807527,-0.3968459,-0.013976084,-0.900373,-0.43511897,-0.010242545,-0.46599227,-0.093026266,-0.029466553,-0.6802848,-0.21683858,-0.03892471,-0.80915546,-0.28704405,-0.052364327,-0.9050549,-0.34591365,-0.06098567,-0.47119427,0.06667437,-0.044946067,-0.64389336,-0.042847704,-0.060850892,-0.7468174,-0.105884895,-0.06962876,-0.8297846,-0.16543598,-0.072935276
PLEASE,0.0,0.0,0.0,-0.031676613,-0.26103273,0.041180193,-0.1497979,-0.44398224,0.0698393,-0.23409149,-0.5815704,0.09340743,-0.23570986,-0.6954442,0.11349433,-0.39270285,-0.40856043,0.026820382,-0.61419857,-0.44699797,0.034196343,-0.7339261,-0.46385565,0.04378052,-0.81921107,-0.4792886,0.048940472,-0.4478564,-0.25592053,0.0016028117,-0.68308574,-0.34800166,-0.0014141137,-0.81209147,-0.3922336,0.0016295309,-0.9023481,-0.43100792,0.0059371013,-0.4764475,-0.09468105,-0.020096047,-0.6883363,-0.21267945,-0.026509987,-0.8149932,-0.27837676,-0.038134478,-0.9102872,-0.33556348,-0.045915682,-0.4815843,0.068510175,-0.03630721,-0.651886,-0.03781161,-0.04954145,-0.75281656,-0.09959262,-0.0562985,-0.8347446,-0.15875556,-0.058382638
PLEASE,0.0,0.0,0.0,-0.031917356,-0.26435366,0.039111782,-0.14929949,-0.44586304,0.06697002,-0.2358869,-0.582493,0.09090295,-0.23919675,-0.70101213,0.1112657,-0.39389992,-0.40758273,0.022649342,-0.61926574,-0.44315773,0.031913787,-0.73966527,-0.45865273,0.042632084,-0.8267206,-0.4721751,0.047946475,-0.44910654,-0.2506288,-0.0009780898,-0.6843564,-0.34419388,-0.0015749398,-0.81295705,-0.38815778,0.0014675457,-0.9045843,-0.42629486,0.004765883,-0.47679678,-0.08765113,-0.020841701,-0.6881225,-0.21026693,-0.024865337,-0.8167072,-0.2769684,-0.037877083,-0.9150669,-0.3348404,-0.04802944,-0.48138258,0.07389663,-0.035147,-0.6513322,-0.032471027,-0.047475643,-0.75177276,-0.093910895,-0.055070158,-0.83410805,-0.1541316,-0.058478203
PLEASE,0.0,0.0,0.0,-0.031140085,-0.26299784,0.036688972,-0.14962968,-0.44610548,0.063710354,-0.23568615,-0.5834936,0.08708551,-0.23652603,-0.70136803,0.10694079,-0.39045778,-0.40805325,0.019162675,-0.61428505,-0.44588134,0.02584788,-0.7355539,-0.4623581,0.035256296,-0.8229985,-0.47693568,0.03987076,-0.4452804,-0.2525962,-0.0038393235,-0.6797661,-0.34548786,-0.007999459,-0.8098737,-0.39016905,-0.0064294683,-0.9033633,-0.42887625,-0.0036006593,-0.47271675,-0.09081189,-0.023220945,-0.6836345,-0.21075536,-0.030490633,-0.81201226,-0.27763116,-0.04455403,-0.9104739,-0.3358126,-0.054563798,-0.47690946,0.07061914,-0.03726146,-0.6474626,-0.035940364,-0.05299808,-0.7496388,-0.09806008,-0.06278223,-0.8334597,-0.15946925,-0.067165785
PLEASE,0.0,0.0,0.0,-0.03314439,-0.26017442,0.040620256,-0.1489519,-0.43907228,0.06584073,-0.2334902,-0.5720734,0.08665239,-0.24152187,-0.6879725,0.10355144,-0.38236734,-0.4041082,0.012798121,-0.6091493,-0.446206,0.015672997,-0.73297596,-0.46479717,0.024477001,-0.82207865,-0.47964978,0.029328875,-0.4367674,-0.24902906,-0.013580496,-0.67545974,-0.3427493,-0.022857321,-0.80973816,-0.38753554,-0.022711853,-0.9051143,-0.42516822,-0.020226652,-0.4648463,-0.08736493,-0.035417963,-0.6821534,-0.2084058,-0.047082722,-0.81391346,-0.2750933,-0.0616666,-0.91405517,-0.33190492,-0.07106668,-0.46976364,0.07439697,-0.051046524,-0.645406,-0.032093722,-0.06952495,-0.7508336,-0.09262791,-0.07972566,-0.8370985,-0.15182237,-0.083791986
PLEASE,0.0,0.0,0.0,-0.03022553,-0.25679076,0.035071336,-0.15042368,-0.4398584,0.0589315,-0.23682138,-0.57643807,0.07914915,-0.24404126,-0.68921745,0.09559481,-0.38374084,-0.40541762,0.009410856,-0.608753,-0.44499663,0.010803471,-0.7327312,-0.46311566,0.018008573,-0.8210305,-0.47753105,0.021839652,-0.43846536,-0.25152233,-0.015149622,-0.67547333,-0.34376037,-0.024763877,-0.80930394,-0.3891564,-0.02532908,-0.90401304,-0.42750496,-0.02341613,-0.4675454,-0.09019006,-0.035890892,-0.68291706,-0.21201938,-0.04800045,-0.813859,-0.2804821,-0.06296812,-0.91266227,-0.33911633,-0.072729215,-0.47366932,0.07196821,-0.05111822,-0.64724696,-0.034918733,-0.06978808,-0.75163364,-0.09724673,-0.080000244,-0.8364547,-0.15746877,-0.08421089
PLEASE,0.0,0.0,0.0,-0.02995273,-0.25502828,0.035543807,-0.14809488,-0.43719974,0.058985338,-0.23248388,-0.5741874,0.077386305,-0.23703544,-0.6874442,0.09184777,-0.38299987,-0.40277842,0.015978908,-0.6039589,-0.43731037,0.016820068,-0.7269581,-0.4548341,0.02204696,-0.8157207,-0.4709111,0.024237648,-0.43806663,-0.25348786,-0.010468844,-0.67313415,-0.3424231,-0.019700017,-0.8078824,-0.3886545,-0.021796707,-0.9034562,-0.42868045,-0.021171218,-0.46745563,-0.09481145,-0.03362075,-0.6806079,-0.21227895,-0.045514286,-0.8124155,-0.27976748,-0.061482303,-0.91214114,-0.33882293,-0.07200084,-0.4727883,0.06750259,-0.051642254,-0.6438712,-0.034039013,-0.069510244,-0.74833655,-0.093589224,-0.07940296,-0.83310163,-0.15190697,-0.08359053
PLEASE,0.0,0.0,0.0,-0.030110938,-0.254025,0.029611202,-0.15116958,-0.44013616,0.050449755,-0.23524655,-0.5770924,0.067181475,-0.24161862,-0.68371004,0.079794414,-0.38533714,-0.4023835,0.008862044,-0.6027446,-0.43515134,0.00676519,-0.725849,-0.45229578,0.008823651,-0.81700563,-0.46776083,0.008305852,-0.4384609,-0.25254935,-0.0161456,-0.6696949,-0.34120747,-0.027631324,-0.8050708,-0.38772312,-0.033268422,-0.9040973,-0.4273266,-0.036054388,-0.4662851,-0.094670676,-0.038189486,-0.6753184,-0.21301658,-0.051872708,-0.8066544,-0.28216255,-0.070782706,-0.90747374,-0.34183136,-0.08394878,-0.47169355,0.06496331,-0.055708546,-0.6406231,-0.03931285,-0.07568652,-0.7447787,-0.101215295,-0.08821538,-0.82983065,-0.1611913,-0.0948119
PLEASE,0.0,0.0,0.0,-0.035701543,-0.25738925,0.029214919,-0.1567746,-0.44021276,0.04847972,-0.23665693,-0.5739687,0.064114705,-0.23557504,-0.6873622,0.07541233,-0.38328063,-0.39410976,0.0004852539,-0.6007306,-0.431679,-0.004290139,-0.72319806,-0.45107287,-0.0021629785,-0.8141719,-0.46747047,-0.0023640473,-0.43487293,-0.24296486,-0.025078887,-0.66886353,-0.3370288,-0.03974866,-0.80498195,-0.38534686,-0.044721227,-0.9049467,-0.42552495,-0.04664526,-0.46168694,-0.08590247,-0.04727474,-0.6736895,-0.2090708,-0.06384018,-0.8058525,-0.27838886,-0.08326282,-0.9078787,-0.33740976,-0.096353956,-0.46592638,0.07121961,-0.064649984,-0.6373389,-0.035218593,-0.088842824,-0.7422398,-0.09710386,-0.10360939,-0.8279439,-0.15525697,-0.11128403
PLEASE,0.0,0.0,0.0,-0.038771078,-0.26105094,0.028971562,-0.1584508,-0.4453726,0.04798552,-0.23564291,-0.58074874,0.064252965,-0.23069808,-0.6958666,0.076248705,-0.3859611,-0.39530084,-0.005247998,-0.607647,-0.43494886,-0.010378991,-0.73186076,-0.45520082,-0.006625398,-0.8212784,-0.47274706,-0.0049843113,-0.43685946,-0.23922127,-0.029196348,-0.6737556,-0.33255473,-0.044308297,-0.8090798,-0.38171074,-0.046848,-0.90600306,-0.42327106,-0.046467666,-0.462774,-0.07861556,-0.049375962,-0.67629087,-0.20039608,-0.06590876,-0.80756074,-0.27113417,-0.08317352,-0.9075528,-0.33201566,-0.094419,-0.46576253,0.07959015,-0.06454997,-0.6375311,-0.02752006,-0.08941935,-0.7418718,-0.0913201,-0.103580505,-0.8265096,-0.15137903,-0.110292986
PLEASE,0.0,0.0,0.0,-0.03410992,-0.25831375,0.030075073,-0.15334849,-0.44311973,0.051565465,-0.23536888,-0.5823226,0.07027771,-0.23802328,-0.69982815,0.085297145,-0.38732803,-0.39890686,0.005201799,-0.61337733,-0.43652338,0.0065979515,-0.7368587,-0.45318595,0.013551815,-0.8250325,-0.46807614,0.017274411,-0.43897447,-0.24302523,-0.01678996,-0.6775285,-0.33495435,-0.02396916,-0.8126699,-0.38073015,-0.023970995,-0.9077515,-0.41950825,-0.02242288,-0.46500543,-0.08116753,-0.035398573,-0.6798535,-0.20264864,-0.045070738,-0.810223,-0.27172357,-0.06096469,-0.9086103,-0.33124822,-0.07225678,-0.4682944,0.078745306,-0.049145754,-0.6401748,-0.027496755,-0.06797965,-0.7435642,-0.08984486,-0.079847805,-0.8282149,-0.1501729,-0.0855687
PLEASE,0.0,0.0,0.0,-0.03549526,-0.26299036,0.03507149,-0.15475176,-0.44939575,0.060292374,-0.23262142,-0.5898336,0.08179011,-0.22704823,-0.70845896,0.09938101,-0.38329864,-0.40664026,0.011937471,-0.6097538,-0.44387048,0.015580617,-0.73393345,-0.46229336,0.025118096,-0.8216355,-0.47865787,0.03068202,-0.43571103,-0.25208148,-0.011647293,-0.6746932,-0.34518307,-0.018397726,-0.8095404,-0.39057434,-0.01636826,-0.90349036,-0.42860833,-0.012517374,-0.4630581,-0.091497354,-0.031700425,-0.6780728,-0.21338888,-0.04120815,-0.8083236,-0.2814265,-0.055991847,-0.90616465,-0.33931592,-0.06573212,-0.46749052,0.06850144,-0.046489507,-0.6397511,-0.038512647,-0.065307334,-0.7436333,-0.10078438,-0.07712843,-0.8282256,-0.16079088,-0.08243607
PLEASE,0.0,0.0,0.0,-0.031255987,-0.2640425,0.03796558,-0.1502055,-0.45066312,0.062721945,-0.23196302,-0.5889763,0.08138096,-0.23345654,-0.70657194,0.09524251,-0.38341856,-0.41042495,0.02127931,-0.5990702,-0.44371292,0.023401657,-0.7205076,-0.45503843,0.02753488,-0.8109296,-0.4628768,0.02763803,-0.43897775,-0.26023737,-0.007307254,-0.67046154,-0.3530608,-0.016568622,-0.804792,-0.3961693,-0.020394238,-0.9028943,-0.42986268,-0.021779118,-0.46830064,-0.10189281,-0.03255761,-0.6786256,-0.22357778,-0.04494124,-0.81037754,-0.29113287,-0.062425397,-0.91149986,-0.34650496,-0.07466938,-0.4740839,0.0589313,-0.052544504,-0.64455926,-0.04692626,-0.07203065,-0.74887884,-0.10647715,-0.08285114,-0.8334739,-0.16225058,-0.088142976
PLEASE,0.0,0.0,0.0,-0.036937483,-0.25388652,0.031334825,-0.15675999,-0.43834162,0.05157453,-0.23556809,-0.57846946,0.06822485,-0.23172437,-0.69496775,0.08044343,-0.3780248,-0.39333642,0.0035973685,-0.5990863,-0.42999566,0.0022041244,-0.7264945,-0.44367468,0.0063196467,-0.8197891,-0.45395872,0.0070427503,-0.43000406,-0.2412934,-0.021379726,-0.66716087,-0.33836645,-0.032652836,-0.80402124,-0.3889111,-0.035556898,-0.90254605,-0.4305934,-0.036381822,-0.45809942,-0.084072575,-0.04267213,-0.67243016,-0.20703748,-0.055608746,-0.8054047,-0.27975678,-0.07376787,-0.90567654,-0.34050584,-0.08676125,-0.46346477,0.07139122,-0.05908924,-0.63569725,-0.03542758,-0.08044583,-0.74083287,-0.097061194,-0.09411908,-0.82576203,-0.1539462,-0.10151516
PLEASE,0.0,0.0,0.0,-0.03174012,-0.26027372,0.030970741,-0.149982,-0.44335017,0.050846215,-0.23265082,-0.5779724,0.06736939,-0.23684172,-0.69356287,0.079884134,-0.3758978,-0.4037996,0.0001735913,-0.600521,-0.4441603,-0.0027733007,-0.7262579,-0.46395957,0.002338252,-0.8165507,-0.47989583,0.0049875616,-0.43012765,-0.24857007,-0.024239494,-0.6685191,-0.3438218,-0.038079638,-0.80494255,-0.3924032,-0.04031606,-0.9019442,-0.4318525,-0.039312433,-0.45921168,-0.08808257,-0.044779673,-0.6751885,-0.21139763,-0.059382044,-0.80667746,-0.28108323,-0.07480245,-0.90569496,-0.3395759,-0.08460475,-0.4649078,0.07134977,-0.060227074,-0.6385939,-0.037112717,-0.08169041,-0.74343884,-0.100098304,-0.09297833,-0.82769394,-0.15946631,-0.097499624
PLEASE,0.0,0.0,0.0,-0.033325754,-0.25808564,0.031228086,-0.15401964,-0.44357917,0.051940355,-0.23590547,-0.5821105,0.069520675,-0.2340048,-0.6969407,0.08275799,-0.37859777,-0.399774,-0.0014219509,-0.6038196,-0.44564325,-0.0039800624,-0.7297028,-0.46781415,0.0017970065,-0.81908816,-0.48528016,0.004999843,-0.43151358,-0.24568583,-0.025555853,-0.67077684,-0.3420977,-0.037996303,-0.80735904,-0.39013818,-0.039357763,-0.90337545,-0.42885053,-0.03795388,-0.45993334,-0.086011685,-0.045677714,-0.6777216,-0.20845488,-0.059339963,-0.8096564,-0.27765644,-0.075399466,-0.90863246,-0.3355848,-0.08595508,-0.46525806,0.073479064,-0.060648624,-0.63863194,-0.033428714,-0.08199325,-0.7434045,-0.096100874,-0.0944063,-0.82720584,-0.15463911,-0.10003225
PLEASE,0.0,0.0,0.0,-0.034837443,-0.25906253,0.03844944,-0.15519515,-0.44305092,0.064176485,-0.23709093,-0.5806125,0.085781194,-0.23252584,-0.6942109,0.10304655,-0.38159177,-0.39987645,0.010767295,-0.604515,-0.44229782,0.012059773,-0.727685,-0.46259606,0.019739207,-0.81459796,-0.48040047,0.02417337,-0.43698338,-0.24720407,-0.014752337,-0.6752875,-0.3404658,-0.023784775,-0.80953354,-0.38680562,-0.022816123,-0.9040367,-0.4274548,-0.0195497,-0.46635294,-0.086681515,-0.03612501,-0.68278575,-0.20652647,-0.047189157,-0.8133596,-0.2742334,-0.061385415,-0.9115331,-0.3334204,-0.07058893,-0.47112244,0.07493842,-0.051790312,-0.6458999,-0.029818729,-0.07098934,-0.74977523,-0.091825195,-0.08160036,-0.83351284,-0.15238488,-0.08590373
PLEASE,0.0,0.0,0.0,-0.033139,-0.26355132,0.039902,-0.1487063,-0.44694346,0.064848706,-0.2303656,-0.5846795,0.08578167,-0.2323019,-0.70182925,0.10229147,-0.3766312,-0.402878,0.007861327,-0.59868145,-0.4576093,0.00773003,-0.72047865,-0.4804809,0.014575527,-0.80550885,-0.4985105,0.018989297,-0.43498003,-0.2494856,-0.017731156,-0.6734847,-0.34968665,-0.02613918,-0.8068257,-0.39686748,-0.024980966,-0.89894694,-0.43805748,-0.021756705,-0.46469465,-0.08906136,-0.038656294,-0.68542975,-0.2116158,-0.04826863,-0.81504947,-0.27866203,-0.06064398,-0.91115975,-0.33737782,-0.0688999,-0.46711704,0.071986906,-0.053584315,-0.64430255,-0.02997195,-0.07055102,-0.7488469,-0.091985,-0.078743614,-0.83216596,-0.15321784,-0.08127283
PLEASE,0.0,0.0,0.0,-0.031037046,-0.25656566,0.017176237,-0.15003191,-0.44802377,0.029185709,-0.2221138,-0.59334195,0.039835334,-0.20681143,-0.7080742,0.046363052,-0.38255933,-0.3867648,-0.01296658,-0.5719216,-0.4711636,-0.021802027,-0.68778574,-0.50387967,-0.026493976,-0.774696,-0.52385175,-0.031875547,-0.44272807,-0.23132446,-0.03257174,-0.6672335,-0.34552786,-0.044923212,-0.8009507,-0.39827687,-0.0505777,-0.90008456,-0.4357153,-0.05522227,-0.47179273,-0.075966105,-0.048857927,-0.6838923,-0.20287272,-0.05988263,-0.8136156,-0.27179387,-0.07637307,-0.91118985,-0.3229878,-0.090157166,-0.47401607,0.07476394,-0.062028967,-0.64320576,-0.02399615,-0.08192972,-0.74595726,-0.084242865,-0.093332134,-0.825598,-0.13692328,-0.09974811
PLEASE,0.0,0.0,0.0,-0.028429175,-0.25462773,0.014616345,-0.13764939,-0.44089746,0.02583491,-0.20926787,-0.5769895,0.036799572,-0.21187727,-0.6745549,0.043782953,-0.3787494,-0.37468764,-0.021446288,-0.57135063,-0.46673828,-0.033353724,-0.6867311,-0.50563496,-0.038428806,-0.77397096,-0.5283132,-0.042754456,-0.43776524,-0.21980713,-0.039739195,-0.66793174,-0.34067193,-0.05642567,-0.80484486,-0.39419115,-0.06331151,-0.90396637,-0.4276036,-0.06747154,-0.4634569,-0.063864395,-0.054709624,-0.68418,-0.18820596,-0.07021099,-0.81639665,-0.25109375,-0.08900031,-0.91485333,-0.2963616,-0.102601916,-0.46296984,0.08756015,-0.0661496,-0.6408659,-0.0029068359,-0.09108398,-0.7508868,-0.056929838,-0.10617235,-0.8370102,-0.10600143,-0.11380242
PLEASE,0.0,0.0,0.0,-0.031637307,-0.25512695,0.021898767,-0.14185771,-0.44057375,0.037829306,-0.21403413,-0.57773805,0.05317065,-0.2088803,-0.6706378,0.06424669,-0.3753825,-0.36890855,-0.017213436,-0.56924903,-0.4578694,-0.025958128,-0.6830931,-0.4967026,-0.027890638,-0.76900256,-0.5228483,-0.030557737,-0.43479392,-0.2151509,-0.03690798,-0.6653815,-0.33316022,-0.0523143,-0.8026812,-0.38805628,-0.05808348,-0.904408,-0.42666876,-0.061611876,-0.46128246,-0.059028246,-0.052417837,-0.68150496,-0.18175417,-0.06775637,-0.81542885,-0.25068772,-0.08934288,-0.9154965,-0.30341607,-0.10502172,-0.46122602,0.09231518,-0.06335211,-0.6384971,-0.0004416033,-0.088555485,-0.74794364,-0.05759067,-0.1062452,-0.8341998,-0.11091268,-0.11623091
PLEASE,0.0,0.0,0.0,-0.031389944,-0.25616372,0.019207647,-0.14114423,-0.44269633,0.033364728,-0.21384728,-0.5813913,0.047261495,-0.21000694,-0.67587405,0.0568984,-0.37618956,-0.37064832,-0.020583436,-0.56960857,-0.45826948,-0.03146465,-0.68315995,-0.49830455,-0.035486516,-0.7694499,-0.52647156,-0.03963692,-0.4360703,-0.21594514,-0.039323658,-0.66527176,-0.33194157,-0.056089733,-0.80205315,-0.3875636,-0.06339648,-0.90390426,-0.42773485,-0.06829741,-0.46210778,-0.059403986,-0.054066226,-0.68171597,-0.18017143,-0.07058653,-0.81548095,-0.24863651,-0.09296228,-0.9159143,-0.30195713,-0.10926097,-0.46156758,0.09147693,-0.06453059,-0.6392989,-0.00033734323,-0.09098649,-0.749635,-0.056596864,-0.109662995,-0.8372881,-0.10967384,-0.12030903
PLEASE,0.0,0.0,0.0,-0.028475745,-0.25426778,0.024187464,-0.13694385,-0.43786582,0.041077126,-0.21096453,-0.5748432,0.056583446,-0.21466005,-0.67097366,0.06804627,-0.38020027,-0.3713676,-0.008924843,-0.5727943,-0.4625585,-0.016395776,-0.6833844,-0.5038917,-0.018813383,-0.76606447,-0.5326656,-0.021914065,-0.44215015,-0.21838307,-0.028947588,-0.6698531,-0.3396908,-0.041689284,-0.80037993,-0.399652,-0.046456113,-0.8959266,-0.4442021,-0.049639426,-0.4688306,-0.060397726,-0.045336965,-0.69098085,-0.18310973,-0.059324898,-0.8232824,-0.25037858,-0.079465896,-0.9227762,-0.3034587,-0.09456286,-0.4683253,0.093515985,-0.057041336,-0.6469962,0.0024867787,-0.081414685,-0.75609106,-0.053675625,-0.09814045,-0.8433176,-0.1086217,-0.107561186
PLEASE,0.0,0.0,0.0,-0.029723406,-0.2535011,0.023968028,-0.13968377,-0.43610737,0.040306367,-0.21648255,-0.5717178,0.05607424,-0.22318965,-0.6649894,0.068033405,-0.38098925,-0.3644795,-0.015480257,-0.57401884,-0.4584867,-0.023772888,-0.6855355,-0.50299865,-0.02559764,-0.76974493,-0.53475064,-0.028055713,-0.4420982,-0.20885862,-0.034502134,-0.67171067,-0.33189785,-0.04818082,-0.80370367,-0.3914557,-0.051927812,-0.90043855,-0.43498328,-0.05442507,-0.46864995,-0.050037682,-0.04931629,-0.69285125,-0.17491725,-0.06383876,-0.8245839,-0.2442251,-0.08344002,-0.9220972,-0.2975552,-0.097938806,-0.46813843,0.10218843,-0.05923951,-0.64831144,0.008130316,-0.083873115,-0.75806534,-0.049609307,-0.100968674,-0.8445035,-0.1043015,-0.11049789
PLEASE,0.0,0.0,0.0,-0.03135349,-0.2582613,0.026715187,-0.13967898,-0.4483395,0.0408006,-0.21650134,-0.5831938,0.055510074,-0.22865269,-0.6745762,0.06609257,-0.3685716,-0.38758424,-0.030372301,-0.5591477,-0.5015964,-0.042626552,-0.6699005,-0.5566169,-0.044681016,-0.75275433,-0.59237313,-0.0462055,-0.43120405,-0.23070075,-0.049702458,-0.6597934,-0.3722203,-0.065669954,-0.7842483,-0.4398486,-0.067444526,-0.87476313,-0.48455086,-0.0682609,-0.46119362,-0.06784186,-0.06319459,-0.687888,-0.20366924,-0.077496216,-0.8185025,-0.2781128,-0.093902096,-0.914513,-0.33423433,-0.10669125,-0.46507072,0.08865956,-0.070920765,-0.64584196,-0.009691297,-0.09334806,-0.75331664,-0.07173193,-0.1069262,-0.83777386,-0.13091002,-0.114148326
PLEASE,0.0,0.0,0.0,-0.03276775,-0.25445873,0.03011163,-0.14323221,-0.44183943,0.04662418,-0.22343113,-0.57827014,0.06360066,-0.22984087,-0.67600554,0.07652199,-0.3764306,-0.37490103,-0.025391972,-0.5732167,-0.48833364,-0.03362187,-0.68486065,-0.54232377,-0.03233195,-0.76646245,-0.57821155,-0.03156318,-0.43583596,-0.21568096,-0.044628117,-0.6670496,-0.35788858,-0.05840737,-0.7924808,-0.42594695,-0.05853062,-0.8815637,-0.472065,-0.05804406,-0.46378222,-0.05396959,-0.057806402,-0.6918839,-0.1921045,-0.070916735,-0.822627,-0.26686075,-0.08788202,-0.91756845,-0.3218693,-0.10077123,-0.46697438,0.09992647,-0.0647971,-0.65156054,-0.0004805976,-0.08694382,-0.7599934,-0.06148812,-0.1018845,-0.84367234,-0.11841469,-0.109906554
PLEASE,0.0,0.0,0.0,-0.02981704,-0.25921893,0.03158424,-0.1377953,-0.44360584,0.05125123,-0.21823815,-0.57658744,0.07167118,-0.23070645,-0.6736593,0.08848402,-0.37196672,-0.3865597,-0.021304553,-0.5642204,-0.49537492,-0.029327847,-0.6752491,-0.54694647,-0.029223721,-0.7594021,-0.582161,-0.029906979,-0.43597835,-0.22948758,-0.039767634,-0.6614139,-0.3687245,-0.053334326,-0.7837326,-0.4374926,-0.054331098,-0.87309396,-0.48755196,-0.054552972,-0.46621335,-0.06725645,-0.0521562,-0.6910164,-0.20070462,-0.06556388,-0.8208133,-0.27340916,-0.083303794,-0.91756403,-0.3294346,-0.09651403,-0.468365,0.086788766,-0.058169134,-0.65086776,-0.0093273185,-0.080389075,-0.75925857,-0.069498934,-0.095731795,-0.8444486,-0.12739038,-0.10387072
PLEASE,0.0,0.0,0.0,-0.0332177,-0.25694722,0.04090036,-0.14407913,-0.44273326,0.068001896,-0.22659042,-0.57781756,0.094253466,-0.2363083,-0.6747502,0.11718908,-0.38217345,-0.38731655,0.0044058585,-0.56961805,-0.4953043,0.0070598964,-0.6770183,-0.5459356,0.012019968,-0.7572803,-0.5796862,0.01408731,-0.44551653,-0.23012418,-0.0154187,-0.66567117,-0.3702069,-0.02090215,-0.7858846,-0.4384744,-0.018843492,-0.873037,-0.4876541,-0.016536212,-0.4744911,-0.06674054,-0.029448245,-0.69564396,-0.1980261,-0.037070367,-0.82229,-0.27030855,-0.05254659,-0.9165722,-0.32633862,-0.063816905,-0.47647217,0.08952038,-0.036606394,-0.65851283,-0.00735437,-0.053710353,-0.7659244,-0.06650675,-0.06621796,-0.84989935,-0.12434197,-0.07223489
PLEASE,0.0,0.0,0.0,-0.030390287,-0.25920036,0.046627525,-0.13659377,-0.44270164,0.07691334,-0.21845533,-0.5770306,0.10578806,-0.23294374,-0.672497,0.13206281,-0.37843278,-0.3929287,0.013349233,-0.5656413,-0.5036923,0.019044919,-0.6734192,-0.55524313,0.026703311,-0.7530382,-0.5891455,0.030769333,-0.44312412,-0.2364925,-0.007008257,-0.66307205,-0.37848443,-0.012116959,-0.78101313,-0.44896704,-0.009196384,-0.86573887,-0.500496,-0.0052965423,-0.4728897,-0.07342494,-0.021126108,-0.6941196,-0.20210096,-0.028090889,-0.8198119,-0.2736139,-0.04243569,-0.9133917,-0.33013478,-0.051992193,-0.47462392,0.081959926,-0.02768126,-0.65569264,-0.011198754,-0.042545483,-0.76355124,-0.06943556,-0.053959444,-0.8479801,-0.12856495,-0.05873668
PLEASE,0.0,0.0,0.0,-0.02901553,-0.25835332,0.048575383,-0.13792479,-0.4382702,0.08020091,-0.22012861,-0.5716724,0.10985828,-0.22769643,-0.6749373,0.13661091,-0.3794019,-0.3940988,0.0165679,-0.56514454,-0.5014864,0.023250688,-0.6720649,-0.5497285,0.031997453,-0.75092334,-0.5823247,0.036459316,-0.44532683,-0.23664394,-0.0049850224,-0.6644463,-0.37712246,-0.010935144,-0.7823692,-0.4458602,-0.007320951,-0.8674577,-0.49751088,-0.002471759,-0.4749157,-0.072582275,-0.020276228,-0.6953738,-0.20087445,-0.029143244,-0.82133496,-0.27256402,-0.04306586,-0.91547656,-0.32975784,-0.05157244,-0.47489712,0.08456763,-0.02776432,-0.65676945,-0.009411775,-0.043999303,-0.7643828,-0.068622604,-0.05506343,-0.848397,-0.12849382,-0.0593034
PLEASE,0.0,0.0,0.0,-0.03120901,-0.25625807,0.046547674,-0.1396536,-0.4367761,0.078829765,-0.21891949,-0.5742467,0.109564774,-0.22000703,-0.6822062,0.13773587,-0.38336605,-0.38885182,0.022711936,-0.56409717,-0.49687433,0.03335444,-0.6669755,-0.54367113,0.04284327,-0.74417245,-0.5762395,0.047201183,-0.45133245,-0.23308416,0.003503635,-0.66678697,-0.37506586,0.002558122,-0.7833213,-0.4438338,0.006441048,-0.8680514,-0.4964743,0.010681974,-0.48158377,-0.069995314,-0.009875253,-0.6988456,-0.19617215,-0.013629492,-0.8225823,-0.26596364,-0.027935877,-0.9151328,-0.32214183,-0.03788288,-0.48149797,0.086644635,-0.016015168,-0.6620085,-0.00520226,-0.02927255,-0.76827383,-0.063161105,-0.040504202,-0.8512048,-0.12357149,-0.04541652
PLEASE,0.0,0.0,0.0,-0.029959181,-0.26012295,0.04425951,-0.13869348,-0.44243744,0.07405978,-0.22405596,-0.5769613,0.10265984,-0.23835087,-0.6752375,0.12929368,-0.38502532,-0.38988486,0.017728247,-0.5688659,-0.49648544,0.026484864,-0.67163974,-0.5426598,0.034813587,-0.74820685,-0.5738119,0.03855872,-0.4523345,-0.2321511,-0.00097156875,-0.6693979,-0.3725947,-0.003394071,-0.78446656,-0.44303146,-0.00071641634,-0.8683064,-0.4960281,0.0024350854,-0.48244697,-0.0680366,-0.01383906,-0.7026748,-0.19420078,-0.018597392,-0.8280596,-0.2646748,-0.033394337,-0.9222479,-0.32070532,-0.043999676,-0.4830747,0.08790999,-0.019464783,-0.66416854,-0.0033098743,-0.032314662,-0.77128404,-0.061074074,-0.04324129,-0.8549223,-0.12082051,-0.04817826
PLEASE,0.0,0.0,0.0,-0.030227182,-0.25847107,0.044150785,-0.13950661,-0.44320154,0.07384551,-0.22115202,-0.5819701,0.102187954,-0.22615686,-0.6802444,0.1282684,-0.38135666,-0.39220253,0.017644629,-0.5632932,-0.49924222,0.026104953,-0.6658794,-0.54413027,0.033780046,-0.74262685,-0.5735839,0.03680755,-0.4495835,-0.23705667,-0.0013353353,-0.66550004,-0.3778784,-0.0028843924,-0.78220654,-0.4469571,6.2711886e-05,-0.86733854,-0.49771863,0.0031733643,-0.48060262,-0.0739147,-0.014528252,-0.7004102,-0.19792323,-0.018334351,-0.82529014,-0.2661435,-0.0328238,-0.9188092,-0.31950477,-0.04353039,-0.48138845,0.082055345,-0.02071977,-0.66118807,-0.009055355,-0.033863038,-0.7678766,-0.06591334,-0.045120973,-0.8510604,-0.1241082,-0.050431553
PLEASE,0.0,0.0,0.0,-0.031213721,-0.2553173,0.03783282,-0.14368582,-0.4414812,0.06384274,-0.22400571,-0.5788648,0.08926333,-0.22779655,-0.6798189,0.111645415,-0.3778919,-0.38765374,0.00085143204,-0.560871,-0.49329033,0.0012348987,-0.6664663,-0.5391178,0.0056821904,-0.7458553,-0.5704455,0.006840452,-0.44460714,-0.23294055,-0.018262267,-0.6638662,-0.37109274,-0.027995085,-0.783268,-0.44038126,-0.027369192,-0.8706325,-0.49193397,-0.025793219,-0.47624263,-0.07152631,-0.03186139,-0.6976707,-0.20031424,-0.04402174,-0.82555187,-0.26943338,-0.06152868,-0.9220631,-0.32329378,-0.07350385,-0.4784482,0.082502395,-0.03871245,-0.66059554,-0.012759706,-0.060407892,-0.76902646,-0.07108941,-0.076164864,-0.8542809,-0.12841597,-0.08430214
PLEASE,0.0,0.0,0.0,-0.028985184,-0.25595933,0.04117455,-0.13904339,-0.4445735,0.06933929,-0.2208399,-0.5845362,0.09675564,-0.22643149,-0.6839936,0.12130751,-0.37304583,-0.39579305,0.006821893,-0.5606965,-0.5035421,0.012698271,-0.6657298,-0.5484374,0.021133173,-0.7435411,-0.5771371,0.025195595,-0.44109437,-0.24072325,-0.011882533,-0.66047466,-0.3812467,-0.017093416,-0.7801106,-0.44908717,-0.014156821,-0.8666147,-0.498978,-0.010576326,-0.47312504,-0.07778837,-0.024716714,-0.69484246,-0.20700096,-0.032087892,-0.82253724,-0.27680528,-0.048036292,-0.917452,-0.33229938,-0.059149552,-0.47691283,0.07909233,-0.03050671,-0.658655,-0.013801545,-0.04653378,-0.76684135,-0.0717018,-0.059704144,-0.8511505,-0.13067389,-0.06628107
PLEASE,0.0,0.0,0.0,-0.027948601,-0.25413495,0.04020306,-0.13786313,-0.43848315,0.066725224,-0.22117694,-0.5763415,0.09276724,-0.22466463,-0.6795857,0.116070546,-0.36957866,-0.3911454,0.003572034,-0.55390644,-0.49913082,0.008710702,-0.65852326,-0.5446301,0.017204983,-0.7359785,-0.57438725,0.021263905,-0.43806404,-0.23740733,-0.015133616,-0.656911,-0.37947905,-0.02267831,-0.7779439,-0.4486878,-0.019746723,-0.86599076,-0.5000601,-0.015652133,-0.47114184,-0.07695393,-0.027704151,-0.69070846,-0.20652428,-0.036017165,-0.8183981,-0.2761079,-0.0508639,-0.91342115,-0.33092427,-0.060870998,-0.47487566,0.077287406,-0.03335377,-0.655531,-0.016255949,-0.049210556,-0.7628468,-0.07381744,-0.061200265,-0.8459943,-0.13156891,-0.06672487
PLEASE,0.0,0.0,0.0,-0.024973987,-0.25392148,0.04112696,-0.13678293,-0.43603998,0.06903135,-0.22193979,-0.5676303,0.095708236,-0.23263961,-0.66524893,0.12014663,-0.3787141,-0.3949438,0.013888739,-0.5605069,-0.49988282,0.021028649,-0.6647265,-0.54564387,0.028603505,-0.7420108,-0.5765695,0.031556234,-0.44735238,-0.24264452,-0.0053179567,-0.66167754,-0.38157585,-0.009031054,-0.7779209,-0.4517157,-0.006384733,-0.8630315,-0.5051501,-0.0032461237,-0.47935873,-0.08189797,-0.019052546,-0.695369,-0.21028574,-0.024331266,-0.8193692,-0.2799192,-0.038131393,-0.9121351,-0.33525047,-0.04823454,-0.48143297,0.073575206,-0.026188226,-0.6581724,-0.019451069,-0.039244,-0.7636948,-0.07731328,-0.049546823,-0.845843,-0.13525055,-0.054280356
PLEASE,0.0,0.0,0.0,-0.029151665,-0.25631535,0.041489683,-0.13846432,-0.43742296,0.06933977,-0.22231315,-0.573918,0.095832914,-0.22819646,-0.6760371,0.11948163,-0.38218877,-0.39124033,0.012210862,-0.56354094,-0.49529052,0.017252257,-0.6665291,-0.5402103,0.022944458,-0.744367,-0.5715375,0.024218384,-0.45174763,-0.23763438,-0.007604022,-0.6640218,-0.37771362,-0.013075913,-0.7792648,-0.44847792,-0.012097236,-0.86426604,-0.503035,-0.010641112,-0.48381773,-0.07516984,-0.021930825,-0.6986408,-0.20336837,-0.030699382,-0.8233298,-0.2729984,-0.047504753,-0.9193578,-0.32901144,-0.059754916,-0.48484734,0.08145531,-0.029289855,-0.6631161,-0.011393123,-0.04748073,-0.76978517,-0.0690657,-0.061476544,-0.8551446,-0.12845725,-0.068778634
PLEASE,0.0,0.0,0.0,-0.023449631,-0.2590433,0.041174084,-0.13180201,-0.4429534,0.0695645,-0.2158065,-0.5798617,0.09683031,-0.22261311,-0.681109,0.121661566,-0.37442395,-0.40234056,0.012969793,-0.56147647,-0.5073156,0.018557513,-0.6686933,-0.55500704,0.025768178,-0.74767435,-0.58781326,0.029076621,-0.4440115,-0.2498031,-0.005419244,-0.6576307,-0.39001173,-0.010024327,-0.772878,-0.46138778,-0.0075276033,-0.8565536,-0.51605797,-0.0039112335,-0.47686368,-0.08789096,-0.018249936,-0.6912015,-0.21375056,-0.024246717,-0.81468856,-0.28210297,-0.038342096,-0.9080356,-0.3370287,-0.048075616,-0.47913936,0.06883449,-0.024405202,-0.6554536,-0.021747395,-0.037939038,-0.76152635,-0.07786845,-0.048729483,-0.8452014,-0.13545291,-0.053393006
PLEASE,0.0,0.0,0.0,-0.025416588,-0.24669938,0.037438985,-0.13148506,-0.4242069,0.06093433,-0.21389185,-0.5601931,0.08425418,-0.22367136,-0.66899854,0.10510429,-0.37301126,-0.3857334,-0.001219493,-0.55603784,-0.4922234,0.0010175693,-0.6611706,-0.5391879,0.007730744,-0.73955446,-0.57224786,0.010417679,-0.44221938,-0.23318641,-0.01995098,-0.65884703,-0.3755526,-0.029854836,-0.7772996,-0.44816834,-0.027615236,-0.8633562,-0.504595,-0.024310345,-0.47401443,-0.07281339,-0.032839242,-0.6909647,-0.20426266,-0.044197712,-0.816878,-0.2767213,-0.059399176,-0.91056895,-0.33504844,-0.069624454,-0.4744833,0.08187745,-0.03892966,-0.65383667,-0.0140131395,-0.057176948,-0.75988305,-0.07396446,-0.06982724,-0.84219915,-0.13442086,-0.07581673
PLEASE,0.0,0.0,0.0,-0.026627596,-0.2601627,0.045005824,-0.14001916,-0.4459958,0.078360796,-0.22344635,-0.5856451,0.10963061,-0.22744775,-0.6898853,0.13912618,-0.37489873,-0.39964145,0.030918693,-0.55173045,-0.4994263,0.044797156,-0.65289,-0.5397249,0.055492856,-0.7299757,-0.5664516,0.059876163,-0.44599706,-0.24663687,0.012127856,-0.6574504,-0.38778442,0.01281844,-0.7740475,-0.45638725,0.015715312,-0.86162,-0.5075538,0.019515336,-0.48044133,-0.08693411,-0.0015098008,-0.692238,-0.21039426,-0.0031508165,-0.8151109,-0.2783577,-0.0175087,-0.90921247,-0.33309683,-0.027704056,-0.48453775,0.067528896,-0.008515076,-0.6588435,-0.023242718,-0.018724073,-0.762669,-0.07967135,-0.029124912,-0.8440626,-0.13929826,-0.03394596
PLEASE,0.0,0.0,0.0,-0.023555774,-0.2577832,0.054271962,-0.12811387,-0.4330476,0.09027245,-0.21228302,-0.56642896,0.12340546,-0.22405784,-0.67094064,0.15474333,-0.37291196,-0.40108567,0.03459306,-0.5515694,-0.50332826,0.050356783,-0.6527699,-0.54245687,0.06392786,-0.7287561,-0.5686362,0.07062992,-0.4441979,-0.24686128,0.012715049,-0.65812653,-0.38738513,0.011462192,-0.77538264,-0.4547111,0.016543988,-0.8622866,-0.5064206,0.022928769,-0.47780398,-0.08507438,-0.0029430494,-0.6926175,-0.21439287,-0.0077023082,-0.81585735,-0.2836965,-0.020306801,-0.9100508,-0.33921194,-0.027534273,-0.47912058,0.071538106,-0.010403203,-0.65790355,-0.022798713,-0.0209255,-0.76206154,-0.08046431,-0.029148025,-0.84339803,-0.13933027,-0.0315059
PLEASE,0.0,0.0,0.0,-0.024407987,-0.2566497,0.051738027,-0.12692083,-0.43295372,0.085038625,-0.20774141,-0.5686987,0.11575083,-0.21852502,-0.6739832,0.14450783,-0.37156025,-0.40285796,0.026645722,-0.5525667,-0.50520927,0.03759631,-0.65348905,-0.54494756,0.0488015,-0.7287035,-0.57201034,0.054445624,-0.44227502,-0.24867983,0.0047309496,-0.6567396,-0.39003927,-0.00093296263,-0.773412,-0.45862344,0.002882806,-0.8594506,-0.5112187,0.008676247,-0.47611666,-0.08589505,-0.010959826,-0.6907843,-0.21443042,-0.019156473,-0.8152016,-0.28334242,-0.032039087,-0.9107238,-0.33863983,-0.039041482,-0.47812393,0.072508864,-0.018644076,-0.6574055,-0.022373844,-0.0323337,-0.76256967,-0.08055914,-0.041649453,-0.84524524,-0.13978909,-0.04441496
PLEASE,0.0,0.0,0.0,-0.02689173,-0.2535653,0.05061608,-0.12839015,-0.42553407,0.08210991,-0.21008267,-0.55880713,0.11073083,-0.22397886,-0.66102916,0.13715096,-0.37603396,-0.39182314,0.02407914,-0.55977297,-0.49279842,0.031808667,-0.66352195,-0.53357524,0.039812032,-0.7429255,-0.5622146,0.04337483,-0.44611296,-0.23860002,0.0016638322,-0.66117203,-0.37629062,-0.005031906,-0.7795005,-0.4444808,-0.0033690152,-0.86695063,-0.498394,0.00039707686,-0.47803682,-0.07585965,-0.014542619,-0.69429576,-0.20024385,-0.024688583,-0.82133865,-0.26865795,-0.03951441,-0.91903573,-0.32462856,-0.04787798,-0.47785148,0.081830874,-0.022739071,-0.65874976,-0.0104926545,-0.03781271,-0.7652683,-0.06723579,-0.04747603,-0.8499658,-0.12516695,-0.050499745
PLEASE,0.0,0.0,0.0,-0.03011083,-0.24991158,0.03806995,-0.14170109,-0.43255797,0.062935315,-0.22120473,-0.5744105,0.087711364,-0.2268605,-0.6783015,0.10989301,-0.3786542,-0.3828581,0.0012892301,-0.56140316,-0.48817268,0.0053727636,-0.6643481,-0.53076416,0.012612122,-0.7418736,-0.5602677,0.0152591895,-0.44407493,-0.22760199,-0.017025854,-0.6616747,-0.37090695,-0.025008276,-0.7800754,-0.44310737,-0.022842027,-0.86717314,-0.49800682,-0.020083567,-0.4734051,-0.06472385,-0.02965559,-0.69443774,-0.19667807,-0.040428806,-0.8220629,-0.26965475,-0.057902206,-0.9182562,-0.32747063,-0.069937326,-0.47363675,0.091500804,-0.035282146,-0.6562915,-0.0021200525,-0.054486807,-0.7642448,-0.060462397,-0.06966507,-0.84895414,-0.11848994,-0.07781342
PLEASE,0.0,0.0,0.0,-0.027403394,-0.2551679,0.040875386,-0.13828802,-0.43850598,0.07139592,-0.22300044,-0.57473624,0.101295605,-0.23514313,-0.67503685,0.12992842,-0.37932384,-0.38971418,0.021192033,-0.55704075,-0.49549896,0.031879652,-0.6576636,-0.53801274,0.040689413,-0.73402554,-0.56585246,0.043785207,-0.44588864,-0.23717593,0.0036563794,-0.656961,-0.3787794,0.0013246635,-0.77414143,-0.44974223,0.0026664652,-0.8642328,-0.50309217,0.004623953,-0.47514257,-0.07871637,-0.008782523,-0.68928164,-0.20320642,-0.014054693,-0.8117373,-0.27265713,-0.030252699,-0.9066372,-0.32884708,-0.04189616,-0.47531337,0.07284157,-0.014683161,-0.6506104,-0.015113283,-0.029309094,-0.7559249,-0.07199031,-0.042931933,-0.8399386,-0.13152646,-0.05002502
PLEASE,0.0,0.0,0.0,-0.02777926,-0.25188863,0.0450214,-0.13759927,-0.43108454,0.0763426,-0.22366285,-0.5644974,0.10597714,-0.2330514,-0.66265875,0.13330612,-0.3805002,-0.38591588,0.019201346,-0.5589668,-0.4885286,0.02814188,-0.6609552,-0.52907115,0.037043568,-0.73877835,-0.55571747,0.040198397,-0.44816542,-0.23248088,-0.0016055595,-0.6620155,-0.3719581,-0.0069669015,-0.78050417,-0.44114587,-0.004778133,-0.86954486,-0.49385393,-0.0015810612,-0.47788563,-0.071730494,-0.016891424,-0.69515,-0.19761127,-0.025479764,-0.82069737,-0.268701,-0.041113365,-0.91721904,-0.32749102,-0.05176023,-0.4768359,0.08388683,-0.025008347,-0.6555536,-0.0043648174,-0.041906882,-0.76225317,-0.062282875,-0.05517858,-0.8466,-0.12308499,-0.061838403
PLEASE,0.0,0.0,0.0,-0.03024967,-0.25366563,0.03124528,-0.13985465,-0.4343504,0.052515112,-0.22443585,-0.5683055,0.07540275,-0.23147729,-0.6692248,0.09597871,-0.3679,-0.37885088,-0.0146692805,-0.5511261,-0.48548776,-0.018586747,-0.6599165,-0.53420603,-0.016112234,-0.74240357,-0.56780434,-0.01579414,-0.43659988,-0.22662427,-0.02995496,-0.6535077,-0.3731068,-0.041184794,-0.7737174,-0.44887778,-0.03947211,-0.8625943,-0.5058962,-0.037028167,-0.4703936,-0.069141634,-0.03939983,-0.6877965,-0.19993383,-0.05082927,-0.8137903,-0.271375,-0.06687303,-0.907883,-0.32838818,-0.07843818,-0.4747752,0.078804076,-0.04266722,-0.65114146,-0.012676788,-0.0627663,-0.757305,-0.071320936,-0.07768952,-0.84069717,-0.13048579,-0.08550757
PLEASE,0.0,0.0,0.0,-0.02921915,-0.25078362,0.034172982,-0.13439381,-0.4279858,0.05534538,-0.21741222,-0.5608779,0.07758788,-0.22762865,-0.6645023,0.09734063,-0.36949515,-0.38208073,-0.010826435,-0.5507611,-0.48577875,-0.012727047,-0.6571015,-0.53033304,-0.009481329,-0.73895985,-0.55992466,-0.009151219,-0.43898,-0.23025222,-0.027911225,-0.6563211,-0.37442443,-0.038772985,-0.7761603,-0.44721195,-0.037468266,-0.86515313,-0.5015078,-0.0353525,-0.47230586,-0.071637936,-0.038794477,-0.69039553,-0.20142117,-0.049206227,-0.81640583,-0.27173823,-0.0641487,-0.91035235,-0.32817656,-0.075032525,-0.47499317,0.07934894,-0.043277867,-0.6537514,-0.01205719,-0.06134048,-0.75864273,-0.07011269,-0.07407641,-0.840823,-0.12970045,-0.08042058
PLEASE,0.0,0.0,0.0,-0.02855885,-0.2489276,0.031101702,-0.13679875,-0.43167022,0.05170093,-0.21630654,-0.56801087,0.072489284,-0.21949606,-0.6705487,0.09000164,-0.37045145,-0.3899901,-0.011969831,-0.55405164,-0.49584523,-0.018658118,-0.66355735,-0.5453739,-0.019368758,-0.7465849,-0.57968456,-0.02158313,-0.43746707,-0.23974904,-0.030138437,-0.6514902,-0.37994984,-0.043300197,-0.77185196,-0.45259526,-0.045100164,-0.8617926,-0.5072608,-0.04565013,-0.4684339,-0.08043227,-0.043137766,-0.685176,-0.20866255,-0.058500387,-0.812306,-0.2792836,-0.077818096,-0.9083789,-0.33628845,-0.091481745,-0.46977422,0.07304826,-0.050004184,-0.6449979,-0.017435376,-0.07457748,-0.7517998,-0.07680846,-0.091933995,-0.83642304,-0.13692391,-0.10141143
PLEASE,0.0,0.0,0.0,-0.03038873,-0.25387588,0.036355816,-0.13665348,-0.43280578,0.05904235,-0.2146032,-0.56670725,0.080504,-0.22241089,-0.67122763,0.09943616,-0.37045163,-0.39270523,0.0022600344,-0.55371,-0.49566716,0.0008818526,-0.6606405,-0.5409618,0.003222256,-0.7419021,-0.5732829,0.0025946882,-0.43737993,-0.24011286,-0.01798634,-0.6530801,-0.37801033,-0.03057741,-0.77405614,-0.44682518,-0.033735115,-0.8660636,-0.49993384,-0.0348312,-0.46995687,-0.08114666,-0.03285828,-0.68326616,-0.21248399,-0.04534889,-0.80964994,-0.28294712,-0.06300925,-0.907271,-0.33935133,-0.07555419,-0.47308654,0.07128184,-0.041428473,-0.64644897,-0.025377637,-0.061028767,-0.7509817,-0.08609034,-0.075104065,-0.8354686,-0.14675409,-0.08239433
PLEASE,0.0,0.0,0.0,-0.030766368,-0.24884214,0.04038887,-0.13778794,-0.42393908,0.067235924,-0.21899404,-0.55382293,0.093337744,-0.22893988,-0.6563693,0.117045134,-0.37553588,-0.38319677,0.005241756,-0.5598286,-0.4841747,0.00640276,-0.6688326,-0.52637947,0.011340506,-0.7506755,-0.5564088,0.012812638,-0.4421684,-0.22816108,-0.014844365,-0.66013354,-0.3651671,-0.025272254,-0.7826898,-0.43195876,-0.024697796,-0.8746375,-0.48477748,-0.022657692,-0.47307,-0.06776548,-0.029288283,-0.6901941,-0.19996585,-0.040987987,-0.8151501,-0.2697673,-0.05570242,-0.90961933,-0.32659647,-0.06550787,-0.4731771,0.086378254,-0.036908362,-0.64922905,-0.011670808,-0.056437675,-0.7530582,-0.073902406,-0.06940441,-0.83482903,-0.13676974,-0.07533971
PLEASE,0.0,0.0,0.0,-0.027967228,-0.25113434,0.03340679,-0.13535018,-0.4338947,0.058036257,-0.21330237,-0.5742393,0.08379513,-0.22042385,-0.6751369,0.10783604,-0.37443942,-0.3836559,0.001386164,-0.55749243,-0.49288306,0.004252474,-0.6631626,-0.54156035,0.009562691,-0.74298406,-0.57618004,0.011810723,-0.43861392,-0.22996274,-0.013676549,-0.65598965,-0.37549785,-0.020942308,-0.7782349,-0.44298148,-0.020597287,-0.87076974,-0.49169108,-0.018982245,-0.46837175,-0.07146427,-0.023221597,-0.68174404,-0.2066432,-0.030219313,-0.80505615,-0.27785745,-0.04527397,-0.89800096,-0.33241,-0.056015722,-0.47033703,0.07949991,-0.026804674,-0.64034253,-0.020488529,-0.041453253,-0.7419077,-0.08354579,-0.05313388,-0.8222913,-0.14681177,-0.058657035
PLEASE,0.0,0.0,0.0,-0.030355612,-0.24911144,0.031597175,-0.14359257,-0.4355667,0.05627631,-0.2221784,-0.5758954,0.08133869,-0.22392362,-0.6765974,0.10394519,-0.3768539,-0.3814156,-0.0012214785,-0.56313646,-0.4869571,-0.0016593608,-0.67139286,-0.5352237,0.0022111663,-0.7523132,-0.5704648,0.0035790901,-0.43943247,-0.2277251,-0.018338844,-0.65935254,-0.3675719,-0.027818708,-0.7838843,-0.43317515,-0.028177906,-0.87641203,-0.48156205,-0.027039826,-0.4685268,-0.06898814,-0.030711498,-0.6832507,-0.20021759,-0.04105227,-0.8087656,-0.27096906,-0.057824437,-0.9030656,-0.32605076,-0.0695283,-0.4702453,0.083580695,-0.03746406,-0.6428498,-0.015116483,-0.056659907,-0.7471544,-0.07687674,-0.07107984,-0.8293077,-0.1371605,-0.07848153
PLEASE,0.0,0.0,0.0,-0.030124983,-0.25072834,0.03762579,-0.14051022,-0.4332146,0.065477535,-0.21938333,-0.5689758,0.09212916,-0.22904801,-0.66744447,0.11574476,-0.38484824,-0.37929288,0.011278796,-0.56599087,-0.47558326,0.014683349,-0.6682778,-0.51813203,0.018875279,-0.7461561,-0.5495489,0.019772647,-0.4468313,-0.22594775,-0.008288302,-0.66616565,-0.35664886,-0.015125244,-0.7907052,-0.41936427,-0.016577309,-0.8843146,-0.46689147,-0.016928822,-0.47289044,-0.06753202,-0.023017894,-0.688889,-0.19440877,-0.033081032,-0.8140504,-0.26330197,-0.051545534,-0.9094814,-0.3178422,-0.06455441,-0.47038296,0.08528121,-0.031393986,-0.64370936,-0.009550195,-0.050708026,-0.74670386,-0.06924962,-0.0652793,-0.8286033,-0.1283876,-0.0729352
