label,f0,f1,f2,f3,f4,f5,f6,f7,f8,f9,f10,f11,f12,f13,f14,f15,f16,f17,f18,f19,f20,f21,f22,f23,f24,f25,f26,f27,f28,f29,f30,f31,f32,f33,f34,f35,f36,f37,f38,f39,f40,f41,f42,f43,f44,f45,f46,f47,f48,f49,f50,f51,f52,f53,f54,f55,f56,f57,f58,f59,f60,f61,f62
STOP,0.0,0.0,0.0,-0.21499585,-0.100507,-0.008835405,-0.3723693,-0.3459425,-0.018998487,-0.44479555,-0.55667037,-0.049864896,-0.44598082,-0.71368325,-0.07452634,-0.1351523,-0.8001495,0.061972056,-0.32908726,-0.93301725,-0.024271846,-0.40027317,-0.7499594,-0.09724437,-0.35290766,-0.5688437,-0.13425346,-0.07708014,-0.8321945,0.023064548,-0.2984337,-0.95443034,-0.05092501,-0.37098888,-0.74636203,-0.0994634,-0.3160133,-0.5681854,-0.11706223,-0.026714392,-0.82899976,-0.030253904,-0.2700682,-0.9381723,-0.10609421,-0.33421966,-0.72073025,-0.10967539,-0.2637739,-0.54514843,-0.09213062,0.006194701,-0.77703035,-0.08794157,-0.22731316,-0.8514301,-0.15286681,-0.29058874,-0.6788403,-0.14515519,-0.23494987,-0.51606244,-0.11948202
STOP,0.0,0.0,0.0,-0.18046308,-0.06388479,-0.028715838,-0.33248866,-0.30858716,-0.034910265,-0.44097757,-0.50006324,-0.05442142,-0.5036191,-0.6752189,-0.06088902,-0.095820405,-0.6856132,0.05492818,-0.22114205,-0.9032757,-0.008204008,-0.34432542,-0.84808904,-0.0630653,-0.38256478,-0.7153866,-0.0896731,-0.04720302,-0.72216296,0.03227292,-0.177256,-0.9739477,-0.017432433,-0.3144067,-0.9026042,-0.049488258,-0.36060768,-0.7737764,-0.057374146,-0.01930634,-0.7292148,-0.007141845,-0.17115632,-0.9852439,-0.06694834,-0.30897465,-0.90965736,-0.07461646,-0.34585646,-0.7791729,-0.060469158,-0.0320872,-0.70635015,-0.051936865,-0.19574876,-0.9295967,-0.10220922,-0.3190039,-0.8940416,-0.09954528,-0.36150014,-0.78271246,-0.08003243
STOP,0.0,0.0,0.0,-0.20677912,-0.08708632,-0.008054223,-0.34218663,-0.31382492,-0.016270699,-0.45224005,-0.4746852,-0.04215516,-0.53775275,-0.62483704,-0.05743134,-0.094078265,-0.6928735,0.060538918,-0.24084994,-0.910994,-0.003022597,-0.3772827,-0.8340219,-0.055298485,-0.42578864,-0.6847804,-0.07942874,-0.044830002,-0.7165399,0.0279474,-0.21613425,-0.96451277,-0.0190527,-0.36917663,-0.8561882,-0.04818444,-0.4107977,-0.7132287,-0.057605866,-0.029327048,-0.70208555,-0.019286215,-0.21010698,-0.97767836,-0.08169295,-0.36884975,-0.8670718,-0.09477397,-0.41432783,-0.71409655,-0.08714661,-0.06951049,-0.6537987,-0.068608716,-0.24398357,-0.8807761,-0.119745985,-0.37717992,-0.8166733,-0.11958066,-0.4262526,-0.68474567,-0.10494562
STOP,0.0,0.0,0.0,-0.2048524,-0.10675482,-0.0126260305,-0.33145833,-0.3171921,-0.028344773,-0.4403957,-0.47821385,-0.06138004,-0.51961744,-0.63378376,-0.08187075,-0.09884203,-0.67271274,0.054987498,-0.23923865,-0.9016661,-0.01254581,-0.37555376,-0.8133548,-0.06375927,-0.40947193,-0.6663385,-0.08802967,-0.057355963,-0.7001097,0.022453493,-0.22568925,-0.95978063,-0.03670362,-0.37484023,-0.8331841,-0.06441555,-0.39522776,-0.69739103,-0.0700361,-0.046896815,-0.69481176,-0.02512551,-0.2288879,-0.97345275,-0.09761903,-0.38037086,-0.8514858,-0.108459994,-0.40286675,-0.6980609,-0.09664871,-0.08434043,-0.65832067,-0.07526408,-0.26465148,-0.878276,-0.13553143,-0.39303157,-0.8076275,-0.13869534,-0.42382255,-0.67410535,-0.12454871
STOP,0.0,0.0,0.0,-0.21298632,-0.1252817,-0.008690733,-0.3387148,-0.31861645,-0.028727725,-0.43874407,-0.47510397,-0.06945985,-0.5181849,-0.62837243,-0.099796526,-0.10193853,-0.6501847,0.06655286,-0.2351532,-0.86982703,-0.0075953514,-0.3680443,-0.8055218,-0.066653445,-0.41821083,-0.6642823,-0.09375332,-0.058939513,-0.68541896,0.030032802,-0.22139683,-0.9461336,-0.028592264,-0.37253547,-0.8386995,-0.06198266,-0.4170812,-0.70769095,-0.0724021,-0.04258268,-0.6908945,-0.022621809,-0.22167198,-0.9751213,-0.09620416,-0.38185203,-0.85568565,-0.11139496,-0.42880046,-0.6973774,-0.102705725,-0.07370723,-0.6593957,-0.07752414,-0.25414446,-0.87119895,-0.13582103,-0.38870612,-0.7993356,-0.13849463,-0.436925,-0.66294646,-0.124689
STOP,0.0,0.0,0.0,-0.23087516,-0.1255096,-0.009308614,-0.3577512,-0.31969136,-0.029341992,-0.4525275,-0.4814547,-0.07104617,-0.53830165,-0.62613016,-0.104661226,-0.1275287,-0.642146,0.0717916,-0.24401936,-0.8412473,-0.005626627,-0.38007694,-0.78056514,-0.06843245,-0.43515158,-0.6548542,-0.09888791,-0.07837651,-0.684687,0.032828,-0.22815694,-0.94196606,-0.03567125,-0.3932977,-0.826297,-0.07140532,-0.44375998,-0.6903124,-0.08015723,-0.054600574,-0.6957517,-0.0233495,-0.225827,-0.9741674,-0.10488749,-0.39394963,-0.850414,-0.119881086,-0.4394417,-0.689491,-0.107964605,-0.07779322,-0.66777223,-0.08242914,-0.25285333,-0.8744088,-0.14200749,-0.3882112,-0.8064711,-0.14431182,-0.43198454,-0.6773051,-0.1299958
STOP,0.0,0.0,0.0,-0.22277997,-0.13233452,-0.010699813,-0.3435217,-0.3264971,-0.027389226,-0.43603235,-0.48374847,-0.06601889,-0.5094739,-0.6325851,-0.09718245,-0.113441065,-0.6287459,0.079364665,-0.23812734,-0.82268625,0.0005931199,-0.37292442,-0.7650884,-0.066373065,-0.42503285,-0.6544416,-0.1000025,-0.058189522,-0.67342865,0.039714444,-0.21586579,-0.9326206,-0.035637915,-0.37877125,-0.8208561,-0.081469044,-0.42670327,-0.68758714,-0.09661119,-0.03255686,-0.6878458,-0.017723028,-0.20388916,-0.978994,-0.10533493,-0.37561178,-0.8623043,-0.12946074,-0.42474356,-0.70812064,-0.12239625,-0.0588799,-0.6641676,-0.07791221,-0.22850159,-0.89492357,-0.14310353,-0.36913943,-0.82918507,-0.15011543,-0.4219083,-0.69538075,-0.13891393
STOP,0.0,0.0,0.0,-0.2283394,-0.13889167,-0.009450623,-0.34856883,-0.33421364,-0.029887069,-0.43872762,-0.49352136,-0.07281749,-0.50868803,-0.6404209,-0.10646564,-0.10889673,-0.6441941,0.078822754,-0.22356908,-0.85044545,0.0022452855,-0.35380235,-0.7934233,-0.0609904,-0.4048021,-0.6681388,-0.0920793,-0.05405357,-0.68319327,0.039214257,-0.2047524,-0.9473204,-0.031004278,-0.35925043,-0.83769387,-0.07030944,-0.40563515,-0.69951504,-0.0815142,-0.022047866,-0.69526803,-0.018162062,-0.19110559,-0.98156947,-0.09848284,-0.3564754,-0.8668233,-0.11564452,-0.40507936,-0.7070273,-0.10569147,-0.03579712,-0.6714103,-0.07902568,-0.20782158,-0.8857332,-0.13909778,-0.34981668,-0.82923096,-0.14502901,-0.40713292,-0.70254266,-0.13381569
STOP,0.0,0.0,0.0,-0.22716013,-0.14944096,0.00094395917,-0.3473422,-0.36156547,-0.012179307,-0.43094555,-0.5206116,-0.04900698,-0.49454197,-0.66788316,-0.07911944,-0.12062378,-0.6544332,0.08036767,-0.23831953,-0.84693164,0.0023860952,-0.3658819,-0.79633415,-0.06393995,-0.42329744,-0.67827123,-0.097008266,-0.05327635,-0.69449794,0.0344586,-0.20884185,-0.94423556,-0.03794776,-0.36646122,-0.84628314,-0.08446399,-0.42124543,-0.7059275,-0.1009777,-0.01063943,-0.70454043,-0.027632035,-0.18190107,-0.98331684,-0.10929301,-0.35278833,-0.88467336,-0.13409315,-0.4100482,-0.7306477,-0.12965538,-0.017235221,-0.6761185,-0.091714025,-0.19527175,-0.8862475,-0.15270887,-0.34002352,-0.8488408,-0.16222765,-0.40271467,-0.7377384,-0.15396148
STOP,0.0,0.0,0.0,-0.2264978,-0.13988738,-0.007423967,-0.34513497,-0.35618016,-0.025212603,-0.42857853,-0.5159552,-0.0665139,-0.48587927,-0.6641593,-0.09648706,-0.09859567,-0.6630749,0.07370491,-0.20142561,-0.9017156,-0.0056425505,-0.34213397,-0.83432907,-0.061907005,-0.39710253,-0.690552,-0.085163765,-0.03975309,-0.68838733,0.03348821,-0.18838336,-0.96822214,-0.0425327,-0.3533293,-0.83821154,-0.07480768,-0.39377668,-0.6865868,-0.07500916,-0.0011434314,-0.68869656,-0.02431341,-0.16896287,-0.9856224,-0.11025132,-0.3406996,-0.8570305,-0.12122714,-0.38341454,-0.6877053,-0.1012373,-0.004354528,-0.65456843,-0.08497654,-0.17031336,-0.8847044,-0.14891967,-0.32155946,-0.83177507,-0.1517698,-0.3809423,-0.7031926,-0.13389078
STOP,0.0,0.0,0.0,-0.22446416,-0.1380216,-0.010733964,-0.34248707,-0.35459337,-0.028433628,-0.42701855,-0.5177831,-0.06879553,-0.4916226,-0.66637355,-0.09698755,-0.099647276,-0.67169935,0.08105414,-0.19394471,-0.9093169,-0.0004671853,-0.33705285,-0.85136193,-0.06300935,-0.39780912,-0.70778674,-0.09012223,-0.04345369,-0.6966686,0.04211406,-0.17521484,-0.98170316,-0.03533419,-0.34209839,-0.87445426,-0.07632871,-0.39217463,-0.72378826,-0.082295135,-0.007667978,-0.6978603,-0.015134571,-0.16297096,-0.98663086,-0.098033875,-0.3357569,-0.8774304,-0.117621474,-0.3868024,-0.71376944,-0.10445738,-0.012757121,-0.6666166,-0.07594625,-0.17682542,-0.88314235,-0.13646407,-0.32193768,-0.8379998,-0.14375304,-0.38149592,-0.71428084,-0.12976354
STOP,0.0,0.0,0.0,-0.22836444,-0.14692853,-0.011104235,-0.3546206,-0.364613,-0.03267208,-0.4384685,-0.5352602,-0.07621043,-0.48988643,-0.6852802,-0.107347965,-0.08729084,-0.69194925,0.08139128,-0.18928732,-0.91746974,0.003938024,-0.3323176,-0.8705321,-0.057927508,-0.40082303,-0.7399175,-0.08657445,-0.03134412,-0.7118381,0.041986674,-0.17375106,-0.98244256,-0.028295742,-0.33966017,-0.88443583,-0.065952756,-0.3959097,-0.7491036,-0.073152795,0.0022826062,-0.70492154,-0.015661731,-0.15827447,-0.98739517,-0.09266957,-0.32895944,-0.8892876,-0.10683473,-0.38505492,-0.73866564,-0.09314219,-0.009215005,-0.6618992,-0.07737278,-0.17252402,-0.88041645,-0.13612925,-0.31518435,-0.844735,-0.14128044,-0.37678796,-0.7346003,-0.12691836
STOP,0.0,0.0,0.0,-0.23529665,-0.15107687,-0.0031025491,-0.35700276,-0.36334035,-0.020741956,-0.4392813,-0.5281729,-0.061575852,-0.5025115,-0.67199343,-0.09212022,-0.10753395,-0.67102915,0.08415954,-0.21800822,-0.8890177,0.006630664,-0.35304713,-0.8279536,-0.054314006,-0.40463322,-0.689751,-0.08157171,-0.049648974,-0.6955183,0.04050645,-0.20256649,-0.97126746,-0.032863077,-0.36203194,-0.8557476,-0.07074173,-0.3977856,-0.7087908,-0.07629251,-0.014107156,-0.694629,-0.020306423,-0.18391429,-0.9829422,-0.10341141,-0.34592992,-0.8664474,-0.11866434,-0.37893373,-0.7036555,-0.10312284,-0.02569023,-0.66132635,-0.08363005,-0.20597263,-0.87652,-0.14673665,-0.33418232,-0.81978816,-0.15106088,-0.3657648,-0.6941318,-0.13463171
STOP,0.0,0.0,0.0,-0.23010056,-0.16341314,-0.005312311,-0.34646994,-0.36541292,-0.028224492,-0.42545378,-0.529162,-0.07468501,-0.4737403,-0.67933345,-0.11057444,-0.09300739,-0.67502517,0.07536892,-0.20182085,-0.9027867,-0.008214601,-0.3382221,-0.8420004,-0.072292,-0.39909056,-0.7034014,-0.10003181,-0.033504266,-0.6973154,0.033258468,-0.1868078,-0.9782461,-0.042986926,-0.3432688,-0.8618627,-0.08186207,-0.38880312,-0.71615756,-0.08787959,0.0038235288,-0.694634,-0.025789173,-0.17013706,-0.9854204,-0.10687854,-0.3315107,-0.86675495,-0.11923364,-0.3778943,-0.7030074,-0.10184807,-0.005735293,-0.65518475,-0.08784146,-0.1802367,-0.8721142,-0.14532831,-0.3136808,-0.8285985,-0.14672066,-0.36555114,-0.7149869,-0.12871085
STOP,0.0,0.0,0.0,-0.22681955,-0.1654562,-0.009789186,-0.34554467,-0.37179676,-0.034456577,-0.42661187,-0.5344408,-0.08223824,-0.48158124,-0.6891068,-0.12020146,-0.10936406,-0.6846568,0.07321228,-0.2145777,-0.89806485,-0.012109665,-0.34593025,-0.8365267,-0.07926571,-0.40072978,-0.6991841,-0.109896034,-0.047570225,-0.70684767,0.031885773,-0.1928869,-0.97843874,-0.046215903,-0.34809518,-0.8667847,-0.08764034,-0.39006668,-0.7221632,-0.09592892,-0.0028064568,-0.70100665,-0.027036352,-0.16543384,-0.9862209,-0.10987949,-0.32563037,-0.8760916,-0.12436531,-0.36652502,-0.7164956,-0.10893706,-5.1617744e-06,-0.65891755,-0.08945013,-0.1699774,-0.8749604,-0.14781925,-0.30180517,-0.8355696,-0.14997134,-0.34663,-0.72233826,-0.13299163
STOP,0.0,0.0,0.0,-0.22907822,-0.16280374,-0.008246537,-0.34741753,-0.37170336,-0.032391574,-0.4285086,-0.53683126,-0.07897097,-0.484519,-0.6835672,-0.11555881,-0.1035676,-0.68824303,0.06848035,-0.21523207,-0.9042307,-0.014601324,-0.3474806,-0.83794236,-0.07955008,-0.40359023,-0.6990356,-0.10954384,-0.04313897,-0.7092222,0.026423814,-0.19911654,-0.97755635,-0.04880655,-0.3527739,-0.8565621,-0.08731657,-0.39305353,-0.71199226,-0.09455136,-0.0022557792,-0.70024574,-0.03242528,-0.17441688,-0.9846719,-0.11258181,-0.3324049,-0.8658986,-0.12317035,-0.37194565,-0.7065507,-0.106085494,-0.006566208,-0.65190274,-0.09466276,-0.18117522,-0.87105256,-0.15236773,-0.3121386,-0.8270144,-0.15257245,-0.35610104,-0.71389425,-0.1344311
STOP,0.0,0.0,0.0,-0.23050089,-0.16506052,-0.0066802264,-0.35171264,-0.36304975,-0.03268819,-0.43708935,-0.52454585,-0.08227586,-0.49197328,-0.6749898,-0.12262271,-0.11490057,-0.67964953,0.06805199,-0.22834268,-0.90148616,-0.018272549,-0.3577213,-0.8296357,-0.08611467,-0.4117038,-0.6891676,-0.1177948,-0.053125307,-0.69984096,0.023765031,-0.21386872,-0.97648454,-0.056657925,-0.3656062,-0.8509911,-0.10053064,-0.40423203,-0.70049965,-0.11097898,-0.009037358,-0.69363123,-0.037010152,-0.18428235,-0.9828734,-0.121659204,-0.3420377,-0.8546681,-0.13607119,-0.3798746,-0.687425,-0.120432846,-0.008009323,-0.65105784,-0.10066197,-0.1856241,-0.872457,-0.15998875,-0.31440508,-0.8193794,-0.16076027,-0.3546968,-0.6979851,-0.14280431
STOP,0.0,0.0,0.0,-0.22909929,-0.15973452,-0.0029173007,-0.35208827,-0.36303413,-0.028060013,-0.43637294,-0.52970433,-0.078257896,-0.46988392,-0.6824578,-0.118800126,-0.10920227,-0.68235606,0.0766357,-0.21339475,-0.90785974,-0.00780367,-0.34481645,-0.8355743,-0.07290806,-0.40012875,-0.69305694,-0.10241957,-0.04772283,-0.70385426,0.03097294,-0.20141636,-0.9795057,-0.04752579,-0.353734,-0.8500623,-0.08839911,-0.39187294,-0.7027817,-0.095779344,-0.0033434855,-0.7004866,-0.031356215,-0.17849398,-0.9817814,-0.114108175,-0.3337265,-0.8509499,-0.12609512,-0.37038344,-0.68578255,-0.10864909,-0.0011246116,-0.6606975,-0.09638187,-0.1828907,-0.8687954,-0.15392458,-0.30920255,-0.81101084,-0.1532225,-0.3466703,-0.68995947,-0.13393022
STOP,0.0,0.0,0.0,-0.22563381,-0.16779943,-0.005268346,-0.3454308,-0.36596206,-0.033194438,-0.4289134,-0.52321833,-0.085118175,-0.47993013,-0.6781727,-0.12717837,-0.095641,-0.7025939,0.06992416,-0.20595329,-0.9223079,-0.018816264,-0.34187672,-0.8585495,-0.08814036,-0.40480995,-0.71727455,-0.11995983,-0.035160057,-0.7151342,0.025118016,-0.19885877,-0.9800282,-0.057258017,-0.35515678,-0.85972863,-0.102477826,-0.39951926,-0.71088463,-0.11315984,0.0056919274,-0.705326,-0.036355525,-0.17712416,-0.97097504,-0.11826348,-0.33781105,-0.8543349,-0.13377452,-0.38262308,-0.6936421,-0.119882375,0.0054245917,-0.65970784,-0.101044625,-0.17575967,-0.8552534,-0.15734392,-0.305712,-0.8118597,-0.15937863,-0.3523394,-0.70001334,-0.14248314
STOP,0.0,0.0,0.0,-0.23697244,-0.16939595,-0.0062798914,-0.3595108,-0.36180463,-0.032229092,-0.44590858,-0.5246589,-0.08346832,-0.49794224,-0.67719173,-0.12549444,-0.13717414,-0.6838906,0.082861535,-0.23389564,-0.90458673,-0.0030879905,-0.36200666,-0.8372529,-0.072809584,-0.42102745,-0.70300674,-0.10645023,-0.07427906,-0.7047264,0.038003698,-0.22102192,-0.9752688,-0.04528071,-0.37377292,-0.8519892,-0.09516856,-0.41900358,-0.70639074,-0.10908431,-0.024069687,-0.70182663,-0.02460153,-0.18463174,-0.98041916,-0.11108469,-0.34582692,-0.85813904,-0.1329076,-0.39548257,-0.693761,-0.12210377,-0.010129547,-0.66206706,-0.09028719,-0.18068972,-0.86844236,-0.15008318,-0.31421205,-0.82135636,-0.15649354,-0.3676401,-0.7061711,-0.14314167
STOP,0.0,0.0,0.0,-0.22904378,-0.17943376,-0.00059265597,-0.34489033,-0.37448284,-0.023181153,-0.42891866,-0.5354485,-0.07237858,-0.4793541,-0.69318616,-0.1127141,-0.10803312,-0.6947658,0.091780856,-0.20604917,-0.915817,0.0073888437,-0.3426353,-0.849981,-0.06078664,-0.40495476,-0.7150462,-0.09270599,-0.045697886,-0.71269727,0.045781378,-0.19419831,-0.9809623,-0.03538253,-0.35142124,-0.8562128,-0.083667435,-0.39980632,-0.7159143,-0.09605667,0.00057520444,-0.7065977,-0.01779162,-0.16825746,-0.9841188,-0.10206891,-0.33122703,-0.8644226,-0.12099209,-0.3814694,-0.7069593,-0.10778273,0.0062946896,-0.6631222,-0.08401388,-0.1730241,-0.866608,-0.1404398,-0.30805588,-0.8217103,-0.14322218,-0.3597817,-0.71235937,-0.12680829
STOP,0.0,0.0,0.0,-0.2346749,-0.1850478,0.004148824,-0.35556552,-0.3794301,-0.017300583,-0.43990815,-0.543382,-0.0665783,-0.4786521,-0.6944814,-0.10699488,-0.11638752,-0.6948298,0.10306572,-0.21647097,-0.9054852,0.022431137,-0.34990913,-0.8380421,-0.046500046,-0.41220474,-0.70744085,-0.080756776,-0.05309971,-0.7166779,0.053294912,-0.19940543,-0.97991705,-0.024146158,-0.36027214,-0.85705644,-0.073529445,-0.40992677,-0.71697927,-0.08842994,-0.005883216,-0.7116219,-0.014138315,-0.1645254,-0.9840682,-0.09450137,-0.33206433,-0.8662218,-0.114584796,-0.3846826,-0.70905787,-0.104210965,-0.0012806909,-0.6677892,-0.08421146,-0.168874,-0.8729891,-0.13742599,-0.305305,-0.8293933,-0.14031607,-0.35905227,-0.7214245,-0.12567799
STOP,0.0,0.0,0.0,-0.21946678,-0.1703009,-0.0039402544,-0.33919564,-0.36952043,-0.032797337,-0.42565992,-0.53066707,-0.086739756,-0.45829505,-0.6897924,-0.13159445,-0.08576249,-0.69916,0.07310022,-0.19433846,-0.9218098,-0.01436698,-0.3313251,-0.85656285,-0.08305703,-0.39644164,-0.7175087,-0.115666315,-0.023139473,-0.71236,0.027091306,-0.18666974,-0.9824227,-0.054485276,-0.3435861,-0.8553074,-0.100911535,-0.39044344,-0.7109006,-0.11335788,0.021522628,-0.700941,-0.035414964,-0.15812355,-0.9761937,-0.1174557,-0.3194704,-0.85231286,-0.13243607,-0.36945048,-0.69071245,-0.118801884,0.023828296,-0.65152586,-0.10094777,-0.1549633,-0.85566485,-0.15799434,-0.28657034,-0.8115032,-0.16036771,-0.3376478,-0.7032034,-0.14435174
STOP,0.0,0.0,0.0,-0.231391,-0.17609346,-0.009911635,-0.35317078,-0.37277958,-0.03982188,-0.43760687,-0.53845227,-0.09421481,-0.47949463,-0.6932929,-0.13868308,-0.10943414,-0.69046044,0.07512136,-0.20825313,-0.9189554,-0.014478858,-0.34595186,-0.85927224,-0.085636936,-0.41150552,-0.7262374,-0.119464405,-0.046415024,-0.70620745,0.031942658,-0.19750305,-0.9803022,-0.054276392,-0.35996345,-0.8648717,-0.10499587,-0.40966484,-0.72177386,-0.11923295,-5.5610195e-05,-0.7016805,-0.02898678,-0.1683114,-0.9684183,-0.11565023,-0.33600822,-0.85474783,-0.13828841,-0.38873047,-0.69614,-0.1283641,0.0072395736,-0.6632045,-0.09324284,-0.16471992,-0.86231095,-0.15153137,-0.29824385,-0.8210223,-0.15785679,-0.35043833,-0.7101205,-0.14461192
STOP,0.0,0.0,0.0,-0.22952151,-0.16780625,-0.008994213,-0.35314965,-0.36549026,-0.038234487,-0.4381692,-0.5296681,-0.09145287,-0.47911465,-0.6877588,-0.13531634,-0.10536056,-0.68956953,0.06873843,-0.21137659,-0.9160722,-0.022112407,-0.3520791,-0.8509202,-0.09351861,-0.41876987,-0.71433794,-0.12725955,-0.043368973,-0.706605,0.025925627,-0.20348595,-0.9790778,-0.06071407,-0.36538544,-0.85413367,-0.110777006,-0.4132647,-0.7092465,-0.124500975,0.0024018292,-0.70191246,-0.03377925,-0.17288251,-0.97403973,-0.120031215,-0.3379358,-0.8521461,-0.1393387,-0.38758576,-0.6905932,-0.12709565,0.010039202,-0.66115177,-0.09659808,-0.16787021,-0.8598617,-0.15439174,-0.30082646,-0.8127076,-0.15788993,-0.35062638,-0.6995432,-0.14218092
STOP,0.0,0.0,0.0,-0.23098873,-0.16493915,-0.0009004245,-0.35406253,-0.36042094,-0.027699402,-0.4390096,-0.52709746,-0.080604255,-0.48845625,-0.68669033,-0.12402248,-0.115549855,-0.6873772,0.08649235,-0.21970548,-0.9098704,0.001428598,-0.3560442,-0.8526473,-0.067480475,-0.42262822,-0.722459,-0.1004503,-0.0510889,-0.70700413,0.038110655,-0.20888627,-0.97793996,-0.041146424,-0.36978847,-0.8650269,-0.08837966,-0.41931555,-0.72319734,-0.10203233,-0.0040383516,-0.70092434,-0.027746454,-0.17514081,-0.9739667,-0.107780434,-0.34370583,-0.85986763,-0.1257884,-0.39652666,-0.7017359,-0.11489025,0.0029515924,-0.6586124,-0.0966073,-0.17517096,-0.85944724,-0.15183437,-0.3108893,-0.81508076,-0.15591522,-0.36250225,-0.7043003,-0.14196448
STOP,0.0,0.0,0.0,-0.23216198,-0.17507008,0.007051566,-0.3554419,-0.3685573,-0.017469754,-0.4462072,-0.53442556,-0.06877047,-0.48220828,-0.6890478,-0.11105438,-0.0869713,-0.6912931,0.095909245,-0.21019545,-0.9016907,0.015253063,-0.35232773,-0.8451748,-0.05462505,-0.4249551,-0.7189892,-0.08927955,-0.030263308,-0.7110426,0.045408558,-0.20554906,-0.9786468,-0.028916411,-0.3687035,-0.86816496,-0.07918709,-0.42251715,-0.7284769,-0.096689254,0.0066989968,-0.70420676,-0.020964285,-0.18048964,-0.96947896,-0.09565714,-0.34715712,-0.8609677,-0.115844995,-0.40132532,-0.7082972,-0.108241074,-0.0023431678,-0.6601781,-0.089423575,-0.18497379,-0.85608,-0.13905789,-0.31619152,-0.8145099,-0.14149697,-0.36710158,-0.7076135,-0.12759389
STOP,0.0,0.0,0.0,-0.23378794,-0.17669925,0.009811868,-0.3589089,-0.37228078,-0.011771093,-0.4488578,-0.5338345,-0.06121513,-0.4991602,-0.68732107,-0.10244086,-0.100399375,-0.6958194,0.102535404,-0.22217692,-0.90410984,0.021295771,-0.35902968,-0.848232,-0.052295882,-0.43402326,-0.725822,-0.0902975,-0.041783612,-0.7146191,0.04886384,-0.21551429,-0.9765007,-0.028215367,-0.37655964,-0.8684774,-0.08474513,-0.43411902,-0.72384316,-0.10728583,-0.005002269,-0.7086858,-0.020980584,-0.18360443,-0.9760119,-0.09670296,-0.35101664,-0.86746407,-0.12170191,-0.41192034,-0.7119962,-0.11831181,-0.01093089,-0.6679656,-0.093025684,-0.18442985,-0.8679771,-0.14513229,-0.31500718,-0.8254117,-0.15083121,-0.3711967,-0.71698004,-0.13976084
STOP,0.0,0.0,0.0,-0.22866909,-0.1822486,0.00767718,-0.3535954,-0.37788418,-0.018970191,-0.4462294,-0.5412562,-0.073692165,-0.475505,-0.69382924,-0.11930342,-0.090147436,-0.70062083,0.09398118,-0.21071957,-0.91376907,0.009250757,-0.34982342,-0.8577217,-0.06256247,-0.42340827,-0.72819614,-0.09827362,-0.029568193,-0.71683747,0.04124056,-0.20612334,-0.97852594,-0.03705696,-0.3683919,-0.8599813,-0.0888291,-0.42188394,-0.7164907,-0.10744053,0.010622851,-0.7082193,-0.02789505,-0.17311084,-0.97640395,-0.10453158,-0.34131008,-0.86471283,-0.12531069,-0.39930794,-0.7062931,-0.11860104,0.0031631817,-0.66141313,-0.09944157,-0.17643978,-0.8574476,-0.15167387,-0.30909756,-0.8183798,-0.15705167,-0.3623415,-0.7126014,-0.14551644
STOP,0.0,0.0,0.0,-0.23217107,-0.18425329,0.010766314,-0.35545418,-0.37534449,-0.012745096,-0.44706255,-0.5348255,-0.06472421,-0.5005912,-0.6870729,-0.10866649,-0.09984134,-0.69975764,0.10281815,-0.22654511,-0.9035451,0.020077202,-0.3619079,-0.84620786,-0.054212894,-0.4351787,-0.7200612,-0.092094414,-0.039950125,-0.71691406,0.04865255,-0.22121628,-0.9752248,-0.02882827,-0.3809833,-0.85962665,-0.08454997,-0.4347404,-0.71391493,-0.106499866,-0.00081796007,-0.7093521,-0.021763586,-0.18571554,-0.9737335,-0.09812317,-0.35259217,-0.8614914,-0.12230779,-0.40976253,-0.703503,-0.11816172,-0.0064649666,-0.6659035,-0.094277695,-0.1853475,-0.86189765,-0.14594556,-0.31443954,-0.8154288,-0.15094846,-0.36493215,-0.7030984,-0.13946934
STOP,0.0,0.0,0.0,-0.23411672,-0.18697734,0.0066187796,-0.35743704,-0.37487525,-0.019468747,-0.44945836,-0.5382221,-0.07339643,-0.48198557,-0.68978596,-0.11887537,-0.10037021,-0.69316447,0.094895154,-0.21652733,-0.90988463,0.0114886565,-0.35177094,-0.85190773,-0.061360884,-0.42053416,-0.7259158,-0.0988495,-0.038283248,-0.710521,0.042995527,-0.21036711,-0.97762245,-0.037198897,-0.37028208,-0.8588579,-0.093331575,-0.42015752,-0.71400046,-0.11528657,0.0037014368,-0.7035558,-0.02503102,-0.17405307,-0.9770339,-0.10408759,-0.34094846,-0.8633666,-0.12868209,-0.3955754,-0.70404774,-0.12408966,-0.000112602735,-0.66056514,-0.09505388,-0.1787039,-0.8642391,-0.14770354,-0.31077027,-0.8212048,-0.15301704,-0.36209592,-0.71048576,-0.14162052
STOP,0.0,0.0,0.0,-0.2309372,-0.17865488,0.011383234,-0.35323563,-0.37879232,-0.009961968,-0.43990263,-0.5425151,-0.058938198,-0.4741075,-0.6905076,-0.098746486,-0.088674046,-0.6980859,0.09928138,-0.20252843,-0.91748327,0.01953046,-0.345652,-0.8612868,-0.048576448,-0.4176592,-0.73656964,-0.0827899,-0.027407989,-0.71365696,0.04581268,-0.19608034,-0.9805879,-0.028474897,-0.36348122,-0.87068695,-0.07728054,-0.41573226,-0.7305029,-0.0943062,0.010213574,-0.703369,-0.023688931,-0.1681439,-0.96643645,-0.09769308,-0.33870047,-0.85823536,-0.117250375,-0.39295235,-0.70675117,-0.11005759,0.0019310678,-0.6569844,-0.095178045,-0.17509031,-0.85300493,-0.14455146,-0.30517524,-0.80904573,-0.14730193,-0.3516612,-0.7021408,-0.13433872
STOP,0.0,0.0,0.0,-0.23520413,-0.17074491,0.003936623,-0.36418742,-0.36500442,-0.022650136,-0.4518938,-0.52927077,-0.07499367,-0.5009517,-0.68065345,-0.11743835,-0.10173769,-0.6995745,0.086220786,-0.21878682,-0.9181341,0.006965943,-0.35732463,-0.86665195,-0.05922343,-0.42808428,-0.7456906,-0.09206613,-0.04304667,-0.71111447,0.035830006,-0.2141088,-0.9768098,-0.03685438,-0.37619218,-0.87093925,-0.080282204,-0.42758268,-0.73717517,-0.09374665,-0.009479041,-0.6976024,-0.03078476,-0.19201975,-0.9573821,-0.103833966,-0.35792893,-0.85252994,-0.11798258,-0.4118901,-0.70728874,-0.10783982,-0.020321403,-0.65026295,-0.10016253,-0.19711585,-0.8478478,-0.1508052,-0.3265246,-0.8052492,-0.15104885,-0.3764217,-0.7014233,-0.13602138
STOP,0.0,0.0,0.0,-0.23103434,-0.17000036,0.004874114,-0.3560705,-0.364517,-0.021287622,-0.44434866,-0.53101593,-0.07299152,-0.48696613,-0.6809322,-0.11519689,-0.08603257,-0.69680476,0.08617581,-0.2055881,-0.9190847,0.0068866154,-0.3484414,-0.87201375,-0.059993293,-0.42319497,-0.7534845,-0.09303422,-0.028436415,-0.7078683,0.03649912,-0.20560879,-0.9786343,-0.036711697,-0.36914068,-0.8744818,-0.08354586,-0.42238086,-0.73980993,-0.09947876,0.0028893824,-0.6916489,-0.028735753,-0.18509634,-0.95240456,-0.100513294,-0.35166037,-0.8503887,-0.117751576,-0.40750006,-0.7060967,-0.10986315,-0.012706509,-0.6391492,-0.0963808,-0.19222991,-0.83666027,-0.14486316,-0.32215166,-0.80219805,-0.14671075,-0.37453204,-0.70523524,-0.13323393
STOP,0.0,0.0,0.0,-0.22257148,-0.17403708,-0.016089503,-0.34912616,-0.36686411,-0.050121054,-0.43497634,-0.5338366,-0.105901524,-0.46913707,-0.6794239,-0.15130103,-0.116989285,-0.6944211,0.056213085,-0.20662877,-0.92497486,-0.03542533,-0.3475349,-0.8617222,-0.10559386,-0.41512316,-0.7300724,-0.13913748,-0.056913868,-0.7046046,0.017858235,-0.19320315,-0.9811588,-0.06817788,-0.35870352,-0.87222606,-0.11198546,-0.41279852,-0.72998816,-0.12221328,-0.012863231,-0.6911204,-0.037888967,-0.15960675,-0.96744794,-0.12346064,-0.32902953,-0.85993534,-0.13745858,-0.3869582,-0.7049625,-0.12265425,-0.0019128071,-0.6424577,-0.09752857,-0.16022825,-0.8439519,-0.154297,-0.2977342,-0.8037321,-0.15653735,-0.35845342,-0.6980388,-0.14089538
STOP,0.0,0.0,0.0,-0.22280568,-0.17664635,-0.011122355,-0.3406592,-0.3858831,-0.040764548,-0.41700798,-0.5587411,-0.09225236,-0.45650658,-0.7051653,-0.13273396,-0.080858715,-0.6955265,0.066823356,-0.16858009,-0.93358827,-0.020432994,-0.3187017,-0.89041114,-0.08791941,-0.4012995,-0.76513815,-0.11929238,-0.018342625,-0.71122086,0.027769528,-0.15565552,-0.9878114,-0.048368454,-0.32351625,-0.90586686,-0.088702485,-0.39491126,-0.78249305,-0.0991351,0.021682875,-0.70509803,-0.029165482,-0.137482,-0.9884448,-0.10766701,-0.3094125,-0.9046318,-0.12211072,-0.38490075,-0.7640905,-0.11062607,0.021123141,-0.66529936,-0.08967474,-0.15172228,-0.86388147,-0.1452528,-0.29222244,-0.8297949,-0.14938074,-0.3659895,-0.73217195,-0.13627884
STOP,0.0,0.0,0.0,-0.21954174,-0.17221607,-0.021642417,-0.33927286,-0.37419915,-0.056515794,-0.42030537,-0.5420278,-0.10949165,-0.4517123,-0.6880719,-0.15095901,-0.08230845,-0.7063152,0.046308655,-0.18612553,-0.92892325,-0.042353727,-0.3346308,-0.8726082,-0.110373065,-0.40714845,-0.74313754,-0.14369072,-0.021304466,-0.71663177,0.011247916,-0.17181449,-0.9851293,-0.06728159,-0.3427651,-0.8833174,-0.10539232,-0.3995131,-0.75283873,-0.11460648,0.0155234,-0.6989,-0.04108272,-0.14502837,-0.97561574,-0.12367803,-0.3186935,-0.87661153,-0.13504112,-0.37983084,-0.7325848,-0.12107445,0.007851055,-0.645357,-0.097494006,-0.15952453,-0.85117996,-0.1580584,-0.2978751,-0.8110106,-0.16103694,-0.35791743,-0.70979226,-0.14606963
STOP,0.0,0.0,0.0,-0.21251549,-0.18261251,-0.01655436,-0.34121713,-0.38031822,-0.053633284,-0.43128875,-0.55335134,-0.11249736,-0.46582106,-0.7023454,-0.15953214,-0.098034926,-0.69391537,0.057117376,-0.18584652,-0.9331605,-0.03554761,-0.32988963,-0.8868647,-0.104963504,-0.40286744,-0.76188457,-0.13843639,-0.03461212,-0.70460695,0.018307451,-0.16670932,-0.9860061,-0.0652455,-0.33464542,-0.89370435,-0.10691147,-0.39475897,-0.76636916,-0.11766967,0.013261554,-0.69552225,-0.03865841,-0.12897132,-0.981807,-0.118758254,-0.30431038,-0.8960835,-0.13147208,-0.37438375,-0.75265557,-0.11890913,0.025228294,-0.65450716,-0.10013256,-0.1325761,-0.8553229,-0.15327293,-0.27725947,-0.8326827,-0.15773216,-0.35088167,-0.7404348,-0.14538033
STOP,0.0,0.0,0.0,-0.2054134,-0.16762295,0.0022550803,-0.3177098,-0.37133828,-0.0199292,-0.40114924,-0.53294754,-0.0682091,-0.4420506,-0.6983667,-0.10559728,-0.07549107,-0.68587685,0.08347608,-0.1532,-0.9389529,-0.003013841,-0.3013078,-0.892761,-0.067492135,-0.37556443,-0.765741,-0.0965379,-0.012496295,-0.69841224,0.035846863,-0.13509275,-0.9908329,-0.04338794,-0.3048611,-0.90391725,-0.08721233,-0.36385882,-0.77570796,-0.0982154,0.034907922,-0.68934596,-0.028793987,-0.11019643,-0.9693765,-0.10525185,-0.28856605,-0.87491155,-0.12251584,-0.3546602,-0.7339639,-0.11240064,0.04966475,-0.65174764,-0.09604421,-0.11262024,-0.856676,-0.14646466,-0.25776455,-0.8210433,-0.14984094,-0.32301375,-0.72018814,-0.13631885
STOP,0.0,0.0,0.0,-0.19930072,-0.168275,-0.014153755,-0.3092293,-0.36578035,-0.0408312,-0.39172637,-0.5281572,-0.08922616,-0.43500614,-0.6945808,-0.12574467,-0.08927835,-0.68553996,0.06468673,-0.16761483,-0.93550384,-0.028210303,-0.31213823,-0.88398325,-0.09583359,-0.3765471,-0.7441969,-0.12498592,-0.026619364,-0.6962386,0.027035678,-0.14140019,-0.9899525,-0.060161576,-0.30763504,-0.89793515,-0.10506839,-0.35770226,-0.7539184,-0.113350146,0.021833753,-0.6855746,-0.028515074,-0.10829632,-0.9687676,-0.11092542,-0.28123012,-0.879088,-0.12754905,-0.3399073,-0.73125345,-0.113632105,0.037721027,-0.6444304,-0.08810791,-0.11365345,-0.8538175,-0.14296873,-0.25336608,-0.82916194,-0.14807403,-0.31425336,-0.7320041,-0.13335109
STOP,0.0,0.0,0.0,-0.1954031,-0.17099111,-0.006710878,-0.30052504,-0.38018316,-0.028131953,-0.37797734,-0.54858536,-0.072974205,-0.42253682,-0.71193737,-0.10666701,-0.07922071,-0.688676,0.07931202,-0.14454125,-0.9366727,-0.0061598173,-0.28845838,-0.8836696,-0.06807042,-0.35317323,-0.74794436,-0.09446804,-0.017127406,-0.7066197,0.03979195,-0.12016888,-0.9927534,-0.04128983,-0.2902051,-0.8895213,-0.08118127,-0.3442253,-0.7503536,-0.08555027,0.0341463,-0.7024768,-0.017260741,-0.08934287,-0.9834131,-0.09688511,-0.2651971,-0.8764999,-0.10977539,-0.32448077,-0.7251277,-0.09302393,0.057043403,-0.6661265,-0.07768159,-0.097640224,-0.85999066,-0.13053353,-0.24211274,-0.81755507,-0.13336611,-0.30215436,-0.71392787,-0.1166113
STOP,0.0,0.0,0.0,-0.19350587,-0.16577825,-0.002378457,-0.29024944,-0.3925408,-0.014799567,-0.36296403,-0.56626904,-0.05009976,-0.40820253,-0.7271267,-0.07514002,-0.10691985,-0.66999024,0.07697148,-0.15380749,-0.9298372,-0.0022083148,-0.29465476,-0.8832842,-0.056654118,-0.3544301,-0.74977756,-0.07856874,-0.0428991,-0.69210196,0.03901072,-0.12679535,-0.99192894,-0.037974153,-0.2947616,-0.8972412,-0.07299175,-0.34400854,-0.75687903,-0.07333537,0.016942205,-0.69491595,-0.015102111,-0.09313055,-0.99209535,-0.09012431,-0.26022604,-0.8924412,-0.10080634,-0.3086051,-0.74079126,-0.08283534,0.057601992,-0.67098886,-0.071849845,-0.09890522,-0.8716072,-0.12164175,-0.24013332,-0.8339806,-0.12338683,-0.2928006,-0.7297285,-0.10621973
STOP,0.0,0.0,0.0,-0.19616681,-0.17833254,0.00027032394,-0.29665715,-0.3949176,-0.011897708,-0.37468466,-0.5599068,-0.048133478,-0.42640597,-0.71623015,-0.07541658,-0.12610781,-0.6741802,0.088922106,-0.18741482,-0.91389537,0.010894335,-0.32414883,-0.85603535,-0.04977554,-0.37938678,-0.72830355,-0.07739317,-0.06033903,-0.6968124,0.04822896,-0.14728706,-0.98909384,-0.02745171,-0.30684215,-0.8922908,-0.07039155,-0.35603762,-0.7568686,-0.078864224,0.0004467851,-0.6944927,-0.0087001175,-0.10339698,-0.99360794,-0.08094839,-0.26732278,-0.8992719,-0.09478193,-0.32140875,-0.7565697,-0.08083297,0.03948063,-0.66000104,-0.0683145,-0.10441233,-0.8764622,-0.111859545,-0.24330616,-0.8478739,-0.111034095,-0.3011146,-0.75434107,-0.094667
STOP,0.0,0.0,0.0,-0.19574523,-0.17785,0.013670332,-0.2980695,-0.39582357,0.0063224966,-0.37230334,-0.56269866,-0.028463626,-0.4369763,-0.72054034,-0.05436127,-0.0861919,-0.6755573,0.10675201,-0.15361516,-0.9263961,0.03448058,-0.2907553,-0.88481045,-0.019410387,-0.35151774,-0.7586898,-0.040784404,-0.022654252,-0.69514346,0.05957249,-0.12465685,-0.9921999,-0.0047086775,-0.28720155,-0.9053091,-0.03902351,-0.3419767,-0.7748898,-0.042948928,0.029244961,-0.6906862,-0.0042723534,-0.09356132,-0.98186857,-0.0691265,-0.26503888,-0.8975503,-0.08150576,-0.32771897,-0.75879335,-0.06817667,0.052218534,-0.654967,-0.0700578,-0.098221995,-0.8632469,-0.11090706,-0.2390869,-0.83506763,-0.11094422,-0.30156285,-0.74188775,-0.09571407
STOP,0.0,0.0,0.0,-0.20511962,-0.16812602,0.0042551113,-0.31932643,-0.37246138,-0.011494387,-0.3988982,-0.53356683,-0.053538598,-0.44933644,-0.69486165,-0.0847032,-0.1292225,-0.67626804,0.09180496,-0.18967126,-0.9280606,0.00936668,-0.332321,-0.8625323,-0.04963289,-0.3855326,-0.7293282,-0.07451118,-0.06586209,-0.6889562,0.046254,-0.16131413,-0.9869031,-0.036275607,-0.32962623,-0.87154156,-0.07476395,-0.36977887,-0.73300827,-0.076802075,-0.010584948,-0.6824811,-0.016601868,-0.12399337,-0.96079135,-0.09252275,-0.29356343,-0.85485387,-0.102793135,-0.34199125,-0.7135867,-0.08456375,0.024042195,-0.6481278,-0.08237346,-0.11908935,-0.8549413,-0.12622538,-0.2602598,-0.8181613,-0.1233296,-0.31356493,-0.7224333,-0.10459985
STOP,0.0,0.0,0.0,-0.2058909,-0.15728211,0.008023671,-0.31774879,-0.37062442,1.0960457e-05,-0.39397836,-0.5389723,-0.034821063,-0.44596615,-0.69783634,-0.05940141,-0.13501878,-0.6621483,0.10580279,-0.20248543,-0.91515976,0.029270856,-0.33713847,-0.8398902,-0.028195456,-0.38553435,-0.70475924,-0.052690312,-0.07259443,-0.6844935,0.060787644,-0.17032145,-0.9853886,-0.016534561,-0.33140138,-0.86346555,-0.05701507,-0.3700898,-0.718026,-0.06096011,-0.01662877,-0.6814795,-0.0012822484,-0.12348037,-0.9706014,-0.071554,-0.2887337,-0.8595282,-0.084779866,-0.33661368,-0.71293867,-0.06930667,0.02058455,-0.64698195,-0.06625608,-0.10716143,-0.8586692,-0.1064369,-0.24770299,-0.82207847,-0.10588962,-0.30372062,-0.72575223,-0.08968163
STOP,0.0,0.0,0.0,-0.20258534,-0.19220711,0.019614654,-0.30333352,-0.4058165,0.019580191,-0.3741498,-0.5719658,-0.011118732,-0.41972044,-0.72904545,-0.03294595,-0.10298144,-0.67329067,0.13757707,-0.16871944,-0.9290419,0.06872618,-0.29824483,-0.8626439,0.009466335,-0.3538737,-0.73411983,-0.017437179,-0.042233456,-0.6937882,0.08874057,-0.14155328,-0.9899307,0.015727006,-0.2991317,-0.88004816,-0.03551587,-0.35020074,-0.7359821,-0.04891169,0.011915505,-0.69419825,0.022715522,-0.092579566,-0.9935541,-0.045847483,-0.25785795,-0.8946938,-0.06937202,-0.3208305,-0.7492289,-0.061813336,0.046189055,-0.66680396,-0.044966742,-0.073633276,-0.89505047,-0.083880216,-0.21546432,-0.8705507,-0.0868561,-0.28772095,-0.77981174,-0.074171536
STOP,0.0,0.0,0.0,-0.19723037,-0.1805982,0.006610752,-0.298069,-0.3950829,-0.0047091707,-0.37225112,-0.5603871,-0.042480614,-0.41449982,-0.7204128,-0.07095672,-0.088515855,-0.67065483,0.09593185,-0.15964338,-0.9228416,0.01814802,-0.29881868,-0.85508144,-0.04016101,-0.35565773,-0.7244295,-0.065270066,-0.026775891,-0.6884234,0.050841857,-0.12737994,-0.991854,-0.028569177,-0.29437146,-0.8770677,-0.07070728,-0.34358916,-0.73644274,-0.07620936,0.023248807,-0.6857392,-0.010495104,-0.08643921,-0.9910318,-0.08787438,-0.2604586,-0.8835236,-0.10294196,-0.32112676,-0.73662305,-0.08739752,0.045391463,-0.65390044,-0.07375621,-0.086196385,-0.88558906,-0.121735424,-0.23411278,-0.8503956,-0.121786535,-0.30354658,-0.7524131,-0.104468726
STOP,0.0,0.0,0.0,-0.20218754,-0.17447011,0.020291202,-0.3055181,-0.38934904,0.020186417,-0.37815225,-0.5574129,-0.009409663,-0.429655,-0.71774715,-0.030501865,-0.10419532,-0.6626381,0.12677093,-0.170081,-0.9148932,0.058729246,-0.3038829,-0.8639606,0.003593382,-0.361225,-0.74631745,-0.02036663,-0.0449183,-0.68351144,0.0762468,-0.14010832,-0.99013615,0.0038373247,-0.30228153,-0.8889401,-0.041205835,-0.35072905,-0.75161445,-0.04865293,0.0056408923,-0.68230915,0.009805106,-0.10092181,-0.9819931,-0.05985687,-0.26916587,-0.88262683,-0.07923168,-0.3258602,-0.7396481,-0.06734865,0.03304176,-0.65139467,-0.057836913,-0.09904618,-0.8776046,-0.09837628,-0.24036774,-0.84988874,-0.09911233,-0.3023265,-0.7575764,-0.08341637
STOP,0.0,0.0,0.0,-0.1894189,-0.17852587,0.011636882,-0.28960547,-0.40056252,0.009766771,-0.36227968,-0.5768288,-0.018848486,-0.41629466,-0.73645186,-0.03797537,-0.095786534,-0.6543872,0.11717677,-0.14325178,-0.9143318,0.051075876,-0.2764241,-0.8812661,-0.0024741355,-0.34561297,-0.7727852,-0.025099065,-0.040596135,-0.67559844,0.0741691,-0.106117465,-0.9943536,0.0094971,-0.26716176,-0.9223591,-0.03040978,-0.33453265,-0.7963783,-0.036983065,0.010125864,-0.67628884,0.01469334,-0.0721965,-0.98742706,-0.048948783,-0.24382718,-0.91337305,-0.06745569,-0.3191949,-0.778725,-0.057296097,0.040104292,-0.6491769,-0.046971243,-0.075381555,-0.8742648,-0.08393968,-0.22110114,-0.859401,-0.08698142,-0.30043206,-0.773586,-0.07479292
STOP,0.0,0.0,0.0,-0.19141713,-0.17528334,0.0062339646,-0.29055715,-0.3931802,-0.0028350898,-0.36564437,-0.5626409,-0.037308086,-0.40944532,-0.7201154,-0.061661478,-0.084608674,-0.6693881,0.097895496,-0.13975136,-0.92564464,0.02308699,-0.28302953,-0.8771426,-0.034286905,-0.35013732,-0.75221103,-0.058907587,-0.02707348,-0.68585914,0.0553967,-0.108125634,-0.9941372,-0.016533457,-0.27624762,-0.9056421,-0.05641726,-0.3358645,-0.7707049,-0.062473904,0.022239974,-0.6795246,-0.0033362748,-0.07520021,-0.9801196,-0.07256389,-0.25090975,-0.89415,-0.08789338,-0.31961077,-0.75376564,-0.07487358,0.046144035,-0.6437933,-0.06449382,-0.078741,-0.86169225,-0.10595249,-0.22619653,-0.8426353,-0.10765519,-0.30105364,-0.7550876,-0.09328759
STOP,0.0,0.0,0.0,-0.20290634,-0.17445908,0.02665928,-0.30378163,-0.4086892,0.03451941,-0.3650351,-0.5832461,0.011226054,-0.4097995,-0.7405304,-0.003946551,-0.10813748,-0.6603265,0.14077294,-0.14994992,-0.91847366,0.08141065,-0.27788857,-0.87868804,0.03304581,-0.3393742,-0.7606931,0.013825862,-0.042663638,-0.67906636,0.08876009,-0.0998125,-0.99500626,0.027387423,-0.2595782,-0.91778725,-0.011223026,-0.32178506,-0.7869463,-0.015460614,0.018440187,-0.6770016,0.02038663,-0.05462338,-0.99263,-0.04015241,-0.2283611,-0.9160068,-0.060001254,-0.30193475,-0.7745224,-0.050337628,0.059988305,-0.65318066,-0.04902524,-0.056070015,-0.8885758,-0.08583843,-0.20217437,-0.87234974,-0.08906961,-0.27692035,-0.78059036,-0.07637819
STOP,0.0,0.0,0.0,-0.193966,-0.19828585,0.020256259,-0.28881276,-0.42533195,0.023700787,-0.35160133,-0.5999619,-0.003232566,-0.4009848,-0.75715834,-0.022937577,-0.09574322,-0.667323,0.13831528,-0.14592083,-0.91156596,0.070888974,-0.27248082,-0.86129636,0.012076503,-0.33307275,-0.74705595,-0.014631998,-0.03258298,-0.6850978,0.088514775,-0.09898724,-0.99508864,0.015645117,-0.25537208,-0.904825,-0.03495645,-0.31552356,-0.7667733,-0.04641548,0.02609338,-0.68052286,0.021938263,-0.04381862,-0.99455404,-0.045300305,-0.2123471,-0.91373837,-0.069939554,-0.28522643,-0.77369785,-0.06185938,0.06707466,-0.647117,-0.0464401,-0.034446366,-0.8853893,-0.082653694,-0.17591769,-0.8759907,-0.08674667,-0.25249362,-0.79179984,-0.07500402
STOP,0.0,0.0,0.0,-0.20777595,-0.1919522,0.023359517,-0.31286722,-0.41413307,0.027923455,-0.37926674,-0.590075,0.0016490193,-0.420154,-0.7521883,-0.016671613,-0.11372037,-0.6624409,0.14319922,-0.16772291,-0.9072024,0.082049385,-0.29624233,-0.86665726,0.030140504,-0.3550827,-0.7541415,0.007463511,-0.047705617,-0.68265486,0.09129379,-0.11653651,-0.9931864,0.027403349,-0.2786298,-0.9141147,-0.015637953,-0.3400459,-0.78442496,-0.024051491,0.010867659,-0.68052274,0.022121897,-0.061023086,-0.99399734,-0.04246469,-0.23722033,-0.9278492,-0.06562774,-0.31434396,-0.7966243,-0.058765303,0.042201735,-0.65144014,-0.048401963,-0.067442484,-0.8890059,-0.087520875,-0.21477231,-0.88056403,-0.09286931,-0.29469383,-0.7982166,-0.082728386
STOP,0.0,0.0,0.0,-0.19698296,-0.19797656,0.026191866,-0.2924982,-0.42315033,0.033588767,-0.35239455,-0.5970509,0.010239943,-0.39352387,-0.74989337,-0.0051640123,-0.09636925,-0.6638971,0.14507711,-0.14073691,-0.91422707,0.08606254,-0.2697697,-0.8738611,0.0361179,-0.3264475,-0.758964,0.0151959425,-0.03304787,-0.6835143,0.093463644,-0.090586305,-0.9958886,0.03219976,-0.25120738,-0.9196495,-0.008889694,-0.31052935,-0.7899148,-0.015792107,0.023496347,-0.6814007,0.024947751,-0.03740427,-0.99536204,-0.035098493,-0.2099348,-0.93583304,-0.057906084,-0.28397068,-0.8071464,-0.05174727,0.055260647,-0.65271187,-0.044855952,-0.04711344,-0.8892977,-0.080236875,-0.19179231,-0.883525,-0.08507267,-0.26970562,-0.8028982,-0.075058326
STOP,0.0,0.0,0.0,-0.19933495,-0.20325357,0.034498964,-0.28079534,-0.43568408,0.049568504,-0.3360501,-0.62559247,0.031472635,-0.386857,-0.7753111,0.019537318,-0.082036965,-0.66900295,0.17870252,-0.11972689,-0.90609735,0.13343412,-0.2512098,-0.8813604,0.087256305,-0.32200894,-0.7731032,0.06780944,-0.017548282,-0.6862648,0.1265042,-0.067143045,-0.99189687,0.08225881,-0.23010796,-0.9302112,0.041240357,-0.30650684,-0.81240445,0.032065704,0.041598737,-0.6835253,0.056959037,-0.021143366,-0.9997765,0.00689958,-0.19960469,-0.943766,-0.01929716,-0.28495657,-0.81463504,-0.016529419,0.07207856,-0.65888816,-0.013269961,-0.045768097,-0.8892858,-0.042837057,-0.19161771,-0.87131625,-0.048257265,-0.27045563,-0.77727675,-0.039181776
STOP,0.0,0.0,0.0,-0.19049403,-0.20915994,0.02512117,-0.27177277,-0.44559383,0.036452975,-0.32879856,-0.628664,0.017557833,-0.3728279,-0.776051,0.0066808322,-0.06542433,-0.6771257,0.1590442,-0.102475025,-0.92117006,0.106281884,-0.24209833,-0.88574237,0.056609344,-0.31117275,-0.7713353,0.03565577,-0.006603787,-0.68866485,0.11211383,-0.052151546,-0.99863917,0.061196648,-0.22158746,-0.9339735,0.020556225,-0.29315075,-0.8106385,0.012454371,0.046789087,-0.6800737,0.047844604,-0.011492424,-0.98595935,-0.0049465746,-0.19612539,-0.9305009,-0.028540708,-0.2792872,-0.80385053,-0.02298324,0.07360247,-0.6502103,-0.017880479,-0.026442256,-0.88730556,-0.04542764,-0.17613992,-0.88057894,-0.04771304,-0.25874627,-0.7926419,-0.036174346
STOP,0.0,0.0,0.0,-0.18053481,-0.20629954,0.021067852,-0.24689156,-0.44294584,0.03142657,-0.28893125,-0.62535053,0.012020578,-0.3240824,-0.79286784,0.0017966287,-0.025140649,-0.6705197,0.16328244,-0.041226946,-0.9283622,0.111727975,-0.18281926,-0.91789925,0.06270288,-0.26042843,-0.8155757,0.04262275,0.034742802,-0.6793092,0.1180454,0.0115578985,-0.997331,0.07010417,-0.15897174,-0.95789045,0.028725175,-0.23964418,-0.8455118,0.019216487,0.08614171,-0.67108434,0.054242376,0.052588843,-0.9986163,0.0034176689,-0.12846991,-0.96702534,-0.021094004,-0.21819487,-0.84796494,-0.017022902,0.111918226,-0.6458187,-0.011712989,0.023690503,-0.89468944,-0.041242246,-0.121947855,-0.89712566,-0.045196917,-0.20630841,-0.8096084,-0.034722656
STOP,0.0,0.0,0.0,-0.19200224,-0.22057977,0.010298037,-0.27317524,-0.45556828,0.00789508,-0.3138281,-0.6467667,-0.021764183,-0.3302436,-0.8117798,-0.04235575,-0.0420009,-0.6731279,0.1357174,-0.062383942,-0.92327833,0.07183373,-0.19683887,-0.9159435,0.015825197,-0.2724879,-0.8178544,-0.00925104,0.02135539,-0.683954,0.092496105,-0.0061420784,-0.99998116,0.028754449,-0.16936193,-0.96266264,-0.016443258,-0.24797964,-0.8493414,-0.027020767,0.0757923,-0.6760846,0.030747607,0.03325358,-0.9976802,-0.032320894,-0.140014,-0.96526784,-0.057856806,-0.22808155,-0.84570676,-0.05338348,0.104135245,-0.64855814,-0.03340524,0.003276051,-0.88583314,-0.072815634,-0.1357112,-0.8944651,-0.08101789,-0.21737345,-0.8210448,-0.07281392
STOP,0.0,0.0,0.0,-0.17557132,-0.21182126,0.0006409714,-0.2474145,-0.45813367,-0.0031185264,-0.28914657,-0.64729595,-0.030192168,-0.3161241,-0.80523795,-0.04602552,-0.028416624,-0.6785861,0.10848758,-0.03844212,-0.94082767,0.042563077,-0.18026136,-0.9175405,-0.008949,-0.25116345,-0.806436,-0.030197484,0.031739984,-0.6804995,0.07146939,0.016370362,-0.999866,0.009498245,-0.15035705,-0.9594306,-0.027500167,-0.22038367,-0.84622115,-0.03299851,0.08291283,-0.66348547,0.016459828,0.053705,-0.9830819,-0.044429764,-0.124341086,-0.95726883,-0.06506116,-0.2083283,-0.84901536,-0.058245864,0.10816219,-0.6265625,-0.041644502,0.024109986,-0.8757223,-0.07944091,-0.12300342,-0.88795054,-0.08553536,-0.20689635,-0.81480616,-0.07630531
STOP,0.0,0.0,0.0,-0.18306087,-0.2463055,0.023638366,-0.25183228,-0.48357463,0.032719683,-0.29248106,-0.664901,0.009422501,-0.3133185,-0.8265311,-0.006759167,-0.027343335,-0.6907608,0.1646955,-0.04467564,-0.93413305,0.106971815,-0.16974191,-0.90824604,0.046996944,-0.2454359,-0.80654883,0.016931055,0.03313014,-0.6930891,0.11391368,0.008122844,-0.99811226,0.05005721,-0.14768516,-0.9572359,-0.010297679,-0.23274218,-0.84500724,-0.03261204,0.09175122,-0.6765638,0.045462746,0.06327565,-0.9979961,-0.019457674,-0.10964856,-0.96786326,-0.056772333,-0.20810963,-0.8574326,-0.059590887,0.12664007,-0.63988566,-0.024184093,0.052485634,-0.90526617,-0.0640023,-0.09073233,-0.92265254,-0.0737151,-0.18637234,-0.850084,-0.06683241
STOP,0.0,0.0,0.0,-0.17555131,-0.21885633,0.02892357,-0.24508142,-0.46637112,0.046873733,-0.2912966,-0.65127796,0.033582382,-0.32531154,-0.81967026,0.027786305,-0.018654207,-0.6569828,0.17994276,-0.047831014,-0.90218115,0.13725501,-0.18034925,-0.9044709,0.09081565,-0.25263563,-0.82045025,0.070246406,0.04245962,-0.6719674,0.13112287,0.021327613,-0.9928651,0.08854857,-0.14217326,-0.9722781,0.04565385,-0.22232674,-0.8719404,0.033498887,0.093912944,-0.6653614,0.06416543,0.070559144,-0.99750763,0.0164732,-0.10973759,-0.98709095,-0.011503,-0.2036311,-0.8887276,-0.011767196,0.11203192,-0.64094967,-0.0042742393,0.0386502,-0.90763664,-0.033329766,-0.10793539,-0.92841965,-0.039786316,-0.19776167,-0.8584282,-0.033077504
STOP,0.0,0.0,0.0,-0.1822995,-0.23088,0.026121281,-0.25924692,-0.47400096,0.036833387,-0.3064564,-0.6542528,0.017136872,-0.33253095,-0.8166354,0.005315974,-0.025573103,-0.6807087,0.16191907,-0.06254605,-0.92416346,0.10973373,-0.19978422,-0.90810865,0.057496157,-0.2746151,-0.80789644,0.033434458,0.035029385,-0.6908995,0.11264143,-0.0042752977,-0.9999909,0.059561882,-0.17270158,-0.95892817,0.012697674,-0.25157443,-0.8413729,-0.0008102798,0.08231724,-0.6776857,0.04617181,0.04460317,-0.9940235,-0.007702757,-0.13794437,-0.96239716,-0.03537369,-0.2313124,-0.8492743,-0.034052677,0.0958946,-0.6441346,-0.02149812,0.018932948,-0.9028144,-0.053145893,-0.1256931,-0.91474503,-0.057975065,-0.21450676,-0.8408318,-0.04866908
STOP,0.0,0.0,0.0,-0.17331418,-0.24061899,0.029259996,-0.24318251,-0.48219365,0.041922726,-0.28995678,-0.6579889,0.023541685,-0.3191236,-0.81548625,0.013576454,-0.0039767735,-0.68582606,0.17034692,-0.03303505,-0.93060356,0.12093323,-0.17089568,-0.918874,0.069852605,-0.25049385,-0.8231445,0.04680192,0.053066034,-0.6918421,0.12120705,0.018480299,-0.99982923,0.07199287,-0.14984679,-0.9627919,0.025779834,-0.23234917,-0.8502951,0.0122463675,0.09805954,-0.6772908,0.05476683,0.061778244,-0.99319434,0.0053092344,-0.11997997,-0.96615136,-0.021961398,-0.21604644,-0.85637766,-0.020960921,0.11007816,-0.64359856,-0.012953942,0.034238193,-0.8985454,-0.03953812,-0.11030599,-0.91232,-0.043498762,-0.20202595,-0.8403861,-0.03423276
STOP,0.0,0.0,0.0,-0.18682957,-0.21815409,0.014858502,-0.27100757,-0.45414382,0.017847117,-0.3263673,-0.63387084,-0.008091261,-0.3522711,-0.79859805,-0.025800284,-0.058655735,-0.6840956,0.14475772,-0.09466744,-0.91765445,0.085151374,-0.22309984,-0.8951231,0.0282567,-0.29275724,-0.79563606,0.00038235914,-0.001548434,-0.6957656,0.09763062,-0.039151795,-0.9992333,0.035695523,-0.19898772,-0.9499355,-0.0137365125,-0.27363068,-0.8332174,-0.028661976,0.05161694,-0.68275607,0.03273591,0.016211031,-0.99770135,-0.02954044,-0.16009079,-0.95416045,-0.05661092,-0.24850895,-0.83551306,-0.053751796,0.07924994,-0.64496326,-0.0344568,-0.00080614805,-0.9021936,-0.07137281,-0.14563195,-0.90670127,-0.076677814,-0.23214035,-0.8256378,-0.067469396
STOP,0.0,0.0,0.0,-0.1804141,-0.23660944,0.030943189,-0.25844058,-0.47105795,0.04157278,-0.30571893,-0.64686817,0.020834064,-0.33331615,-0.8027075,0.008480355,-0.02615106,-0.6848574,0.1698307,-0.053590998,-0.9307624,0.119412445,-0.18811332,-0.9232844,0.06754016,-0.26608545,-0.83877313,0.043038204,0.032348722,-0.6894073,0.11794118,-0.0028895936,-0.9999958,0.06601145,-0.16754086,-0.96550894,0.015913056,-0.25049525,-0.858713,-0.0015774396,0.07994054,-0.67630714,0.048829194,0.04068983,-0.9942373,-0.0026095533,-0.1403003,-0.9721516,-0.03495495,-0.23954473,-0.86677516,-0.038735386,0.095831364,-0.644486,-0.021320263,0.009312771,-0.89181286,-0.049398545,-0.13108282,-0.9064754,-0.05772326,-0.21901739,-0.8405756,-0.05290778
STOP,0.0,0.0,0.0,-0.18467897,-0.22544467,0.02301744,-0.26075855,-0.4591068,0.03025606,-0.30911645,-0.6388067,0.006735305,-0.34277344,-0.80064684,-0.009156746,-0.05093435,-0.6849942,0.15331428,-0.07653711,-0.92433536,0.09410789,-0.20965737,-0.8985817,0.037523963,-0.2866415,-0.7978935,0.010421416,0.009029347,-0.69405526,0.10253281,-0.021973517,-0.9997585,0.040247235,-0.18645522,-0.9511409,-0.011771914,-0.26779205,-0.83585167,-0.027803963,0.06392019,-0.6781206,0.034547597,0.023783043,-0.9824011,-0.026566677,-0.15718977,-0.9405413,-0.057523265,-0.25238162,-0.8265528,-0.057207696,0.09386306,-0.63713753,-0.034992054,0.0060397526,-0.88088006,-0.06929828,-0.13840029,-0.88748145,-0.07624362,-0.22527708,-0.8136363,-0.06850482
STOP,0.0,0.0,0.0,-0.18063596,-0.22888449,0.035943422,-0.25117797,-0.46857625,0.05059212,-0.29592156,-0.6469637,0.03252557,-0.33330438,-0.80138195,0.020568594,-0.034517396,-0.6688814,0.16197251,-0.06296666,-0.9165275,0.10851917,-0.1941485,-0.8912046,0.05673324,-0.2690921,-0.78949153,0.032637067,0.025693148,-0.68209136,0.10671507,-0.012953934,-0.9999161,0.048852354,-0.17681536,-0.9520621,-0.00082467735,-0.2576427,-0.83138233,-0.01582367,0.07798954,-0.6728214,0.03557992,0.03380918,-0.9891631,-0.019866906,-0.14525895,-0.94871193,-0.051912285,-0.2403215,-0.8314429,-0.05393626,0.1038338,-0.6409649,-0.035995472,0.01824263,-0.8868889,-0.066894285,-0.123303525,-0.8968065,-0.0757766,-0.21015136,-0.82603544,-0.0708432
STOP,0.0,0.0,0.0,-0.17757104,-0.22583187,0.032014955,-0.2452002,-0.46381646,0.046710875,-0.2883222,-0.64553976,0.02952309,-0.33067673,-0.80622107,0.019100975,-0.027757347,-0.67706776,0.1676766,-0.053345915,-0.9182151,0.118112706,-0.18162592,-0.90684587,0.06782841,-0.25862473,-0.8117941,0.044861328,0.030744063,-0.69094974,0.11581013,0.002221171,-0.99999756,0.06616269,-0.15779574,-0.9671736,0.020029912,-0.24125905,-0.85703015,0.006154466,0.08198878,-0.6798823,0.047028627,0.04481684,-0.98506546,-0.003331727,-0.13298135,-0.95855355,-0.033743843,-0.23036397,-0.8505735,-0.035790097,0.104942225,-0.6455769,-0.022932462,0.020533701,-0.8810716,-0.050985686,-0.1218164,-0.8954009,-0.05945694,-0.21204579,-0.82792735,-0.05436968
STOP,0.0,0.0,0.0,-0.17729264,-0.23279735,0.030860465,-0.24738008,-0.4684334,0.040804982,-0.29577285,-0.64526594,0.019253269,-0.33351788,-0.8054551,0.005650127,-0.013817439,-0.6777868,0.16132502,-0.041588765,-0.92667556,0.10751447,-0.17685397,-0.9145581,0.054549634,-0.25967994,-0.82437027,0.029448913,0.04372786,-0.68577224,0.10779682,0.00047953808,-0.9999999,0.05129044,-0.16574141,-0.9613389,0.002182722,-0.24876629,-0.8513342,-0.013213414,0.08951105,-0.67011213,0.037642237,0.037846297,-0.9768592,-0.016507745,-0.14193247,-0.942263,-0.046152957,-0.23725432,-0.83305556,-0.04723561,0.104944564,-0.63265413,-0.033710755,0.019093527,-0.8759343,-0.06333066,-0.12110759,-0.88489336,-0.06999638,-0.20666808,-0.8132483,-0.06347412
STOP,0.0,0.0,0.0,-0.18298036,-0.23065192,0.044311877,-0.25403056,-0.4681111,0.058712848,-0.3004482,-0.6460648,0.038258035,-0.3376865,-0.8059602,0.023173748,-0.020758245,-0.67517585,0.17103857,-0.059372433,-0.9236953,0.11844719,-0.19790137,-0.90853554,0.06633466,-0.27925003,-0.8156658,0.041927505,0.037054274,-0.683327,0.11025573,-0.021315986,-0.9997728,0.051898994,-0.1953628,-0.9487177,0.000995117,-0.27630687,-0.8289335,-0.014416456,0.081567466,-0.66905373,0.03417257,0.018787242,-0.9794002,-0.020986853,-0.1659577,-0.9370733,-0.052517176,-0.25889117,-0.81910074,-0.05421881,0.095861025,-0.63632846,-0.041513715,-0.00028219042,-0.88047606,-0.07100181,-0.14140771,-0.8863059,-0.077568084,-0.22272013,-0.8101697,-0.070636496
STOP,0.0,0.0,0.0,-0.16944732,-0.22330756,0.030753404,-0.23748605,-0.45984954,0.038366128,-0.28338218,-0.64027435,0.014821201,-0.32343906,-0.79913676,-0.0013948381,-0.0068467804,-0.66674274,0.15200104,-0.03818544,-0.9203445,0.09506596,-0.17977124,-0.90699375,0.043335807,-0.2549698,-0.8067458,0.020424409,0.04749724,-0.6767425,0.0984917,0.003786288,-0.99999285,0.04049273,-0.17133519,-0.9540171,-0.0040118154,-0.24703686,-0.83361995,-0.015089845,0.09074939,-0.6655837,0.028707547,0.037707876,-0.97444594,-0.026042549,-0.14469537,-0.9362534,-0.05296435,-0.23036073,-0.81731987,-0.05176291,0.10602732,-0.6351813,-0.04210103,0.013457161,-0.87680095,-0.070861764,-0.12460459,-0.8807994,-0.07572699,-0.19935806,-0.7988227,-0.06758087
STOP,0.0,0.0,0.0,-0.18581668,-0.23519029,0.046344884,-0.25337213,-0.47129893,0.063116446,-0.29652533,-0.6491412,0.044138115,-0.33603057,-0.80847555,0.029737819,-0.033342402,-0.68128294,0.17899327,-0.07766383,-0.9230587,0.12857914,-0.21196757,-0.904139,0.0750719,-0.2881461,-0.8091286,0.048711598,0.024026897,-0.690396,0.11741658,-0.032735076,-0.99946404,0.06065616,-0.20249532,-0.9515972,0.006160974,-0.2825796,-0.8325904,-0.012963203,0.07200476,-0.67742425,0.040507074,0.016648278,-0.98605037,-0.01342398,-0.16534606,-0.9496272,-0.04791556,-0.25751626,-0.83254844,-0.052394815,0.095088355,-0.6438463,-0.036085524,0.0037416753,-0.88747936,-0.06414652,-0.13687646,-0.8992726,-0.07180811,-0.21936023,-0.82565236,-0.06653708
STOP,0.0,0.0,0.0,-0.1741921,-0.23638742,0.037112262,-0.23734632,-0.47175094,0.0503752,-0.28250808,-0.64380443,0.031228803,-0.3218902,-0.7946567,0.018864697,-0.007320403,-0.6813856,0.1656192,-0.029451516,-0.922129,0.115194626,-0.16416016,-0.9082916,0.06425906,-0.24607408,-0.8131694,0.040652514,0.048646424,-0.68807495,0.110445224,0.014952367,-0.99988824,0.06017571,-0.14985238,-0.9587156,0.01424911,-0.23371163,-0.8476813,0.00045906,0.0953814,-0.6699362,0.039518647,0.044483863,-0.978331,-0.009624158,-0.13248606,-0.94372934,-0.035563167,-0.22681779,-0.8339034,-0.03478055,0.112188004,-0.6290741,-0.032087307,0.02029532,-0.87484676,-0.05628578,-0.11763587,-0.88660085,-0.05803634,-0.20109478,-0.8184626,-0.048459694
STOP,0.0,0.0,0.0,-0.1851465,-0.2340416,0.032441378,-0.25279167,-0.46572337,0.041113034,-0.29927042,-0.6407555,0.01706323,-0.33907127,-0.79862374,-0.001399274,-0.030937904,-0.68012494,0.15702301,-0.071925454,-0.92209476,0.09994308,-0.20669754,-0.8986849,0.04439375,-0.28388286,-0.7987106,0.017608505,0.02689457,-0.6886815,0.101532646,-0.025708448,-0.9996695,0.04027372,-0.19450754,-0.9430655,-0.012012312,-0.2734854,-0.8219217,-0.028627204,0.07583352,-0.6735213,0.030288227,0.018050224,-0.98429334,-0.029615795,-0.16229022,-0.93515354,-0.059915923,-0.25187045,-0.8118205,-0.059531637,0.09570972,-0.6355641,-0.04150839,0.0018807754,-0.8827057,-0.07436861,-0.13943839,-0.88783365,-0.08003564,-0.22176854,-0.8100489,-0.07162719
STOP,0.0,0.0,0.0,-0.1865648,-0.23414901,0.029504502,-0.25241694,-0.46885905,0.036813803,-0.294592,-0.6477819,0.012800491,-0.33240986,-0.79973775,-0.005122376,-0.026248971,-0.67464924,0.14567226,-0.068389505,-0.9203678,0.088328,-0.20372835,-0.8891509,0.034470357,-0.27285004,-0.7855108,0.008579899,0.031570587,-0.6835854,0.092068784,-0.024814684,-0.9996921,0.028625568,-0.19486354,-0.9314502,-0.021773295,-0.26657856,-0.8062818,-0.03620807,0.08308238,-0.6719429,0.023417048,0.023440767,-0.9952978,-0.036943823,-0.15516914,-0.93687826,-0.0627272,-0.23649836,-0.8103149,-0.059012525,0.10559383,-0.63591933,-0.045912586,0.0071933134,-0.8922199,-0.07812931,-0.13370672,-0.888804,-0.07961358,-0.20798127,-0.8045118,-0.06785795
STOP,0.0,0.0,0.0,-0.17960346,-0.22675297,0.02886391,-0.2536268,-0.46236512,0.03787914,-0.3007179,-0.6421563,0.015115618,-0.33134714,-0.7994031,-0.0005085829,-0.033115152,-0.673299,0.15462184,-0.0651092,-0.92140865,0.09657529,-0.20182282,-0.8991745,0.04223931,-0.27525735,-0.7995398,0.017090544,0.022767343,-0.6832859,0.101331316,-0.018349908,-0.9998317,0.040838227,-0.18752527,-0.9444084,-0.007641895,-0.26081875,-0.8264521,-0.020946162,0.07478157,-0.6710632,0.03154033,0.033009283,-0.99123436,-0.027826117,-0.14736514,-0.9403299,-0.05433716,-0.23253164,-0.81868804,-0.050698064,0.10173568,-0.63539034,-0.03923171,0.018079022,-0.8948107,-0.07038983,-0.12378766,-0.8943082,-0.072270945,-0.20159452,-0.8104801,-0.06083364
STOP,0.0,0.0,0.0,-0.18580359,-0.22469267,0.030908437,-0.26110128,-0.45415032,0.03904725,-0.3111787,-0.63617516,0.015719967,-0.35199827,-0.79570866,0.00027962078,-0.03823313,-0.6730864,0.15785357,-0.067571215,-0.9229452,0.103840075,-0.19843657,-0.9080971,0.05200274,-0.27564898,-0.8166453,0.028724922,0.019256497,-0.6806995,0.104738474,-0.021077942,-0.9997778,0.05080524,-0.18160568,-0.95656604,0.0058432603,-0.2579591,-0.84868336,-0.006315289,0.06787079,-0.66649884,0.035224974,0.018634094,-0.97822446,-0.017392943,-0.15483446,-0.9398483,-0.04225151,-0.24185537,-0.83032405,-0.03946634,0.087266184,-0.6320393,-0.0353668,-0.002381901,-0.8811443,-0.061156414,-0.1414153,-0.8871425,-0.062347494,-0.22143573,-0.81365055,-0.051674098
STOP,0.0,0.0,0.0,-0.1882694,-0.23492417,0.037816554,-0.2602398,-0.46424627,0.052174855,-0.30734614,-0.6447374,0.032032058,-0.34273794,-0.80868226,0.01724757,-0.046073433,-0.67141116,0.17510612,-0.08396966,-0.92062664,0.12221925,-0.2076406,-0.903114,0.067210674,-0.2787813,-0.811766,0.04025986,0.013523287,-0.6847417,0.11843286,-0.036658693,-0.99932784,0.05802433,-0.19476034,-0.9493623,6.687362e-05,-0.2713143,-0.83086824,-0.020774083,0.06747986,-0.6763413,0.0456939,0.01719792,-0.9933406,-0.0125035485,-0.15701611,-0.94962066,-0.04915179,-0.24744348,-0.8291835,-0.053500757,0.09859642,-0.64608306,-0.027203199,0.012169787,-0.89455605,-0.058334835,-0.12756981,-0.90677863,-0.067752525,-0.21251763,-0.8356463,-0.062759206
STOP,0.0,0.0,0.0,-0.18206309,-0.2287584,0.027349021,-0.25549018,-0.45502952,0.0336342,-0.30763465,-0.63465786,0.00856699,-0.35196453,-0.7981137,-0.009644929,-0.03201445,-0.6750519,0.15451753,-0.061509196,-0.922271,0.098657414,-0.18832101,-0.91289073,0.043668985,-0.26657504,-0.8250637,0.01724969,0.02600957,-0.6853887,0.10140583,-0.011420698,-0.9999348,0.047250338,-0.16787596,-0.96639854,-0.0010187706,-0.25071967,-0.8630549,-0.017805533,0.07747781,-0.67032653,0.031392302,0.03418337,-0.99248004,-0.022874443,-0.1386863,-0.9625615,-0.049060214,-0.23290442,-0.8571405,-0.04869094,0.10070211,-0.63077825,-0.04020657,0.01130729,-0.8863182,-0.07062085,-0.12933257,-0.89975137,-0.07473763,-0.2159566,-0.8322745,-0.066755645
STOP,0.0,0.0,0.0,-0.18987185,-0.21506259,0.018116763,-0.26988152,-0.44836727,0.020600198,-0.31953955,-0.6315988,-0.005793382,-0.35265782,-0.7956549,-0.02463987,-0.05442107,-0.6736231,0.13378724,-0.09403303,-0.92107993,0.07099958,-0.22622104,-0.89550585,0.014931315,-0.29578054,-0.79633945,-0.012172934,0.009603342,-0.68586046,0.084777355,-0.042090632,-0.99911374,0.017973479,-0.20753932,-0.94343054,-0.03239779,-0.27922186,-0.8236384,-0.047202043,0.06370372,-0.6725764,0.019285828,0.008829651,-0.98152375,-0.043618284,-0.16862656,-0.93577564,-0.07263095,-0.2546445,-0.8170154,-0.071464494,0.09061476,-0.63222027,-0.048047658,0.0011606851,-0.87378824,-0.084400535,-0.14150263,-0.8860277,-0.09308041,-0.22484508,-0.81775147,-0.086767934
STOP,0.0,0.0,0.0,-0.17523412,-0.23753573,0.041177716,-0.2348658,-0.47026435,0.05713717,-0.27853698,-0.650839,0.039180085,-0.31091216,-0.8101258,0.027524143,0.004764773,-0.6709368,0.17693633,-0.032126583,-0.9269807,0.12945913,-0.16846023,-0.9123587,0.080320954,-0.24507543,-0.81735986,0.05818584,0.06314945,-0.6800016,0.12050255,0.008116713,-0.9999671,0.072027735,-0.15803865,-0.95608485,0.024417564,-0.23502436,-0.8450577,0.008948242,0.110075854,-0.66846323,0.04806648,0.047260445,-0.98645747,-0.0017631652,-0.13171765,-0.9480046,-0.0308771,-0.22080599,-0.83575225,-0.032123975,0.12416029,-0.6371715,-0.024369918,0.023125088,-0.8893493,-0.05105209,-0.11855968,-0.8950821,-0.055365477,-0.1994616,-0.8210538,-0.04721115
STOP,0.0,0.0,0.0,-0.1888127,-0.21726444,0.013955958,-0.2682923,-0.44262522,0.010411886,-0.31855914,-0.62363654,-0.021375861,-0.3482513,-0.7899674,-0.045334656,-0.03982743,-0.6695448,0.12501289,-0.08373043,-0.92268455,0.059740894,-0.21697493,-0.9015994,0.0040004975,-0.2840159,-0.79402786,-0.021393908,0.01794277,-0.67977726,0.078366965,-0.042908262,-0.99907905,0.011386645,-0.21236354,-0.93418384,-0.033784106,-0.27627105,-0.8068567,-0.04411804,0.06876023,-0.67122567,0.0151242055,0.0026555406,-0.99726737,-0.051956717,-0.17504168,-0.9351536,-0.072133705,-0.24679226,-0.7988565,-0.062585406,0.09125247,-0.64074355,-0.049961504,-0.011729809,-0.90120727,-0.089060895,-0.15067643,-0.8944173,-0.08951624,-0.21794695,-0.8005009,-0.074932314
STOP,0.0,0.0,0.0,-0.181316,-0.21951345,0.03049659,-0.2492968,-0.4497272,0.041178964,-0.29360345,-0.63007104,0.02093713,-0.33013728,-0.7892919,0.007964254,-0.024474062,-0.66622007,0.15194799,-0.050852012,-0.9209441,0.09929915,-0.18599005,-0.9029724,0.052727606,-0.25702158,-0.7993621,0.0339213,0.035654843,-0.67710775,0.10079106,-0.0026672918,-0.9999964,0.0492591,-0.17093347,-0.9483454,0.010520292,-0.24235602,-0.8319853,0.0035182023,0.08732828,-0.66643476,0.03359804,0.0349381,-0.9872382,-0.02201724,-0.14485867,-0.9373454,-0.043047067,-0.22497332,-0.81719583,-0.035861205,0.10879842,-0.6328939,-0.034109864,0.008241698,-0.8885828,-0.06516502,-0.13546118,-0.8840696,-0.06511661,-0.21062955,-0.7983344,-0.0516498
STOP,0.0,0.0,0.0,-0.1895676,-0.21533929,0.020339204,-0.26940298,-0.44702962,0.02510698,-0.31904736,-0.6245184,-0.00057354395,-0.34936714,-0.7879768,-0.019355876,-0.054524258,-0.6676931,0.13972513,-0.08954753,-0.9222974,0.07579205,-0.21966654,-0.89454716,0.0195738,-0.28690863,-0.7894899,-0.006214721,0.0086998455,-0.6797281,0.08997577,-0.041297935,-0.99914694,0.01975358,-0.20565562,-0.9391485,-0.032110706,-0.27411652,-0.8119939,-0.045764547,0.065686114,-0.67132735,0.023527091,0.010053527,-0.99622655,-0.046315644,-0.16782741,-0.940314,-0.07564193,-0.2494416,-0.80975336,-0.07106782,0.09759732,-0.639118,-0.0439874,0.0030046126,-0.8981146,-0.085700005,-0.14146914,-0.90022606,-0.09269883,-0.2224917,-0.81757593,-0.082736075
STOP,0.0,0.0,0.0,-0.18594158,-0.2191797,0.03533233,-0.25561267,-0.4520669,0.04753261,-0.30321184,-0.6316487,0.02750616,-0.34474754,-0.7896284,0.014533515,-0.021386534,-0.66970724,0.15660419,-0.057700504,-0.9281151,0.10407846,-0.19323348,-0.9133785,0.055463504,-0.26863873,-0.8143339,0.03411362,0.039312426,-0.6803652,0.10144698,-0.013517503,-0.99990857,0.04840761,-0.17906901,-0.95277244,0.005694526,-0.2524759,-0.8358278,-0.0052656485,0.086990006,-0.6672087,0.030455546,0.022274096,-0.98098904,-0.022593718,-0.15630317,-0.93630207,-0.04643776,-0.24078164,-0.8190093,-0.04348091,0.102491096,-0.630415,-0.041166864,0.0004784743,-0.875792,-0.071476996,-0.14357111,-0.8791647,-0.075023554,-0.2236519,-0.80328315,-0.06555209
STOP,0.0,0.0,0.0,-0.18665619,-0.21715035,0.020656707,-0.26771447,-0.44613138,0.02360654,-0.32203352,-0.6230294,-0.004325027,-0.35195944,-0.7849294,-0.025078876,-0.042932827,-0.6690661,0.14044371,-0.08393568,-0.92230624,0.07606973,-0.21786146,-0.89365,0.019190345,-0.28703654,-0.7897626,-0.0071873977,0.016456371,-0.68048704,0.08975053,-0.039840676,-0.99920607,0.01902526,-0.20754303,-0.9334056,-0.032776557,-0.2762318,-0.8061258,-0.046202444,0.069995314,-0.67208546,0.022348812,0.0078053055,-0.9924586,-0.046832036,-0.17168024,-0.9297078,-0.07525073,-0.25165415,-0.79703385,-0.07010543,0.098038055,-0.6390014,-0.046261024,-0.0008805627,-0.89522403,-0.086045176,-0.14504543,-0.89007676,-0.09134568,-0.22282933,-0.80109584,-0.080229126
STOP,0.0,0.0,0.0,-0.19282521,-0.21792816,0.03386674,-0.26642615,-0.4503757,0.04651721,-0.31277108,-0.63272506,0.026153242,-0.35354352,-0.7962156,0.012596846,-0.040516105,-0.6684257,0.16220923,-0.07496914,-0.9215738,0.108219296,-0.2054304,-0.90187055,0.05849441,-0.27592513,-0.8025246,0.03646178,0.022122638,-0.6808126,0.10688787,-0.02919649,-0.99957377,0.04851691,-0.19275878,-0.9444659,0.0028177293,-0.26364815,-0.8245873,-0.00822984,0.07431985,-0.67015,0.03499555,0.015000971,-0.9877905,-0.024797084,-0.1620921,-0.9372704,-0.051334146,-0.24556775,-0.8167455,-0.047705445,0.09756903,-0.63640845,-0.037411835,-0.0025644961,-0.8840125,-0.073013626,-0.14684978,-0.8864079,-0.07907279,-0.22757256,-0.81081194,-0.07008772
STOP,0.0,0.0,0.0,-0.19023284,-0.21568392,0.034718413,-0.26432765,-0.44965664,0.050685987,-0.3142251,-0.6308777,0.033398766,-0.35528818,-0.79531145,0.022031862,-0.04519872,-0.6632948,0.16923898,-0.08247118,-0.91454035,0.11945347,-0.212277,-0.89217174,0.07061565,-0.28257176,-0.793906,0.048400063,0.016600486,-0.6784089,0.114971995,-0.032458164,-0.9994731,0.058942627,-0.19592643,-0.9474737,0.010253356,-0.26998818,-0.8271988,-0.0032060214,0.07025823,-0.67080176,0.044377916,0.017068341,-0.99343216,-0.014016168,-0.16200207,-0.9420855,-0.044610284,-0.24996938,-0.8193039,-0.043851316,0.09649838,-0.6407887,-0.026415566,-0.0011011687,-0.89364773,-0.060995527,-0.14796486,-0.890828,-0.06834481,-0.233122,-0.808495,-0.060611125
STOP,0.0,0.0,0.0,-0.1888578,-0.21585877,0.031579684,-0.25866127,-0.4477711,0.04235505,-0.30364323,-0.62641996,0.020835849,-0.33905494,-0.78647614,0.0071732188,-0.032890357,-0.6619371,0.15515137,-0.058340997,-0.9232366,0.09952299,-0.190908,-0.90375215,0.050199565,-0.26257524,-0.8016074,0.02898909,0.025943479,-0.6741954,0.10093468,-0.010305635,-0.9999469,0.042791482,-0.17648938,-0.9491472,-0.00078183186,-0.2478227,-0.8294208,-0.010584557,0.07536819,-0.662937,0.030088278,0.030693227,-0.98327816,-0.02700767,-0.14872597,-0.93700427,-0.052263908,-0.23280472,-0.816351,-0.048857935,0.0965293,-0.6294708,-0.041788425,0.012177646,-0.87525475,-0.07377181,-0.13370036,-0.87997735,-0.07918183,-0.21559948,-0.8041782,-0.070834145
STOP,0.0,0.0,0.0,-0.19239445,-0.20563136,0.017501594,-0.27428406,-0.43633178,0.016859764,-0.32725295,-0.6171925,-0.013559168,-0.36161482,-0.7815684,-0.03560414,-0.057982594,-0.66248345,0.12798975,-0.087973,-0.92372274,0.061221797,-0.22591056,-0.89811426,0.007275251,-0.2936176,-0.7882548,-0.016017491,-0.00019294381,-0.6716914,0.078018956,-0.037440926,-0.9992989,0.00990288,-0.20933644,-0.94283676,-0.034583565,-0.2764346,-0.8211547,-0.04393207,0.05011939,-0.6587697,0.010993075,0.0042870445,-0.9825285,-0.055291414,-0.18022425,-0.92917913,-0.08024953,-0.2595937,-0.8028127,-0.07466978,0.07374443,-0.6249413,-0.057672847,-0.013783274,-0.87742245,-0.09569898,-0.16005032,-0.8756395,-0.10125965,-0.2348805,-0.79079837,-0.09176048
STOP,0.0,0.0,0.0,-0.18430738,-0.21433838,0.031724624,-0.25846183,-0.451122,0.040100414,-0.3067943,-0.62947005,0.017112385,-0.34834883,-0.7904764,0.00020958186,-0.039924543,-0.6665131,0.14488262,-0.077160664,-0.9220513,0.08408094,-0.21104847,-0.90358675,0.031113096,-0.28784,-0.80737877,0.007908464,0.02257985,-0.67620033,0.089981325,-0.024540877,-0.9996988,0.026297435,-0.19074757,-0.95031923,-0.02216437,-0.26948568,-0.8341431,-0.035452038,0.074576125,-0.66383964,0.019457607,0.022642514,-0.988113,-0.04255037,-0.15737605,-0.94553965,-0.07178245,-0.24982423,-0.83084536,-0.07078212,0.09822081,-0.6295332,-0.051252875,0.0037907702,-0.8757478,-0.0872688,-0.13751619,-0.88411707,-0.09536242,-0.21967967,-0.81842506,-0.08867516
STOP,0.0,0.0,0.0,-0.1874788,-0.21722345,0.02517244,-0.26489174,-0.44846022,0.031358615,-0.3157872,-0.6295545,0.0064141317,-0.3544189,-0.79653335,-0.012006682,-0.05399474,-0.66112006,0.14334907,-0.08860022,-0.9162227,0.08029209,-0.21909866,-0.8968637,0.023969244,-0.29291973,-0.79704547,-0.0022296866,0.0073031033,-0.67603254,0.0906507,-0.0352883,-0.99937725,0.023827564,-0.19902492,-0.95191246,-0.028250307,-0.27710837,-0.8322175,-0.044300035,0.061727088,-0.66750634,0.021360835,0.015823817,-0.99209154,-0.04334773,-0.16336939,-0.9482401,-0.07494009,-0.2554561,-0.8283554,-0.07535917,0.09133826,-0.634136,-0.0489803,0.0014665361,-0.881306,-0.08729242,-0.14290439,-0.891441,-0.09771766,-0.22932117,-0.8225167,-0.09293007
STOP,0.0,0.0,0.0,-0.18666565,-0.22167741,0.026797146,-0.2587506,-0.4472565,0.032712813,-0.3083737,-0.6246026,0.0072751944,-0.3420705,-0.7841715,-0.01007911,-0.036643382,-0.67221445,0.15009545,-0.069672406,-0.92395514,0.091399774,-0.2039704,-0.90109205,0.03861328,-0.27445304,-0.79654574,0.01512256,0.023740077,-0.68245155,0.09767922,-0.018913506,-0.9998211,0.040148962,-0.18429916,-0.9495826,-0.0047513642,-0.2554699,-0.8305718,-0.016832987,0.07577813,-0.6677805,0.02828812,0.025109643,-0.9816759,-0.027801225,-0.15355088,-0.94035107,-0.05232341,-0.23777506,-0.823262,-0.049266715,0.09764469,-0.6290949,-0.04262489,0.003978869,-0.87386537,-0.07270765,-0.1391512,-0.87970585,-0.076018326,-0.21876964,-0.80389845,-0.066521384
STOP,0.0,0.0,0.0,-0.19086583,-0.20466018,0.01232411,-0.27224764,-0.43733802,0.010557753,-0.32465625,-0.62191373,-0.01968409,-0.36477938,-0.7893432,-0.041553807,-0.06783948,-0.6741362,0.12852845,-0.10004579,-0.92162603,0.062301837,-0.22906254,-0.89915085,0.0069726696,-0.29623517,-0.7977773,-0.017681247,-0.006689528,-0.6861409,0.08204554,-0.047070857,-0.99889153,0.01411548,-0.20829965,-0.9430042,-0.031262934,-0.27703413,-0.8268992,-0.041163765,0.050889306,-0.67489344,0.01797304,0.0007084894,-0.98506,-0.048348207,-0.17604655,-0.9337123,-0.07315842,-0.258903,-0.8124259,-0.067163,0.087020904,-0.6396556,-0.04832375,-0.009904062,-0.8774541,-0.085672475,-0.15203714,-0.88132215,-0.091460094,-0.22946937,-0.8061879,-0.08182928
STOP,0.0,0.0,0.0,-0.18763565,-0.2242348,0.033998616,-0.26046,-0.45901832,0.047182776,-0.30944043,-0.63745135,0.028270895,-0.35206813,-0.79305774,0.015787214,-0.044697605,-0.6744525,0.16125868,-0.079075254,-0.92286026,0.108757384,-0.20924097,-0.90123016,0.05807195,-0.28135997,-0.80559427,0.034670383,0.017034225,-0.6834231,0.10695804,-0.029510299,-0.99956447,0.052425634,-0.1888824,-0.9491898,0.0048748734,-0.26233673,-0.8369458,-0.009703951,0.07174349,-0.6700793,0.036543947,0.019009825,-0.9885332,-0.018684838,-0.15588002,-0.9476893,-0.04730145,-0.2437886,-0.8362292,-0.04733814,0.09861171,-0.6335187,-0.03434774,-0.00086702814,-0.8805863,-0.06519112,-0.1440213,-0.88755035,-0.07114326,-0.2270363,-0.8180328,-0.06389923
STOP,0.0,0.0,0.0,-0.18988869,-0.21166565,0.024242308,-0.26733175,-0.44648138,0.030445643,-0.31836733,-0.6279076,0.0058697215,-0.36247388,-0.78990126,-0.0115839355,-0.04985077,-0.669117,0.14316663,-0.08863787,-0.9212829,0.08200822,-0.22174372,-0.89545053,0.02753433,-0.2929759,-0.79521346,0.0025851263,0.0114539005,-0.6797752,0.091315955,-0.038833953,-0.9992457,0.026096743,-0.20582606,-0.9425852,-0.022956597,-0.28017697,-0.8217903,-0.036142956,0.06402738,-0.6689142,0.022928983,0.011071548,-0.9857031,-0.040929854,-0.17017281,-0.9353482,-0.06929257,-0.2582599,-0.8141587,-0.06665637,0.0892152,-0.6356531,-0.046596106,-0.0028253458,-0.882538,-0.08284345,-0.14803973,-0.8833181,-0.08927086,-0.2314508,-0.80539906,-0.08099537
STOP,0.0,0.0,0.0,-0.18692121,-0.21998434,0.025219178,-0.26462555,-0.44526687,0.032062683,-0.31827518,-0.6202108,0.007695184,-0.35047087,-0.7843548,-0.008780502,-0.047240652,-0.67739683,0.15777841,-0.08121899,-0.9200302,0.09973243,-0.2135849,-0.9025231,0.04506411,-0.28730166,-0.80716133,0.019636078,0.013726189,-0.6880818,0.106076755,-0.02666006,-0.9996445,0.047669776,-0.18997061,-0.9566459,-0.0007836145,-0.2666981,-0.8443076,-0.0151281515,0.06807986,-0.6742119,0.036808934,0.022793094,-0.98659414,-0.0202954,-0.15468666,-0.95134354,-0.047501646,-0.24535587,-0.83985704,-0.045935556,0.09505839,-0.6360756,-0.034268323,0.0039426913,-0.87824166,-0.06627337,-0.1392324,-0.88831455,-0.07205963,-0.22415935,-0.8194768,-0.06399425
STOP,0.0,0.0,0.0,-0.18644017,-0.21841154,0.023469783,-0.26392314,-0.44916493,0.029159486,-0.31672734,-0.6291342,0.0033302375,-0.36133355,-0.79651505,-0.015450417,-0.05712188,-0.67767304,0.15544035,-0.09140939,-0.91876507,0.09465233,-0.21869822,-0.9008932,0.037523665,-0.29326016,-0.81098205,0.010062716,0.0041231588,-0.68803614,0.10206982,-0.037136044,-0.99931026,0.035892315,-0.19823118,-0.9541559,-0.018523527,-0.27836573,-0.8412752,-0.03566546,0.059529133,-0.6755114,0.03098252,0.015426797,-0.9853267,-0.033890706,-0.16138962,-0.9484113,-0.06827384,-0.25514036,-0.8376736,-0.06986561,0.09067542,-0.6402552,-0.041568395,0.00068279024,-0.8822013,-0.07895303,-0.13977672,-0.8899657,-0.08948603,-0.22336578,-0.8200688,-0.0844287
STOP,0.0,0.0,0.0,-0.18932806,-0.22426333,0.03045216,-0.26769012,-0.45140865,0.038376,-0.31951082,-0.6284167,0.0139807975,-0.3545771,-0.7919903,-0.0041861553,-0.044575553,-0.68204933,0.1586163,-0.08850889,-0.92040414,0.101257846,-0.21922942,-0.8929699,0.04465397,-0.2946372,-0.79669523,0.016516231,0.01787085,-0.69270766,0.10303745,-0.03660931,-0.9993297,0.043152444,-0.20024633,-0.94838053,-0.010136033,-0.28034106,-0.8314532,-0.02929579,0.06938471,-0.67792445,0.030834546,0.017511878,-0.99053097,-0.02766534,-0.16167912,-0.9491115,-0.059318084,-0.25635532,-0.83431876,-0.062047604,0.09070736,-0.63775456,-0.042393535,0.0002297492,-0.88042706,-0.07640655,-0.14315508,-0.8855366,-0.08503228,-0.23093656,-0.8144203,-0.07991723
STOP,0.0,0.0,0.0,-0.19160351,-0.21339957,0.028194265,-0.27149668,-0.44052526,0.034395274,-0.32444376,-0.6236123,0.0081151975,-0.36733264,-0.79424375,-0.011975845,-0.045942318,-0.66586554,0.15516934,-0.09042287,-0.9129392,0.09587568,-0.22298323,-0.8897492,0.040716227,-0.29536596,-0.79301906,0.014823892,0.016884714,-0.6801227,0.10059542,-0.03937214,-0.99922466,0.036372125,-0.20767029,-0.94262826,-0.014650596,-0.28315508,-0.8207474,-0.029578682,0.067930736,-0.671065,0.029111998,0.01071918,-0.9912407,-0.034531217,-0.17248103,-0.9388963,-0.06437151,-0.2612946,-0.8146453,-0.06289476,0.08951299,-0.63975614,-0.04328041,-0.0048722853,-0.88798743,-0.080303445,-0.1494975,-0.8864062,-0.0880418,-0.23198855,-0.80551136,-0.080626465
STOP,0.0,0.0,0.0,-0.19074164,-0.21049011,0.025341943,-0.2714296,-0.43766588,0.031261217,-0.3243745,-0.6197794,0.005166057,-0.363154,-0.78996754,-0.014084645,-0.046966236,-0.66424304,0.15481703,-0.08528757,-0.9129681,0.09589539,-0.21629189,-0.88857305,0.041735537,-0.28834823,-0.79126245,0.016831268,0.016056797,-0.67793936,0.101973094,-0.032413337,-0.9994745,0.038233034,-0.19860132,-0.94335073,-0.011136936,-0.27376878,-0.82334495,-0.024397999,0.06833673,-0.6693106,0.03179554,0.016266648,-0.9925552,-0.032436535,-0.16586077,-0.9383455,-0.060992654,-0.25478172,-0.81417376,-0.057921413,0.09192966,-0.63870823,-0.039557606,0.00070372206,-0.89058566,-0.07702955,-0.14597662,-0.88555014,-0.08385345,-0.23084387,-0.8017134,-0.07537552
STOP,0.0,0.0,0.0,-0.19140217,-0.20972463,0.027079761,-0.27015612,-0.4391804,0.03409591,-0.3245082,-0.6210949,0.00904625,-0.36461002,-0.7886814,-0.009282024,-0.04431926,-0.66372067,0.15466805,-0.08447907,-0.9108776,0.096528806,-0.21632838,-0.89321923,0.043783348,-0.2891682,-0.7970441,0.020012105,0.018516673,-0.6786795,0.101052925,-0.034284938,-0.9994121,0.040091876,-0.19905046,-0.94653505,-0.0058507975,-0.27316782,-0.82840663,-0.017116731,0.070912674,-0.6689933,0.030172786,0.010211786,-0.9879239,-0.031695858,-0.16976997,-0.93647486,-0.057873644,-0.2569329,-0.81504977,-0.05382457,0.09387005,-0.6355775,-0.041894317,-0.004608127,-0.8842305,-0.07797818,-0.1502007,-0.8834564,-0.083785444,-0.23389427,-0.80470794,-0.0749037
STOP,0.0,0.0,0.0,-0.19041778,-0.21279699,0.024877196,-0.2704938,-0.43773347,0.031410687,-0.32385918,-0.6191396,0.006334605,-0.35649252,-0.7880781,-0.01168188,-0.048112765,-0.6608497,0.15535137,-0.08915673,-0.91044843,0.09662492,-0.21882756,-0.88522947,0.042329345,-0.28759092,-0.782705,0.017492576,0.0150760515,-0.6788201,0.103648104,-0.035834666,-0.9993577,0.04032516,-0.20039241,-0.94258237,-0.009510532,-0.27287006,-0.8172437,-0.022957738,0.06750696,-0.6731639,0.03462663,0.013145298,-0.99226767,-0.028584218,-0.16698083,-0.9389052,-0.058045372,-0.2536002,-0.81248313,-0.055540595,0.090732,-0.6436588,-0.03562057,-0.00092532765,-0.890513,-0.07231242,-0.14612015,-0.8916926,-0.08013405,-0.23040873,-0.8116277,-0.072285786
STOP,0.0,0.0,0.0,-0.19385247,-0.21062249,0.026585061,-0.27302584,-0.44046134,0.034920007,-0.32558587,-0.62199974,0.011643211,-0.36160052,-0.791274,-0.004729335,-0.050747175,-0.6576488,0.15410434,-0.09101875,-0.90828085,0.09698796,-0.22218938,-0.8883128,0.04430242,-0.29319176,-0.79088706,0.020373058,0.012592188,-0.67600036,0.10152066,-0.034955908,-0.9993889,0.04093067,-0.19986491,-0.9480962,-0.0067971763,-0.2734972,-0.82959175,-0.019624943,0.06583437,-0.669156,0.031909976,0.014128378,-0.9957439,-0.030082949,-0.16740401,-0.9464446,-0.05814947,-0.25486672,-0.8252767,-0.055383638,0.088872045,-0.6383891,-0.038699124,-0.001523413,-0.89370483,-0.075378634,-0.14972126,-0.8968449,-0.08229843,-0.23573264,-0.8184431,-0.07419393
STOP,0.0,0.0,0.0,-0.19700302,-0.20751223,0.024297211,-0.2805676,-0.43836516,0.032618657,-0.3322163,-0.62467426,0.009766308,-0.36585236,-0.79236656,-0.005909926,-0.06687707,-0.66367835,0.15364894,-0.10461197,-0.91364187,0.095144525,-0.23393644,-0.88726264,0.041264102,-0.30386832,-0.7861149,0.016426127,-0.00248738,-0.68109167,0.102424525,-0.050473448,-0.9987254,0.038884554,-0.21462733,-0.9423913,-0.011577244,-0.28850162,-0.82059246,-0.025589561,0.05299394,-0.6744219,0.03397106,0.004128167,-0.9931633,-0.029631898,-0.17569968,-0.94238,-0.060304984,-0.26408985,-0.82048714,-0.05889608,0.08016876,-0.6423224,-0.035619155,-0.01000997,-0.8900377,-0.07301386,-0.15679334,-0.8927428,-0.081628926,-0.24185757,-0.81621546,-0.074573025
STOP,0.0,0.0,0.0,-0.18996504,-0.21523023,0.033109676,-0.26656362,-0.44534746,0.04493502,-0.32033628,-0.6243124,0.024458945,-0.3607848,-0.7855332,0.010228086,-0.04402696,-0.6694871,0.16315043,-0.08644589,-0.91540354,0.11048093,-0.21822181,-0.8978524,0.05990497,-0.291565,-0.8023839,0.03694425,0.019459886,-0.68266606,0.108108535,-0.029729884,-0.99955803,0.05447827,-0.19385523,-0.9540046,0.007691688,-0.270632,-0.83941954,-0.006256937,0.07138618,-0.67149055,0.036404535,0.018783482,-0.9886851,-0.018027838,-0.16163439,-0.9508087,-0.04723958,-0.25266573,-0.83853626,-0.048028328,0.089444265,-0.6365463,-0.036062904,-0.007823662,-0.88107026,-0.06746069,-0.15383786,-0.88520515,-0.074807785,-0.2392436,-0.812272,-0.06858605
STOP,0.0,0.0,0.0,-0.18990709,-0.21117702,0.02728602,-0.266291,-0.4408107,0.03253771,-0.3174794,-0.6200382,0.006070258,-0.35955682,-0.78535855,-0.013438868,-0.0463027,-0.66745144,0.14729433,-0.08575879,-0.91903317,0.086804606,-0.21706559,-0.90011585,0.034241125,-0.28657067,-0.8000643,0.011227691,0.016603934,-0.679713,0.09299301,-0.035802677,-0.9993589,0.03037262,-0.20107038,-0.9470355,-0.015671892,-0.27232853,-0.8285318,-0.026875466,0.06897892,-0.66920894,0.02187662,0.009686889,-0.981398,-0.03959121,-0.1689911,-0.9343779,-0.06664961,-0.25264856,-0.8154216,-0.06367533,0.09234615,-0.6367642,-0.050302427,-0.0072907927,-0.8782644,-0.08511591,-0.14817628,-0.8819404,-0.091269694,-0.22435908,-0.8076479,-0.082838945
STOP,0.0,0.0,0.0,-0.19021003,-0.21856193,0.03850639,-0.2624008,-0.45163983,0.049918223,-0.3118828,-0.6355106,0.027619543,-0.35369846,-0.8018038,0.010488221,-0.031001447,-0.6679023,0.1614782,-0.080631,-0.917724,0.10811438,-0.20965584,-0.8973129,0.05630292,-0.28239068,-0.8029858,0.03151776,0.033461403,-0.6813231,0.10224133,-0.032887865,-0.999459,0.045216102,-0.19639722,-0.9481719,-0.0041647614,-0.27168548,-0.8278147,-0.02037912,0.08336083,-0.669423,0.027447632,0.01613556,-0.98718005,-0.028593766,-0.16312076,-0.94074863,-0.057152133,-0.25160813,-0.82263756,-0.057903543,0.10034937,-0.6339406,-0.04755135,-0.0004084725,-0.88009125,-0.080240406,-0.14168598,-0.8867551,-0.087267786,-0.22211319,-0.81621933,-0.081052065
STOP,0.0,0.0,0.0,-0.18860382,-0.22314166,0.030247573,-0.26733476,-0.4506762,0.036168285,-0.32071477,-0.62895554,0.009179541,-0.35755962,-0.7935195,-0.011133676,-0.044347994,-0.6683639,0.15488985,-0.09141578,-0.91647696,0.09394365,-0.22433887,-0.89017427,0.037069324,-0.2949085,-0.7902033,0.0097193485,0.01739586,-0.6800765,0.09846437,-0.04353691,-0.9990518,0.031832553,-0.21103035,-0.9382053,-0.021057835,-0.28256577,-0.81250167,-0.037129715,0.069199994,-0.6690911,0.025508871,0.008104707,-0.98662,-0.037984576,-0.172926,-0.9332832,-0.06755703,-0.25803477,-0.80727553,-0.06594603,0.092029594,-0.63367915,-0.048359722,-0.0045378814,-0.8816549,-0.08395441,-0.1480325,-0.8858125,-0.0906516,-0.22787784,-0.80881464,-0.08277713
STOP,0.0,0.0,0.0,-0.18757479,-0.22002815,0.040248834,-0.258683,-0.45360085,0.05592129,-0.3054401,-0.6375923,0.03690038,-0.34765488,-0.80260974,0.023690037,-0.036804896,-0.664874,0.1736313,-0.07197091,-0.91670454,0.12262146,-0.20205916,-0.897595,0.07201687,-0.274583,-0.8024702,0.04826344,0.025722038,-0.67930377,0.11490396,-0.02212506,-0.99975526,0.05933533,-0.1869659,-0.9518843,0.010488754,-0.2636847,-0.8336651,-0.0045227134,0.078383006,-0.66969997,0.039784532,0.02950308,-0.9892195,-0.014768739,-0.15027066,-0.9469548,-0.044430625,-0.24105392,-0.82998943,-0.045572855,0.10339714,-0.6371871,-0.035759524,0.013664856,-0.8823523,-0.066161685,-0.13104142,-0.89015996,-0.073646694,-0.21589668,-0.8188929,-0.06813643
STOP,0.0,0.0,0.0,-0.19262818,-0.22133702,0.034169648,-0.2703066,-0.4521941,0.045910228,-0.3215888,-0.63527703,0.024298608,-0.36508673,-0.8009549,0.008855993,-0.048089333,-0.6685121,0.17034593,-0.08943828,-0.91052073,0.11802329,-0.21844614,-0.89529383,0.064924255,-0.29342073,-0.80801487,0.039231688,0.014923667,-0.6833533,0.114061214,-0.03792045,-0.99928075,0.05703593,-0.20135146,-0.9513377,0.006764911,-0.280447,-0.8365039,-0.009031344,0.06741002,-0.6740092,0.040972374,0.013838688,-0.99211586,-0.01600242,-0.16482879,-0.9485667,-0.04583067,-0.256988,-0.83214176,-0.046080213,0.09067569,-0.6408408,-0.032936826,-0.0016949889,-0.8886439,-0.06492995,-0.14451726,-0.8952247,-0.07190819,-0.23003678,-0.8223809,-0.065318204
STOP,0.0,0.0,0.0,-0.18479505,-0.22315422,0.03343302,-0.25824615,-0.45157245,0.043655083,-0.30746126,-0.63242,0.020945368,-0.34741256,-0.79162276,0.0047317627,-0.029226203,-0.6665389,0.16064842,-0.06410403,-0.9204829,0.1045796,-0.19841869,-0.9004918,0.051885076,-0.2748552,-0.80143857,0.028122136,0.03195897,-0.6776475,0.1051737,-0.01624409,-0.9998681,0.04667937,-0.18468952,-0.94927263,-0.0019245201,-0.26441357,-0.8304803,-0.01579628,0.08171533,-0.6657183,0.03320108,0.031030482,-0.9846996,-0.025102617,-0.15109113,-0.94108224,-0.054396816,-0.24408878,-0.8247701,-0.053570997,0.1001151,-0.6308766,-0.039324112,0.010724806,-0.8819983,-0.07209851,-0.13304803,-0.88562447,-0.0782266,-0.21800847,-0.8099656,-0.07034038
STOP,0.0,0.0,0.0,-0.19045813,-0.21444559,0.026353283,-0.27360472,-0.43999213,0.03066161,-0.32694578,-0.61760813,0.0030519483,-0.36500043,-0.7824857,-0.017590087,-0.06440506,-0.66837496,0.14559448,-0.09633023,-0.9185508,0.08201474,-0.22751418,-0.8930257,0.026274612,-0.29682449,-0.7900985,0.00074857764,-0.003418873,-0.6789021,0.09139671,-0.044561032,-0.9990067,0.023274764,-0.21029809,-0.9433729,-0.02607144,-0.28222942,-0.8206167,-0.038524397,0.05177825,-0.66778684,0.020435736,0.0048569776,-0.9848517,-0.04638366,-0.1745129,-0.93186855,-0.07450709,-0.25871012,-0.8059504,-0.07039804,0.08399541,-0.6333183,-0.051516164,-0.009621349,-0.8786703,-0.09050498,-0.15422228,-0.87636787,-0.097439274,-0.23353113,-0.7945624,-0.08853278
STOP,0.0,0.0,0.0,-0.18853351,-0.21958664,0.032699134,-0.26416966,-0.45267585,0.045109034,-0.31232932,-0.6303336,0.024583502,-0.34951073,-0.7880508,0.010736873,-0.048259042,-0.66998523,0.16224027,-0.08364488,-0.921527,0.104633234,-0.21854778,-0.8928874,0.05104996,-0.29017165,-0.7903327,0.02678957,0.011936266,-0.68171,0.10698211,-0.03273898,-0.9994639,0.044610035,-0.20138699,-0.9391311,-0.0059448113,-0.27512163,-0.8162516,-0.01962726,0.06502003,-0.67110157,0.034945633,0.016821668,-0.98673373,-0.02716277,-0.16664141,-0.9329717,-0.05831503,-0.2544204,-0.8108806,-0.057043858,0.092031576,-0.63729364,-0.037635908,0.0030858084,-0.88539094,-0.07270267,-0.14275245,-0.8816496,-0.07969097,-0.2246073,-0.80065346,-0.07143539
STOP,0.0,0.0,0.0,-0.19080468,-0.20830856,0.027340515,-0.2664725,-0.44371575,0.037009105,-0.31280234,-0.6282634,0.015393088,-0.35057753,-0.790533,0.0005250397,-0.05791886,-0.6650713,0.15030316,-0.09044461,-0.9158451,0.091672175,-0.22062965,-0.88762397,0.039268028,-0.28827104,-0.78427577,0.015568007,0.0040487014,-0.68001586,0.09802354,-0.037298474,-0.9993042,0.034592107,-0.2016057,-0.9415423,-0.013357812,-0.2732683,-0.81722945,-0.025233904,0.060112752,-0.67110366,0.02917752,0.013503144,-0.9869045,-0.032758728,-0.16551542,-0.93246055,-0.061584305,-0.2501087,-0.8085113,-0.059283163,0.09198307,-0.63783765,-0.040573817,-0.0012670779,-0.87938654,-0.0755938,-0.14488563,-0.8772746,-0.08292836,-0.22350079,-0.7991199,-0.07531993
STOP,0.0,0.0,0.0,-0.18947618,-0.21652243,0.0294144,-0.26680678,-0.44889912,0.03884713,-0.31619588,-0.63043135,0.016754216,-0.3522556,-0.790929,0.001620441,-0.0495319,-0.66802746,0.15420574,-0.08778531,-0.9188024,0.09647931,-0.22023043,-0.89019096,0.043482687,-0.2887071,-0.7900093,0.019237027,0.011452951,-0.68054837,0.10084599,-0.03918586,-0.99923193,0.038181394,-0.20549825,-0.9368078,-0.010948637,-0.27470455,-0.8144932,-0.023982847,0.064220816,-0.6701005,0.031037927,0.013383067,-0.9837001,-0.02900414,-0.16648042,-0.9317354,-0.058461636,-0.2501997,-0.81220615,-0.05708907,0.09002032,-0.6361781,-0.03957816,-0.0018881803,-0.8783387,-0.07200262,-0.14477307,-0.87916124,-0.07863223,-0.22274916,-0.80403864,-0.070851065
STOP,0.0,0.0,0.0,-0.19380252,-0.20978497,0.030791571,-0.27278057,-0.4466504,0.043584626,-0.3191309,-0.6316205,0.023837125,-0.3558112,-0.79427785,0.010647746,-0.057556752,-0.66448283,0.16175415,-0.09324133,-0.9154593,0.10745699,-0.22304635,-0.8861577,0.056872416,-0.28870076,-0.7852677,0.03414055,0.004218279,-0.67990047,0.10841727,-0.043620862,-0.9990482,0.047678966,-0.20925342,-0.93306094,0.00063479756,-0.2775244,-0.8083637,-0.010230374,0.059620686,-0.67297137,0.038390227,0.013738146,-0.994017,-0.022878429,-0.16539739,-0.93180805,-0.050246205,-0.24656034,-0.80390596,-0.04623829,0.09146555,-0.64281493,-0.032274745,0.004516612,-0.89587814,-0.06701019,-0.14138792,-0.88235044,-0.07118764,-0.22045985,-0.7895474,-0.060653903
STOP,0.0,0.0,0.0,-0.19507949,-0.21074617,0.036158133,-0.2701725,-0.4458064,0.051659863,-0.31539252,-0.6314478,0.03346342,-0.35324427,-0.79396206,0.020534953,-0.054367863,-0.6607832,0.166644,-0.09556654,-0.910636,0.11423026,-0.22606392,-0.8805996,0.0639949,-0.29132122,-0.7773341,0.04108728,0.009078462,-0.6786566,0.11060153,-0.04457885,-0.99900585,0.051529523,-0.21166405,-0.9361024,0.0026472495,-0.28211007,-0.8095588,-0.010434556,0.065204866,-0.6733502,0.038412403,0.011866255,-0.9948823,-0.022146448,-0.17005569,-0.9358033,-0.052542765,-0.25387022,-0.8087007,-0.051507734,0.09546106,-0.6445803,-0.033739984,0.00014884955,-0.89555115,-0.06895407,-0.14682202,-0.8847585,-0.07509216,-0.2267852,-0.7957972,-0.06663304
STOP,0.0,0.0,0.0,-0.19505356,-0.2083014,0.028218385,-0.27483025,-0.44240373,0.038064502,-0.32284346,-0.6281591,0.016044127,-0.35507324,-0.7898707,0.0009853883,-0.05591354,-0.66160375,0.15426409,-0.09267919,-0.9144797,0.097782455,-0.22491008,-0.88672763,0.046897806,-0.2917773,-0.7829729,0.02408437,0.008335807,-0.67773956,0.1011566,-0.04342942,-0.9990565,0.039342165,-0.21161582,-0.9387819,-0.0070635965,-0.28186187,-0.8137141,-0.018205179,0.06377364,-0.67121136,0.031211263,0.011258913,-0.99245006,-0.030963438,-0.17114656,-0.93744856,-0.058646075,-0.25555226,-0.81165993,-0.05562874,0.09152658,-0.6414572,-0.03955721,-0.0025711237,-0.8911002,-0.076201186,-0.15147576,-0.88583595,-0.08271567,-0.23395106,-0.80082387,-0.07434826
STOP,0.0,0.0,0.0,-0.18940255,-0.20573282,0.032543473,-0.26934934,-0.4419378,0.04477114,-0.3211003,-0.6237213,0.023977496,-0.35642198,-0.78796905,0.008952627,-0.049572647,-0.65735424,0.15524665,-0.09098554,-0.91377515,0.09914171,-0.2195352,-0.8854419,0.048256584,-0.2858403,-0.7854878,0.02515286,0.013808441,-0.67500865,0.09995829,-0.04450488,-0.99900913,0.036292426,-0.21044904,-0.93263525,-0.012222962,-0.281006,-0.804843,-0.02428135,0.068757355,-0.6702597,0.02886675,0.010961282,-0.99648154,-0.034182716,-0.16818765,-0.9321134,-0.06186452,-0.2518472,-0.8009435,-0.058168814,0.09837775,-0.6410592,-0.042533375,0.008269056,-0.89607394,-0.07886821,-0.13774665,-0.88711876,-0.08382315,-0.2202377,-0.7982182,-0.07406578
STOP,0.0,0.0,0.0,-0.1922921,-0.2052277,0.026753176,-0.27691644,-0.44062236,0.03498776,-0.33031255,-0.6222611,0.011655091,-0.36534634,-0.7863827,-0.004293621,-0.059697777,-0.66580915,0.14984663,-0.09590217,-0.9175204,0.091347866,-0.22771889,-0.88976336,0.039731592,-0.2943204,-0.7892985,0.016454497,0.0035282483,-0.67913324,0.09665941,-0.04757411,-0.99886775,0.03244199,-0.21574014,-0.9367242,-0.013185492,-0.28557286,-0.8134288,-0.023038812,0.05815057,-0.67033803,0.02666933,0.0036181794,-0.9865085,-0.036229394,-0.17567655,-0.9317388,-0.061754633,-0.25901836,-0.80837363,-0.05674286,0.08765397,-0.63789576,-0.04449458,-0.003461817,-0.8869729,-0.08025139,-0.14845954,-0.8846012,-0.08487875,-0.22976817,-0.80245656,-0.07496732
STOP,0.0,0.0,0.0,-0.1976306,-0.19902065,0.028246077,-0.28060406,-0.43977854,0.040345587,-0.32848713,-0.62817115,0.021248395,-0.3646649,-0.79030985,0.008884168,-0.069309935,-0.6629428,0.15146509,-0.106671,-0.9171266,0.09603151,-0.23496175,-0.88698316,0.045180917,-0.30065632,-0.7860577,0.02181763,-0.005677876,-0.680336,0.099495396,-0.056941435,-0.99837756,0.038110718,-0.22043952,-0.9377845,-0.010224215,-0.2906938,-0.81396556,-0.023341337,0.051617455,-0.6747361,0.03138295,-0.00092015695,-0.9911071,-0.029258506,-0.17862177,-0.933433,-0.05834954,-0.26175174,-0.80838615,-0.057056576,0.08609917,-0.6444668,-0.037475113,-0.0039833193,-0.8915038,-0.07194621,-0.14810796,-0.885499,-0.077989414,-0.22722636,-0.8017854,-0.06997773
STOP,0.0,0.0,0.0,-0.19859776,-0.2129634,0.034044966,-0.27784783,-0.44847387,0.04827559,-0.32726142,-0.63117075,0.029594794,-0.364968,-0.79134035,0.017040176,-0.06613568,-0.66640806,0.1651087,-0.10692081,-0.9184747,0.11051243,-0.2353181,-0.8858984,0.057662565,-0.30536696,-0.78371865,0.03326971,-0.0025153996,-0.68213755,0.10997148,-0.055727262,-0.99844605,0.05026448,-0.2170535,-0.9360792,-0.0019115347,-0.2888883,-0.81360066,-0.017942615,0.053271037,-0.6740847,0.03849498,-0.0014696885,-0.9885485,-0.020998186,-0.1802701,-0.9296608,-0.05407596,-0.2665068,-0.80568725,-0.05536401,0.08299215,-0.64140296,-0.03318177,-0.010081673,-0.88724524,-0.06570575,-0.1538133,-0.8812804,-0.07286423,-0.23398998,-0.8003037,-0.065842494
STOP,0.0,0.0,0.0,-0.19261406,-0.2090102,0.033511356,-0.27066556,-0.4501888,0.049101908,-0.31864992,-0.6335731,0.032143403,-0.35753274,-0.7935029,0.021274911,-0.050705705,-0.6657439,0.16197194,-0.09023682,-0.9209555,0.109995395,-0.21943055,-0.8927537,0.06114164,-0.28571966,-0.79201216,0.039192382,0.011971617,-0.6802662,0.10792984,-0.04263828,-0.9990906,0.05003449,-0.2069413,-0.93577164,0.0028817959,-0.27616024,-0.8135301,-0.009579251,0.066624165,-0.672061,0.03759221,0.013154143,-0.9947996,-0.022182258,-0.16704026,-0.93572277,-0.05091569,-0.25054887,-0.81187725,-0.048913218,0.09530737,-0.6408762,-0.032934625,0.0051630386,-0.89833426,-0.06727358,-0.14070682,-0.8908792,-0.07256823,-0.22083187,-0.80540913,-0.06370658
STOP,0.0,0.0,0.0,-0.18980268,-0.21236564,0.031991668,-0.27087587,-0.44822648,0.046564203,-0.32237253,-0.6303138,0.028019816,-0.3601476,-0.7926013,0.016517516,-0.053230893,-0.664025,0.17130475,-0.089901656,-0.91373485,0.11891649,-0.21915048,-0.89027697,0.0670674,-0.28815156,-0.7955844,0.04314223,0.0057528145,-0.6814293,0.11767491,-0.04224195,-0.99910736,0.05905561,-0.20646885,-0.9440648,0.009096176,-0.27944636,-0.8238623,-0.004646981,0.05888487,-0.6756849,0.046890445,0.0082219485,-0.9918937,-0.012090645,-0.17052324,-0.93689436,-0.042047255,-0.25552127,-0.8124441,-0.040193472,0.090082385,-0.6466681,-0.024698183,0.0053303186,-0.9009194,-0.056019217,-0.13954006,-0.89662683,-0.06040061,-0.22235242,-0.8095971,-0.0508368
STOP,0.0,0.0,0.0,-0.19258277,-0.21353932,0.028904006,-0.27234742,-0.4474739,0.042181686,-0.32226127,-0.6304966,0.023759933,-0.35838205,-0.79312783,0.012814936,-0.0677228,-0.66915613,0.16582601,-0.09748086,-0.91512233,0.11306034,-0.22294003,-0.88977695,0.060644154,-0.29256743,-0.79279834,0.035813328,-0.006772698,-0.68672395,0.1138574,-0.042560644,-0.9990939,0.056473866,-0.20149106,-0.9495048,0.0066391616,-0.2773414,-0.8314812,-0.008351376,0.049940586,-0.67997336,0.044632006,0.013987503,-0.9935341,-0.011732981,-0.15973504,-0.95191664,-0.04273507,-0.2485931,-0.8354577,-0.04388399,0.084965706,-0.6480908,-0.025941383,0.0024274806,-0.8900182,-0.057160355,-0.14196508,-0.8946967,-0.06506012,-0.2280076,-0.8203609,-0.059339702
STOP,0.0,0.0,0.0,-0.18797022,-0.21760537,0.03717176,-0.26471296,-0.45248085,0.05463864,-0.312965,-0.63218176,0.038787283,-0.3526473,-0.7950904,0.029172605,-0.06120642,-0.672692,0.17752843,-0.09510261,-0.91322815,0.12954344,-0.21926993,-0.88834375,0.07848312,-0.28850874,-0.79181594,0.053941905,0.0008697496,-0.69030815,0.12208943,-0.036419224,-0.99880475,0.070723206,-0.19312759,-0.9510251,0.021023447,-0.26863834,-0.83239335,0.0042878916,0.05616748,-0.68239564,0.049893323,0.021959804,-0.99975884,-0.0016834629,-0.15227711,-0.9607079,-0.033280008,-0.24274175,-0.8435904,-0.036714736,0.08736776,-0.64911735,-0.02304617,0.0072780866,-0.8931899,-0.052122124,-0.1357989,-0.90004134,-0.06039407,-0.22310211,-0.82737327,-0.055901237
STOP,0.0,0.0,0.0,-0.19069324,-0.21216169,0.027901603,-0.27344617,-0.44067314,0.038461033,-0.32458737,-0.62372744,0.017019782,-0.3597534,-0.78971106,0.0018739281,-0.071419224,-0.6686431,0.16010194,-0.10638877,-0.9103792,0.104953304,-0.23039946,-0.87272394,0.050124183,-0.29869497,-0.7681802,0.023335895,-0.008333844,-0.68591386,0.107531056,-0.05005132,-0.9956763,0.047487922,-0.20652099,-0.938194,-0.0053403424,-0.28220493,-0.81615645,-0.02300912,0.05083927,-0.6788405,0.038202193,0.013236201,-0.99991244,-0.021963274,-0.15996227,-0.95044386,-0.053906914,-0.2504846,-0.8277937,-0.05540506,0.0886512,-0.6457976,-0.03202042,0.0026020012,-0.8949469,-0.06768942,-0.14274372,-0.8934846,-0.07592982,-0.23155195,-0.81337684,-0.06974088
STOP,0.0,0.0,0.0,-0.19713268,-0.20990095,0.034037136,-0.27777976,-0.44547802,0.05104188,-0.3261572,-0.62843823,0.035637356,-0.36146072,-0.7907789,0.025857901,-0.06695518,-0.6624151,0.16879886,-0.10768591,-0.9071444,0.11888381,-0.23455763,-0.8762128,0.06755755,-0.30448493,-0.77440506,0.04311997,-0.0029093593,-0.6825744,0.11532415,-0.050893832,-0.9947856,0.060461875,-0.21021934,-0.94034,0.008763736,-0.28553277,-0.8192585,-0.008736271,0.054797992,-0.677578,0.045485772,0.010850118,-0.9999412,-0.010504789,-0.16512793,-0.9531772,-0.04461414,-0.2553166,-0.8335733,-0.04873187,0.08759005,-0.646671,-0.024623603,-0.00051152584,-0.894166,-0.05821805,-0.14620386,-0.89512694,-0.068277285,-0.23384055,-0.8186148,-0.06417715
STOP,0.0,0.0,0.0,-0.19467017,-0.21404599,0.033197474,-0.27702975,-0.44729173,0.04886687,-0.326754,-0.6282989,0.031976756,-0.3609601,-0.7917721,0.021258108,-0.072241925,-0.6678564,0.17034014,-0.107549064,-0.9092806,0.11956399,-0.2305146,-0.8808303,0.066469155,-0.3015969,-0.78227395,0.040401984,-0.009017812,-0.68710256,0.116425715,-0.05242453,-0.9936908,0.060857248,-0.20797297,-0.94341433,0.007614263,-0.28510022,-0.8235946,-0.0114589725,0.049107265,-0.6812754,0.045861524,0.011496658,-0.99993384,-0.009536648,-0.16051,-0.95802927,-0.043729946,-0.25207603,-0.8394145,-0.04844972,0.08451696,-0.6492114,-0.025396664,0.0016747598,-0.89273345,-0.058160737,-0.14086755,-0.8980792,-0.06836995,-0.2286435,-0.8246233,-0.06476401
STOP,0.0,0.0,0.0,-0.18642217,-0.21640894,0.0331946,-0.2683355,-0.44451123,0.04466309,-0.31993008,-0.6247419,0.023503268,-0.3581655,-0.79144394,0.0075566876,-0.06575467,-0.66245884,0.16026449,-0.10885094,-0.9026673,0.105141595,-0.23320681,-0.8756498,0.050097696,-0.30193883,-0.77821624,0.023088535,-0.0016753095,-0.682909,0.10426222,-0.048387863,-0.9936518,0.044834733,-0.20723064,-0.944598,-0.008022752,-0.28534007,-0.82392764,-0.026812987,0.054990448,-0.67751104,0.03201819,0.014937343,-0.9998884,-0.026618728,-0.1608227,-0.960351,-0.059916943,-0.25388873,-0.84136564,-0.06397663,0.08746518,-0.6456766,-0.040782258,0.0035637452,-0.8909514,-0.076162115,-0.1401408,-0.8976538,-0.086540364,-0.2290922,-0.8255548,-0.083026335
STOP,0.0,0.0,0.0,-0.18773504,-0.2174178,0.033281453,-0.26692817,-0.4452839,0.045680083,-0.31873155,-0.6260538,0.024706468,-0.3564364,-0.7927985,0.010093652,-0.06116704,-0.67144555,0.1697672,-0.09876196,-0.91463107,0.11689076,-0.22479825,-0.8815771,0.06351943,-0.29293033,-0.7772278,0.03786225,0.00065149926,-0.6880252,0.11456972,-0.043632872,-0.9989609,0.056964092,-0.20429799,-0.9432188,0.004884941,-0.28135532,-0.82106864,-0.012302802,0.05778916,-0.68087083,0.042588342,0.01703418,-0.99985486,-0.014357527,-0.16138619,-0.9518125,-0.04631907,-0.25419676,-0.82922244,-0.04839257,0.09306056,-0.648715,-0.030157765,0.004443395,-0.8923361,-0.06287731,-0.14195667,-0.8923377,-0.07140424,-0.2300293,-0.8145121,-0.065953255
STOP,0.0,0.0,0.0,-0.19112472,-0.21092674,0.027426183,-0.27473575,-0.4419096,0.03950196,-0.32745358,-0.62564063,0.020021718,-0.36447817,-0.7892838,0.007988919,-0.07333996,-0.67083305,0.16564232,-0.10385114,-0.9152167,0.11289191,-0.22946142,-0.88314694,0.060010165,-0.2984723,-0.7788997,0.03486568,-0.012492839,-0.688887,0.11468252,-0.045986805,-0.998942,0.05791189,-0.20497148,-0.94701326,0.0075697154,-0.28244734,-0.82629734,-0.008141287,0.045183264,-0.68276393,0.046398167,0.01237357,-0.99895036,-0.010015885,-0.16287474,-0.9557192,-0.041452955,-0.254558,-0.83650166,-0.043090474,0.08271403,-0.6514171,-0.023194624,-0.0005040963,-0.8927475,-0.05539732,-0.14571129,-0.893217,-0.06374733,-0.23343045,-0.8145504,-0.05813456
STOP,0.0,0.0,0.0,-0.19047502,-0.20695572,0.026646132,-0.27436993,-0.44062963,0.03587319,-0.32759666,-0.62186307,0.014425882,-0.3660017,-0.7812819,0.00042893158,-0.06767481,-0.6685861,0.15041997,-0.0996222,-0.9197246,0.09337252,-0.2294774,-0.88393474,0.040882196,-0.29844546,-0.7759589,0.016755074,-0.007426983,-0.6836233,0.098888256,-0.047547597,-0.998869,0.038403083,-0.2106905,-0.9387647,-0.009650741,-0.28530708,-0.81509703,-0.023220576,0.047908694,-0.6760909,0.030778589,0.0067361495,-0.9945623,-0.028504185,-0.17165287,-0.9414326,-0.05769556,-0.26045394,-0.81900066,-0.05732673,0.08095521,-0.6440724,-0.038375027,-0.005735591,-0.8874859,-0.07234224,-0.15107645,-0.8789295,-0.079342246,-0.2355363,-0.79411316,-0.07242118
STOP,0.0,0.0,0.0,-0.18681897,-0.21984577,0.03241191,-0.26232916,-0.45848915,0.04548719,-0.31160337,-0.6396813,0.026154391,-0.34707132,-0.7989564,0.013564769,-0.051591646,-0.6716964,0.1613585,-0.084772006,-0.9258467,0.104412995,-0.21520601,-0.893367,0.050977882,-0.2861787,-0.78757054,0.026710786,0.008315817,-0.6843985,0.10735233,-0.03358131,-0.99943596,0.044622365,-0.19787356,-0.9385019,-0.0076079993,-0.27398586,-0.8146624,-0.022621226,0.063687555,-0.67592335,0.037048835,0.02084415,-0.99444556,-0.024870185,-0.15882577,-0.9379283,-0.05735727,-0.24880727,-0.8140204,-0.057226554,0.09612765,-0.6443396,-0.033515677,0.008914798,-0.89156073,-0.06847584,-0.13573039,-0.88467175,-0.075974196,-0.2192604,-0.8012471,-0.06817289
STOP,0.0,0.0,0.0,-0.187453,-0.2031287,0.017419348,-0.2747631,-0.44447505,0.025097687,-0.3272044,-0.63064337,0.0037232037,-0.36479777,-0.7931803,-0.009708499,-0.08002396,-0.6714199,0.14625292,-0.11387469,-0.91729444,0.08566176,-0.24011093,-0.8772963,0.029768154,-0.30388686,-0.77223116,0.0033755484,-0.019233616,-0.6868737,0.099871404,-0.060720418,-0.9981548,0.030705906,-0.22016793,-0.9327842,-0.02317584,-0.2901515,-0.8062939,-0.038132474,0.039499838,-0.68188906,0.03639864,0.0037022328,-0.9955189,-0.02845897,-0.16775884,-0.94222504,-0.06095863,-0.25285897,-0.8181044,-0.060170546,0.08306061,-0.6518146,-0.02875231,0.005043505,-0.896782,-0.06450242,-0.13482475,-0.8971304,-0.07270588,-0.21715994,-0.8167012,-0.06532576
STOP,0.0,0.0,0.0,-0.18722548,-0.2152976,0.030740323,-0.26847538,-0.4495827,0.041668873,-0.31829545,-0.6309185,0.021019574,-0.36557505,-0.7900831,0.006957655,-0.0606204,-0.6689067,0.1556634,-0.09532889,-0.9197794,0.099786274,-0.22555736,-0.892264,0.047431935,-0.2946139,-0.7926822,0.022996655,-5.5655786e-05,-0.6835885,0.101435594,-0.042264648,-0.9991064,0.042227365,-0.20462072,-0.9459185,-0.0066075344,-0.27941868,-0.82798314,-0.021656537,0.05301702,-0.67544645,0.030655727,0.011861491,-0.99842334,-0.02824438,-0.1653005,-0.95383954,-0.058876578,-0.2542904,-0.8368894,-0.060197648,0.082327195,-0.6416785,-0.04084385,-0.0053999433,-0.88842696,-0.0752169,-0.1483166,-0.8847578,-0.083543666,-0.23102613,-0.8048507,-0.078128204
STOP,0.0,0.0,0.0,-0.19200678,-0.21346876,0.02683837,-0.27291697,-0.44367728,0.03742602,-0.3234688,-0.6270946,0.016186552,-0.36192113,-0.79196584,0.0017135565,-0.06893323,-0.66828716,0.16011423,-0.10353617,-0.91524833,0.10342824,-0.2282039,-0.87823045,0.048619352,-0.29471147,-0.7731845,0.022216339,-0.0070757405,-0.68595994,0.108304255,-0.05124336,-0.9986862,0.046015006,-0.20872357,-0.93891454,-0.0065505966,-0.28264138,-0.81691283,-0.023200504,0.05121498,-0.67976767,0.03929556,0.009422484,-0.99798435,-0.022319974,-0.16514167,-0.9451863,-0.054884,-0.25481373,-0.82267725,-0.056157857,0.08884682,-0.64688593,-0.030845648,0.00096134143,-0.8902421,-0.067030035,-0.14590608,-0.88606125,-0.076838575,-0.23448692,-0.8053688,-0.07171101
STOP,0.0,0.0,0.0,-0.19363758,-0.20990147,0.030154206,-0.2778091,-0.4425942,0.042523876,-0.32963485,-0.6260706,0.023091875,-0.36837006,-0.7900762,0.009923055,-0.07163574,-0.66525614,0.15856224,-0.109185174,-0.9120805,0.10402556,-0.23514,-0.8793765,0.05131116,-0.30228215,-0.7774169,0.025908984,-0.008227628,-0.683927,0.10503376,-0.05413322,-0.9985337,0.04574187,-0.21287853,-0.9438678,-0.004747331,-0.28788656,-0.8234113,-0.021155939,0.04937143,-0.6770688,0.034851078,0.0066144494,-0.9975885,-0.02434271,-0.1695863,-0.95101094,-0.05686412,-0.2609053,-0.8323204,-0.0596927,0.08313529,-0.64299315,-0.03613335,-0.005363908,-0.8864983,-0.07220139,-0.15246712,-0.8853247,-0.08320068,-0.24163814,-0.80774844,-0.0798295
STOP,0.0,0.0,0.0,-0.19065303,-0.21603273,0.032910682,-0.27073237,-0.44692394,0.046450935,-0.32168412,-0.6276592,0.02748284,-0.36065942,-0.7905836,0.0143918265,-0.062207468,-0.6725394,0.1651202,-0.10313911,-0.9170508,0.111384064,-0.22996882,-0.8799119,0.05730013,-0.29911283,-0.77509683,0.030673413,0.0011254224,-0.69029737,0.11070214,-0.050352193,-0.99873155,0.052654173,-0.21038893,-0.9426029,-0.0006483935,-0.2873332,-0.8217421,-0.01971364,0.058497403,-0.68198717,0.0398245,0.010122698,-0.99851346,-0.01797436,-0.1672188,-0.94991773,-0.051546525,-0.25998464,-0.8311209,-0.055607207,0.09197675,-0.6456435,-0.031641334,0.000941996,-0.8884182,-0.066544175,-0.14543378,-0.88602847,-0.07675878,-0.2342369,-0.80852425,-0.0728762
STOP,0.0,0.0,0.0,-0.18902463,-0.21715412,0.030789424,-0.26694906,-0.4490454,0.044973124,-0.3151811,-0.63033247,0.026735364,-0.35407057,-0.7930345,0.014798372,-0.06742223,-0.66801894,0.16610517,-0.10038926,-0.91298014,0.112465195,-0.22112687,-0.8800063,0.058975738,-0.28919438,-0.7769552,0.033297896,-0.004111184,-0.68787193,0.113108315,-0.045668412,-0.99600846,0.05419698,-0.20075296,-0.9404425,0.0020371608,-0.27706984,-0.81892985,-0.0149087915,0.05456485,-0.6821783,0.043245353,0.016820252,-0.99985856,-0.015081381,-0.15566008,-0.95118415,-0.047464695,-0.24710268,-0.82986873,-0.04955978,0.09207308,-0.6487144,-0.027633052,0.010956016,-0.8914624,-0.06195894,-0.13382398,-0.89186496,-0.07157561,-0.22319384,-0.8149751,-0.066788904
STOP,0.0,0.0,0.0,-0.18742067,-0.21100773,0.028493881,-0.26396266,-0.45085323,0.041935977,-0.31003535,-0.63463414,0.024176419,-0.35168737,-0.7941149,0.012745824,-0.0660122,-0.6735069,0.15500249,-0.096438795,-0.91865927,0.10061823,-0.21998113,-0.8799678,0.04864077,-0.2869207,-0.7745711,0.023807757,-0.0026736497,-0.68932265,0.10294775,-0.041466225,-0.9964594,0.043426603,-0.19895487,-0.9378182,-0.006377898,-0.27525032,-0.8174232,-0.021834275,0.056351665,-0.6817231,0.034525953,0.022192847,-0.9997537,-0.025213476,-0.15239832,-0.94912714,-0.05626915,-0.24413997,-0.82899463,-0.05748215,0.09463499,-0.6474192,-0.034777123,0.012548308,-0.892483,-0.07091905,-0.13444386,-0.8881854,-0.08003695,-0.2242979,-0.8080959,-0.074800655
STOP,0.0,0.0,0.0,-0.18959944,-0.20492657,0.0224778,-0.2666512,-0.44569278,0.033139233,-0.3121309,-0.6330152,0.01423619,-0.3544661,-0.79402167,0.002303757,-0.07090567,-0.6725105,0.14360812,-0.101902574,-0.92396474,0.08632438,-0.22644182,-0.8833682,0.034556456,-0.29070437,-0.775196,0.010498071,-0.008183778,-0.68805605,0.09507246,-0.050323218,-0.9987329,0.032054193,-0.20795006,-0.93558794,-0.017103307,-0.2798392,-0.81312716,-0.030950429,0.051209603,-0.67982703,0.030165162,0.012490637,-0.99733365,-0.03255755,-0.16055718,-0.9437148,-0.06308976,-0.24820484,-0.8227702,-0.062771246,0.091732234,-0.6447906,-0.0358531,0.008798081,-0.8909655,-0.07389853,-0.13582104,-0.8881773,-0.08314363,-0.22201005,-0.80912775,-0.07712893
STOP,0.0,0.0,0.0,-0.18182401,-0.20984863,0.025006043,-0.25772688,-0.44607958,0.033695407,-0.30507058,-0.6295117,0.011677387,-0.34432122,-0.7909313,-0.004663214,-0.055332173,-0.6690247,0.14010641,-0.092833385,-0.9185099,0.07900914,-0.2199746,-0.8745613,0.024096081,-0.28526303,-0.76377857,-0.001845313,0.0070495107,-0.6842107,0.08895003,-0.039115444,-0.9992347,0.021369742,-0.19966523,-0.9295754,-0.030534966,-0.2729435,-0.8020944,-0.045955855,0.066074066,-0.67583466,0.022037994,0.024281664,-0.99899864,-0.044135485,-0.15278888,-0.9362981,-0.07509252,-0.24263713,-0.8079747,-0.07448935,0.10583949,-0.6403376,-0.04555999,0.020244662,-0.88909966,-0.08546302,-0.12776978,-0.88121504,-0.094553836,-0.21654741,-0.79874575,-0.08822099
STOP,0.0,0.0,0.0,-0.19405816,-0.19912869,0.025002187,-0.2770508,-0.44636658,0.03781955,-0.3246125,-0.6305497,0.020278351,-0.36120287,-0.7890455,0.009942806,-0.07745228,-0.6709318,0.14957851,-0.11161979,-0.9192082,0.092578694,-0.23997237,-0.8864677,0.04134562,-0.3040042,-0.782937,0.018009871,-0.016298626,-0.68634164,0.099096745,-0.055554133,-0.99845564,0.034885246,-0.21884651,-0.94064075,-0.013878833,-0.2896119,-0.8162272,-0.025892738,0.041163612,-0.67814714,0.03190275,0.0036257831,-0.9872005,-0.030721221,-0.17363764,-0.9393486,-0.062952936,-0.25886375,-0.82002956,-0.06274345,0.079970874,-0.64624065,-0.036392745,4.2284897e-05,-0.88911474,-0.072290525,-0.14251831,-0.89000046,-0.081656925,-0.22304021,-0.81095165,-0.075643
STOP,0.0,0.0,0.0,-0.1860805,-0.21175641,0.023050984,-0.27100554,-0.44140702,0.030129855,-0.32240805,-0.6233883,0.006542899,-0.35655883,-0.7870265,-0.0101324655,-0.07273746,-0.674114,0.14953056,-0.10089522,-0.91800845,0.09095136,-0.22491059,-0.88575685,0.03531685,-0.2929914,-0.78769517,0.0076459423,-0.011944174,-0.6897608,0.098586634,-0.04697555,-0.99889606,0.03578278,-0.20248845,-0.9464703,-0.015002472,-0.27835286,-0.828297,-0.03164212,0.046125513,-0.6815438,0.030482661,0.012884237,-0.9984411,-0.030626688,-0.15923603,-0.9559805,-0.060697343,-0.2512493,-0.83973616,-0.06181215,0.0871371,-0.6465012,-0.03941959,0.0074134814,-0.8880206,-0.07603026,-0.13511978,-0.88792896,-0.08528277,-0.22406144,-0.8104297,-0.080528714
STOP,0.0,0.0,0.0,-0.18688191,-0.2140389,0.02845677,-0.2607039,-0.45488626,0.040467426,-0.3061377,-0.6354252,0.02185369,-0.34256288,-0.7930927,0.009644041,-0.06505068,-0.6656355,0.14822045,-0.09854474,-0.919232,0.09039606,-0.2278764,-0.88599324,0.03853746,-0.29273456,-0.77668977,0.015192926,-0.00090506667,-0.68389666,0.09610789,-0.039091613,-0.99923563,0.033284917,-0.20171809,-0.9417606,-0.014980982,-0.27393985,-0.8160383,-0.027505215,0.058100503,-0.6774495,0.027815301,0.019085655,-0.9975311,-0.03251248,-0.15787569,-0.95026284,-0.06289066,-0.2447445,-0.82897484,-0.062886655,0.09597369,-0.64308745,-0.041267447,0.0072222212,-0.8838174,-0.076918535,-0.137651,-0.884148,-0.08616156,-0.22072478,-0.80789727,-0.080457
STOP,0.0,0.0,0.0,-0.18340655,-0.21371362,0.027286263,-0.25954497,-0.45084104,0.03910655,-0.30688342,-0.6308517,0.01994042,-0.34238988,-0.78964716,0.0067074415,-0.059099745,-0.66350174,0.15001205,-0.096408166,-0.9107828,0.09190996,-0.22436184,-0.8710819,0.03723053,-0.29110482,-0.76340276,0.011042767,0.0026752308,-0.68265396,0.098630115,-0.042535745,-0.9958053,0.032396507,-0.20368594,-0.9328748,-0.02118935,-0.2782571,-0.8049402,-0.037323844,0.060503908,-0.6776523,0.03130882,0.019026777,-0.999819,-0.03193809,-0.15549679,-0.9461948,-0.06482721,-0.24465953,-0.8209549,-0.06574601,0.09981081,-0.6448343,-0.036734466,0.015755178,-0.8933545,-0.07395869,-0.12860523,-0.8946314,-0.083695196,-0.21616995,-0.81804705,-0.07802238
STOP,0.0,0.0,0.0,-0.18533891,-0.21309814,0.02670884,-0.2568491,-0.45178312,0.041242436,-0.29997322,-0.63587934,0.024614485,-0.33562198,-0.79813224,0.014147174,-0.058224842,-0.6645775,0.16133446,-0.09402461,-0.90830153,0.10692257,-0.21801727,-0.8740466,0.052469607,-0.28508922,-0.770306,0.026181383,0.0024294562,-0.684616,0.11151708,-0.039960906,-0.99179393,0.049398765,-0.19722697,-0.9350043,-0.0058085406,-0.27161878,-0.81036156,-0.023904692,0.060898013,-0.6810752,0.045007497,0.02625806,-0.9996552,-0.015772242,-0.14551176,-0.9515214,-0.051130276,-0.2338001,-0.82855177,-0.054224845,0.102383,-0.6509624,-0.02242731,0.024868887,-0.89850426,-0.058178492,-0.11845728,-0.90111667,-0.06875775,-0.20551036,-0.82289416,-0.063950315
STOP,0.0,0.0,0.0,-0.1846569,-0.21373752,0.022908742,-0.2641407,-0.4486967,0.031702425,-0.31462398,-0.6346959,0.009720705,-0.3537729,-0.80022806,-0.006503854,-0.06457693,-0.66783357,0.14685923,-0.10477702,-0.91296756,0.088152826,-0.22768155,-0.8756851,0.033121932,-0.2941984,-0.7715622,0.006564601,-0.003132755,-0.6861796,0.09736878,-0.05277564,-0.995372,0.031943496,-0.20957859,-0.931885,-0.02087217,-0.28508216,-0.8085478,-0.037359428,0.05556389,-0.682056,0.031528186,0.009571106,-0.99995416,-0.034255426,-0.16474499,-0.9402822,-0.06576701,-0.2550846,-0.81369734,-0.06531742,0.09561553,-0.65199655,-0.035259213,0.006338997,-0.8964209,-0.07512039,-0.14049175,-0.8875041,-0.08381712,-0.22935367,-0.80359036,-0.076850265
STOP,0.0,0.0,0.0,-0.18429515,-0.21388003,0.021633323,-0.26437098,-0.4477448,0.028858958,-0.31534818,-0.63028467,0.005737516,-0.34833518,-0.7936901,-0.010838863,-0.060196273,-0.6686345,0.14490533,-0.09528901,-0.9160017,0.08391357,-0.22158204,-0.880971,0.027542487,-0.2896093,-0.7766797,0.00022951899,0.0023435182,-0.68667156,0.09501541,-0.040144026,-0.9979485,0.029286433,-0.19887848,-0.939148,-0.023248808,-0.27418613,-0.8163945,-0.039982315,0.061164357,-0.6806354,0.02834094,0.020951372,-0.9997805,-0.036286306,-0.15454707,-0.9468368,-0.067676924,-0.24555491,-0.82306623,-0.068090394,0.09918095,-0.646587,-0.03968914,0.0118489675,-0.8893131,-0.07874483,-0.13562623,-0.8849507,-0.08834106,-0.22505651,-0.8044488,-0.082633995
STOP,0.0,0.0,0.0,-0.18776816,-0.20898977,0.022755576,-0.26601356,-0.4460063,0.031545058,-0.31487978,-0.629443,0.009785437,-0.34741107,-0.7919974,-0.0045868666,-0.0635282,-0.67311555,0.15212722,-0.09768516,-0.9198241,0.09323954,-0.2247373,-0.8837364,0.038875867,-0.291643,-0.78040606,0.013215931,-0.0010073701,-0.68943787,0.10210079,-0.044682596,-0.99900126,0.03733064,-0.2058116,-0.9339192,-0.013121779,-0.27823552,-0.811065,-0.026927039,0.05773027,-0.68214446,0.03497035,0.015970709,-0.99698603,-0.02872333,-0.16015315,-0.93732655,-0.058193743,-0.24680023,-0.8114927,-0.055999804,0.09654942,-0.64791685,-0.033566944,0.009349272,-0.88887405,-0.07056186,-0.13710833,-0.87948644,-0.07794813,-0.22116183,-0.7948846,-0.06995402
STOP,0.0,0.0,0.0,-0.1821075,-0.21968621,0.025855148,-0.25646207,-0.45848837,0.0376159,-0.30305785,-0.63888365,0.017985068,-0.3351748,-0.79737806,0.0049409065,-0.055882037,-0.6723436,0.15548386,-0.09158142,-0.92267233,0.09690506,-0.21907672,-0.88315463,0.041340612,-0.28547645,-0.7771924,0.014930609,0.0035937196,-0.6881345,0.1050132,-0.041802593,-0.99725753,0.038374167,-0.20272854,-0.92995656,-0.016496837,-0.27475965,-0.8047594,-0.033036415,0.062116176,-0.6814029,0.038053077,0.023163958,-0.9997317,-0.026535055,-0.15062217,-0.93953925,-0.05920279,-0.23624553,-0.8123728,-0.058711868,0.104492776,-0.648277,-0.029721208,0.02654127,-0.9010635,-0.06657308,-0.11767903,-0.89298254,-0.073437996,-0.20175412,-0.8050869,-0.06476046
STOP,0.0,0.0,0.0,-0.19147082,-0.2100828,0.019811701,-0.27492628,-0.44365895,0.026230844,-0.32554075,-0.63157,0.0026096832,-0.3626209,-0.79611945,-0.013501127,-0.07771403,-0.6662593,0.14523184,-0.107002854,-0.91737163,0.08511255,-0.23388544,-0.87909466,0.03120115,-0.29835442,-0.77032053,0.0063822623,-0.016811702,-0.68217087,0.09701918,-0.05257314,-0.9986171,0.032059126,-0.21206143,-0.9376721,-0.01696734,-0.2833036,-0.8164606,-0.030007733,0.04331366,-0.6754554,0.031615864,0.009292069,-0.99814653,-0.03323459,-0.16583456,-0.9434356,-0.062340286,-0.25235906,-0.81931496,-0.05987865,0.08708402,-0.6434533,-0.035098445,0.00049003086,-0.8907579,-0.073292024,-0.1472627,-0.88369787,-0.08078518,-0.23276125,-0.80007,-0.07294958
STOP,0.0,0.0,0.0,-0.19223742,-0.19921064,0.023879854,-0.27531958,-0.44357315,0.03496159,-0.32385993,-0.63269585,0.016604317,-0.36269012,-0.7932325,0.0054342295,-0.087114066,-0.66130227,0.14375882,-0.11480246,-0.91315776,0.08808373,-0.24045426,-0.8766649,0.038880885,-0.30114788,-0.7662784,0.016958628,-0.024425475,-0.68080825,0.09465342,-0.054330375,-0.9974541,0.035341598,-0.21269156,-0.9405,-0.0084840255,-0.28156283,-0.8196516,-0.01895392,0.036368094,-0.6772035,0.02902686,0.006202144,-0.99998075,-0.031140428,-0.16807212,-0.94937396,-0.059391525,-0.25136343,-0.8289706,-0.05836065,0.079543866,-0.6476506,-0.03762887,-0.006462016,-0.88829756,-0.074580275,-0.15367097,-0.87772596,-0.08331012,-0.23643309,-0.7918302,-0.07754091
STOP,0.0,0.0,0.0,-0.18387999,-0.21370727,0.032932736,-0.2616386,-0.44556853,0.046190865,-0.31080917,-0.6266512,0.027476441,-0.34976158,-0.7882178,0.014529378,-0.06996986,-0.65971875,0.16086522,-0.10438058,-0.9026504,0.108163595,-0.2272627,-0.86991,0.05601966,-0.29427046,-0.768633,0.031191392,-0.007004907,-0.67920774,0.10666115,-0.04358816,-0.9912612,0.05135279,-0.19693476,-0.94061404,0.001855442,-0.2724162,-0.82460135,-0.014760845,0.052638493,-0.67490894,0.036327895,0.01704202,-0.99985474,-0.019517438,-0.15439025,-0.95428836,-0.05032612,-0.24367782,-0.83680755,-0.05289409,0.09151964,-0.6443689,-0.03456743,0.0010467389,-0.8837257,-0.06781253,-0.14177148,-0.8774576,-0.07637967,-0.22592883,-0.79895306,-0.07177911
STOP,0.0,0.0,0.0,-0.19006605,-0.20869926,0.022646463,-0.269677,-0.44467804,0.030698787,-0.3184849,-0.6299141,0.008197165,-0.35506928,-0.79031616,-0.0076413597,-0.072388016,-0.6700051,0.14571522,-0.10958222,-0.9151522,0.08520875,-0.23464179,-0.8669557,0.029842688,-0.29756016,-0.75607026,0.003412534,-0.011083756,-0.6871276,0.0955615,-0.055017546,-0.9984854,0.028007356,-0.21223742,-0.9256853,-0.023640962,-0.2808824,-0.7993703,-0.038148478,0.04865005,-0.6802977,0.028799,0.007336403,-0.9963579,-0.03753979,-0.16680817,-0.93147737,-0.06822693,-0.2513403,-0.80519193,-0.066682614,0.08999624,-0.6461867,-0.039057564,0.0042414963,-0.88834924,-0.07793973,-0.14272757,-0.8777568,-0.086351015,-0.2277772,-0.79426813,-0.07920419
STOP,0.0,0.0,0.0,-0.18531866,-0.20759062,0.0189103,-0.26677087,-0.4476927,0.025042988,-0.31838053,-0.63019514,0.0019357334,-0.3542461,-0.78988504,-0.013933314,-0.07068849,-0.6692127,0.13759907,-0.11016949,-0.9163689,0.073702425,-0.23716222,-0.873169,0.016714564,-0.3019651,-0.7635425,-0.010375212,-0.008874413,-0.68725246,0.0885536,-0.054477107,-0.99851507,0.0177789,-0.21417771,-0.9282222,-0.034971107,-0.28452146,-0.79900473,-0.049833752,0.04981563,-0.68149203,0.022881808,0.0086113075,-0.99780285,-0.044129338,-0.16601971,-0.9353086,-0.075495474,-0.25094143,-0.807096,-0.07458634,0.08902112,-0.6469622,-0.044319935,0.0042065834,-0.88435763,-0.08377735,-0.14150825,-0.8762512,-0.09374317,-0.22520776,-0.79383135,-0.087767266
STOP,0.0,0.0,0.0,-0.1863613,-0.21107565,0.022038303,-0.26839668,-0.44877464,0.030214174,-0.3184997,-0.6318915,0.008001666,-0.35296053,-0.79438096,-0.007131333,-0.074025095,-0.6674592,0.14568476,-0.107141964,-0.9171237,0.084292814,-0.23121445,-0.8759701,0.028556231,-0.29514128,-0.7665471,0.0021031871,-0.013642671,-0.68565977,0.095125906,-0.04967818,-0.9987653,0.027668765,-0.20687741,-0.9369184,-0.023898754,-0.27940488,-0.8117747,-0.03882307,0.04540894,-0.6808358,0.027628213,0.011276136,-0.99942005,-0.03734032,-0.1622305,-0.9431845,-0.06842069,-0.24922925,-0.81788784,-0.06810149,0.088524126,-0.64896935,-0.041349344,0.007964966,-0.89174414,-0.07972128,-0.138237,-0.88277406,-0.088897996,-0.2244532,-0.7982809,-0.08294176
STOP,0.0,0.0,0.0,-0.18643743,-0.2098466,0.031837385,-0.26600295,-0.45052555,0.044920214,-0.31539682,-0.6324241,0.026038818,-0.35459372,-0.7920389,0.012874064,-0.07030124,-0.67019343,0.1535197,-0.103675716,-0.9186694,0.09714878,-0.22871387,-0.8847647,0.04472175,-0.29651466,-0.78463656,0.02002694,-0.0080859335,-0.68555516,0.098642334,-0.047703836,-0.9988615,0.03584558,-0.20537607,-0.93962884,-0.013995012,-0.28055483,-0.8196077,-0.028323166,0.051474076,-0.67688274,0.027898086,0.010398833,-0.9949078,-0.03461636,-0.16546915,-0.9380577,-0.065183304,-0.25487435,-0.8163833,-0.06493649,0.093642734,-0.6428876,-0.043204427,0.003698428,-0.88739854,-0.08003197,-0.14186563,-0.8746627,-0.087564304,-0.22591701,-0.7895332,-0.08071877
STOP,0.0,0.0,0.0,-0.18804808,-0.20778573,0.027664626,-0.26954576,-0.44875598,0.03984744,-0.31830332,-0.6299733,0.02074626,-0.35377082,-0.78951186,0.007768942,-0.07350413,-0.66707337,0.14983866,-0.10531378,-0.91519165,0.09100119,-0.2309321,-0.87433463,0.03735115,-0.2963586,-0.7709485,0.012105537,-0.012993956,-0.683214,0.09760261,-0.05131172,-0.99868274,0.029981805,-0.21019682,-0.9297368,-0.021538705,-0.28192016,-0.8050804,-0.03520735,0.046770982,-0.67649126,0.02933321,0.0070306053,-0.993682,-0.036601488,-0.16782202,-0.9287968,-0.06787495,-0.25395486,-0.8025327,-0.06626182,0.09140583,-0.64402676,-0.039547715,0.005717742,-0.8893034,-0.07749196,-0.1408853,-0.877524,-0.08552085,-0.22532381,-0.7935047,-0.07809256
STOP,0.0,0.0,0.0,-0.19281851,-0.20372589,0.0253961,-0.27628815,-0.4451065,0.036439303,-0.32522762,-0.63306576,0.016985666,-0.36415356,-0.7920776,0.004050133,-0.082062945,-0.66482174,0.14896847,-0.11894579,-0.9130474,0.09103958,-0.24678811,-0.8729835,0.03852539,-0.30907956,-0.76771253,0.013917537,-0.01893299,-0.6828709,0.098378584,-0.06342974,-0.99798626,0.032096114,-0.22535841,-0.9294747,-0.017942311,-0.29378882,-0.80277586,-0.030863265,0.041405354,-0.67725337,0.03133748,-0.0042197667,-0.99142647,-0.03323047,-0.18055685,-0.9314068,-0.06482584,-0.26353574,-0.8067354,-0.06421144,0.08404655,-0.64557934,-0.036512747,-0.007363126,-0.88343847,-0.07418911,-0.15187001,-0.8729276,-0.08358139,-0.23118235,-0.7892554,-0.077488296
STOP,0.0,0.0,0.0,-0.18613108,-0.21641086,0.034207195,-0.2598616,-0.4582685,0.048593346,-0.30450436,-0.641164,0.030764487,-0.339679,-0.7941781,0.019030588,-0.059969265,-0.6675497,0.15854797,-0.083942145,-0.91935104,0.10332909,-0.21415502,-0.8937331,0.051169205,-0.28921294,-0.79158163,0.027588202,0.0014328031,-0.6819182,0.10325537,-0.026213966,-0.9996564,0.04445673,-0.18839672,-0.9526568,-0.0040905015,-0.27047467,-0.8348548,-0.01773244,0.059324715,-0.6724998,0.031728707,0.025334345,-0.99301285,-0.02684821,-0.15228602,-0.9501386,-0.05934343,-0.24721196,-0.8325782,-0.061176967,0.09720738,-0.6391996,-0.040164348,0.010258701,-0.88113356,-0.074521765,-0.1341537,-0.8751833,-0.08377953,-0.22166623,-0.7931461,-0.07862463
STOP,0.0,0.0,0.0,-0.18670924,-0.20422345,0.011770008,-0.2724936,-0.44283348,0.016214002,-0.32331592,-0.62970847,-0.008226569,-0.3530455,-0.79335564,-0.025164967,-0.08466786,-0.6715703,0.14020845,-0.11608407,-0.9193945,0.075246245,-0.2399015,-0.87051684,0.015407361,-0.30409676,-0.7638612,-0.0137088755,-0.024618015,-0.68786997,0.09537156,-0.06287589,-0.99802136,0.018718159,-0.21953997,-0.92313987,-0.040667407,-0.29256976,-0.79330087,-0.058165044,0.038475215,-0.68345475,0.033257727,0.0031364255,-0.9980412,-0.03872933,-0.16611697,-0.9338837,-0.07399388,-0.25311962,-0.80401856,-0.07315863,0.09348257,-0.6539219,-0.030637901,0.0156662,-0.90186065,-0.071699,-0.12619227,-0.89493513,-0.08115054,-0.21249495,-0.80865645,-0.07341471
STOP,0.0,0.0,0.0,-0.18606977,-0.2057177,0.025898522,-0.2695544,-0.44712633,0.036103964,-0.31912458,-0.6312822,0.01636084,-0.3568167,-0.78959185,0.003579955,-0.07329737,-0.66734344,0.14733835,-0.10526318,-0.91537833,0.090775035,-0.23228252,-0.88311225,0.039142307,-0.29923114,-0.7829181,0.01535654,-0.010638361,-0.68394846,0.096305,-0.04793634,-0.99885035,0.035448436,-0.2061258,-0.9421586,-0.011357674,-0.2795994,-0.8242431,-0.023880184,0.04886318,-0.67783064,0.02889887,0.009276135,-0.99756706,-0.03111625,-0.16377765,-0.9501857,-0.05977276,-0.25073585,-0.83338946,-0.05898951,0.0901615,-0.64610255,-0.03952832,0.0007930374,-0.8888748,-0.07463605,-0.1422578,-0.8842869,-0.0821529,-0.22490518,-0.805413,-0.07572219
STOP,0.0,0.0,0.0,-0.18572725,-0.19997807,0.015698195,-0.27127504,-0.4424374,0.021492252,-0.32188454,-0.62537277,-0.00036897798,-0.35552922,-0.7842303,-0.014534862,-0.07757706,-0.66495353,0.12786034,-0.10691127,-0.91724426,0.063989475,-0.23576361,-0.8707473,0.009913257,-0.30027997,-0.75814515,-0.014684947,-0.015926773,-0.6828243,0.08187468,-0.05206514,-0.9986437,0.011494853,-0.2123623,-0.928484,-0.036600586,-0.2821836,-0.79930204,-0.04763133,0.04340773,-0.67762697,0.019344008,0.0072723264,-0.996648,-0.04737449,-0.16529357,-0.93921846,-0.0764892,-0.2501136,-0.81456757,-0.07389408,0.087029085,-0.64575803,-0.044785876,0.00551069,-0.88978106,-0.084744394,-0.13885184,-0.88615966,-0.094182074,-0.22406636,-0.8074193,-0.087612025
STOP,0.0,0.0,0.0,-0.19220208,-0.20880963,0.021379953,-0.27415955,-0.44827735,0.03280033,-0.32350174,-0.6326649,0.014880235,-0.35564807,-0.7937773,0.004137384,-0.0833032,-0.67137504,0.15226029,-0.116890945,-0.91683227,0.094245665,-0.24066673,-0.8805927,0.03781117,-0.3098435,-0.77729356,0.010463489,-0.022375565,-0.69109833,0.10492007,-0.06101726,-0.9981367,0.04017186,-0.21473627,-0.94006175,-0.015372045,-0.29050615,-0.8171674,-0.033450924,0.039214253,-0.68636507,0.04070169,0.0015606746,-0.99537444,-0.020438787,-0.16766115,-0.94584286,-0.056472693,-0.2583986,-0.82605773,-0.060383786,0.086753875,-0.654061,-0.025030762,0.004187154,-0.88827467,-0.060027786,-0.13815516,-0.8873157,-0.07170439,-0.22711553,-0.8109109,-0.068171345
STOP,0.0,0.0,0.0,-0.18526165,-0.21395637,0.030585933,-0.2707751,-0.447644,0.044064876,-0.32343775,-0.63099885,0.026068866,-0.36130664,-0.79541034,0.014159134,-0.08278476,-0.6645321,0.1616161,-0.11158364,-0.90478295,0.11091569,-0.23227209,-0.8755168,0.058925018,-0.29944435,-0.78097796,0.032947056,-0.02116338,-0.68484056,0.109055564,-0.04989929,-0.9932263,0.05489664,-0.20155038,-0.9512332,0.005861822,-0.2800155,-0.84008694,-0.011321864,0.038732957,-0.6809554,0.040047552,0.007564679,-0.99997133,-0.014345167,-0.16142796,-0.96261865,-0.04469187,-0.2537383,-0.84972936,-0.047856722,0.08252948,-0.6516611,-0.030079028,-0.00050078565,-0.89215034,-0.062217455,-0.14139225,-0.8915982,-0.070556045,-0.22929479,-0.8152386,-0.06646598
STOP,0.0,0.0,0.0,-0.18999901,-0.20474908,0.022685014,-0.27485016,-0.439143,0.032192547,-0.32728028,-0.62418026,0.012411281,-0.36558127,-0.79035366,-0.00034758175,-0.07826682,-0.6618106,0.14715926,-0.10679034,-0.9092578,0.09417063,-0.22963573,-0.8847323,0.043064736,-0.29648024,-0.79184884,0.018120375,-0.016157545,-0.67930746,0.098241985,-0.045838047,-0.9950742,0.04323899,-0.19837005,-0.9583147,-0.0035843346,-0.2759194,-0.85165685,-0.01942486,0.04423393,-0.67375463,0.032665838,0.0085911,-0.99996305,-0.024529342,-0.16279332,-0.964107,-0.053559482,-0.25407988,-0.8530489,-0.055235025,0.08671649,-0.64334977,-0.03441692,-0.0041921595,-0.88907504,-0.07012639,-0.1498343,-0.8875349,-0.07908693,-0.23924239,-0.80908173,-0.07484499
STOP,0.0,0.0,0.0,-0.19230242,-0.20404637,0.021816207,-0.2740832,-0.44260827,0.03166624,-0.32261598,-0.62587744,0.012731462,-0.35633522,-0.78982645,0.0011006962,-0.076375805,-0.65828645,0.14142816,-0.10424358,-0.9120607,0.085856125,-0.2311069,-0.88319284,0.03538715,-0.29625928,-0.7795039,0.012177389,-0.01329287,-0.6772332,0.093595915,-0.045085367,-0.9966617,0.03658139,-0.201727,-0.95074946,-0.0078843385,-0.27445018,-0.8353062,-0.020533971,0.047034476,-0.67236376,0.029223941,0.010965467,-0.9999399,-0.028310945,-0.16135348,-0.95855856,-0.05519893,-0.24837232,-0.8424031,-0.054646887,0.08860394,-0.64111686,-0.036667783,-0.0004320596,-0.8875069,-0.07221684,-0.14849342,-0.8870382,-0.08013222,-0.23756173,-0.8085793,-0.07449203
STOP,0.0,0.0,0.0,-0.18921164,-0.20173623,0.021407124,-0.2766802,-0.44062853,0.030602278,-0.32770538,-0.6261409,0.010717265,-0.36532488,-0.78815645,-0.00151579,-0.085182466,-0.6630863,0.1429018,-0.11209052,-0.9124075,0.0858179,-0.23824577,-0.88184345,0.03419692,-0.30375513,-0.7817065,0.010293729,-0.024498884,-0.6817424,0.09453216,-0.053984623,-0.9985417,0.033734705,-0.2107384,-0.9481327,-0.011932201,-0.28364766,-0.8304125,-0.023743015,0.033802062,-0.6776661,0.029444326,0.0024645955,-0.9957785,-0.030245177,-0.16938551,-0.951805,-0.058240023,-0.25684988,-0.8350751,-0.057088688,0.07558038,-0.6479788,-0.03732901,-0.0057219146,-0.8906805,-0.07271153,-0.15051481,-0.88773525,-0.08072648,-0.23827185,-0.8075285,-0.07463335
STOP,0.0,0.0,0.0,-0.18729687,-0.21875603,0.033839487,-0.26647627,-0.45768204,0.049697418,-0.31676495,-0.6398934,0.03341365,-0.35536498,-0.7978812,0.023238981,-0.07381341,-0.66690236,0.16505443,-0.10642954,-0.9136672,0.11286203,-0.22929472,-0.882203,0.061669555,-0.29701692,-0.7818079,0.037985634,-0.012291765,-0.68463224,0.111301675,-0.047003035,-0.9970173,0.054392487,-0.20212884,-0.943264,0.0044758953,-0.27784982,-0.8243365,-0.010820744,0.046565205,-0.6799936,0.041237816,0.013118055,-0.9999139,-0.015270003,-0.15971889,-0.953616,-0.04803535,-0.24998714,-0.8357643,-0.050749592,0.08625979,-0.6513699,-0.02925847,0.00062008697,-0.8919851,-0.061534733,-0.14339885,-0.8861804,-0.070556544,-0.2294412,-0.80768204,-0.06577242
STOP,0.0,0.0,0.0,-0.18390445,-0.20410748,0.018825743,-0.2654625,-0.44044715,0.024687527,-0.31767276,-0.6255682,0.0016787075,-0.35040474,-0.7879065,-0.013973502,-0.06569907,-0.66788846,0.13761543,-0.096362606,-0.91871583,0.07679881,-0.22253063,-0.8832445,0.022439836,-0.28864896,-0.777974,-0.003153455,-0.002664719,-0.6851241,0.08929877,-0.04117484,-0.99915195,0.024448058,-0.19750811,-0.94338924,-0.025364429,-0.27122658,-0.8219302,-0.040435556,0.056189876,-0.67870367,0.024274813,0.018912785,-0.9996262,-0.038841996,-0.15372233,-0.95231104,-0.06975991,-0.24362792,-0.83263505,-0.070714705,0.09549284,-0.64600253,-0.042208675,0.007436568,-0.888947,-0.080560945,-0.13842514,-0.88794273,-0.0908425,-0.22688097,-0.81151736,-0.08624818
STOP,0.0,0.0,0.0,-0.19342686,-0.20282167,0.018286033,-0.2789477,-0.44203347,0.024447026,-0.33304065,-0.6282824,0.0016118096,-0.36514083,-0.7894281,-0.013365417,-0.07195853,-0.6639496,0.13887085,-0.108451515,-0.9220689,0.07754595,-0.24025512,-0.884188,0.023955498,-0.3053246,-0.7742796,-0.00031044046,-0.010548127,-0.6806235,0.09167791,-0.05680815,-0.99838513,0.024714394,-0.22187018,-0.9327591,-0.02450328,-0.2917741,-0.8056552,-0.03715111,0.046360184,-0.67500275,0.02761333,0.002827484,-0.99490464,-0.03706197,-0.17581452,-0.9375386,-0.06737854,-0.26136002,-0.80979085,-0.06589363,0.08300804,-0.6450099,-0.037871823,-0.000996511,-0.89230317,-0.07608066,-0.14843632,-0.88710016,-0.08489863,-0.23369601,-0.8022742,-0.077940784
STOP,0.0,0.0,0.0,-0.19210227,-0.20578225,0.025194451,-0.27404788,-0.44905785,0.036236256,-0.32464075,-0.63313514,0.017415253,-0.35506245,-0.79063797,0.0056787534,-0.0685215,-0.6628595,0.14614655,-0.10583428,-0.9201967,0.088320576,-0.23762327,-0.886411,0.036895175,-0.30383638,-0.7781817,0.0141970385,-0.005985406,-0.68051004,0.096106425,-0.04874176,-0.99881136,0.033333685,-0.2143374,-0.9375141,-0.014425409,-0.28643802,-0.8110034,-0.026364082,0.051063213,-0.6747469,0.029680165,0.009334463,-0.99495816,-0.03144977,-0.1703541,-0.9420323,-0.06192976,-0.25737855,-0.8172471,-0.0613043,0.08605469,-0.64356065,-0.037620243,0.00082558347,-0.889181,-0.07330583,-0.14508243,-0.8861718,-0.08182375,-0.22864464,-0.80531925,-0.07523918
STOP,0.0,0.0,0.0,-0.19238578,-0.2041908,0.019487774,-0.27662995,-0.4429396,0.026654968,-0.32783026,-0.62934744,0.004772979,-0.36481887,-0.78974485,-0.009633068,-0.08095624,-0.6665295,0.1384659,-0.11202247,-0.9210613,0.07669399,-0.2402469,-0.8857621,0.022898927,-0.30542254,-0.7767908,-0.0013392864,-0.018734602,-0.6825373,0.08989526,-0.057017744,-0.99837315,0.023647748,-0.21827793,-0.9373229,-0.024428748,-0.28895462,-0.8126637,-0.03661551,0.040950842,-0.67618793,0.02438516,0.004514341,-0.9972325,-0.041240145,-0.17097278,-0.94586813,-0.07093163,-0.2559475,-0.8221252,-0.069041945,0.08239236,-0.6457265,-0.042471543,-0.0022081917,-0.89449894,-0.08216586,-0.1463244,-0.88916165,-0.09049866,-0.22822028,-0.8038861,-0.08314083
STOP,0.0,0.0,0.0,-0.19204612,-0.20451808,0.018408448,-0.27613094,-0.44404027,0.024991795,-0.327452,-0.6301979,0.0026680876,-0.3638474,-0.7924709,-0.012670543,-0.080750674,-0.6685747,0.13608226,-0.11843673,-0.9194142,0.07440512,-0.24290971,-0.87787354,0.019726904,-0.3060629,-0.7670642,-0.005721088,-0.016842254,-0.68577385,0.08795399,-0.062246185,-0.9978836,0.021823706,-0.21926168,-0.93342835,-0.02869574,-0.2894768,-0.80803216,-0.043597743,0.04435795,-0.68064517,0.023138573,0.0014961283,-0.99999887,-0.042594217,-0.17313279,-0.94320303,-0.07425684,-0.25905058,-0.8184464,-0.07449416,0.084556594,-0.6488499,-0.04296394,-0.0066537005,-0.8914967,-0.083645634,-0.15269917,-0.8821655,-0.09391212,-0.23710294,-0.79830754,-0.08837106
STOP,0.0,0.0,0.0,-0.19194815,-0.20522448,0.017765434,-0.27711898,-0.44086736,0.023953263,-0.32917145,-0.62529826,0.0012089991,-0.36205548,-0.7900411,-0.014319086,-0.07966487,-0.66650796,0.13824274,-0.11450176,-0.91639394,0.07730674,-0.23803851,-0.87764025,0.022638539,-0.30118427,-0.7678043,-0.002958605,-0.015480603,-0.68369204,0.09041384,-0.058005154,-0.9964061,0.025957523,-0.21345846,-0.93702906,-0.02429945,-0.28394476,-0.8137207,-0.03975983,0.045625996,-0.67854834,0.025511943,0.0050970893,-0.999987,-0.03929494,-0.16799413,-0.9485046,-0.07084195,-0.25423458,-0.8260529,-0.07158294,0.08498404,-0.6462116,-0.04085768,-0.0055986927,-0.890082,-0.08149089,-0.1519165,-0.88414973,-0.092128545,-0.23802385,-0.80256087,-0.0872314
STOP,0.0,0.0,0.0,-0.19244565,-0.20193075,0.02078128,-0.27655602,-0.44060138,0.027857851,-0.3272343,-0.62536407,0.005489891,-0.36200273,-0.78868717,-0.0096778255,-0.07680153,-0.66678387,0.13800775,-0.11150555,-0.9184396,0.0772815,-0.23864737,-0.8782663,0.024691328,-0.30006865,-0.76809686,0.0008156121,-0.01284295,-0.683712,0.08867276,-0.058108058,-0.99831027,0.023976335,-0.21685056,-0.93310267,-0.022759778,-0.2828832,-0.80935013,-0.03464793,0.047344506,-0.6776353,0.02254462,0.0011201804,-0.9964442,-0.042367876,-0.17452723,-0.93844223,-0.070778556,-0.25642225,-0.8139457,-0.06846722,0.08647168,-0.6449484,-0.04479654,-0.0077340053,-0.88848937,-0.084294766,-0.15531652,-0.8785536,-0.09258824,-0.23730539,-0.79366434,-0.08553959
STOP,0.0,0.0,0.0,-0.19114225,-0.20012987,0.01985969,-0.27530935,-0.44131026,0.028261786,-0.3259284,-0.62592655,0.007953808,-0.35915658,-0.78707886,-0.0047342605,-0.07517949,-0.66487086,0.13810855,-0.10748487,-0.91958964,0.07902873,-0.23634526,-0.88532436,0.027355958,-0.2992636,-0.77783453,0.003942637,-0.013098462,-0.6827085,0.09041287,-0.053555485,-0.9985649,0.027533593,-0.21482176,-0.9404111,-0.01916851,-0.284636,-0.816667,-0.03145117,0.045321316,-0.67779535,0.025942588,0.004736197,-0.99646485,-0.036544144,-0.1716968,-0.9464496,-0.066357546,-0.25669572,-0.8240817,-0.06587093,0.08287855,-0.6466627,-0.039934676,-0.0057584546,-0.88840806,-0.07773809,-0.15176998,-0.88373864,-0.08727732,-0.23516181,-0.8020395,-0.08172611
STOP,0.0,0.0,0.0,-0.18998386,-0.1996784,0.022958927,-0.2761557,-0.44122764,0.031568702,-0.3294651,-0.6292168,0.01039518,-0.3660886,-0.79140097,-0.004160524,-0.077269495,-0.6678287,0.14151031,-0.11657237,-0.9161372,0.083091356,-0.24363816,-0.8827961,0.030840045,-0.30961478,-0.7788966,0.006802686,-0.014880832,-0.6862174,0.091158584,-0.06268807,-0.99803317,0.028484574,-0.22293353,-0.936729,-0.018687403,-0.29673576,-0.8160931,-0.031273186,0.04470641,-0.681427,0.024385653,-0.002744917,-0.99892324,-0.039707296,-0.17986755,-0.94263434,-0.06884272,-0.2681805,-0.81899,-0.06736123,0.08454671,-0.6508055,-0.043346316,-0.009670086,-0.89491975,-0.08295168,-0.15723956,-0.8823956,-0.09096708,-0.24277213,-0.79410994,-0.08379772
STOP,0.0,0.0,0.0,-0.1924236,-0.21710348,0.0265422,-0.27765277,-0.44420433,0.037154686,-0.32897663,-0.62494904,0.01572635,-0.35490492,-0.7875047,0.0013144437,-0.08433677,-0.67377204,0.16443464,-0.11329119,-0.9155382,0.10752354,-0.23560949,-0.8770731,0.050672475,-0.30383125,-0.77271426,0.022570416,-0.02249838,-0.69287926,0.112581514,-0.055908456,-0.9984359,0.050763674,-0.20956066,-0.94244665,-0.004270479,-0.28618944,-0.82058454,-0.023114512,0.03978464,-0.68862647,0.043326262,0.0058320626,-0.99995166,-0.0174379,-0.16588077,-0.9492269,-0.051664032,-0.25763577,-0.8259852,-0.05469393,0.08520872,-0.656745,-0.027322793,-0.0022455112,-0.8887136,-0.062827766,-0.14897916,-0.87965703,-0.07286042,-0.23948489,-0.79600084,-0.06815668
STOP,0.0,0.0,0.0,-0.18722942,-0.21507382,0.029445773,-0.26817152,-0.44786915,0.038788226,-0.3176151,-0.62866044,0.01692542,-0.35315484,-0.7874734,0.0016641179,-0.06344711,-0.6637233,0.14907782,-0.1007862,-0.91495824,0.091064155,-0.23107243,-0.88424003,0.03838321,-0.29739907,-0.7802618,0.0144021865,-0.0024526273,-0.6824163,0.096093565,-0.0414593,-0.9991402,0.03635139,-0.20399752,-0.9460982,-0.010939486,-0.27762836,-0.82749957,-0.024666559,0.0538141,-0.6770897,0.026918117,0.009253352,-0.99715275,-0.03244887,-0.16923128,-0.9474295,-0.061325457,-0.25629312,-0.825959,-0.061163273,0.08810737,-0.6442842,-0.042964667,-0.0039044356,-0.8851618,-0.07722691,-0.14842537,-0.87931085,-0.08420224,-0.23069006,-0.7984296,-0.077475846
STOP,0.0,0.0,0.0,-0.18855634,-0.21190344,0.020072939,-0.27094513,-0.44887134,0.02758365,-0.32077593,-0.629381,0.0057957685,-0.34885758,-0.7872774,-0.008102505,-0.07113839,-0.6681155,0.14099795,-0.10545286,-0.92142135,0.078618094,-0.23338567,-0.880649,0.02419043,-0.29526097,-0.76899636,-0.00042094712,-0.010016674,-0.6855475,0.09326804,-0.051908452,-0.99865186,0.025421083,-0.2135138,-0.929712,-0.024790727,-0.2795901,-0.80190885,-0.03755984,0.047789074,-0.6796104,0.028792066,0.0066554532,-0.99511373,-0.036213934,-0.16807108,-0.9352381,-0.06651585,-0.24887376,-0.8073387,-0.06442284,0.08465618,-0.6452482,-0.037062127,0.001329257,-0.88566136,-0.07422182,-0.1416532,-0.8828499,-0.08264803,-0.22087212,-0.8037096,-0.07515522
STOP,0.0,0.0,0.0,-0.18920052,-0.21250822,0.030437523,-0.27055395,-0.45323986,0.044992656,-0.32115528,-0.6378997,0.02830951,-0.3582933,-0.7953712,0.017544104,-0.06449074,-0.6626707,0.15788873,-0.10441962,-0.91454047,0.10248127,-0.23511338,-0.88933337,0.049755555,-0.30723032,-0.7907743,0.0254592,-0.0024516562,-0.68213594,0.10569853,-0.050203506,-0.99789345,0.044732716,-0.21387655,-0.9448946,-0.006763942,-0.29305354,-0.8232725,-0.02244966,0.053543497,-0.67905873,0.037170783,0.008026994,-0.9999678,-0.022908699,-0.16983868,-0.95187587,-0.0569967,-0.262455,-0.83023727,-0.0596388,0.08735382,-0.6503465,-0.03188302,-0.0031476666,-0.89294505,-0.067297384,-0.14777969,-0.89055336,-0.07793807,-0.23527564,-0.8112431,-0.07357708
STOP,0.0,0.0,0.0,-0.18584803,-0.21352868,0.025555225,-0.26822743,-0.44771355,0.037289508,-0.319239,-0.62984,0.01818432,-0.3518158,-0.789714,0.0055632307,-0.071917735,-0.65909344,0.15507156,-0.10371815,-0.90642434,0.09783272,-0.22752507,-0.87465763,0.04357598,-0.29448494,-0.7724702,0.017792279,-0.011058677,-0.6796776,0.10511602,-0.047961682,-0.9921559,0.041159388,-0.20434348,-0.9367924,-0.011023906,-0.27990872,-0.8132203,-0.026781097,0.04817746,-0.6784222,0.038395844,0.014191745,-0.99989927,-0.023775022,-0.15794596,-0.9501449,-0.056361824,-0.24867335,-0.82548296,-0.057458322,0.09072576,-0.649956,-0.029456284,0.0076963645,-0.89063084,-0.06619303,-0.1378964,-0.8893351,-0.0767084,-0.22896403,-0.8110545,-0.0720132
STOP,0.0,0.0,0.0,-0.19314176,-0.21375719,0.030083086,-0.2764878,-0.450204,0.04300426,-0.32779697,-0.63273525,0.024273597,-0.36237675,-0.79092616,0.01137536,-0.07773826,-0.6710874,0.15575479,-0.11713581,-0.91855633,0.098596185,-0.2448719,-0.8844522,0.04436555,-0.31435758,-0.78035545,0.018707518,-0.014903827,-0.6896074,0.10271875,-0.061091006,-0.9981322,0.040230744,-0.22200829,-0.9387173,-0.0121587,-0.2990469,-0.8153103,-0.028653683,0.04451391,-0.6830939,0.03339947,0.0001167328,-0.9984383,-0.028739328,-0.176566,-0.9447695,-0.062311687,-0.26751065,-0.82085544,-0.06444373,0.08356111,-0.6494383,-0.03641523,-0.007937682,-0.8892598,-0.07358718,-0.15320742,-0.88092214,-0.0834962,-0.23936974,-0.7978171,-0.07830905
STOP,0.0,0.0,0.0,-0.19146974,-0.21732903,0.028447272,-0.27538773,-0.44893664,0.041009407,-0.32441792,-0.6287036,0.021955116,-0.35616598,-0.78780043,0.00969261,-0.07698814,-0.6680774,0.16048773,-0.10573921,-0.9153423,0.10570216,-0.23093024,-0.8791849,0.05245924,-0.29699025,-0.77533436,0.02712454,-0.014633248,-0.68519664,0.10852541,-0.048652787,-0.99851,0.048355658,-0.20619898,-0.9430518,-0.003508127,-0.28031507,-0.82066256,-0.019858155,0.04473981,-0.6794699,0.039711222,0.0121163195,-0.9999266,-0.019562013,-0.16055,-0.9539937,-0.05288374,-0.2498861,-0.8327143,-0.055302095,0.08484737,-0.6479586,-0.030085962,0.003994398,-0.8946413,-0.06456524,-0.14032023,-0.89267635,-0.073926054,-0.22921683,-0.8123786,-0.068865746
STOP,0.0,0.0,0.0,-0.19161321,-0.2099336,0.030847704,-0.27202448,-0.44617552,0.04408121,-0.31927943,-0.6292516,0.0252511,-0.35448578,-0.78784287,0.012804022,-0.07239067,-0.66692954,0.1608902,-0.10984853,-0.9163007,0.10545237,-0.2395254,-0.88226557,0.052596066,-0.30472192,-0.7770259,0.027954599,-0.010001652,-0.6862973,0.10772892,-0.05259623,-0.99861586,0.04641752,-0.21609421,-0.9367576,-0.00399443,-0.28770804,-0.80955476,-0.018285893,0.048182927,-0.6811712,0.03795303,0.00865075,-0.9980342,-0.020991527,-0.16865513,-0.9455593,-0.052427534,-0.25446585,-0.8199116,-0.053160574,0.087442145,-0.64955175,-0.032690015,0.004683602,-0.89047253,-0.06620126,-0.13983528,-0.8850816,-0.07440815,-0.22324722,-0.8004516,-0.06809761
STOP,0.0,0.0,0.0,-0.19050723,-0.20973738,0.022949472,-0.27326864,-0.44386095,0.031847425,-0.32400557,-0.6253914,0.010256524,-0.3549733,-0.784702,-0.00477695,-0.072879486,-0.666649,0.1460489,-0.11196689,-0.9151704,0.085597694,-0.2400402,-0.87059844,0.030084737,-0.30553213,-0.75953156,0.0041473466,-0.012140437,-0.6850769,0.09649649,-0.05742346,-0.9972248,0.030375035,-0.2180775,-0.9270297,-0.021399863,-0.28882238,-0.7989137,-0.036110155,0.046455137,-0.6795123,0.030441334,0.0050408235,-0.99998724,-0.03391656,-0.16964647,-0.9368344,-0.06473192,-0.25462422,-0.8064165,-0.063449755,0.08631803,-0.64648265,-0.03673832,0.0045510726,-0.89621395,-0.07409248,-0.1407377,-0.8847403,-0.08135005,-0.22541696,-0.7947798,-0.073200025
STOP,0.0,0.0,0.0,-0.19393346,-0.20967226,0.02038422,-0.27648872,-0.44566876,0.02789557,-0.32767338,-0.62841004,0.0060046753,-0.36044517,-0.7886499,-0.009061212,-0.07941026,-0.6722865,0.1412365,-0.117926195,-0.91979665,0.07938796,-0.24671316,-0.8796575,0.02275258,-0.3144981,-0.7701555,-0.0040664054,-0.017335508,-0.69002706,0.09280926,-0.06540402,-0.9978588,0.026254645,-0.2263083,-0.9328935,-0.026687559,-0.2990137,-0.8068015,-0.04316091,0.043466043,-0.6842599,0.027751511,-0.0026174476,-0.9975449,-0.036479507,-0.17659274,-0.94063514,-0.068753906,-0.26235485,-0.81405705,-0.06959731,0.08652159,-0.65115297,-0.03865867,-0.0024215821,-0.8917224,-0.07626303,-0.1467829,-0.8833976,-0.0849145,-0.23080383,-0.79787046,-0.07837687
STOP,0.0,0.0,0.0,-0.19430298,-0.21117191,0.027264986,-0.27459422,-0.44503117,0.038109448,-0.32473144,-0.62338465,0.017891956,-0.35788348,-0.7821328,0.0039149076,-0.07689776,-0.6700495,0.15293325,-0.11545936,-0.91796935,0.09389802,-0.24268994,-0.8794865,0.03796155,-0.31323987,-0.7734147,0.011286564,-0.015214148,-0.68791,0.10118012,-0.06278151,-0.9980273,0.03691469,-0.22120191,-0.93519396,-0.017316634,-0.29622316,-0.8101202,-0.034981336,0.044933334,-0.68283206,0.03307579,-0.0009743387,-0.99799997,-0.028522111,-0.17537934,-0.9395696,-0.062303226,-0.26474538,-0.81324387,-0.064905874,0.086795,-0.6495483,-0.035956133,-0.0045209257,-0.8842102,-0.071775876,-0.15019162,-0.872496,-0.08151668,-0.23643953,-0.78828305,-0.07644071
STOP,0.0,0.0,0.0,-0.19643681,-0.20471685,0.024249233,-0.2792328,-0.44219357,0.033110313,-0.33075154,-0.6225518,0.0118466895,-0.36375254,-0.7790194,-0.0027008816,-0.07894555,-0.6726068,0.1448681,-0.12043814,-0.921025,0.083893746,-0.24909675,-0.87797725,0.027847022,-0.31867513,-0.7687354,0.0012929322,-0.017492376,-0.68885356,0.09441458,-0.07057752,-0.9975063,0.028134847,-0.23067755,-0.9278666,-0.02537105,-0.30323067,-0.8010578,-0.042084254,0.042313945,-0.6826948,0.027772468,-0.008389366,-0.9942692,-0.035390787,-0.18368499,-0.9301022,-0.06820993,-0.27051264,-0.8020216,-0.069715396,0.083089635,-0.64889365,-0.039899472,-0.010676229,-0.88189375,-0.07662933,-0.15618514,-0.8659017,-0.0858481,-0.23945418,-0.7786258,-0.079992115
STOP,0.0,0.0,0.0,-0.19488503,-0.20987026,0.02126604,-0.27904308,-0.4451681,0.029365866,-0.32917947,-0.6295718,0.007532334,-0.3610722,-0.78670543,-0.007183032,-0.08277442,-0.6726426,0.14876758,-0.11941902,-0.9189498,0.08804933,-0.24345817,-0.8758268,0.031387042,-0.30750623,-0.7682971,0.004176433,-0.020878403,-0.6891375,0.10001032,-0.0657031,-0.9978392,0.03231824,-0.2208834,-0.93120205,-0.022576429,-0.28946966,-0.80444616,-0.039787415,0.040560745,-0.6840827,0.034233127,-0.00042823053,-0.9968137,-0.030801952,-0.17201947,-0.9416952,-0.06565663,-0.25708023,-0.8170698,-0.0678089,0.084401555,-0.6526187,-0.03284416,-0.0029688163,-0.88667715,-0.070727654,-0.14544082,-0.87966985,-0.081960894,-0.22797622,-0.7980627,-0.07732735
STOP,0.0,0.0,0.0,-0.19338822,-0.20890671,0.025277073,-0.27688295,-0.4429447,0.033533495,-0.3269117,-0.6254726,0.011136139,-0.35900638,-0.785179,-0.004490401,-0.07362702,-0.67183423,0.14999412,-0.11187628,-0.91851646,0.09119916,-0.23872155,-0.87971044,0.036758125,-0.30459592,-0.77199954,0.011147521,-0.009322089,-0.687476,0.09854254,-0.053599175,-0.9985625,0.03522486,-0.21258025,-0.9373868,-0.015485469,-0.28509095,-0.81242514,-0.030711664,0.050846335,-0.68046576,0.030331543,0.006278886,-0.99908423,-0.032323726,-0.17000993,-0.9445092,-0.06319076,-0.25723362,-0.8199301,-0.06341155,0.08960982,-0.6476053,-0.038887363,-0.0045249043,-0.8843553,-0.07660272,-0.14978376,-0.8731728,-0.08567579,-0.23266144,-0.7891397,-0.07962492
STOP,0.0,0.0,0.0,-0.19500808,-0.20201953,0.012584632,-0.28204945,-0.43773285,0.014340236,-0.3353305,-0.62140447,-0.012074135,-0.3639549,-0.7799273,-0.029882403,-0.07292095,-0.6751871,0.13405406,-0.11691022,-0.92630357,0.06876054,-0.24757573,-0.8805646,0.011765438,-0.30985236,-0.76583105,-0.014873841,-0.010522267,-0.69039273,0.088849135,-0.06921402,-0.99760187,0.019379213,-0.23161313,-0.92067486,-0.031406876,-0.2943204,-0.79179734,-0.04556859,0.049023185,-0.6830215,0.026086617,-0.005355074,-0.99380076,-0.04037153,-0.18228658,-0.92859954,-0.06942042,-0.26116723,-0.79820895,-0.06710188,0.088258125,-0.6480795,-0.038872942,-0.0043289056,-0.8841953,-0.07806541,-0.15202358,-0.87362045,-0.08666416,-0.23233967,-0.7869261,-0.07929912
STOP,0.0,0.0,0.0,-0.19471459,-0.1988602,0.017938534,-0.2763006,-0.4399919,0.024865072,-0.32524163,-0.6287351,0.0030997263,-0.35965618,-0.78892314,-0.010742539,-0.07345113,-0.670326,0.14348477,-0.110869855,-0.9196404,0.084651105,-0.23857991,-0.87903917,0.03132262,-0.30365574,-0.77028996,0.006510473,-0.009130983,-0.68737304,0.096492544,-0.055907317,-0.9984359,0.032937203,-0.21501993,-0.9335842,-0.016159033,-0.28460398,-0.8097636,-0.029553639,0.050979193,-0.6806611,0.032262675,0.0037236444,-0.9911625,-0.02910496,-0.17184278,-0.93743145,-0.059654117,-0.25783026,-0.81553054,-0.059566505,0.09014079,-0.6473619,-0.03382553,-0.0023226428,-0.8784469,-0.070200205,-0.1484102,-0.87373835,-0.08061724,-0.23214592,-0.79505664,-0.075582296
STOP,0.0,0.0,0.0,-0.19030571,-0.19719735,0.012330565,-0.27209824,-0.43130028,0.0121354265,-0.32119718,-0.6157069,-0.015584879,-0.35213333,-0.7736183,-0.034976047,-0.06769869,-0.6703772,0.12108389,-0.09738392,-0.9263495,0.05351369,-0.23010172,-0.8702371,-0.0018027162,-0.29243752,-0.74668723,-0.026829021,-0.0040714997,-0.6840977,0.07575278,-0.05051163,-0.99872345,0.0055072024,-0.21410178,-0.9177211,-0.040688135,-0.27749938,-0.7869358,-0.051257867,0.055894088,-0.67497784,0.013553791,0.008834927,-0.9899404,-0.053156473,-0.16713524,-0.9220141,-0.07816943,-0.24742202,-0.7931964,-0.07338813,0.096951164,-0.639008,-0.050667502,0.004813619,-0.8749536,-0.0905322,-0.1413554,-0.8614328,-0.09752036,-0.22185744,-0.7764731,-0.0890436
STOP,0.0,0.0,0.0,-0.19733608,-0.20921616,0.025864052,-0.28324175,-0.45176825,0.038777396,-0.33223605,-0.637614,0.0208028,-0.36290455,-0.7948736,0.010928207,-0.08140721,-0.67718476,0.1610286,-0.111252174,-0.9195859,0.10641835,-0.2381251,-0.8792664,0.05326933,-0.30426106,-0.77247685,0.027723338,-0.019730076,-0.6946423,0.11007876,-0.054903403,-0.99849164,0.04996904,-0.21477352,-0.9402212,-0.0006597605,-0.2877926,-0.81830484,-0.015743852,0.039403163,-0.6882423,0.04175875,0.006514459,-0.9956272,-0.01837737,-0.16980098,-0.94853204,-0.051603053,-0.2587961,-0.83116007,-0.053307008,0.07943484,-0.65649945,-0.027785819,0.00081254495,-0.89436746,-0.062567964,-0.14453995,-0.89147335,-0.07201101,-0.23081902,-0.81103134,-0.06661339
STOP,0.0,0.0,0.0,-0.18688114,-0.21828532,0.033127446,-0.26928914,-0.45253497,0.047041375,-0.32031333,-0.63348335,0.028959058,-0.35329577,-0.7878425,0.016943408,-0.060215935,-0.667157,0.16681163,-0.09830754,-0.9092635,0.114624634,-0.22680548,-0.8813524,0.06033079,-0.302749,-0.78639305,0.03375181,0.0028825353,-0.68545157,0.11276383,-0.041112687,-0.99274826,0.056742102,-0.2011742,-0.9424604,0.0036332062,-0.2846308,-0.82678807,-0.01517871,0.060306277,-0.68149626,0.04249113,0.018279517,-0.9998329,-0.013206077,-0.15594937,-0.9569892,-0.045909435,-0.25104895,-0.8407909,-0.049260184,0.0939084,-0.6515396,-0.02839217,0.0051715598,-0.89376426,-0.059859987,-0.13614748,-0.88830876,-0.06708624,-0.22283217,-0.807616,-0.061277736
STOP,0.0,0.0,0.0,-0.19407974,-0.21140182,0.022210918,-0.2801359,-0.44865906,0.032278616,-0.33042726,-0.635289,0.011779018,-0.35295066,-0.79371583,-0.0011774659,-0.07925996,-0.6714046,0.15553759,-0.111874424,-0.9185118,0.09665145,-0.23750265,-0.8762147,0.040313784,-0.303991,-0.7678179,0.013295419,-0.018130828,-0.68942744,0.10711022,-0.060217895,-0.9975488,0.04049778,-0.2183929,-0.93135846,-0.01450824,-0.29046553,-0.80333877,-0.031307478,0.042543948,-0.6853653,0.041529693,0.006412322,-0.99997944,-0.022501461,-0.16536558,-0.9432585,-0.05638054,-0.25254357,-0.81548697,-0.05705372,0.08659153,-0.6552812,-0.025336435,0.009091997,-0.900059,-0.061831307,-0.13504279,-0.89476085,-0.07058418,-0.22241923,-0.8097349,-0.06370517
STOP,0.0,0.0,0.0,-0.19271894,-0.21139652,0.030011382,-0.27837527,-0.44698438,0.040481575,-0.32933313,-0.6309904,0.019629942,-0.36073217,-0.7888917,0.0049668094,-0.07174083,-0.6672264,0.15339798,-0.10880169,-0.91378653,0.09854484,-0.23806776,-0.88342565,0.0456839,-0.30863857,-0.7829302,0.020230414,-0.007134933,-0.6834096,0.09961906,-0.04943272,-0.99478817,0.042132255,-0.21105719,-0.9442637,-0.0070225326,-0.2901585,-0.8272249,-0.023381645,0.051855214,-0.67700607,0.029660875,0.011069001,-0.9999387,-0.027927328,-0.16527885,-0.95871764,-0.057829026,-0.25799885,-0.8418973,-0.05966215,0.08750528,-0.6452811,-0.041078944,-0.0032095124,-0.88924754,-0.07546655,-0.14627835,-0.8859768,-0.08306599,-0.23157017,-0.80672854,-0.07751551
STOP,0.0,0.0,0.0,-0.18904023,-0.21638271,0.020140128,-0.27496454,-0.45284396,0.023913987,-0.33030522,-0.63747954,-0.0022737167,-0.35732967,-0.79535884,-0.02072305,-0.06670014,-0.6724758,0.14193882,-0.10474043,-0.92294365,0.078868374,-0.23490267,-0.8841859,0.022996018,-0.30146217,-0.772804,-0.0027470386,-0.0031548447,-0.6863873,0.09188223,-0.050723515,-0.9987128,0.025255512,-0.21404906,-0.9378383,-0.024623716,-0.286406,-0.8130158,-0.03858292,0.056314405,-0.6787182,0.024532063,0.012158779,-0.99877423,-0.040765416,-0.16632517,-0.94809073,-0.07059379,-0.2538036,-0.82441187,-0.06900099,0.092238024,-0.6458381,-0.044197917,-6.324869e-05,-0.8901324,-0.08303115,-0.14628217,-0.88428,-0.09140285,-0.22904554,-0.8009545,-0.08415984
STOP,0.0,0.0,0.0,-0.18939203,-0.21599597,0.020260254,-0.27870992,-0.44721764,0.025238723,-0.33453318,-0.6337332,-0.0003870253,-0.36076158,-0.7951611,-0.017932255,-0.07870386,-0.67132914,0.15185888,-0.108656816,-0.9174187,0.09064181,-0.23652846,-0.8780646,0.03400055,-0.30210227,-0.76791286,0.007250919,-0.01569415,-0.6869941,0.102089114,-0.04973457,-0.99776363,0.036430478,-0.21090445,-0.94093597,-0.01448229,-0.2853384,-0.817201,-0.029030308,0.045752194,-0.68086433,0.034350973,0.013808196,-0.99990463,-0.02971707,-0.1624012,-0.9538119,-0.059731085,-0.25163183,-0.8313912,-0.05823363,0.08850674,-0.64947236,-0.03509173,0.002422914,-0.89326704,-0.07187626,-0.14365962,-0.8904827,-0.07971069,-0.22933002,-0.80840915,-0.07248989
STOP,0.0,0.0,0.0,-0.1849001,-0.20813127,0.027767723,-0.2701055,-0.449783,0.039362516,-0.32191488,-0.63183486,0.019448971,-0.35600945,-0.78952163,0.005560954,-0.06877233,-0.6666048,0.15942448,-0.11111396,-0.90835166,0.103637,-0.23693685,-0.87533027,0.048783462,-0.30549726,-0.77552956,0.022367824,-0.005626245,-0.6848163,0.106489345,-0.04992665,-0.99109364,0.043678008,-0.2111367,-0.93249714,-0.009899586,-0.29019475,-0.8121913,-0.026442088,0.053928256,-0.6806427,0.037040807,0.015504771,-0.9998798,-0.025024604,-0.1604555,-0.9470199,-0.057391874,-0.25162944,-0.82491463,-0.057938058,0.09414315,-0.6505127,-0.033201806,0.008032168,-0.893938,-0.06910721,-0.1337073,-0.88062483,-0.07617417,-0.21506776,-0.79217994,-0.06855919
STOP,0.0,0.0,0.0,-0.19348966,-0.20404083,0.022022225,-0.28115433,-0.44527993,0.029368868,-0.33012545,-0.6308576,0.0073256884,-0.36285093,-0.78638744,-0.007012486,-0.074677266,-0.6641706,0.13447239,-0.108310185,-0.9196951,0.0742897,-0.24007203,-0.8781451,0.023798494,-0.3008108,-0.76937425,0.0014399731,-0.013605481,-0.6801323,0.085441634,-0.059412297,-0.9982335,0.019280909,-0.22627392,-0.92492354,-0.02468748,-0.29075593,-0.79742944,-0.032912515,0.044443112,-0.67361784,0.020365056,-0.0016626142,-0.99054474,-0.044342685,-0.17979158,-0.9258759,-0.06883034,-0.25728646,-0.79820776,-0.062388938,0.084864035,-0.64202833,-0.0457622,0.0011969811,-0.8913601,-0.082759954,-0.1440712,-0.8771419,-0.086189255,-0.22043712,-0.78404933,-0.07475681
STOP,0.0,0.0,0.0,-0.19268586,-0.21448553,0.022008426,-0.2772882,-0.44995397,0.02750852,-0.32910687,-0.63244474,0.0038166437,-0.36465693,-0.78737056,-0.011384614,-0.068055585,-0.6725136,0.13865118,-0.10016575,-0.92759216,0.07708757,-0.23316729,-0.88441676,0.024206582,-0.2957671,-0.7708271,0.0005889728,-0.005650633,-0.6843834,0.08968453,-0.05092154,-0.99870265,0.024734048,-0.21651739,-0.9313876,-0.02141609,-0.28172672,-0.80642873,-0.032405,0.053220473,-0.67441404,0.024083536,0.0056815576,-0.9882844,-0.03892463,-0.17324784,-0.9329682,-0.06587198,-0.25310054,-0.810466,-0.06229745,0.092023976,-0.6410472,-0.042666264,-0.00083333853,-0.88178533,-0.07856292,-0.14675178,-0.87259245,-0.08444877,-0.22358833,-0.7877095,-0.075409934
STOP,0.0,0.0,0.0,-0.18806157,-0.21418457,0.018192796,-0.27711993,-0.44787374,0.021470089,-0.33171833,-0.63153905,-0.004389236,-0.3645009,-0.7910932,-0.021949373,-0.069173016,-0.6697008,0.1369065,-0.105042696,-0.9259626,0.07106986,-0.23604225,-0.8851717,0.014434577,-0.2996413,-0.7750441,-0.011345972,-0.006815142,-0.6834623,0.08899476,-0.056435995,-0.9984062,0.01748427,-0.22159775,-0.9287924,-0.033916175,-0.28795072,-0.8017095,-0.04756684,0.052783743,-0.676312,0.024001375,0.008279199,-0.994876,-0.04399791,-0.16889723,-0.9392358,-0.073928416,-0.25078434,-0.81415343,-0.071115725,0.09411691,-0.6447713,-0.042329013,0.009265956,-0.891342,-0.08096906,-0.13295698,-0.88653123,-0.088180386,-0.20999308,-0.8032284,-0.07951164
STOP,0.0,0.0,0.0,-0.18752678,-0.21226189,0.02039023,-0.27275032,-0.45138478,0.02607928,-0.32696655,-0.6336955,0.0019958394,-0.36396998,-0.79122883,-0.014636247,-0.06454007,-0.67314553,0.13831474,-0.10316903,-0.9231262,0.07486614,-0.23147966,-0.8831885,0.019776355,-0.29798964,-0.7775124,-0.00539684,-0.0019851543,-0.68537587,0.08861114,-0.05394474,-0.9985439,0.018126905,-0.21585704,-0.9275029,-0.032758605,-0.2860496,-0.8035184,-0.045458194,0.05776777,-0.67502505,0.022293827,0.00575717,-0.990807,-0.047036856,-0.17187726,-0.9285083,-0.07736599,-0.25721642,-0.8038836,-0.07381634,0.096687004,-0.6401126,-0.044977546,0.002718146,-0.88749343,-0.08548762,-0.14415164,-0.87566316,-0.09294399,-0.22664608,-0.78855217,-0.08387249
STOP,0.0,0.0,0.0,-0.19073609,-0.21186282,0.019034252,-0.2757824,-0.45589766,0.0284942,-0.32594812,-0.6433144,0.008130932,-0.36208847,-0.7993149,-0.004058788,-0.073314376,-0.6686998,0.15170708,-0.111304455,-0.9207919,0.09175705,-0.23586611,-0.88006264,0.036659215,-0.29640353,-0.776127,0.010962552,-0.013016932,-0.68556094,0.10469932,-0.059580173,-0.9982235,0.03404056,-0.21945937,-0.9248271,-0.020733152,-0.2855237,-0.7965415,-0.035031445,0.046452284,-0.6815989,0.04040087,0.005405118,-0.9950412,-0.027528737,-0.16890734,-0.93175244,-0.06168729,-0.24983704,-0.80365133,-0.06002088,0.089857176,-0.6529386,-0.025258359,0.011250108,-0.899495,-0.06324279,-0.13229822,-0.89041424,-0.072274074,-0.21236463,-0.80144095,-0.06434578
STOP,0.0,0.0,0.0,-0.18564376,-0.20933306,0.0136739435,-0.27402592,-0.4437407,0.014056473,-0.32805988,-0.6266061,-0.013814801,-0.35851425,-0.7888294,-0.033009,-0.077313006,-0.6676721,0.124379754,-0.10743547,-0.9253845,0.05671778,-0.23372282,-0.880795,0.0011776054,-0.29203492,-0.76772946,-0.023997115,-0.0155643225,-0.6807362,0.077615246,-0.056281477,-0.998415,0.0055765486,-0.21515882,-0.9281486,-0.04182113,-0.2779929,-0.7998287,-0.053031992,0.045033135,-0.67391825,0.013770044,0.0059996666,-0.9958183,-0.054793566,-0.16706018,-0.93584824,-0.08086427,-0.24557564,-0.8072102,-0.07584668,0.09027448,-0.6425973,-0.05201779,0.006759491,-0.89099663,-0.092326894,-0.13966556,-0.8813746,-0.09912439,-0.2214337,-0.7926254,-0.09035831
STOP,0.0,0.0,0.0,-0.18947819,-0.20290327,0.019979494,-0.2766676,-0.44414183,0.025956474,-0.32995117,-0.6296217,0.0028939755,-0.36968294,-0.78768116,-0.012109428,-0.07465067,-0.67257464,0.14034396,-0.106851816,-0.92442936,0.07888737,-0.23603484,-0.88694704,0.02496854,-0.30363655,-0.7820928,0.00037648156,-0.013450866,-0.6857542,0.09182763,-0.058899604,-0.9982639,0.025619576,-0.21909092,-0.93199503,-0.022981972,-0.2891188,-0.8096118,-0.03543569,0.04494362,-0.6763656,0.026350653,-0.0008056401,-0.9853144,-0.037766177,-0.17473663,-0.92929184,-0.06783251,-0.25928783,-0.8090153,-0.06628787,0.08546669,-0.64282453,-0.040546745,-0.0030206013,-0.8808304,-0.07719488,-0.14391874,-0.8698146,-0.085452676,-0.22202848,-0.7845744,-0.07849864
STOP,0.0,0.0,0.0,-0.18921213,-0.20051886,0.0109688165,-0.2766531,-0.43718323,0.011434473,-0.32956642,-0.62318903,-0.015400967,-0.36421198,-0.78420174,-0.03340076,-0.084499955,-0.6722422,0.124202445,-0.118297674,-0.9248609,0.057606913,-0.24586633,-0.8727166,0.0018048242,-0.30322576,-0.7582613,-0.024194894,-0.022982335,-0.6862435,0.07964333,-0.07021953,-0.99753153,0.007428315,-0.22928815,-0.91766155,-0.041119047,-0.28942665,-0.78817314,-0.052752588,0.037525214,-0.67785215,0.018059265,-0.0063785356,-0.9891492,-0.049600948,-0.17773098,-0.9222307,-0.07603588,-0.25316647,-0.7941531,-0.071301475,0.08309378,-0.6424463,-0.045750793,-0.0041255215,-0.8800442,-0.08479425,-0.14725316,-0.86634254,-0.09180049,-0.2234822,-0.7775915,-0.08315449
STOP,0.0,0.0,0.0,-0.1901627,-0.21339636,0.02077044,-0.27184048,-0.45006523,0.026475335,-0.32173863,-0.63059384,0.002537526,-0.3552218,-0.7894052,-0.013412207,-0.07091734,-0.67934155,0.14276813,-0.10505348,-0.92878526,0.08006549,-0.23239017,-0.88658786,0.02345921,-0.29699218,-0.77586794,-0.0034551253,-0.010471027,-0.69279826,0.09332369,-0.055122178,-0.9984796,0.026224386,-0.21308994,-0.9346674,-0.026197586,-0.28255737,-0.81028306,-0.042407908,0.04905431,-0.68380415,0.026940735,0.0034364404,-0.990522,-0.037951477,-0.17008929,-0.93514127,-0.0697955,-0.25418928,-0.8119429,-0.07001426,0.09215041,-0.65020424,-0.04093972,0.0025717593,-0.88428074,-0.0788672,-0.13857344,-0.8746989,-0.08814782,-0.21718143,-0.7895713,-0.08190547
STOP,0.0,0.0,0.0,-0.18492106,-0.20219716,0.007847784,-0.2730086,-0.4394959,0.006341138,-0.32699832,-0.6228933,-0.021866383,-0.35439494,-0.78440493,-0.04092894,-0.0793866,-0.6739862,0.11687038,-0.11267917,-0.9272177,0.04894336,-0.2401259,-0.87057924,-0.0066766194,-0.2955204,-0.752165,-0.03250193,-0.01800336,-0.687612,0.073636286,-0.06434707,-0.99792755,0.00017006446,-0.22367746,-0.91859263,-0.047485366,-0.28417742,-0.7883485,-0.058407422,0.042840827,-0.6802675,0.01343177,-0.0014723317,-0.99499255,-0.056158505,-0.17320803,-0.9289142,-0.081518844,-0.24961649,-0.79919267,-0.075665355,0.08885831,-0.64603394,-0.04912464,0.001034452,-0.8890417,-0.09072578,-0.14419913,-0.8760435,-0.09759638,-0.22356316,-0.78538835,-0.08828465
STOP,0.0,0.0,0.0,-0.19038627,-0.20641403,0.018831605,-0.27691737,-0.44192952,0.021188438,-0.33037075,-0.6260913,-0.0056291283,-0.3644385,-0.7882355,-0.023949794,-0.073240824,-0.67003006,0.13581859,-0.10941031,-0.9247744,0.071102776,-0.24210194,-0.89253294,0.01565489,-0.30795497,-0.78555,-0.009647999,-0.01226969,-0.6852667,0.08640557,-0.060662046,-0.99815834,0.018740451,-0.22531438,-0.9374781,-0.029711107,-0.29579234,-0.81338537,-0.042666618,0.045662116,-0.67995775,0.019862194,-0.0050731255,-0.98860997,-0.04482938,-0.18337312,-0.9348812,-0.07356942,-0.26785934,-0.8111125,-0.07182108,0.08544022,-0.65007335,-0.048422053,-0.010127792,-0.88224614,-0.08562121,-0.1523596,-0.87079275,-0.09332062,-0.22912133,-0.783673,-0.086119026
STOP,0.0,0.0,0.0,-0.18684028,-0.198879,0.008253936,-0.27431464,-0.43900216,0.004492143,-0.3272205,-0.62089384,-0.02551459,-0.35342783,-0.78202266,-0.046974394,-0.072102405,-0.67594624,0.105331555,-0.11215346,-0.9302851,0.033513047,-0.24475496,-0.8768263,-0.022882314,-0.30124438,-0.7589663,-0.04912158,-0.008614233,-0.6883582,0.06061385,-0.0669572,-0.9977559,-0.016309716,-0.23216951,-0.91613007,-0.06377514,-0.29139873,-0.78386635,-0.07486819,0.05237487,-0.67954355,-0.0003947138,-0.0034708027,-0.99124706,-0.07258123,-0.18008581,-0.9229326,-0.097741865,-0.25603268,-0.79199976,-0.09230629,0.09677199,-0.64330447,-0.063482314,0.0009965127,-0.88217163,-0.10777274,-0.1452831,-0.8683032,-0.11542964,-0.22275496,-0.7794788,-0.10683638
STOP,0.0,0.0,0.0,-0.18465711,-0.1912885,0.010540466,-0.2699096,-0.4395097,0.012483894,-0.32150367,-0.6249083,-0.0120736025,-0.35792902,-0.7832939,-0.027442914,-0.07143509,-0.669516,0.11560911,-0.10298698,-0.9313582,0.04934295,-0.23502935,-0.8841652,-0.001593198,-0.29049712,-0.7676502,-0.023143241,-0.011362553,-0.6825313,0.07208204,-0.060984455,-0.9981387,0.00054065377,-0.22584382,-0.9156334,-0.04135676,-0.28254944,-0.7849373,-0.04691932,0.047338944,-0.67644525,0.011897184,-0.0034601963,-0.98841095,-0.05645275,-0.17852856,-0.9164626,-0.07889514,-0.24952543,-0.7857773,-0.070289776,0.091002546,-0.6466416,-0.050335858,-0.001634889,-0.88811696,-0.09058495,-0.146875,-0.86605537,-0.09501091,-0.21913488,-0.76788634,-0.08338941
STOP,0.0,0.0,0.0,-0.18888235,-0.20488426,0.013369674,-0.27557388,-0.44451827,0.01578312,-0.3275136,-0.62981665,-0.009940094,-0.36231032,-0.78901446,-0.027075142,-0.08386316,-0.67210144,0.12986048,-0.111876324,-0.9246351,0.06258689,-0.2381497,-0.88071823,0.0053913426,-0.30083108,-0.7702792,-0.021163138,-0.023825435,-0.6861213,0.083433874,-0.06213991,-0.99806744,0.010031466,-0.22100848,-0.9305182,-0.041287314,-0.28838447,-0.80317986,-0.05453274,0.036637206,-0.6791264,0.019671647,-0.0012361691,-0.989237,-0.04925529,-0.17440288,-0.93337786,-0.080301985,-0.25765774,-0.80953467,-0.07857708,0.083409406,-0.64650005,-0.04614279,0.0003778124,-0.8825728,-0.086054385,-0.14268342,-0.87495524,-0.09581061,-0.2240629,-0.7913634,-0.089395426
STOP,0.0,0.0,0.0,-0.18961342,-0.21210575,0.020461325,-0.27651304,-0.44506598,0.02446611,-0.32928616,-0.6266116,-0.0013074275,-0.35828602,-0.7873444,-0.01959775,-0.08061951,-0.67026293,0.1383513,-0.1145736,-0.9222065,0.07358069,-0.23916933,-0.880223,0.016365854,-0.30411157,-0.77048403,-0.010475791,-0.018340506,-0.68483603,0.08814785,-0.059376124,-0.99823564,0.019543575,-0.21572454,-0.936445,-0.03284089,-0.28773755,-0.8118332,-0.04886279,0.042614233,-0.67792356,0.02114215,0.0031837586,-0.9949104,-0.044721574,-0.16936803,-0.9395016,-0.07682071,-0.2568029,-0.814972,-0.0775162,0.08517615,-0.6445975,-0.047163416,-0.0038595924,-0.88054055,-0.08597049,-0.14674748,-0.8672196,-0.095527224,-0.22959565,-0.78137153,-0.08985692
STOP,0.0,0.0,0.0,-0.19200829,-0.20440751,0.017069494,-0.2818105,-0.4405974,0.020695748,-0.3361831,-0.6268906,-0.003963401,-0.36806902,-0.7881173,-0.02003568,-0.082732156,-0.6655511,0.13321994,-0.11850456,-0.9227091,0.07041637,-0.24790928,-0.88714623,0.017466864,-0.30966064,-0.77775514,-0.006161311,-0.020489577,-0.6814423,0.08606821,-0.065343075,-0.99786294,0.019531563,-0.22669213,-0.9365404,-0.027185095,-0.29423314,-0.81270015,-0.038454488,0.038811542,-0.67659116,0.02193754,-0.0067311516,-0.9915592,-0.042407006,-0.18170331,-0.9396535,-0.070726365,-0.26385683,-0.8179599,-0.068260655,0.07886396,-0.64663166,-0.043815922,-0.013236623,-0.8849678,-0.081644565,-0.15583329,-0.8757792,-0.08983169,-0.23362407,-0.7904224,-0.08260807
STOP,0.0,0.0,0.0,-0.18936042,-0.20677678,0.017983384,-0.27818224,-0.44328207,0.022406412,-0.33199918,-0.6238954,-0.0018864801,-0.3659328,-0.7830299,-0.018980581,-0.088171914,-0.66543317,0.12865941,-0.126785,-0.9174569,0.06392142,-0.25184247,-0.8698054,0.009196455,-0.3098507,-0.7570106,-0.015621103,-0.026593402,-0.68164855,0.08140044,-0.072634615,-0.9973586,0.010891292,-0.23019545,-0.92257035,-0.03805102,-0.29487905,-0.7917411,-0.05007979,0.034559753,-0.6772556,0.01792323,-0.009624243,-0.99431276,-0.048320938,-0.18138684,-0.93053114,-0.077037066,-0.2611234,-0.800228,-0.07425431,0.08057308,-0.64748365,-0.047052752,-0.006378687,-0.8875475,-0.085211396,-0.15107179,-0.87708384,-0.09325791,-0.2324131,-0.7909919,-0.08585218
STOP,0.0,0.0,0.0,-0.19403431,-0.21382841,0.022288714,-0.28013465,-0.45159572,0.028765604,-0.33111417,-0.6336565,0.006413005,-0.36498982,-0.7903789,-0.008277061,-0.08373869,-0.6706025,0.13783726,-0.12255659,-0.92185146,0.07753189,-0.24841477,-0.88686806,0.023551365,-0.31174374,-0.7807817,-0.0018490345,-0.019821538,-0.68717,0.088502705,-0.06591692,-0.9978251,0.024907114,-0.22260083,-0.94147724,-0.024440289,-0.29285526,-0.81823504,-0.039668962,0.040331334,-0.6808599,0.022888588,-0.005030594,-0.99318385,-0.03723494,-0.17615795,-0.9485519,-0.06790661,-0.2610331,-0.8294302,-0.06954787,0.08076289,-0.6484698,-0.04409705,-0.008579452,-0.88096964,-0.07905458,-0.1472812,-0.8804597,-0.08864502,-0.22635455,-0.8049292,-0.0841568
STOP,0.0,0.0,0.0,-0.18992002,-0.20566343,0.019870088,-0.27745637,-0.44060495,0.024224434,-0.33083272,-0.62049586,-0.00053366256,-0.3601934,-0.78237534,-0.01860768,-0.08005204,-0.6640974,0.12992951,-0.119939305,-0.9170438,0.06501397,-0.24571483,-0.878158,0.008847954,-0.3106485,-0.76715124,-0.017060246,-0.016502088,-0.68256044,0.08055257,-0.064474106,-0.9960007,0.012455026,-0.22366513,-0.93138963,-0.037699603,-0.2964916,-0.8018714,-0.05248707,0.043691795,-0.67735606,0.01497388,0.00064575643,-0.99999976,-0.04971644,-0.17236087,-0.94331235,-0.07952994,-0.25928313,-0.81386113,-0.079338156,0.08477895,-0.6440156,-0.05192221,-0.0023814396,-0.8844878,-0.09080747,-0.14436541,-0.87605244,-0.09978496,-0.22747202,-0.7915812,-0.093900725
STOP,0.0,0.0,0.0,-0.18997237,-0.21483052,0.020691931,-0.2767288,-0.44812155,0.027333764,-0.32973516,-0.6334512,0.003851815,-0.36251348,-0.79423153,-0.011136992,-0.074528635,-0.6706714,0.15422225,-0.11026929,-0.92284673,0.093298785,-0.23966856,-0.8868464,0.03688936,-0.30723768,-0.77971756,0.010586456,-0.014121394,-0.68845046,0.10587321,-0.056426447,-0.99840677,0.040501393,-0.2176731,-0.9381109,-0.012183613,-0.29147163,-0.8169463,-0.027807718,0.04465273,-0.68616015,0.03970845,-0.00093570066,-0.99563,-0.024637932,-0.1775849,-0.9399132,-0.05733318,-0.2645919,-0.8163248,-0.057241082,0.08558173,-0.6587227,-0.02794262,-0.0076907794,-0.8898,-0.06471621,-0.15113398,-0.87742335,-0.07390007,-0.23130831,-0.7912802,-0.067248635
STOP,0.0,0.0,0.0,-0.18547012,-0.21211067,0.014332558,-0.27239022,-0.4428846,0.014966077,-0.32738167,-0.62484205,-0.013245515,-0.35331777,-0.7872415,-0.033076473,-0.06436591,-0.6729923,0.1355245,-0.10316783,-0.92602456,0.06856281,-0.23153718,-0.8873142,0.009416763,-0.29799622,-0.77606297,-0.018262986,-0.0032476746,-0.68798983,0.088912584,-0.051524296,-0.9986717,0.019464992,-0.21203509,-0.9351432,-0.033284932,-0.28373873,-0.8094938,-0.049711175,0.05481429,-0.6819984,0.024697315,0.009266661,-0.996074,-0.041956358,-0.16710608,-0.93916255,-0.07335523,-0.25412524,-0.81055033,-0.07311188,0.09272407,-0.6502735,-0.041534852,0.006329632,-0.8895212,-0.08044819,-0.13817607,-0.88052356,-0.089821264,-0.22208579,-0.79325265,-0.083588876
STOP,0.0,0.0,0.0,-0.18892114,-0.20975631,0.013998546,-0.27554107,-0.44294953,0.0149849085,-0.32905498,-0.6248565,-0.012651214,-0.36226264,-0.7870328,-0.031009993,-0.07050117,-0.67594504,0.1368475,-0.10181887,-0.9263589,0.071180105,-0.23369251,-0.88340026,0.014752913,-0.29764462,-0.77019054,-0.010973049,-0.010494355,-0.68859345,0.090486966,-0.05179331,-0.9986579,0.021408675,-0.2153875,-0.9317411,-0.026931511,-0.28196123,-0.80850154,-0.038571108,0.047085755,-0.67963356,0.026345616,0.0041220486,-0.98950386,-0.0412632,-0.1738549,-0.931081,-0.06851182,-0.25543976,-0.80690205,-0.06372012,0.08649386,-0.64628077,-0.039826848,0.000370043,-0.88701487,-0.07950321,-0.14497232,-0.8749216,-0.08575619,-0.22395967,-0.7853408,-0.07587276
STOP,0.0,0.0,0.0,-0.18588027,-0.21653634,0.016913718,-0.2681883,-0.45241603,0.020298108,-0.3189983,-0.6341159,-0.005351503,-0.3520851,-0.79391354,-0.022415021,-0.065998696,-0.67662084,0.13911027,-0.09738488,-0.92701614,0.07514212,-0.22562608,-0.8858377,0.018436398,-0.29195967,-0.7760358,-0.008163762,-0.0058911988,-0.6890776,0.0916029,-0.046742905,-0.99890697,0.023188442,-0.20627539,-0.93779206,-0.028737834,-0.27779168,-0.8163866,-0.043914095,0.052689575,-0.68021595,0.02688761,0.011909821,-0.99434125,-0.03958012,-0.16261904,-0.9430157,-0.0709606,-0.24954446,-0.82219636,-0.070143245,0.09272833,-0.6465249,-0.039488457,0.00722061,-0.88893306,-0.079171315,-0.13677283,-0.8839727,-0.08856147,-0.220426,-0.80155027,-0.081739105
STOP,0.0,0.0,0.0,-0.18035193,-0.21209703,0.014130307,-0.26151007,-0.44804806,0.016738506,-0.31249413,-0.6286976,-0.009257145,-0.34629053,-0.7914444,-0.027007421,-0.06545935,-0.66956586,0.12937199,-0.09472587,-0.92856175,0.06147085,-0.22188233,-0.8872816,0.0044103987,-0.28387654,-0.7740501,-0.021355988,-0.006205289,-0.6830274,0.083330944,-0.04844357,-0.99882597,0.010398522,-0.20751779,-0.93001676,-0.040772926,-0.27316925,-0.80119056,-0.054204646,0.053202853,-0.67548174,0.020144053,0.014833125,-0.994811,-0.048294265,-0.15701911,-0.93591523,-0.07794144,-0.2384425,-0.80719185,-0.07522442,0.099571116,-0.6419956,-0.044965945,0.021179669,-0.8895226,-0.08475173,-0.121466935,-0.88372606,-0.09311591,-0.20368963,-0.7972331,-0.085464284
STOP,0.0,0.0,0.0,-0.18624447,-0.21708116,0.021252688,-0.26861295,-0.45287552,0.0276003,-0.3179729,-0.63548326,0.00341127,-0.35238388,-0.79650354,-0.01311663,-0.06957124,-0.66914135,0.1451982,-0.09772782,-0.92405874,0.080965914,-0.22515503,-0.8873611,0.024215134,-0.28957516,-0.7786044,-0.001934193,-0.009365807,-0.6829325,0.09508102,-0.045869794,-0.9989474,0.024405735,-0.20721786,-0.94020045,-0.029087555,-0.27846304,-0.814043,-0.044267744,0.049749725,-0.6747501,0.027598608,0.014643913,-0.9909331,-0.04024614,-0.16116972,-0.94325876,-0.07476184,-0.24795713,-0.8202947,-0.07543883,0.093486935,-0.6425997,-0.04116952,0.015311512,-0.8887149,-0.08090036,-0.12742618,-0.88627166,-0.091800414,-0.21056262,-0.80219996,-0.08628623
STOP,0.0,0.0,0.0,-0.18925796,-0.21305561,0.02037728,-0.27640003,-0.44443282,0.024637066,-0.32799765,-0.62587124,-0.0010977106,-0.36058843,-0.7863371,-0.018881999,-0.07132716,-0.6669627,0.14043215,-0.1018216,-0.92385596,0.07623089,-0.23228681,-0.8886849,0.020520352,-0.2976665,-0.7811067,-0.004861094,-0.010462344,-0.6816222,0.090747304,-0.05165618,-0.998665,0.02196979,-0.21608119,-0.93637127,-0.02804618,-0.28597334,-0.8102184,-0.041465882,0.046729337,-0.67414886,0.023812395,0.008761603,-0.9916208,-0.041507058,-0.16802259,-0.94039184,-0.071684204,-0.25287434,-0.8157169,-0.07035166,0.08593333,-0.6415941,-0.044675298,0.00709724,-0.8868226,-0.08252747,-0.13533437,-0.8836006,-0.0909545,-0.21673334,-0.80054474,-0.08399524
STOP,0.0,0.0,0.0,-0.18742639,-0.20830394,0.01887873,-0.27433097,-0.4463212,0.022298632,-0.32810295,-0.62803316,-0.0036365888,-0.36197865,-0.7874386,-0.021456163,-0.06788522,-0.6674499,0.13362867,-0.10081739,-0.92523444,0.06708346,-0.2317574,-0.89081,0.010423038,-0.29926798,-0.7831904,-0.015435848,-0.007848993,-0.68142223,0.084148094,-0.053682428,-0.99855804,0.012863372,-0.21749945,-0.93478954,-0.03797186,-0.2880203,-0.8088977,-0.051747072,0.048911143,-0.6741194,0.017712446,0.004039693,-0.9917135,-0.04953981,-0.17286046,-0.93651474,-0.080427386,-0.2578701,-0.8108897,-0.079291195,0.08743086,-0.6412758,-0.05025747,0.0018397507,-0.884213,-0.08953079,-0.1414807,-0.8790623,-0.09915484,-0.22250909,-0.7960887,-0.09304399
STOP,0.0,0.0,0.0,-0.18882424,-0.20861202,0.014919944,-0.2760855,-0.4471665,0.017584523,-0.32956964,-0.62976,-0.008088943,-0.36042863,-0.79030865,-0.02530269,-0.076086126,-0.6680915,0.12938431,-0.10791772,-0.9265517,0.062393676,-0.23769808,-0.88844776,0.006261118,-0.30172533,-0.7773438,-0.019136077,-0.015310353,-0.6823437,0.08309162,-0.061142493,-0.998129,0.0108021535,-0.22245504,-0.9320045,-0.040065795,-0.28898218,-0.8044864,-0.053579498,0.044800773,-0.67663336,0.01976689,0.0023332029,-0.9951597,-0.04846761,-0.17228882,-0.9386609,-0.079032645,-0.25451636,-0.81160456,-0.07724603,0.08875295,-0.6455732,-0.045229502,0.002422669,-0.8882516,-0.08542614,-0.14288166,-0.8818174,-0.0950932,-0.2246657,-0.7970719,-0.08853453
STOP,0.0,0.0,0.0,-0.18310024,-0.21470383,0.017997136,-0.26852173,-0.45027575,0.019614236,-0.32403263,-0.62901324,-0.00804202,-0.35416287,-0.7874488,-0.027558275,-0.0607862,-0.6736539,0.13164356,-0.10034882,-0.93036485,0.06392358,-0.23353367,-0.8899092,0.006089416,-0.2992648,-0.7780471,-0.020420067,0.00040621476,-0.68493026,0.08250298,-0.0509513,-0.99870116,0.010699774,-0.21621747,-0.93161803,-0.041300822,-0.28609085,-0.80392385,-0.05602827,0.05795321,-0.6772109,0.01661061,0.009956927,-0.99427855,-0.05128937,-0.1694653,-0.9360904,-0.08127898,-0.25464305,-0.80808175,-0.07914999,0.09541812,-0.6451952,-0.050736483,0.0058510923,-0.88938147,-0.08990066,-0.13962771,-0.88045466,-0.09754687,-0.22124459,-0.7927155,-0.08945977
STOP,0.0,0.0,0.0,-0.18917616,-0.20879026,0.014790047,-0.27752763,-0.44847178,0.01749567,-0.3329758,-0.6327436,-0.008958205,-0.36179808,-0.7912105,-0.026889479,-0.07912249,-0.67152697,0.13234022,-0.113013685,-0.9276348,0.06346779,-0.24345335,-0.8834928,0.005414433,-0.30511633,-0.77014697,-0.021260569,-0.018140167,-0.6845425,0.085018136,-0.067972,-0.9976872,0.007984761,-0.23063044,-0.92157924,-0.04542221,-0.29356438,-0.78930557,-0.058778826,0.04290298,-0.67771214,0.020502532,-0.0011597044,-0.99464923,-0.051305313,-0.17553121,-0.93045044,-0.08193359,-0.2542994,-0.7981762,-0.07810031,0.08898123,-0.6452022,-0.04569116,0.004641191,-0.891617,-0.0869537,-0.1406745,-0.88442355,-0.0951069,-0.22053996,-0.7962613,-0.08628182
STOP,0.0,0.0,0.0,-0.18509282,-0.2139177,0.017956216,-0.27048668,-0.44944763,0.022253525,-0.32594064,-0.63207114,-0.0029327483,-0.35190248,-0.79240215,-0.019866554,-0.070045374,-0.6715253,0.14392863,-0.105092466,-0.9256112,0.07975223,-0.23374376,-0.8852473,0.022468936,-0.30033085,-0.774432,-0.004010305,-0.007484566,-0.6852287,0.09557004,-0.046219744,-0.9989313,0.026839744,-0.20723887,-0.9386354,-0.027063988,-0.28070965,-0.81532466,-0.04320895,0.05301731,-0.6782606,0.029710336,0.014862203,-0.9938653,-0.036944337,-0.16314663,-0.94002944,-0.071432546,-0.25194183,-0.8157855,-0.07249766,0.09324418,-0.6466544,-0.037560705,0.0036674328,-0.88378316,-0.07645664,-0.14184025,-0.8732946,-0.08742839,-0.2244886,-0.78816974,-0.082068406
STOP,0.0,0.0,0.0,-0.18477406,-0.21248083,0.016091593,-0.26876006,-0.44900006,0.020273501,-0.32399398,-0.6331304,-0.004905347,-0.3576084,-0.7965535,-0.021911236,-0.07230603,-0.669053,0.14111373,-0.10488384,-0.92429304,0.07665376,-0.23118031,-0.88363975,0.019990565,-0.29652846,-0.7741575,-0.0059702927,-0.010909702,-0.68278843,0.093801476,-0.04948187,-0.998775,0.02430778,-0.207428,-0.9367004,-0.02865558,-0.2785699,-0.8147137,-0.04371658,0.050162468,-0.67562264,0.028935438,0.013286665,-0.9940582,-0.038990583,-0.16259366,-0.93848056,-0.07222278,-0.24983503,-0.81438917,-0.07173822,0.09344028,-0.64430636,-0.037480306,0.0070290496,-0.888234,-0.07730891,-0.13876723,-0.8788788,-0.08750768,-0.22184062,-0.79378575,-0.0812061
STOP,0.0,0.0,0.0,-0.18259467,-0.20438738,0.011498126,-0.27034986,-0.4430311,0.013230792,-0.32483765,-0.62954545,-0.013099368,-0.36066616,-0.79352534,-0.031066699,-0.07740768,-0.66865724,0.1311407,-0.106930256,-0.9244957,0.06468419,-0.234558,-0.8830925,0.0073910058,-0.29911637,-0.77549016,-0.019408263,-0.01681276,-0.6827841,0.085565545,-0.055249453,-0.9984726,0.013110038,-0.2146488,-0.936199,-0.03958969,-0.28572628,-0.81351256,-0.05441196,0.043942407,-0.6768154,0.022409778,0.0064832214,-0.99339443,-0.04751849,-0.1680786,-0.93993086,-0.08007082,-0.25467145,-0.8179876,-0.079269804,0.09115019,-0.6470462,-0.04268158,0.0067970892,-0.89178556,-0.0843532,-0.13662942,-0.8810242,-0.09457913,-0.21872377,-0.7929961,-0.088314064
STOP,0.0,0.0,0.0,-0.18544923,-0.21271294,0.020175694,-0.27251732,-0.45059684,0.02509629,-0.3270813,-0.6305355,0.0008046126,-0.3579615,-0.7900824,-0.016238144,-0.07509355,-0.673782,0.1350676,-0.11133398,-0.9244394,0.07072303,-0.23747931,-0.8845836,0.013583892,-0.30340344,-0.7761607,-0.01367963,-0.01327081,-0.6886167,0.085511476,-0.057884317,-0.9983233,0.016146164,-0.21648635,-0.9392368,-0.03704557,-0.28926924,-0.81457627,-0.05377989,0.048125546,-0.6812151,0.019543871,0.0062216865,-0.9973108,-0.04644618,-0.16644117,-0.9481307,-0.07873084,-0.25361654,-0.8259397,-0.0798223,0.0935494,-0.64806813,-0.047708932,0.005939539,-0.88686055,-0.0875132,-0.13589968,-0.8805294,-0.09756626,-0.21796973,-0.7983162,-0.0921016
STOP,0.0,0.0,0.0,-0.188202,-0.20860563,0.016045148,-0.2739398,-0.44479275,0.018335855,-0.3264693,-0.6272107,-0.008047769,-0.3589498,-0.78539646,-0.026101258,-0.068850845,-0.6712116,0.1322304,-0.10312953,-0.9286725,0.06694409,-0.23337947,-0.88286304,0.011153329,-0.29698172,-0.7677867,-0.014144627,-0.007406397,-0.6836367,0.08483748,-0.049175266,-0.9987902,0.015779627,-0.21170323,-0.9325854,-0.03361897,-0.28175762,-0.807034,-0.046494253,0.051803544,-0.6754922,0.020449013,0.011315979,-0.99134845,-0.046036992,-0.16618632,-0.9352146,-0.07518313,-0.25189936,-0.81141007,-0.07268845,0.09265101,-0.64377755,-0.045597598,0.005947501,-0.8869428,-0.08457517,-0.13894854,-0.87593216,-0.092136964,-0.22015163,-0.78912944,-0.084034756
STOP,0.0,0.0,0.0,-0.19063999,-0.21180591,0.015610984,-0.2773195,-0.44772175,0.018106064,-0.32970688,-0.63054246,-0.008588058,-0.36091778,-0.7907828,-0.027233558,-0.08087333,-0.6749729,0.13491672,-0.11924122,-0.9264818,0.06872664,-0.2450223,-0.87333965,0.011698223,-0.30353084,-0.7550625,-0.014819169,-0.019462734,-0.68966943,0.08775488,-0.06812847,-0.9976765,0.014548926,-0.22864538,-0.918337,-0.037789255,-0.29300997,-0.7862425,-0.05135876,0.042446453,-0.6833167,0.023615668,-0.0037610817,-0.9968395,-0.047013983,-0.17803915,-0.9257052,-0.07637883,-0.2562114,-0.791296,-0.07212293,0.09035556,-0.65233314,-0.042046536,-0.00082636403,-0.8931012,-0.08380461,-0.14527956,-0.87281024,-0.090717636,-0.22141849,-0.7760841,-0.080693506
STOP,0.0,0.0,0.0,-0.18574077,-0.20631738,0.015752666,-0.2737054,-0.4388443,0.016178288,-0.32879412,-0.6185165,-0.012410383,-0.35471693,-0.7795322,-0.0331719,-0.07548995,-0.67293596,0.12920102,-0.11222636,-0.92593586,0.06010113,-0.24160235,-0.8776658,0.002141519,-0.3053179,-0.76194704,-0.024160294,-0.014159162,-0.6861316,0.08110833,-0.05999547,-0.9981987,0.0076009315,-0.22175935,-0.9248449,-0.043774355,-0.2903654,-0.79466724,-0.057057697,0.046192266,-0.67847633,0.016102538,0.0017334768,-0.99055195,-0.05382441,-0.17380601,-0.9256283,-0.08369004,-0.25731325,-0.7949609,-0.08073804,0.090682626,-0.6461315,-0.05045626,-0.000644946,-0.88006264,-0.091516964,-0.14414573,-0.8639192,-0.09987943,-0.22312345,-0.774625,-0.09167804
STOP,0.0,0.0,0.0,-0.19310358,-0.20311387,0.014196426,-0.28107867,-0.44321835,0.016044853,-0.3342761,-0.62820834,-0.01070733,-0.36555567,-0.7878444,-0.028906036,-0.08006437,-0.6759253,0.1305853,-0.11782003,-0.9260783,0.06306364,-0.24943341,-0.8774854,0.00649893,-0.31077835,-0.76205885,-0.019256562,-0.019259438,-0.6890376,0.08308738,-0.06636915,-0.99779516,0.010095384,-0.23097682,-0.92509484,-0.04027887,-0.29686785,-0.79677564,-0.05255007,0.040605035,-0.68023086,0.018320577,-0.0073025147,-0.9858964,-0.052658767,-0.18655823,-0.9225944,-0.08324926,-0.2671872,-0.7964247,-0.08016804,0.08384315,-0.6470774,-0.048078876,-0.008964487,-0.882957,-0.0900834,-0.1545268,-0.8649165,-0.09858794,-0.23084348,-0.7720358,-0.09016185
STOP,0.0,0.0,0.0,-0.18680847,-0.21169005,0.013908115,-0.27294183,-0.44498712,0.013596204,-0.32649025,-0.6241838,-0.015237713,-0.35106727,-0.78369206,-0.035918314,-0.07123967,-0.6731304,0.12589481,-0.10667729,-0.9269856,0.05627004,-0.23714286,-0.8793879,-0.001983326,-0.30068082,-0.76280177,-0.028733086,-0.00925991,-0.68701047,0.07856274,-0.054438647,-0.9985171,0.004479402,-0.21711646,-0.92669284,-0.04720473,-0.28581685,-0.79752,-0.060991902,0.050837956,-0.67844653,0.0142311575,0.00434795,-0.9896376,-0.05649655,-0.17215377,-0.92654914,-0.08719085,-0.25518265,-0.7975083,-0.08489739,0.09333077,-0.64410263,-0.051708575,0.0021810343,-0.880485,-0.09369698,-0.14267083,-0.8666359,-0.1028389,-0.22243388,-0.7785835,-0.09529815
STOP,0.0,0.0,0.0,-0.19456477,-0.20201734,0.016957859,-0.28244233,-0.44366336,0.021025613,-0.33228073,-0.6305645,-0.0033498704,-0.37058327,-0.7864713,-0.01877044,-0.07932615,-0.6718694,0.13021833,-0.11131186,-0.9251091,0.067034066,-0.24392137,-0.8790408,0.014868685,-0.30231896,-0.7636682,-0.008437959,-0.018842904,-0.68565875,0.08260517,-0.06211651,-0.9980689,0.015297343,-0.22796872,-0.9254617,-0.028522987,-0.289767,-0.79854846,-0.03725541,0.040205956,-0.67748064,0.018006226,-0.0029428669,-0.9907258,-0.04839569,-0.18132585,-0.9300215,-0.07343411,-0.2567927,-0.804529,-0.067775175,0.081655666,-0.64461505,-0.0482428,-0.0070673195,-0.8874855,-0.0878735,-0.15436941,-0.8732295,-0.09383929,-0.22933623,-0.780964,-0.08431744
STOP,0.0,0.0,0.0,-0.18864991,-0.2068431,0.01629515,-0.27486125,-0.44268417,0.017971616,-0.32543138,-0.6236045,-0.009153704,-0.35337055,-0.78031015,-0.028499322,-0.079126544,-0.6702309,0.12681869,-0.1114896,-0.9242202,0.059180673,-0.24004748,-0.8774948,0.0025811873,-0.300542,-0.7595905,-0.02323211,-0.016472137,-0.6852755,0.078662135,-0.05731416,-0.9983562,0.0068810917,-0.21912959,-0.9277492,-0.04240443,-0.2851598,-0.79610056,-0.054934137,0.045762353,-0.67755044,0.013683759,0.0066357655,-0.9949356,-0.054698087,-0.16758107,-0.9357413,-0.083287045,-0.24760565,-0.8056679,-0.0803772,0.09250723,-0.6433801,-0.05289026,0.007232491,-0.88451165,-0.09388461,-0.13665651,-0.87425643,-0.10204503,-0.21518396,-0.7860241,-0.094233885
STOP,0.0,0.0,0.0,-0.18694745,-0.2146117,0.017620858,-0.26845607,-0.44968948,0.019461352,-0.31832182,-0.630944,-0.0074137766,-0.3508062,-0.78564394,-0.025327498,-0.06848525,-0.67281115,0.12951244,-0.09575786,-0.9285777,0.06271347,-0.23018354,-0.8825492,0.008253642,-0.2908677,-0.76257557,-0.0154824685,-0.008721695,-0.68577653,0.08114555,-0.04408578,-0.9990277,0.012914609,-0.2103843,-0.93184966,-0.0318503,-0.27480906,-0.8051629,-0.041106693,0.049640894,-0.67527956,0.015632635,0.010977596,-0.98619187,-0.050358452,-0.16834036,-0.93041307,-0.076635376,-0.24713036,-0.806598,-0.071905926,0.09006879,-0.63948375,-0.051504467,0.00079029467,-0.8745178,-0.09021257,-0.14498317,-0.8642007,-0.09735043,-0.22052869,-0.7784331,-0.08858896
STOP,0.0,0.0,0.0,-0.19021814,-0.21435107,0.025839707,-0.27351084,-0.45207322,0.03422865,-0.32302624,-0.63682926,0.011327946,-0.3601361,-0.79494655,-0.0037269855,-0.08009011,-0.67205554,0.15004955,-0.108042665,-0.92334104,0.09002808,-0.235662,-0.8862786,0.03699695,-0.29507557,-0.7795341,0.012781425,-0.021239305,-0.68706477,0.09804999,-0.05543321,-0.9984624,0.03254065,-0.21691124,-0.9361561,-0.015160663,-0.2825462,-0.8120513,-0.02675738,0.038494453,-0.6808891,0.029052744,0.0019736257,-0.9883212,-0.03469891,-0.17459528,-0.9328259,-0.063681126,-0.2537715,-0.8085498,-0.061135717,0.0847266,-0.65235865,-0.041227452,0.00076056796,-0.8890667,-0.07694845,-0.14363925,-0.8750167,-0.08354922,-0.21967112,-0.7823467,-0.07531831
STOP,0.0,0.0,0.0,-0.1862994,-0.21164054,0.02399377,-0.2762193,-0.44880834,0.029843664,-0.33431095,-0.6313902,0.0054512164,-0.365157,-0.7898076,-0.012192641,-0.07587075,-0.67085725,0.13964738,-0.11726922,-0.92009014,0.07745833,-0.2444983,-0.8819547,0.02142387,-0.31211653,-0.77780473,-0.00527099,-0.014570092,-0.68824196,0.088523306,-0.06503328,-0.9978831,0.020865768,-0.22530428,-0.9351652,-0.031432316,-0.30000734,-0.8091971,-0.04757274,0.044168897,-0.68362564,0.021434918,-0.0053436044,-0.9924392,-0.04221686,-0.1791608,-0.9348603,-0.074021436,-0.26680705,-0.8087612,-0.07528596,0.085356236,-0.6535476,-0.046716426,-0.0043031992,-0.8848199,-0.08344908,-0.14594282,-0.86987543,-0.09216863,-0.22776549,-0.78127426,-0.086339876
STOP,0.0,0.0,0.0,-0.18546222,-0.20440198,0.026770439,-0.27446115,-0.44308645,0.035859644,-0.3255077,-0.62541,0.01409211,-0.35534534,-0.77943206,0.00019021667,-0.07326574,-0.6707901,0.14783143,-0.10050701,-0.9229154,0.0891356,-0.23014908,-0.8826141,0.03652442,-0.29617995,-0.7766866,0.012770099,-0.014205954,-0.6832124,0.09599406,-0.048376024,-0.99882925,0.03246123,-0.21133283,-0.9332411,-0.014153189,-0.28188074,-0.8100435,-0.024859618,0.04396047,-0.6750538,0.027871244,0.009482434,-0.9869001,-0.03234494,-0.16621582,-0.92864215,-0.059024468,-0.24957053,-0.80434716,-0.05539987,0.08792256,-0.6434237,-0.041477855,0.010564806,-0.88766915,-0.07336428,-0.13265376,-0.8718784,-0.076419115,-0.2120313,-0.7784572,-0.065970466
STOP,0.0,0.0,0.0,-0.18909799,-0.21080592,0.022893406,-0.27613875,-0.4480573,0.029234042,-0.32786435,-0.6334787,0.005471377,-0.36236918,-0.7908208,-0.009788293,-0.077064104,-0.6696744,0.14452878,-0.10612053,-0.92262673,0.08310237,-0.23698112,-0.8853337,0.029766474,-0.30004007,-0.7773914,0.0057601873,-0.017507058,-0.6845649,0.094387926,-0.05698974,-0.99837476,0.028962653,-0.22004248,-0.9351652,-0.017982401,-0.286582,-0.8105978,-0.029087488,0.04127725,-0.6789186,0.027295975,-0.00082732755,-0.9863931,-0.035467718,-0.1766948,-0.93032074,-0.063386016,-0.25660604,-0.80659014,-0.060287103,0.084373794,-0.6494955,-0.041246675,-0.0032883817,-0.8854811,-0.0762364,-0.1455192,-0.87141794,-0.08210456,-0.22048725,-0.7798986,-0.07317909
STOP,0.0,0.0,0.0,-0.18883309,-0.21209264,0.022612052,-0.2765017,-0.44934186,0.0284051,-0.32741892,-0.63296634,0.0038566138,-0.35655552,-0.7920741,-0.013051431,-0.08076394,-0.6732902,0.14400418,-0.11319845,-0.92146885,0.081452675,-0.24094617,-0.8828095,0.024900742,-0.3059669,-0.7758248,-0.0020125841,-0.020550504,-0.68867195,0.09291393,-0.059176333,-0.9982475,0.025226235,-0.2194129,-0.9382342,-0.026991421,-0.2909956,-0.812701,-0.042665016,0.039376494,-0.6825697,0.025035745,0.0021235712,-0.99207133,-0.039197024,-0.17245606,-0.94082844,-0.07174835,-0.25833088,-0.8164249,-0.07270045,0.08424167,-0.65111566,-0.044253137,0.0012892849,-0.8869688,-0.081380494,-0.1407668,-0.87932456,-0.09081325,-0.22169007,-0.7931237,-0.08504664
STOP,0.0,0.0,0.0,-0.1863949,-0.21159428,0.022127539,-0.27596614,-0.4452348,0.027351955,-0.32991254,-0.62721795,0.0022818542,-0.3587078,-0.7872801,-0.0153885605,-0.07698473,-0.6709556,0.14315532,-0.11110407,-0.9235527,0.08044965,-0.2381999,-0.887472,0.023336915,-0.305682,-0.7827837,-0.003949884,-0.017158857,-0.68527204,0.09217286,-0.057039503,-0.9983719,0.024007667,-0.21619758,-0.94081235,-0.030183733,-0.292091,-0.8166545,-0.047334466,0.042394746,-0.6787731,0.024545483,0.0052479897,-0.99303067,-0.0395374,-0.16851526,-0.9433814,-0.07347508,-0.25897443,-0.8201571,-0.07553848,0.08647915,-0.64682883,-0.044429805,0.0026846223,-0.88516235,-0.08154749,-0.13896814,-0.8782017,-0.09177345,-0.22309886,-0.7937631,-0.08676876
STOP,0.0,0.0,0.0,-0.18901044,-0.2160074,0.023080891,-0.2772815,-0.4515418,0.029560702,-0.33163887,-0.6341584,0.005196335,-0.36088723,-0.79540914,-0.011857785,-0.08552198,-0.675014,0.14904168,-0.12296695,-0.9227635,0.08690613,-0.24633081,-0.88316995,0.029050581,-0.31176507,-0.7762218,0.00090878597,-0.025215605,-0.6913193,0.09794588,-0.06933009,-0.9975938,0.029341958,-0.22565308,-0.9341718,-0.026515171,-0.29926667,-0.807662,-0.044725154,0.03631919,-0.687032,0.030136732,-0.0037637048,-0.9980062,-0.03463523,-0.17554358,-0.93935615,-0.06838431,-0.26310465,-0.8107088,-0.06997393,0.084330805,-0.6565167,-0.039013218,-0.0019649153,-0.88908976,-0.07642484,-0.14371623,-0.8767474,-0.086067855,-0.22621863,-0.78878903,-0.08033828
STOP,0.0,0.0,0.0,-0.18743135,-0.21272023,0.0211376,-0.27756807,-0.44691458,0.025729146,-0.33246395,-0.62802,0.00027969579,-0.36387834,-0.788933,-0.017788729,-0.0774965,-0.67024726,0.14275509,-0.10753031,-0.9187461,0.07884121,-0.23441716,-0.8795477,0.020203657,-0.3032984,-0.77340657,-0.008347088,-0.01675258,-0.6863773,0.092590995,-0.05580564,-0.99789643,0.023735428,-0.21407145,-0.9365084,-0.030220486,-0.28815794,-0.8110702,-0.04761092,0.044449996,-0.6816217,0.025604343,0.0062597366,-0.99998045,-0.039001092,-0.16695055,-0.9424794,-0.07065806,-0.25489426,-0.81460214,-0.0715489,0.092162155,-0.65016085,-0.042910032,0.004131924,-0.8838127,-0.0805724,-0.14019711,-0.87124294,-0.09013356,-0.22482651,-0.78628206,-0.084888265
STOP,0.0,0.0,0.0,-0.18542616,-0.20449032,0.017081272,-0.27363202,-0.44700512,0.022487663,-0.32738858,-0.6330474,-0.0011349871,-0.36044812,-0.7908221,-0.016192073,-0.08016828,-0.66649115,0.14043349,-0.11152425,-0.9222262,0.07585649,-0.24086656,-0.8803514,0.019655192,-0.30437562,-0.7698175,-0.0061793034,-0.02005312,-0.6836769,0.0928575,-0.0575368,-0.9983434,0.022511961,-0.21960773,-0.9309747,-0.02844568,-0.28814325,-0.8038878,-0.041494608,0.040470324,-0.68134135,0.027910447,0.004881187,-0.9950173,-0.038671046,-0.17174062,-0.93409824,-0.06924832,-0.25494313,-0.8062297,-0.06716691,0.087964654,-0.65319544,-0.038802627,0.004968709,-0.8901025,-0.07658217,-0.13967372,-0.8753339,-0.08485857,-0.2189665,-0.78574055,-0.07751501
STOP,0.0,0.0,0.0,-0.18508528,-0.21014756,0.020382863,-0.27038077,-0.44975054,0.025563492,-0.3214061,-0.6306229,0.0008927098,-0.35070154,-0.78736085,-0.015751941,-0.070905216,-0.6691312,0.13991815,-0.10344906,-0.92316,0.07506422,-0.23376389,-0.87990254,0.018605141,-0.29729408,-0.76729673,-0.0076230695,-0.01070063,-0.6847,0.089920945,-0.048604187,-0.9988181,0.019320637,-0.21197087,-0.93160474,-0.03205314,-0.2815094,-0.8021768,-0.045846578,0.04918485,-0.6796055,0.022950375,0.010927553,-0.9950094,-0.044046067,-0.1670293,-0.9337203,-0.07487244,-0.2505182,-0.8030466,-0.07322861,0.09439458,-0.64903367,-0.045459,0.0075565805,-0.884956,-0.0841119,-0.13738336,-0.8713058,-0.09314791,-0.2162764,-0.78316474,-0.086381085
STOP,0.0,0.0,0.0,-0.18494888,-0.2086041,0.017226852,-0.27237087,-0.45213494,0.022673292,-0.3245181,-0.6364431,-0.0008880395,-0.35956857,-0.79452366,-0.015835354,-0.08386622,-0.67182285,0.13827465,-0.11076005,-0.9224267,0.07507522,-0.2379188,-0.8783813,0.020797016,-0.296823,-0.76864886,-0.004555283,-0.02363906,-0.68761855,0.09053032,-0.057071812,-0.99837005,0.020826973,-0.21696189,-0.9306737,-0.027805064,-0.28035384,-0.80412966,-0.03951888,0.038158644,-0.681907,0.025572784,0.00540447,-0.9931749,-0.04054805,-0.16765705,-0.9344209,-0.069018684,-0.24510472,-0.8079569,-0.06575402,0.088467225,-0.65069294,-0.041302074,0.008125773,-0.88762283,-0.07925001,-0.1345844,-0.87528074,-0.08706442,-0.20968165,-0.7851138,-0.0793934
STOP,0.0,0.0,0.0,-0.18232769,-0.20308855,0.01567111,-0.2694755,-0.43839344,0.016202442,-0.32090303,-0.62064976,-0.011921716,-0.34591922,-0.7816427,-0.031650376,-0.07383315,-0.66874295,0.12876229,-0.10107293,-0.92551225,0.062478065,-0.23089744,-0.8833635,0.006775462,-0.29433954,-0.7727895,-0.018973187,-0.013537121,-0.6826546,0.08092983,-0.04807781,-0.99884355,0.011420737,-0.21032321,-0.93543917,-0.036762767,-0.2802726,-0.8106902,-0.049208127,0.04679239,-0.67536044,0.016204197,0.00985136,-0.9935528,-0.049729034,-0.16660903,-0.9352725,-0.07684898,-0.2502158,-0.8089794,-0.07369198,0.09267849,-0.6424342,-0.050424814,0.00424177,-0.8782534,-0.089399286,-0.13945763,-0.8629999,-0.097114146,-0.21727355,-0.7745333,-0.089575924
STOP,0.0,0.0,0.0,-0.19065222,-0.21122195,0.018987421,-0.27904794,-0.44970825,0.02296569,-0.33147055,-0.63556266,-0.003026931,-0.36537203,-0.7932669,-0.020411095,-0.080847725,-0.6767579,0.14158182,-0.10784866,-0.92801493,0.076777905,-0.23802018,-0.8864461,0.020120274,-0.30238315,-0.7790079,-0.006725366,-0.022180876,-0.6894325,0.091738224,-0.059808083,-0.9982099,0.020969253,-0.22229294,-0.9330453,-0.030576121,-0.2910997,-0.81034464,-0.04476222,0.03774283,-0.6818018,0.02452703,-0.0027911216,-0.98646337,-0.04407915,-0.18032506,-0.9266573,-0.075274795,-0.26269743,-0.80323386,-0.07357926,0.084003486,-0.6513112,-0.044273563,-0.003604707,-0.8848262,-0.08400294,-0.14835888,-0.8663534,-0.09246519,-0.2252527,-0.7735101,-0.08499804
STOP,0.0,0.0,0.0,-0.18585145,-0.20409809,0.016856061,-0.27439344,-0.44227105,0.018789668,-0.328327,-0.62225986,-0.007937595,-0.3581224,-0.7799165,-0.026633082,-0.07991551,-0.6711143,0.12959707,-0.1119755,-0.92671275,0.062384523,-0.24327065,-0.8843536,0.0053185485,-0.30947813,-0.7756196,-0.021408888,-0.019939477,-0.68451923,0.08104004,-0.060458004,-0.99817073,0.007927553,-0.22440898,-0.9302288,-0.04366504,-0.29602385,-0.8024173,-0.05753205,0.040085945,-0.67778563,0.015860217,-0.0011346134,-0.99047625,-0.05239218,-0.177813,-0.9280059,-0.082793705,-0.26238972,-0.79985994,-0.08112408,0.08648047,-0.64551973,-0.05093835,-0.0030235539,-0.87722266,-0.09094716,-0.14611195,-0.858624,-0.100042336,-0.22369562,-0.7678088,-0.093221836
STOP,0.0,0.0,0.0,-0.1908963,-0.20564276,0.019107196,-0.27830794,-0.44509453,0.02379377,-0.32992497,-0.6292434,-0.0013517328,-0.36539906,-0.7864964,-0.018488185,-0.08537513,-0.6745991,0.14054067,-0.11502815,-0.9249592,0.07643104,-0.24473575,-0.88224435,0.020018635,-0.30876672,-0.774444,-0.0068351743,-0.026268374,-0.68705106,0.090737134,-0.0642195,-0.99793583,0.019678257,-0.22674216,-0.93125564,-0.03293954,-0.2965709,-0.80471516,-0.047846925,0.034283116,-0.6798585,0.023805404,-0.004097914,-0.98844415,-0.044145495,-0.18112244,-0.9280143,-0.076989986,-0.264326,-0.8019702,-0.076842636,0.08257729,-0.6494362,-0.044640437,-0.0046196044,-0.88416404,-0.08404259,-0.14834903,-0.865918,-0.093736924,-0.22524178,-0.7728715,-0.08757233
STOP,0.0,0.0,0.0,-0.18716876,-0.21532786,0.02167364,-0.2736849,-0.45033693,0.025717892,-0.32713258,-0.63076025,-0.0008645106,-0.35050806,-0.7895079,-0.01953551,-0.0759548,-0.675365,0.14430892,-0.109814055,-0.9247637,0.080329105,-0.23859277,-0.8833634,0.02232709,-0.30411038,-0.77531254,-0.006026981,-0.014767135,-0.688836,0.0924144,-0.054700192,-0.99850285,0.022892972,-0.21618722,-0.93667823,-0.031524803,-0.28932127,-0.81041855,-0.04894286,0.04589686,-0.68112904,0.023441138,0.0054561384,-0.9917018,-0.042645294,-0.17204325,-0.93648374,-0.07642773,-0.259284,-0.810834,-0.07822819,0.08921029,-0.64757675,-0.046970807,-0.0015785814,-0.8777535,-0.085941315,-0.14580786,-0.8650649,-0.0970706,-0.2262269,-0.77919936,-0.092693605
STOP,0.0,0.0,0.0,-0.18859169,-0.20257027,0.0138776405,-0.27826554,-0.44120738,0.014231818,-0.33138075,-0.62835413,-0.013741783,-0.35741958,-0.7878555,-0.033249665,-0.079057224,-0.6723158,0.12826091,-0.110198215,-0.9233861,0.062386077,-0.24110188,-0.8792172,0.0065049133,-0.3038509,-0.7680033,-0.019933071,-0.018554734,-0.6858135,0.08090416,-0.05804085,-0.9983142,0.010508237,-0.22136086,-0.93270046,-0.038132574,-0.2900886,-0.8077605,-0.050679147,0.043425526,-0.67779124,0.016490305,0.0010663791,-0.99037313,-0.052008066,-0.17694344,-0.92941666,-0.08000949,-0.2589514,-0.80390614,-0.07674041,0.091642454,-0.6443201,-0.049816675,-0.0014552819,-0.8815079,-0.09130755,-0.14729483,-0.8605398,-0.09920502,-0.22365339,-0.7655427,-0.09127492
STOP,0.0,0.0,0.0,-0.1893019,-0.20246673,0.013798208,-0.27687427,-0.4390261,0.012464576,-0.32848328,-0.6212455,-0.016349945,-0.3576372,-0.77867806,-0.036071125,-0.076629065,-0.67365795,0.117065944,-0.10761455,-0.9280167,0.048085444,-0.2405678,-0.87872463,-0.0071066907,-0.3000142,-0.7609652,-0.03234995,-0.015840331,-0.68659407,0.070045106,-0.06159396,-0.9981013,-0.002499895,-0.22560693,-0.92176694,-0.047804426,-0.28647703,-0.7909087,-0.05725321,0.044545356,-0.678235,0.0065918313,-0.0072841505,-0.9818685,-0.06039847,-0.18276067,-0.9141438,-0.08367304,-0.2566483,-0.7866257,-0.07750455,0.09070524,-0.6428106,-0.058970578,-0.007355765,-0.86934054,-0.0981767,-0.1532283,-0.8503751,-0.10377989,-0.22634098,-0.76077336,-0.094168276
STOP,0.0,0.0,0.0,-0.18675673,-0.21291594,0.018614098,-0.27394268,-0.4527568,0.022411384,-0.32532194,-0.6357124,-0.0035208499,-0.3579903,-0.7941105,-0.021348322,-0.074841894,-0.67877483,0.13825785,-0.109786354,-0.9249632,0.07429763,-0.23779987,-0.88136023,0.017887497,-0.29789647,-0.7727646,-0.0091844015,-0.015351388,-0.6913923,0.08890442,-0.059355155,-0.9982369,0.017978719,-0.22096935,-0.931046,-0.034007657,-0.2879439,-0.8059491,-0.04864307,0.04569866,-0.68390214,0.02267028,0.0010992856,-0.9888144,-0.045725055,-0.17535315,-0.9276116,-0.07647327,-0.25621104,-0.8013901,-0.07461942,0.094369695,-0.6521259,-0.045157827,0.0059007374,-0.88750046,-0.08511711,-0.1381029,-0.8699457,-0.093201324,-0.21497363,-0.775678,-0.085396096
STOP,0.0,0.0,0.0,-0.18244958,-0.20783594,0.014490035,-0.26811314,-0.4442105,0.014871335,-0.32023248,-0.62327874,-0.0132898735,-0.34962162,-0.7824596,-0.032917295,-0.0732653,-0.67383105,0.12538742,-0.10699507,-0.92489415,0.05758943,-0.23539959,-0.8704643,0.0012372156,-0.29124558,-0.7504951,-0.024612445,-0.012844277,-0.6864168,0.07837694,-0.05316102,-0.9985859,0.0050179674,-0.21434845,-0.9198855,-0.043554146,-0.27529153,-0.7870089,-0.054370698,0.049413882,-0.6779726,0.014700976,0.006499286,-0.9861439,-0.053507652,-0.16821402,-0.9153329,-0.07923272,-0.2428751,-0.7825659,-0.07341986,0.09981185,-0.6432075,-0.050977238,0.010680369,-0.87821513,-0.0899346,-0.1352028,-0.85716116,-0.09539927,-0.21019165,-0.7610845,-0.08519767
STOP,0.0,0.0,0.0,-0.19411042,-0.2124434,0.015211361,-0.28578427,-0.4454577,0.017078236,-0.34084666,-0.630857,-0.010741622,-0.3712429,-0.79632074,-0.030309003,-0.09402893,-0.6758558,0.1408119,-0.12587816,-0.9221676,0.07521045,-0.2519507,-0.87691116,0.015614761,-0.3149416,-0.7679587,-0.013778832,-0.034613058,-0.69023335,0.09261548,-0.07325234,-0.9973134,0.02071513,-0.23066847,-0.93770283,-0.03534602,-0.30229518,-0.8175106,-0.05358081,0.02865711,-0.68458176,0.026808783,-0.014351534,-0.991731,-0.043826338,-0.18945138,-0.93226415,-0.07824124,-0.27453852,-0.80819136,-0.07893909,0.08171856,-0.65407664,-0.040725414,-0.012699462,-0.88834417,-0.08309899,-0.15853316,-0.8681949,-0.09362439,-0.23980801,-0.7737913,-0.0877476
STOP,0.0,0.0,0.0,-0.1832353,-0.20549501,0.018862328,-0.2714456,-0.44324267,0.022120364,-0.32534608,-0.62498975,-0.0036595028,-0.35031173,-0.7828832,-0.021746477,-0.071522094,-0.67249584,0.13455936,-0.103321016,-0.9257013,0.071516864,-0.23016353,-0.87916446,0.016248766,-0.29626843,-0.7684849,-0.0095827645,-0.010488111,-0.6860052,0.0860951,-0.049661007,-0.99876606,0.019111238,-0.20896587,-0.93339187,-0.030695591,-0.2843716,-0.8101752,-0.044563614,0.051798668,-0.6795446,0.02129656,0.007587295,-0.99613476,-0.044080425,-0.1662463,-0.9316678,-0.07237775,-0.25323758,-0.80564517,-0.07002792,0.09986638,-0.6479107,-0.044755258,0.0021022547,-0.881016,-0.0835731,-0.14034209,-0.8528392,-0.08992233,-0.21878304,-0.75751334,-0.081249304
STOP,0.0,0.0,0.0,-0.18915214,-0.20699102,0.0185522,-0.27626836,-0.4477517,0.02334532,-0.32926878,-0.63269037,-0.0013185606,-0.3632724,-0.7936276,-0.016926916,-0.073899016,-0.67943823,0.14110607,-0.09880747,-0.9313995,0.07717708,-0.23282774,-0.88906956,0.021136448,-0.30048308,-0.7796956,-0.005291029,-0.016224647,-0.6904398,0.09245625,-0.053649668,-0.9985598,0.024152854,-0.21815343,-0.9360623,-0.025828073,-0.28855157,-0.81663615,-0.039550014,0.043290984,-0.6819055,0.026515966,-3.230802e-05,-0.9875103,-0.0399484,-0.17920186,-0.92625916,-0.069001496,-0.26317158,-0.8042944,-0.06638492,0.09174567,-0.65041417,-0.041145094,0.0001443581,-0.88657844,-0.079848066,-0.14630422,-0.8648634,-0.086669125,-0.22514033,-0.7688373,-0.07806929
STOP,0.0,0.0,0.0,-0.19000053,-0.21633038,0.017929785,-0.27670458,-0.44948006,0.02016296,-0.3292527,-0.63152504,-0.0073060547,-0.35532945,-0.79213625,-0.026946787,-0.079526074,-0.6707817,0.13712148,-0.110706374,-0.9207725,0.070408665,-0.23751538,-0.88172144,0.011531194,-0.303097,-0.77372944,-0.016874576,-0.017510112,-0.6865556,0.08764852,-0.057556722,-0.9983422,0.01473856,-0.21642369,-0.934339,-0.039875932,-0.28737167,-0.8077301,-0.056509074,0.046445653,-0.6802202,0.021105273,0.0051410166,-0.9943702,-0.048067022,-0.16900116,-0.93728733,-0.08161558,-0.25416353,-0.8106465,-0.08216389,0.09672727,-0.6462451,-0.046981357,0.005182461,-0.8800851,-0.08867781,-0.14004093,-0.8705851,-0.100528754,-0.22202134,-0.7862725,-0.09581531
STOP,0.0,0.0,0.0,-0.19275409,-0.20736082,0.015127606,-0.2855787,-0.44083956,0.014626874,-0.3417441,-0.62497526,-0.014791341,-0.369708,-0.7862225,-0.035607893,-0.090566926,-0.6717306,0.12882103,-0.12076357,-0.9228791,0.060104646,-0.25166014,-0.8785417,0.0024719168,-0.3137055,-0.76495945,-0.024490258,-0.02766023,-0.68480045,0.07992059,-0.06634633,-0.9977967,0.006578727,-0.23058169,-0.93106097,-0.043360785,-0.29822996,-0.8026444,-0.05629219,0.035842907,-0.67733616,0.0137318,-0.004377532,-0.9895232,-0.056102663,-0.18279524,-0.93075734,-0.08548187,-0.264824,-0.80378777,-0.082951546,0.08482903,-0.6447028,-0.054266617,-0.007720664,-0.8781865,-0.09621304,-0.15518208,-0.86239576,-0.10536666,-0.23474142,-0.7719383,-0.09841734
STOP,0.0,0.0,0.0,-0.19030638,-0.21403243,0.01905744,-0.28081366,-0.4472539,0.020288501,-0.33468363,-0.62937546,-0.00843327,-0.35870197,-0.78764594,-0.028982062,-0.07715574,-0.676388,0.13714223,-0.11055307,-0.9252217,0.07105446,-0.24066782,-0.88253033,0.013086321,-0.30568263,-0.77196735,-0.014890821,-0.014303089,-0.6893505,0.08630055,-0.056909293,-0.99837935,0.015014041,-0.22055078,-0.93430424,-0.036855806,-0.29319775,-0.8065943,-0.051986586,0.048160624,-0.68137616,0.018329024,0.0037027,-0.9928643,-0.050199866,-0.1754252,-0.9351644,-0.08049007,-0.2623096,-0.8091114,-0.07906386,0.09359841,-0.64808136,-0.05120144,-0.0016247911,-0.88087803,-0.09268158,-0.14872046,-0.8650869,-0.10197894,-0.23084308,-0.7769636,-0.09534812
STOP,0.0,0.0,0.0,-0.18696284,-0.2086051,0.010594492,-0.27738076,-0.44210887,0.008228989,-0.33240208,-0.6239537,-0.021956481,-0.3560699,-0.7814222,-0.042439323,-0.082314536,-0.67309797,0.12325659,-0.10845744,-0.9258167,0.053007517,-0.24018845,-0.8746061,-0.004091454,-0.29790726,-0.7545496,-0.030271275,-0.019974314,-0.68674505,0.07707049,-0.054121785,-0.9985343,0.003329765,-0.21774474,-0.92568547,-0.043446418,-0.27900755,-0.7952217,-0.053397395,0.04293433,-0.677841,0.013182413,0.006479513,-0.98940986,-0.05603432,-0.17002532,-0.9272785,-0.080991976,-0.24558954,-0.79875296,-0.074851185,0.09127794,-0.64219457,-0.053116724,0.0019312792,-0.87777644,-0.09385187,-0.14585352,-0.86305094,-0.10054735,-0.22186904,-0.77234405,-0.09132414
STOP,0.0,0.0,0.0,-0.19190218,-0.21009831,0.015976118,-0.28453016,-0.4415774,0.01604071,-0.3393628,-0.6239741,-0.012738637,-0.3653513,-0.78327924,-0.032414027,-0.08994719,-0.674569,0.12970485,-0.117930956,-0.9257798,0.06188158,-0.24946909,-0.8774316,0.0048616375,-0.30999434,-0.76037407,-0.021907097,-0.028856235,-0.6883617,0.08091774,-0.06479314,-0.9978987,0.010959082,-0.22714053,-0.9317956,-0.036441363,-0.29192856,-0.8060497,-0.04872481,0.03321985,-0.6792487,0.014727184,-0.006390299,-0.98707616,-0.05161489,-0.18275902,-0.92979157,-0.07794754,-0.26206103,-0.8062013,-0.074452505,0.08170148,-0.6441689,-0.053534128,-0.010341947,-0.87626183,-0.09247898,-0.15594408,-0.8619236,-0.09959321,-0.23254116,-0.7737327,-0.09179961
STOP,0.0,0.0,0.0,-0.19480348,-0.20442313,0.02199414,-0.28503796,-0.43787384,0.02373368,-0.3352298,-0.62200993,-0.004636412,-0.36173278,-0.7833495,-0.025351398,-0.082878076,-0.674228,0.13302521,-0.11762518,-0.92225456,0.06776949,-0.2510381,-0.88047135,0.011347361,-0.3157297,-0.7678259,-0.015407291,-0.019439302,-0.68664324,0.08021061,-0.06329312,-0.997995,0.014907838,-0.22815815,-0.93750584,-0.032219723,-0.29854393,-0.8144435,-0.046265017,0.041760083,-0.6759134,0.010696763,-0.0054083318,-0.98724276,-0.053856503,-0.18510915,-0.93162465,-0.08085452,-0.2686277,-0.80901575,-0.07923303,0.08526517,-0.64071697,-0.060219962,-0.012038855,-0.8762806,-0.099355035,-0.15574594,-0.857745,-0.10572032,-0.23150764,-0.7661078,-0.098067075
STOP,0.0,0.0,0.0,-0.19617301,-0.21196319,0.021539398,-0.2879931,-0.45104825,0.02655183,-0.34071556,-0.63850874,0.00080772786,-0.36862546,-0.7960558,-0.017091494,-0.089843184,-0.6766089,0.14530301,-0.118097976,-0.92142504,0.08342955,-0.24475798,-0.8825594,0.027183035,-0.30784604,-0.7783865,-0.00070473977,-0.026457153,-0.6906943,0.09305306,-0.06509101,-0.9978794,0.024992686,-0.22447902,-0.9410822,-0.027240537,-0.2947014,-0.81835294,-0.043537136,0.038576417,-0.68330586,0.023603301,-0.0032819055,-0.9903324,-0.043818098,-0.1787045,-0.93693304,-0.076125205,-0.262057,-0.81409407,-0.07650153,0.08872824,-0.6520695,-0.047243167,-0.0060556345,-0.88479507,-0.08812168,-0.1506836,-0.86712515,-0.09775351,-0.22856338,-0.77348214,-0.09189407
STOP,0.0,0.0,0.0,-0.18895817,-0.20165966,0.015597463,-0.28374225,-0.4312075,0.013694506,-0.3428803,-0.61497337,-0.017749934,-0.36129272,-0.77786005,-0.040383056,-0.089759685,-0.6713559,0.13161537,-0.118957914,-0.9226973,0.062726654,-0.24710011,-0.86790925,0.005058273,-0.30606407,-0.75006574,-0.022042211,-0.02603192,-0.68557465,0.08235669,-0.06514909,-0.9978756,0.008428682,-0.22610621,-0.92158955,-0.041528303,-0.29116306,-0.7911974,-0.053814504,0.039496046,-0.68052953,0.01588131,-0.0063823555,-0.98725563,-0.05464659,-0.1830151,-0.9112722,-0.08144557,-0.2622978,-0.7770233,-0.076268345,0.09178286,-0.65059364,-0.052364755,-0.007074809,-0.874676,-0.09322583,-0.15326108,-0.8439084,-0.09951923,-0.22895893,-0.7464383,-0.08996298
STOP,0.0,0.0,0.0,-0.19492917,-0.20765455,0.02264601,-0.2869975,-0.44082856,0.025476672,-0.3415869,-0.62442833,-0.0024344637,-0.3687212,-0.7814374,-0.021911273,-0.081996486,-0.6843382,0.14000945,-0.110443905,-0.9311349,0.07653087,-0.24260844,-0.8840966,0.02128094,-0.30667588,-0.7680311,-0.0049645253,-0.019852756,-0.6950139,0.08707861,-0.062480193,-0.99804616,0.022287779,-0.22573346,-0.93346417,-0.024613248,-0.29353106,-0.8089549,-0.037805725,0.042172037,-0.6846647,0.017091842,-0.008694,-0.9799314,-0.04676105,-0.18872423,-0.91574794,-0.07363433,-0.27016777,-0.79042387,-0.07133739,0.0880443,-0.65039265,-0.054461014,-0.014333582,-0.8760084,-0.091990724,-0.16039,-0.84577096,-0.09745901,-0.23496303,-0.7448235,-0.08878987
STOP,0.0,0.0,0.0,-0.19476897,-0.2032868,0.017183296,-0.28669745,-0.440311,0.019043395,-0.33932918,-0.62507236,-0.008367538,-0.3663606,-0.78516495,-0.027159324,-0.086772695,-0.6727496,0.13153335,-0.11601842,-0.92225116,0.064719364,-0.24499042,-0.8727208,0.00808386,-0.30431923,-0.755869,-0.018679844,-0.023777373,-0.6884895,0.08220159,-0.06554144,-0.9978498,0.010747619,-0.22731246,-0.9276619,-0.038374476,-0.29133862,-0.7963959,-0.05121219,0.03998099,-0.682552,0.015761882,-0.007496463,-0.986786,-0.05308781,-0.18350817,-0.9210954,-0.081289954,-0.26123837,-0.79107845,-0.07819718,0.089836225,-0.6498937,-0.052425057,-0.006184538,-0.8778672,-0.094079405,-0.15287796,-0.85653263,-0.10234624,-0.2298002,-0.76245034,-0.09474172
STOP,0.0,0.0,0.0,-0.19058892,-0.20723803,0.018813774,-0.27952448,-0.44331333,0.020977778,-0.33185947,-0.62784004,-0.006538635,-0.35804954,-0.79103833,-0.025996882,-0.08073193,-0.67673546,0.13719973,-0.115036264,-0.9212773,0.07180092,-0.24323013,-0.8742593,0.013866742,-0.30660686,-0.7604811,-0.014318096,-0.017178426,-0.69319725,0.08688671,-0.05988462,-0.9982053,0.016966213,-0.22157127,-0.93199414,-0.03477496,-0.2929247,-0.8031514,-0.050257124,0.046707485,-0.6878743,0.019555014,0.0012056541,-0.9957428,-0.048515756,-0.17720453,-0.9320166,-0.07846664,-0.26235434,-0.8031852,-0.077147156,0.095133655,-0.6551878,-0.049324125,-0.0029061441,-0.8818997,-0.09122785,-0.14992805,-0.85962254,-0.1005013,-0.22997904,-0.7673834,-0.09385702
STOP,0.0,0.0,0.0,-0.18850794,-0.20988187,0.02003751,-0.2806015,-0.4375936,0.02041877,-0.33776814,-0.61895895,-0.009823437,-0.3639398,-0.7831793,-0.031611342,-0.08234459,-0.6689402,0.13631698,-0.11019731,-0.921581,0.06928488,-0.23911549,-0.8764565,0.012855247,-0.30175704,-0.76427233,-0.013338781,-0.01970246,-0.6822063,0.084265895,-0.059271324,-0.9982419,0.0128151905,-0.22146992,-0.9295178,-0.036112636,-0.28888148,-0.8020433,-0.048133988,0.04365329,-0.67600685,0.015138195,-0.0008545436,-0.98948646,-0.054445848,-0.17844702,-0.9202657,-0.080903694,-0.2583822,-0.7897906,-0.07569118,0.09184757,-0.6446286,-0.055446345,-0.0055073868,-0.88091713,-0.09683929,-0.15304106,-0.8500332,-0.102203526,-0.22892132,-0.74771774,-0.09195855
STOP,0.0,0.0,0.0,-0.18841596,-0.21659034,0.019476658,-0.27819386,-0.44459513,0.020822782,-0.33371893,-0.62445086,-0.0080145355,-0.36096323,-0.78726935,-0.02808276,-0.080686554,-0.67230964,0.13948354,-0.110032335,-0.92418104,0.07296805,-0.23763995,-0.88072747,0.014763229,-0.30129814,-0.770655,-0.013082151,-0.019082159,-0.68744874,0.08844274,-0.05921657,-0.9982451,0.017267076,-0.21919167,-0.93483037,-0.035266414,-0.28868335,-0.81016994,-0.05069051,0.042606402,-0.6826291,0.020192252,-0.0021840343,-0.9881982,-0.048543494,-0.17807789,-0.9269019,-0.07938062,-0.2615993,-0.80157685,-0.07806257,0.088242464,-0.65202767,-0.049571764,-0.0060696234,-0.87958354,-0.09018753,-0.15087068,-0.8563113,-0.09829187,-0.22962098,-0.7622743,-0.090682834
STOP,0.0,0.0,0.0,-0.19233568,-0.21254039,0.021168765,-0.2843058,-0.44107184,0.024627868,-0.34164503,-0.6230121,-0.003010049,-0.3663169,-0.78791755,-0.022602692,-0.09056773,-0.6690999,0.14616616,-0.1272317,-0.9165095,0.080781676,-0.25196198,-0.8719964,0.022108462,-0.31429935,-0.7617107,-0.0061224895,-0.028650388,-0.6868237,0.094453186,-0.07271728,-0.99735266,0.022569614,-0.23066457,-0.92922705,-0.0320916,-0.30004877,-0.8009593,-0.048213325,0.035402577,-0.6837704,0.02551801,-0.010510147,-0.9941295,-0.044505656,-0.18495192,-0.9271723,-0.07671353,-0.2675541,-0.7967523,-0.075337425,0.08412964,-0.65427023,-0.044701505,-0.012935701,-0.8846501,-0.08669115,-0.15974878,-0.8591469,-0.09563728,-0.23992893,-0.7616592,-0.0880034
STOP,0.0,0.0,0.0,-0.19095846,-0.20978746,0.021922888,-0.2832641,-0.4385466,0.025667986,-0.34071755,-0.62032837,-0.0013097601,-0.35811383,-0.7827071,-0.020242557,-0.07963015,-0.6653652,0.14401092,-0.11800024,-0.9197967,0.07981599,-0.24616945,-0.8747044,0.022865845,-0.30887952,-0.7631273,-0.0041841445,-0.018234348,-0.68202573,0.092820644,-0.06457794,-0.99791265,0.021982497,-0.22586532,-0.92819875,-0.031557098,-0.29586902,-0.79738367,-0.046983387,0.04338552,-0.6792067,0.024804255,-0.0043498813,-0.9941652,-0.04361028,-0.18145725,-0.92763954,-0.07553547,-0.26524365,-0.7964123,-0.074400745,0.08776716,-0.6512096,-0.04428797,-0.010241348,-0.88409066,-0.085079074,-0.15722214,-0.8594525,-0.09415777,-0.23736526,-0.76386666,-0.08687646
STOP,0.0,0.0,0.0,-0.19560021,-0.21199688,0.015752515,-0.2929214,-0.43723682,0.01524587,-0.3531882,-0.61793774,-0.0155602535,-0.37367132,-0.7814814,-0.038004782,-0.09506041,-0.67692906,0.14174463,-0.12896536,-0.9247504,0.07397672,-0.25389856,-0.8743898,0.012692764,-0.31815642,-0.76336914,-0.017703323,-0.034271963,-0.69015664,0.092318274,-0.08150659,-0.9966728,0.017790481,-0.23785001,-0.92717856,-0.04086598,-0.30881515,-0.80266553,-0.06021826,0.029856717,-0.6849565,0.025409551,-0.024201255,-0.98355967,-0.04697651,-0.19726668,-0.91245276,-0.08187331,-0.28162757,-0.7837234,-0.08215403,0.0819833,-0.6545632,-0.043041598,-0.019360647,-0.88127065,-0.08488239,-0.16208373,-0.8506945,-0.09355922,-0.23980746,-0.7505783,-0.08596048
STOP,0.0,0.0,0.0,-0.18923777,-0.2081734,0.016386122,-0.2798071,-0.43761733,0.016957557,-0.3332518,-0.62094533,-0.012128682,-0.3481357,-0.7857351,-0.032397486,-0.073348485,-0.66618127,0.13744356,-0.10400362,-0.92122686,0.070466295,-0.23498598,-0.8755541,0.012011863,-0.30033392,-0.7657495,-0.015917907,-0.011289681,-0.68118596,0.0885132,-0.05075124,-0.99871135,0.01556319,-0.21274732,-0.9343368,-0.03834618,-0.28529334,-0.8061337,-0.05381341,0.05111752,-0.6766334,0.022331867,0.0024120167,-0.9842836,-0.047090173,-0.17532574,-0.9206515,-0.07915264,-0.26213646,-0.7930989,-0.07813764,0.098262414,-0.645899,-0.045505974,0.0008345537,-0.8727653,-0.08654492,-0.14589567,-0.8487138,-0.09608878,-0.22901462,-0.7547274,-0.08924265
STOP,0.0,0.0,0.0,-0.19046672,-0.2074236,0.015232202,-0.28325137,-0.44118443,0.015695505,-0.3375562,-0.62590617,-0.013154573,-0.362669,-0.7898946,-0.03265802,-0.08396527,-0.6760472,0.13557838,-0.11501574,-0.9249283,0.06882133,-0.24436392,-0.8771511,0.010999769,-0.3035889,-0.7647818,-0.017021604,-0.021115463,-0.68987584,0.08655069,-0.064071506,-0.99794537,0.015343167,-0.22419119,-0.93084407,-0.03502327,-0.28748816,-0.8058074,-0.048973247,0.041562613,-0.6828359,0.019945776,-0.0072169015,-0.98391604,-0.0482387,-0.18278717,-0.92185616,-0.07553671,-0.26088455,-0.7975581,-0.07194795,0.08982533,-0.64962405,-0.0488598,-0.003507835,-0.880478,-0.08910833,-0.14920507,-0.86070997,-0.09547019,-0.2261197,-0.7662506,-0.086658575
STOP,0.0,0.0,0.0,-0.18561216,-0.20185477,0.012866603,-0.27875322,-0.43693587,0.011161685,-0.3345862,-0.62320775,-0.019071896,-0.358045,-0.7885029,-0.040645353,-0.08579016,-0.66932803,0.12526108,-0.11992476,-0.921849,0.056388777,-0.25017074,-0.86817706,-0.00024291336,-0.3077045,-0.75233865,-0.02671074,-0.02303519,-0.6829706,0.077418655,-0.067529485,-0.99771726,0.0023230743,-0.23036556,-0.92123926,-0.047524936,-0.29359278,-0.79153645,-0.059250962,0.040426154,-0.67866415,0.012587433,-0.008538755,-0.98711056,-0.06015813,-0.1864096,-0.91413647,-0.087964095,-0.2637719,-0.7824241,-0.08276408,0.090119466,-0.6496256,-0.05390367,-0.008957526,-0.88301694,-0.09782995,-0.1561898,-0.8523279,-0.104636714,-0.23078036,-0.7509976,-0.094745815
STOP,0.0,0.0,0.0,-0.18545175,-0.20580788,0.011089317,-0.27861938,-0.43755823,0.006883971,-0.33457926,-0.62208366,-0.025693428,-0.3570783,-0.7872913,-0.049848177,-0.087003335,-0.6658969,0.118066415,-0.122135065,-0.92119205,0.045996826,-0.25141028,-0.8677587,-0.012638509,-0.30622458,-0.75085557,-0.040456694,-0.023624659,-0.67960566,0.07029734,-0.06949948,-0.99758196,-0.008381477,-0.23185112,-0.91982675,-0.06046949,-0.2931338,-0.7862821,-0.074202,0.040465463,-0.6755584,0.0056780726,-0.00591852,-0.98822993,-0.068490714,-0.18253332,-0.9182683,-0.097938396,-0.25950205,-0.7848399,-0.094563596,0.09129995,-0.6465721,-0.060766824,-0.0023037512,-0.8818979,-0.10523554,-0.14827655,-0.8583173,-0.11370385,-0.22447199,-0.7606271,-0.10567531
STOP,0.0,0.0,0.0,-0.1893687,-0.20418772,0.016805045,-0.28235695,-0.4396617,0.017702628,-0.3367639,-0.62890524,-0.011004626,-0.34572265,-0.7889484,-0.031244988,-0.09011946,-0.6720479,0.13831303,-0.123024665,-0.9191127,0.07248622,-0.25204515,-0.8697218,0.0146094635,-0.3136526,-0.75940394,-0.013316443,-0.0266352,-0.6879153,0.08888989,-0.063183896,-0.99800193,0.01551309,-0.22585058,-0.92796856,-0.037480935,-0.29676875,-0.7992167,-0.05131435,0.040018946,-0.6838268,0.022469727,-0.0009952374,-0.9893443,-0.04739432,-0.17917155,-0.9240635,-0.07810861,-0.26411274,-0.7954095,-0.075329244,0.09486195,-0.65481544,-0.04547128,-0.00055031467,-0.8826222,-0.08602924,-0.14723216,-0.8578513,-0.09352736,-0.2264859,-0.7620149,-0.08469518
STOP,0.0,0.0,0.0,-0.185844,-0.21182394,0.016588748,-0.27691087,-0.435597,0.015129079,-0.33310682,-0.6166253,-0.016406478,-0.35456768,-0.7814357,-0.0392574,-0.088926055,-0.6687528,0.13426764,-0.117578894,-0.91927916,0.06449769,-0.24467176,-0.86812466,0.00564378,-0.30322668,-0.7533955,-0.022111028,-0.026570084,-0.6833972,0.083904944,-0.062051322,-0.998073,0.0076319575,-0.22229002,-0.92556936,-0.044775944,-0.28791684,-0.79541546,-0.05817918,0.038417246,-0.67799443,0.016073925,-0.0018007924,-0.9887246,-0.05633597,-0.17861034,-0.9208694,-0.0863646,-0.25957853,-0.7901012,-0.082894124,0.090673074,-0.64692473,-0.053387705,-0.004922863,-0.8758232,-0.09580955,-0.15210626,-0.8521287,-0.10443076,-0.23035382,-0.7582995,-0.0963426
STOP,0.0,0.0,0.0,-0.19496442,-0.20784193,0.01954832,-0.28897235,-0.4409973,0.023509491,-0.3437743,-0.6256903,-0.0030665651,-0.36791614,-0.7913492,-0.021904616,-0.09121214,-0.6757485,0.14374134,-0.12415714,-0.9227556,0.079201475,-0.25039813,-0.88005483,0.020138433,-0.3159512,-0.7753094,-0.009805577,-0.02822482,-0.69201404,0.09251896,-0.07422776,-0.99724126,0.019863253,-0.23220335,-0.9351041,-0.037891056,-0.3054072,-0.8115281,-0.057562128,0.036335792,-0.6879484,0.02421881,-0.014272161,-0.9901329,-0.047203798,-0.18955356,-0.9265819,-0.08340649,-0.27766797,-0.8010514,-0.085713424,0.08754569,-0.65742046,-0.045358386,-0.011864381,-0.88266104,-0.09016865,-0.15721361,-0.8596788,-0.102916114,-0.24020876,-0.7669136,-0.0985821
STOP,0.0,0.0,0.0,-0.18333687,-0.20271184,0.015392707,-0.2799403,-0.4368851,0.016339533,-0.3382405,-0.6193859,-0.011676225,-0.35853693,-0.77998567,-0.031576343,-0.08483527,-0.6658863,0.13172297,-0.11553881,-0.921629,0.06427199,-0.24447489,-0.8798505,0.00628635,-0.30850628,-0.7738432,-0.021562574,-0.024540462,-0.6805621,0.08369816,-0.06549067,-0.99785316,0.0066260574,-0.22786704,-0.92911774,-0.04835781,-0.2991286,-0.7978933,-0.063432984,0.038506813,-0.678526,0.019010458,-0.0047667725,-0.99243337,-0.052681632,-0.17950071,-0.92767775,-0.08484881,-0.26401135,-0.79656476,-0.08293169,0.09201714,-0.6526939,-0.047281303,0.0024955473,-0.8873405,-0.08913495,-0.13850251,-0.86681277,-0.09845235,-0.21570015,-0.7724948,-0.0910407
STOP,0.0,0.0,0.0,-0.18777479,-0.21299548,0.017482333,-0.27999392,-0.43935308,0.018153047,-0.3355446,-0.6218953,-0.011369496,-0.35746852,-0.7848925,-0.032192755,-0.078522585,-0.67389786,0.14202192,-0.10808563,-0.92836726,0.074401155,-0.24110636,-0.8835099,0.015460924,-0.30699515,-0.7704644,-0.01234603,-0.018603142,-0.6868749,0.09247862,-0.057691026,-0.9983345,0.019765055,-0.22310229,-0.93294936,-0.034453075,-0.29424214,-0.8081456,-0.050058566,0.043310758,-0.68134534,0.025247542,-0.0023623647,-0.9866542,-0.045849085,-0.18374237,-0.922609,-0.07852794,-0.26896068,-0.7959763,-0.07691098,0.09215494,-0.65242046,-0.04346981,-0.004898949,-0.88417935,-0.08547356,-0.14978239,-0.85701525,-0.094246,-0.22535372,-0.7579486,-0.08607251
STOP,0.0,0.0,0.0,-0.18738174,-0.21169977,0.018248087,-0.27917066,-0.43738586,0.020484777,-0.33459598,-0.6193113,-0.007863374,-0.36012292,-0.7844115,-0.027575169,-0.09005163,-0.6695538,0.14503145,-0.11798997,-0.9201748,0.07840057,-0.24489526,-0.8761448,0.01988848,-0.30698305,-0.7650191,-0.007914815,-0.029446278,-0.68571454,0.094883874,-0.065411,-0.9978584,0.021373168,-0.22533686,-0.92995065,-0.032525033,-0.2929613,-0.8013676,-0.046935875,0.03460182,-0.68242866,0.027066547,-0.0062907063,-0.99311817,-0.0438024,-0.1809815,-0.9244668,-0.07395752,-0.26077527,-0.7938105,-0.07012115,0.08805816,-0.65260816,-0.042461634,-0.006852497,-0.8857554,-0.08397004,-0.15179904,-0.8568557,-0.0910839,-0.22676091,-0.75548434,-0.08152894
STOP,0.0,0.0,0.0,-0.19118755,-0.21425739,0.022560531,-0.28399575,-0.44158208,0.028040074,-0.34020817,-0.62406194,0.0017843037,-0.36842445,-0.7877711,-0.016976397,-0.1007539,-0.6722311,0.15579906,-0.13347872,-0.91837746,0.09196152,-0.25918624,-0.87413454,0.030946085,-0.3252075,-0.7675374,0.00013416933,-0.03954554,-0.6897709,0.1040775,-0.07976169,-0.996814,0.031331524,-0.23715036,-0.9322858,-0.02961023,-0.31134623,-0.8059457,-0.05055694,0.025897441,-0.6884395,0.034966014,-0.017695956,-0.9937576,-0.033982135,-0.19186436,-0.93091196,-0.07160482,-0.28064477,-0.8024346,-0.074730076,0.08302166,-0.6618373,-0.03545929,-0.0112959435,-0.8869992,-0.07554452,-0.15542537,-0.8643527,-0.086961254,-0.23858185,-0.7700265,-0.082078755
STOP,0.0,0.0,0.0,-0.18445422,-0.21713284,0.019526863,-0.2773007,-0.4463197,0.02115509,-0.33647335,-0.62639815,-0.007964952,-0.35576028,-0.7849492,-0.029144222,-0.07300226,-0.6723306,0.14591412,-0.10628872,-0.9261347,0.07928275,-0.2391155,-0.88669455,0.01852213,-0.30848363,-0.78099203,-0.0114438785,-0.0125916,-0.6861642,0.095503375,-0.059879687,-0.9982056,0.020820258,-0.22511105,-0.9314051,-0.038544033,-0.29947916,-0.80346113,-0.05814044,0.04911652,-0.6839602,0.02781185,-0.00038034708,-0.9904363,-0.042238325,-0.17920578,-0.92971724,-0.079075746,-0.26791868,-0.8016883,-0.081568524,0.09741629,-0.6578875,-0.041239925,0.00042688684,-0.8814636,-0.08195255,-0.14269781,-0.8591382,-0.093468346,-0.22240521,-0.76508355,-0.08840231
STOP,0.0,0.0,0.0,-0.19222292,-0.20818423,0.008942707,-0.2926452,-0.4364553,0.004346205,-0.35296613,-0.62145805,-0.028621381,-0.3708554,-0.78486145,-0.051498465,-0.0926606,-0.67242664,0.13194561,-0.122051306,-0.9242292,0.061115067,-0.2567391,-0.87867105,0.0005435406,-0.31874654,-0.7668278,-0.028923994,-0.03181359,-0.6865388,0.08570619,-0.072362244,-0.99737847,0.008680479,-0.23941569,-0.9293139,-0.045284186,-0.30564627,-0.8015556,-0.0601422,0.03145037,-0.6824487,0.021160847,-0.013656475,-0.98791337,-0.051675107,-0.19373114,-0.92527765,-0.08207137,-0.273613,-0.79750544,-0.078791425,0.082532704,-0.65303016,-0.04583718,-0.013237928,-0.88245994,-0.089087024,-0.16137294,-0.8588156,-0.09782704,-0.23828344,-0.7596788,-0.089602984
