label,f0,f1,f2,f3,f4,f5,f6,f7,f8,f9,f10,f11,f12,f13,f14,f15,f16,f17,f18,f19,f20,f21,f22,f23,f24,f25,f26,f27,f28,f29,f30,f31,f32,f33,f34,f35,f36,f37,f38,f39,f40,f41,f42,f43,f44,f45,f46,f47,f48,f49,f50,f51,f52,f53,f54,f55,f56,f57,f58,f59,f60,f61,f62
THANK_YOU,0.0,0.0,0.0,0.09284433,-0.14308293,-0.01575143,0.09771404,-0.34753913,-0.03134872,0.051865224,-0.51937544,-0.041515395,0.025172519,-0.64937115,-0.055092365,0.0064490708,-0.43854076,-0.08341617,-0.066023864,-0.68563,-0.11647829,-0.104549795,-0.8250597,-0.1280572,-0.13490754,-0.92986804,-0.13374966,-0.09005651,-0.4002779,-0.09402807,-0.15165304,-0.68363684,-0.13201262,-0.18760896,-0.85473543,-0.14744082,-0.21324669,-0.9769984,-0.15522406,-0.17036921,-0.34425172,-0.10111621,-0.22227168,-0.6145933,-0.13315436,-0.24954885,-0.7797083,-0.15075745,-0.26684508,-0.90370226,-0.16036084,-0.23404367,-0.27556795,-0.10601041,-0.28937426,-0.48469713,-0.13720427,-0.31815204,-0.61158246,-0.15006499,-0.33521125,-0.71462536,-0.15476564
THANK_YOU,0.0,0.0,0.0,0.08575086,-0.16281763,0.020682484,0.08217559,-0.35652417,0.027952168,0.043459836,-0.5173398,0.033816062,0.021766448,-0.6312617,0.03722421,0.0015739979,-0.46830693,-0.02875099,-0.074777365,-0.6955543,-0.044169564,-0.1169784,-0.8263957,-0.044661626,-0.15082525,-0.92246354,-0.042845894,-0.08627875,-0.43868235,-0.049388625,-0.15974966,-0.7060471,-0.074522294,-0.2003155,-0.86046803,-0.080599815,-0.2291936,-0.97338086,-0.08059389,-0.16632752,-0.389442,-0.06475503,-0.23072878,-0.64252895,-0.08342513,-0.26519993,-0.7951337,-0.091164105,-0.28575712,-0.91122115,-0.09414504,-0.23641796,-0.31575316,-0.07577176,-0.29692438,-0.5136264,-0.090467736,-0.32746604,-0.63703495,-0.09243367,-0.34228125,-0.73885494,-0.09015088
THANK_YOU,0.0,0.0,0.0,0.08615234,-0.17493927,0.03054902,0.08375675,-0.3650742,0.048186764,0.047409013,-0.5239225,0.06264577,0.02523813,-0.6334312,0.07379783,-0.0020926117,-0.4862778,0.00043530436,-0.082976334,-0.7120439,-0.0064075743,-0.12157698,-0.8395063,-0.005832106,-0.15158093,-0.93622905,-0.0038675028,-0.08845078,-0.4579222,-0.020872058,-0.16213398,-0.7186954,-0.030452026,-0.19957277,-0.8664081,-0.03420044,-0.22303148,-0.97481126,-0.03503728,-0.16673991,-0.40469325,-0.037580006,-0.23355587,-0.6508086,-0.04513292,-0.26354656,-0.79533553,-0.051310647,-0.28046736,-0.90486336,-0.055606637,-0.23513934,-0.32620028,-0.049669944,-0.29623386,-0.52724564,-0.060562022,-0.3245,-0.64416593,-0.060794506,-0.33927748,-0.7449465,-0.05786136
THANK_YOU,0.0,0.0,0.0,0.09289629,-0.18286508,0.050352715,0.092104256,-0.364033,0.08235067,0.058575794,-0.5200472,0.10783273,0.039020684,-0.6288639,0.12978084,0.002275912,-0.5126085,0.04040863,-0.06944507,-0.72692627,0.044875365,-0.11036634,-0.8469785,0.04978674,-0.14333086,-0.93710226,0.05395974,-0.08511801,-0.48918805,0.014213595,-0.1520142,-0.7355399,0.011426255,-0.1922763,-0.8740516,0.009848832,-0.2190291,-0.9757183,0.0122742755,-0.16484107,-0.4334053,-0.006915582,-0.22533038,-0.66493535,-0.00976737,-0.25429425,-0.80036473,-0.0105842585,-0.27246487,-0.90487087,-0.009163307,-0.23415086,-0.34350792,-0.021813823,-0.2933711,-0.5402183,-0.026068931,-0.32077828,-0.6517978,-0.018058145,-0.33440846,-0.7486613,-0.007746503
THANK_YOU,0.0,0.0,0.0,0.097091906,-0.19175711,0.054419357,0.09442918,-0.37380522,0.088602535,0.061196525,-0.52560323,0.113353774,0.056495804,-0.63437706,0.1349163,0.0031002697,-0.5255211,0.06264911,-0.063185506,-0.73107487,0.070365064,-0.09856957,-0.8412243,0.072838515,-0.12676622,-0.9239294,0.07477904,-0.0857986,-0.5090433,0.033846043,-0.15284298,-0.74503076,0.035626326,-0.1924382,-0.87758297,0.03161334,-0.21950288,-0.97561187,0.031366933,-0.16725521,-0.45824474,0.008824999,-0.22886224,-0.67903936,0.009885135,-0.25678214,-0.8104521,0.0072722333,-0.27423346,-0.91422915,0.006520941,-0.24022883,-0.37041056,-0.010376587,-0.30093142,-0.5622731,-0.01006866,-0.32987455,-0.6701541,-0.0009031835,-0.34507942,-0.7645467,0.009398376
THANK_YOU,0.0,0.0,0.0,0.10108095,-0.18804541,0.056379378,0.10457612,-0.36668685,0.09389404,0.08117238,-0.51419646,0.1213845,0.06550461,-0.6227857,0.14908469,-0.0039586104,-0.5512329,0.08647698,-0.07205169,-0.7424038,0.10404177,-0.106669165,-0.83803546,0.10906193,-0.13445038,-0.9163524,0.111460306,-0.093496986,-0.5333505,0.059630364,-0.16207288,-0.7628618,0.06833984,-0.1959089,-0.88180846,0.0679965,-0.21743071,-0.97607577,0.07055985,-0.17476963,-0.48166278,0.035180915,-0.23795187,-0.6919428,0.043695796,-0.2642128,-0.80888844,0.047504954,-0.2798191,-0.90999347,0.051529974,-0.24427167,-0.39757293,0.015415087,-0.30111018,-0.5765473,0.030349683,-0.3288031,-0.6732029,0.049244985,-0.3419876,-0.7585834,0.06535618
THANK_YOU,0.0,0.0,0.0,0.10843513,-0.18017173,0.052075125,0.1127135,-0.36565194,0.09177901,0.07978976,-0.5087278,0.12361908,0.06319401,-0.6097941,0.15516523,0.009819002,-0.54262346,0.07729093,-0.06624287,-0.73520446,0.096527725,-0.10985474,-0.8307803,0.1066104,-0.14470716,-0.8983624,0.11412642,-0.08389043,-0.53132564,0.05492317,-0.15644841,-0.7626318,0.06601028,-0.19910353,-0.8847635,0.06889708,-0.23046377,-0.9730809,0.07429297,-0.17136057,-0.48418757,0.03540606,-0.22779262,-0.6876423,0.046701204,-0.2548999,-0.80663013,0.04862237,-0.2720444,-0.89718944,0.05083269,-0.2485635,-0.400743,0.020834614,-0.29903817,-0.5746852,0.035057023,-0.32435918,-0.67134553,0.0507377,-0.3370022,-0.7489136,0.06467373
THANK_YOU,0.0,0.0,0.0,0.11701015,-0.16721697,0.04510655,0.1240745,-0.35251424,0.08083459,0.094839126,-0.505645,0.110169284,0.08299842,-0.61214095,0.1406143,0.01207892,-0.5410781,0.07302037,-0.06851443,-0.72977793,0.093395025,-0.11230401,-0.8183732,0.10334379,-0.14511606,-0.8866097,0.11075558,-0.08421191,-0.5329612,0.056235667,-0.15934594,-0.7599314,0.07226413,-0.20113374,-0.88044083,0.07837557,-0.22912721,-0.9733965,0.08552997,-0.17307332,-0.4894792,0.04204172,-0.22858332,-0.68603045,0.06064298,-0.25509354,-0.79747105,0.06753892,-0.27236572,-0.88508606,0.07254894,-0.2493446,-0.4098418,0.03150583,-0.2961017,-0.5761946,0.05542305,-0.31943873,-0.66414034,0.07718592,-0.33176386,-0.7336241,0.09495792
THANK_YOU,0.0,0.0,0.0,0.122114636,-0.16907649,0.040274568,0.13190867,-0.3556211,0.07383286,0.10058096,-0.51233363,0.10128246,0.083688125,-0.624323,0.12964688,0.010269078,-0.5526766,0.0718444,-0.0749298,-0.73753005,0.090673395,-0.124963626,-0.83005625,0.09741653,-0.1636854,-0.9042199,0.10211593,-0.08904787,-0.54206103,0.056660857,-0.16433649,-0.76188916,0.07319294,-0.20580488,-0.88123184,0.07802174,-0.23366706,-0.9723167,0.08368081,-0.17776966,-0.49407548,0.04331376,-0.2376905,-0.6866399,0.06264306,-0.26531556,-0.7947003,0.06980268,-0.28366002,-0.88146055,0.074833244,-0.2528994,-0.40942895,0.032798,-0.3009325,-0.57883185,0.057473637,-0.32444283,-0.6657504,0.07960917,-0.33745536,-0.7340529,0.09760435
THANK_YOU,0.0,0.0,0.0,0.1261072,-0.1768503,0.05312818,0.13694017,-0.36661357,0.09338636,0.10654517,-0.52521944,0.12538363,0.09095492,-0.6390849,0.15798917,0.0061768875,-0.5687386,0.08945194,-0.08082823,-0.754437,0.11590982,-0.13221481,-0.84630144,0.12819335,-0.17144145,-0.91685545,0.13642018,-0.09770119,-0.55552924,0.07004379,-0.1764316,-0.7751795,0.09240087,-0.21745315,-0.8870192,0.10127123,-0.24265788,-0.97011185,0.1100904,-0.19134687,-0.5047854,0.053180408,-0.251231,-0.7076666,0.07578907,-0.27742228,-0.8145836,0.08646635,-0.29347026,-0.897437,0.09447584,-0.27090108,-0.4173338,0.04053733,-0.31842333,-0.596752,0.07018745,-0.33911505,-0.686028,0.09689601,-0.34964582,-0.7538887,0.11838314
THANK_YOU,0.0,0.0,0.0,0.12996015,-0.18799068,0.055591274,0.14118844,-0.3868143,0.099843,0.106595464,-0.54735506,0.13540815,0.0926342,-0.6651405,0.17224036,-0.0064819055,-0.59737927,0.10935247,-0.09454854,-0.7778383,0.14564192,-0.14887594,-0.8658901,0.1625328,-0.18983121,-0.932375,0.1728771,-0.11491837,-0.58066666,0.09122729,-0.19026113,-0.78990215,0.1225912,-0.22609624,-0.89230186,0.136033,-0.24596106,-0.9692797,0.148291,-0.21084075,-0.5266415,0.07464538,-0.2726013,-0.7282547,0.10256455,-0.29747254,-0.83416843,0.117620215,-0.31198636,-0.92076594,0.12937725,-0.2924889,-0.43691456,0.06223738,-0.34617317,-0.62541986,0.095418125,-0.3678905,-0.71601695,0.12607466,-0.37870497,-0.78609735,0.15139318
THANK_YOU,0.0,0.0,0.0,0.13357548,-0.19204776,0.06491492,0.14947708,-0.39715704,0.11545769,0.11501507,-0.5651989,0.15814173,0.101126075,-0.6900215,0.2031166,-0.008949729,-0.6169577,0.11662467,-0.1053235,-0.80392265,0.16528133,-0.16030161,-0.88579506,0.1950526,-0.19735532,-0.9442653,0.2149893,-0.12347955,-0.5956115,0.10010234,-0.20955995,-0.8050292,0.14127004,-0.24422477,-0.90024924,0.16571921,-0.25671944,-0.966486,0.18727128,-0.22287697,-0.5334266,0.08648009,-0.29490393,-0.74060524,0.120157026,-0.3185793,-0.8421176,0.14313906,-0.32782623,-0.92212385,0.16241519,-0.30513534,-0.43632758,0.07857627,-0.36348137,-0.63337636,0.11646227,-0.3860192,-0.7278537,0.15095223,-0.39627224,-0.80134547,0.18089893
THANK_YOU,0.0,0.0,0.0,0.1427747,-0.18906757,0.060749628,0.16345139,-0.40432337,0.11116906,0.12843208,-0.58372533,0.15403892,0.11395091,-0.71468866,0.20003778,-0.0020379417,-0.640428,0.12429967,-0.10504784,-0.8111643,0.18033634,-0.1654039,-0.8819723,0.21534091,-0.2071481,-0.92955995,0.2384155,-0.12074766,-0.62060124,0.11102313,-0.21368274,-0.81606954,0.15973832,-0.25539425,-0.90295863,0.18933593,-0.27500555,-0.9614426,0.21433538,-0.2250743,-0.5582283,0.0997332,-0.30046672,-0.7495414,0.14050515,-0.32873082,-0.8437914,0.1685141,-0.34412447,-0.91806006,0.19077998,-0.31268603,-0.45798373,0.093036056,-0.3710414,-0.645458,0.13945249,-0.39462996,-0.73381335,0.1788974,-0.4077355,-0.79798245,0.2116938
THANK_YOU,0.0,0.0,0.0,0.14399652,-0.19345768,0.060379196,0.1629812,-0.4124501,0.1106219,0.12870635,-0.59704006,0.15377821,0.110471874,-0.7313028,0.19953714,-0.007802881,-0.66480035,0.126451,-0.11598779,-0.829642,0.18796493,-0.18363613,-0.89891297,0.22434448,-0.23357464,-0.94551706,0.24711403,-0.12808873,-0.64000607,0.11448712,-0.21698347,-0.8276797,0.17385465,-0.25982904,-0.9076885,0.20683908,-0.2819588,-0.9594265,0.23151962,-0.23515818,-0.5697325,0.10459247,-0.30645135,-0.7599733,0.15210882,-0.33577105,-0.8487244,0.18135287,-0.35385898,-0.9145365,0.20238906,-0.32764155,-0.462482,0.09912073,-0.38359156,-0.6514343,0.14850605,-0.4047552,-0.7383392,0.18871859,-0.4171609,-0.80046684,0.22107157
THANK_YOU,0.0,0.0,0.0,0.1503263,-0.2027638,0.057912868,0.17061873,-0.42382792,0.106501706,0.13726284,-0.609659,0.14772826,0.11863157,-0.7479645,0.19196145,0.0014112084,-0.6788662,0.1263061,-0.10371607,-0.83811265,0.18819183,-0.16746375,-0.90010774,0.22542953,-0.21519311,-0.93605745,0.2492062,-0.12443344,-0.65216804,0.113738865,-0.21032995,-0.83989286,0.17173348,-0.25275233,-0.918119,0.20301844,-0.27741078,-0.9607514,0.22727242,-0.23516943,-0.5802385,0.10318981,-0.3025306,-0.7697158,0.14984217,-0.32800317,-0.85395795,0.17882997,-0.3445973,-0.91197395,0.2001478,-0.32965043,-0.46998495,0.09679006,-0.38198373,-0.6597099,0.14462386,-0.3991656,-0.74553496,0.18477641,-0.40866205,-0.80480653,0.21794267
THANK_YOU,0.0,0.0,0.0,0.16311093,-0.1944259,0.05937078,0.18799965,-0.42768982,0.11149031,0.14510852,-0.6198364,0.15656415,0.12624311,-0.760777,0.20537901,0.0053912997,-0.69480675,0.1336202,-0.10075082,-0.8570957,0.20080982,-0.1618748,-0.91518474,0.24277145,-0.20606731,-0.9486291,0.26952085,-0.122800864,-0.6696639,0.12286644,-0.21009955,-0.84987015,0.18728666,-0.24870165,-0.9204041,0.22157674,-0.26852432,-0.9632729,0.24717914,-0.23337802,-0.60118544,0.11428795,-0.29893103,-0.7901892,0.1644179,-0.32427114,-0.8741554,0.19612695,-0.34201285,-0.9356807,0.21911775,-0.32961258,-0.4917468,0.11011434,-0.38265774,-0.6796199,0.161803,-0.39911467,-0.7628106,0.20526385,-0.40861037,-0.8191336,0.24084204
THANK_YOU,0.0,0.0,0.0,0.15746772,-0.18879648,0.04170518,0.18583669,-0.42467815,0.084563516,0.1370746,-0.6145981,0.12286014,0.1236436,-0.7605581,0.16580717,0.0015520722,-0.6902318,0.12146945,-0.09442227,-0.84503883,0.18143114,-0.15327606,-0.90365493,0.21799095,-0.19717643,-0.93677187,0.2412533,-0.12345806,-0.6670207,0.11492414,-0.20711885,-0.8432915,0.1741125,-0.24945788,-0.91489446,0.20508616,-0.27705902,-0.9608529,0.22853532,-0.23171727,-0.6020192,0.10818166,-0.2962569,-0.78395605,0.15259936,-0.32203996,-0.87028986,0.18067066,-0.3417983,-0.93613625,0.2010195,-0.32887092,-0.4972019,0.10408741,-0.38616273,-0.67035186,0.14756736,-0.4023571,-0.75113904,0.18487553,-0.4113437,-0.81119853,0.21658903
THANK_YOU,0.0,0.0,0.0,0.16958246,-0.19449273,0.047110043,0.20470849,-0.43559626,0.09754365,0.1628054,-0.6311989,0.14342798,0.1440756,-0.7779124,0.19495897,0.028273232,-0.70422125,0.13043588,-0.06927742,-0.851703,0.20578538,-0.12344857,-0.89721143,0.25719675,-0.16048181,-0.92354333,0.29038516,-0.100736134,-0.68243486,0.12482541,-0.18424997,-0.8517677,0.19723348,-0.22744086,-0.92077374,0.23998019,-0.25679827,-0.966465,0.2720346,-0.21438156,-0.6168456,0.11941662,-0.27546433,-0.79397136,0.17341413,-0.30013573,-0.8768269,0.20857817,-0.32080922,-0.94421846,0.23361662,-0.31922346,-0.510803,0.116926864,-0.37291035,-0.678805,0.16674988,-0.38813758,-0.75645745,0.2076205,-0.39756817,-0.81629616,0.24205828
THANK_YOU,0.0,0.0,0.0,0.17425169,-0.181699,0.0465355,0.20863955,-0.42335334,0.09706429,0.15818033,-0.62700546,0.14375094,0.15001036,-0.77714336,0.19637531,0.02936592,-0.7127454,0.13629664,-0.068888105,-0.8491236,0.21720088,-0.12961613,-0.89331055,0.2718495,-0.17717068,-0.92028666,0.3066391,-0.10185084,-0.69083947,0.13255857,-0.18664792,-0.851701,0.21407032,-0.2294,-0.9147289,0.2632045,-0.2618304,-0.9600596,0.29956177,-0.21616162,-0.6258166,0.12885016,-0.28358477,-0.7971576,0.18808699,-0.30831826,-0.87621444,0.22943433,-0.33235657,-0.94315386,0.25916874,-0.32260907,-0.51727694,0.12767446,-0.38171417,-0.69052076,0.17899664,-0.3948634,-0.76346034,0.22312547,-0.40402386,-0.81867117,0.26128843
THANK_YOU,0.0,0.0,0.0,0.16941741,-0.1872821,0.051503006,0.20127043,-0.43134063,0.10395054,0.15626855,-0.63068235,0.15250227,0.14557262,-0.77822506,0.207161,0.024495348,-0.7204856,0.13402386,-0.077245474,-0.85530984,0.21665572,-0.13643344,-0.8918564,0.27443603,-0.18080918,-0.9126038,0.3117975,-0.10634422,-0.6949635,0.12849994,-0.1964907,-0.85678846,0.20796314,-0.23901628,-0.9136649,0.25849682,-0.27089015,-0.94832104,0.29700303,-0.22400706,-0.6252044,0.12420708,-0.29518616,-0.80024505,0.18150835,-0.32009286,-0.8774022,0.22452559,-0.34331235,-0.9392213,0.25689405,-0.33318248,-0.51223505,0.123414576,-0.39293104,-0.6935297,0.17502931,-0.40391523,-0.76540565,0.22229248,-0.40934318,-0.815422,0.2635845
THANK_YOU,0.0,0.0,0.0,0.181569,-0.18571557,0.049944095,0.21200867,-0.429681,0.10199637,0.16118507,-0.6320619,0.1497183,0.14835525,-0.7814484,0.20285639,0.032636162,-0.72427535,0.13386516,-0.08192866,-0.8632849,0.21462284,-0.14737009,-0.9092184,0.2713661,-0.19413583,-0.93381375,0.3077858,-0.10125102,-0.69365853,0.1295152,-0.19594285,-0.85775954,0.20815837,-0.23778139,-0.9174248,0.25775298,-0.265824,-0.9584885,0.295033,-0.21970537,-0.62132037,0.12600228,-0.29475844,-0.7956497,0.18324202,-0.32106635,-0.8752735,0.22537059,-0.34307292,-0.93930876,0.25624385,-0.3290395,-0.5074576,0.12557031,-0.39087543,-0.68635523,0.17703855,-0.4038092,-0.760095,0.22257482,-0.40960178,-0.8138033,0.26182637
THANK_YOU,0.0,0.0,0.0,0.19898064,-0.17861694,0.06503243,0.2372218,-0.426037,0.13163313,0.18552336,-0.633552,0.19179909,0.16731277,-0.78675556,0.25778735,0.051578056,-0.7323378,0.17504546,-0.06111958,-0.87100947,0.27898514,-0.12950222,-0.9170857,0.35176188,-0.175856,-0.94262433,0.39931595,-0.08652611,-0.7052472,0.17098457,-0.1835151,-0.8635894,0.27547067,-0.22965303,-0.92074966,0.34357637,-0.2597302,-0.9656812,0.3949723,-0.2084407,-0.63451946,0.16699393,-0.28593084,-0.8030355,0.24406396,-0.31268382,-0.87632954,0.30351332,-0.33438236,-0.9406648,0.34740064,-0.32331106,-0.51873136,0.16616802,-0.3877726,-0.69460464,0.2346536,-0.39966848,-0.7667834,0.2920546,-0.40387127,-0.8205948,0.34085566
THANK_YOU,0.0,0.0,0.0,0.1805852,-0.19202109,0.041666653,0.2245053,-0.43959314,0.08964021,0.19632863,-0.64600235,0.13391355,0.180487,-0.8066646,0.1841974,0.048034072,-0.7255072,0.136911,-0.06996095,-0.8610014,0.21653686,-0.13918103,-0.90282655,0.270056,-0.18291225,-0.9319255,0.3053893,-0.08983474,-0.7024469,0.13489453,-0.188766,-0.86245906,0.21580149,-0.23588468,-0.9227778,0.26511276,-0.26514065,-0.96420974,0.30378643,-0.21750152,-0.6348898,0.13220482,-0.29187405,-0.80811435,0.19308034,-0.31632125,-0.877343,0.24085547,-0.33231562,-0.9332603,0.27737734,-0.33444923,-0.5263128,0.13116017,-0.38979486,-0.70888865,0.18476872,-0.39887834,-0.7779038,0.23639531,-0.39950728,-0.8233245,0.28284287
THANK_YOU,0.0,0.0,0.0,0.17512241,-0.21004492,0.0014340943,0.24374577,-0.44292098,0.0063475855,0.24151856,-0.64571065,0.007962175,0.22807702,-0.82499105,0.015834998,0.065330364,-0.74590117,0.076334916,-0.0542176,-0.88516194,0.10447073,-0.12689532,-0.94014317,0.12236629,-0.17266583,-0.96782494,0.13749157,-0.06456723,-0.7117289,0.073837414,-0.17341852,-0.8763063,0.113514274,-0.21667877,-0.9318273,0.14198755,-0.24286984,-0.97005886,0.1666268,-0.1933086,-0.63885576,0.06659164,-0.2764383,-0.8173104,0.09753211,-0.30215958,-0.8877109,0.14140575,-0.31460845,-0.9370608,0.1754564,-0.31325495,-0.5311101,0.056495734,-0.37267897,-0.71565115,0.08451472,-0.38399324,-0.78660315,0.13099656,-0.38214204,-0.82886666,0.17508353
THANK_YOU,0.0,0.0,0.0,0.18091473,-0.21732892,0.02647749,0.24967825,-0.45478785,0.04394678,0.25813127,-0.6554584,0.05208052,0.25835314,-0.8249158,0.06546485,0.06905071,-0.7453395,0.11284319,-0.03691222,-0.9047686,0.14822108,-0.10005674,-0.9605318,0.17095475,-0.13699831,-0.98252094,0.19173796,-0.061550844,-0.71336746,0.10474555,-0.16038048,-0.8883682,0.15390688,-0.20188747,-0.9412384,0.18939635,-0.22157459,-0.9751434,0.2224746,-0.18915452,-0.6438248,0.09304877,-0.2679152,-0.8229359,0.13772483,-0.29526928,-0.8856494,0.19078988,-0.3040065,-0.924503,0.23295526,-0.30792734,-0.5349821,0.07987325,-0.36068428,-0.7142,0.12520866,-0.37629095,-0.7834388,0.18156353,-0.37661275,-0.8196452,0.2338643
THANK_YOU,0.0,0.0,0.0,0.16366757,-0.2251704,0.04904189,0.21875843,-0.4607046,0.07927517,0.24836066,-0.64928734,0.09497488,0.26563892,-0.7996912,0.11495159,0.062791996,-0.717307,0.15126178,-0.031012312,-0.88657886,0.19855663,-0.094762035,-0.95597315,0.22376207,-0.13542497,-0.9889546,0.2445036,-0.064214446,-0.68905675,0.13422391,-0.15250185,-0.8716188,0.19555907,-0.19372368,-0.93791926,0.22972801,-0.21423687,-0.9767817,0.2606471,-0.1891264,-0.62379175,0.114307284,-0.2604858,-0.80216146,0.17308116,-0.28753483,-0.87666315,0.22494361,-0.29799256,-0.9225649,0.26336294,-0.3043185,-0.5188219,0.093860075,-0.35134885,-0.6888993,0.15145478,-0.3675724,-0.76644945,0.20931034,-0.36907613,-0.8147261,0.26004574
THANK_YOU,0.0,0.0,0.0,0.16215809,-0.21294476,0.020453237,0.22789064,-0.4441421,0.034786325,0.25634968,-0.6295389,0.039024726,0.27434197,-0.7774461,0.04673602,0.06039651,-0.693361,0.11188257,-0.02560222,-0.87131834,0.14165623,-0.085814334,-0.95269203,0.15243527,-0.12723692,-0.9918723,0.16140836,-0.06062203,-0.66234714,0.099733904,-0.14353873,-0.8536676,0.14102909,-0.18055093,-0.9270883,0.15797973,-0.20294942,-0.975857,0.17341983,-0.18108939,-0.5992329,0.08247352,-0.24578571,-0.788457,0.11984971,-0.26976424,-0.86984575,0.15240328,-0.28255758,-0.9256135,0.17537352,-0.2938033,-0.5024907,0.06336762,-0.341276,-0.6837199,0.100558616,-0.35531703,-0.75741476,0.14369489,-0.35788894,-0.80437,0.18075831
THANK_YOU,0.0,0.0,0.0,0.18024595,-0.16967164,0.0046910294,0.25031534,-0.38645947,0.022379063,0.2421973,-0.575072,0.036694426,0.2332275,-0.7353014,0.05636668,0.04622733,-0.6745126,0.10582747,-0.037813175,-0.8406628,0.14422788,-0.09611213,-0.91991144,0.16159888,-0.13682939,-0.9657173,0.174463,-0.079630785,-0.64681554,0.10710938,-0.15733935,-0.8337801,0.15484212,-0.19290346,-0.91608274,0.17796095,-0.21408166,-0.97681576,0.19749233,-0.20085642,-0.5838936,0.10202772,-0.2643974,-0.76965415,0.13832143,-0.2866554,-0.85152763,0.16911635,-0.29915836,-0.9152051,0.1932778,-0.31445456,-0.48409718,0.09435191,-0.36620224,-0.6652111,0.12974514,-0.3799029,-0.74000984,0.1690633,-0.38205907,-0.79015464,0.20430763
THANK_YOU,0.0,0.0,0.0,0.21452914,-0.122091815,0.022756215,0.26197973,-0.35046592,0.061495516,0.22634637,-0.5495245,0.10125435,0.22698388,-0.6920829,0.14689746,0.08917176,-0.6593659,0.09117561,-0.0023368518,-0.83604187,0.15019974,-0.060508255,-0.92437303,0.1909733,-0.101858795,-0.9775436,0.21562694,-0.04237229,-0.6425719,0.09505607,-0.11595841,-0.8330992,0.14654481,-0.15114585,-0.9191257,0.18009378,-0.17040011,-0.985375,0.20552379,-0.15946798,-0.5841528,0.09774205,-0.21520604,-0.77050966,0.13417749,-0.23773116,-0.8609449,0.15742314,-0.25403586,-0.933634,0.17572662,-0.26507866,-0.4846477,0.10183611,-0.31444046,-0.663076,0.14077686,-0.33027208,-0.7457513,0.1693657,-0.33492106,-0.807397,0.1928565
THANK_YOU,0.0,0.0,0.0,0.17915538,-0.108100414,0.022088565,0.21961607,-0.3177038,0.05736341,0.19074959,-0.4967408,0.091754444,0.18804418,-0.6250794,0.13163643,0.061854884,-0.6370592,0.0950087,-0.01637214,-0.8124823,0.14171958,-0.067699134,-0.89699,0.16898778,-0.10495038,-0.9465706,0.1861284,-0.0581239,-0.6167536,0.09560754,-0.1279831,-0.8145521,0.13761221,-0.16630569,-0.9092108,0.16407159,-0.18930382,-0.9819185,0.18510579,-0.16695137,-0.5604086,0.09337961,-0.220534,-0.7529474,0.1215005,-0.24462865,-0.8438698,0.14007054,-0.26314586,-0.91827875,0.15674202,-0.26576918,-0.4681622,0.09218452,-0.3092188,-0.649117,0.12452139,-0.32755738,-0.73193866,0.14980516,-0.3363753,-0.7938745,0.1713532
THANK_YOU,0.0,0.0,0.0,0.11592446,-0.12353387,0.023743091,0.13927932,-0.27495098,0.04138009,0.12542664,-0.39278686,0.0546746,0.116951905,-0.4755168,0.069384,0.017465474,-0.53182435,0.044503197,-0.025150489,-0.73975474,0.054858476,-0.05088473,-0.8513067,0.057689898,-0.07142164,-0.9374496,0.058634643,-0.08453226,-0.52540267,0.027821971,-0.12413823,-0.7658614,0.037048995,-0.14224719,-0.89267135,0.03895446,-0.14952184,-0.98875844,0.039957043,-0.17779136,-0.48383254,0.011461428,-0.20937108,-0.7111317,0.019936409,-0.22064656,-0.8354394,0.017900823,-0.22186723,-0.9331114,0.015097988,-0.2613278,-0.40821725,-0.0028056863,-0.29643866,-0.5901685,0.0048249923,-0.30960023,-0.69361186,0.0130459145,-0.30984497,-0.7785045,0.02031017
THANK_YOU,0.0,0.0,0.0,0.120530255,-0.14064334,0.022351459,0.15217333,-0.3057271,0.0382341,0.12941927,-0.43358392,0.05057985,0.08038066,-0.5026149,0.062434096,0.035619486,-0.5260788,0.03398868,-0.00564536,-0.73767245,0.03947359,-0.031681746,-0.8542878,0.037777085,-0.055533268,-0.94707483,0.037009962,-0.06454978,-0.51977766,0.01930504,-0.097509086,-0.7623568,0.031652417,-0.11619455,-0.894408,0.029541025,-0.13037506,-0.99146473,0.026500866,-0.15950717,-0.47692868,0.006358508,-0.18962993,-0.7027592,0.020317435,-0.20060828,-0.8318478,0.014807749,-0.20486452,-0.9279362,0.007146917,-0.24582899,-0.40474412,-0.004263352,-0.27635804,-0.58845055,0.008415055,-0.28845048,-0.696188,0.017779464,-0.28970084,-0.78760535,0.02466663
THANK_YOU,0.0,0.0,0.0,0.11832628,-0.1518077,0.025127638,0.14598088,-0.33306792,0.044733666,0.110632665,-0.46801892,0.060735404,0.0403487,-0.51536787,0.075284615,0.04064337,-0.5265529,0.038520478,0.0015331983,-0.73909354,0.048683304,-0.022982432,-0.85689497,0.051631153,-0.0430133,-0.947742,0.05420076,-0.058464747,-0.5272653,0.024128433,-0.09064457,-0.76777625,0.04136178,-0.107841924,-0.8989722,0.043789364,-0.11977957,-0.9928005,0.044167705,-0.15618892,-0.48874265,0.01164602,-0.18644294,-0.7130695,0.030272897,-0.19273694,-0.83905935,0.02707186,-0.19201067,-0.930145,0.02034955,-0.24793425,-0.4165069,0.0016627231,-0.27533644,-0.59472656,0.018386504,-0.28210104,-0.70172375,0.02886589,-0.2798557,-0.78884166,0.03575476
THANK_YOU,0.0,0.0,0.0,0.11925245,-0.13188626,0.027629865,0.15279147,-0.3020109,0.04803967,0.14249627,-0.44144574,0.06427781,0.094241664,-0.50631815,0.079259776,0.0511489,-0.51791465,0.032936465,0.015771233,-0.7276521,0.03342131,-0.004699622,-0.8484519,0.029766375,-0.02114241,-0.9434439,0.02776558,-0.041803475,-0.5176875,0.015334353,-0.074624084,-0.7599132,0.020933652,-0.09014192,-0.8944293,0.01704023,-0.101129316,-0.9948733,0.013177456,-0.13505648,-0.48171133,-0.00015557995,-0.16582355,-0.7038237,0.0068559228,-0.17406312,-0.8328841,-0.00011461085,-0.17485231,-0.9296121,-0.007974227,-0.22396457,-0.4143833,-0.012810234,-0.25510624,-0.59157264,-0.007899828,-0.2653209,-0.6999494,-0.0038074662,-0.2637943,-0.7901735,-0.0004845543
THANK_YOU,0.0,0.0,0.0,0.12813017,-0.11449275,0.032905973,0.1664642,-0.274655,0.05968082,0.163425,-0.41831112,0.0825823,0.1279035,-0.50697577,0.10546916,0.06539789,-0.51114434,0.0433368,0.02701465,-0.7181801,0.04982397,0.0035057436,-0.8429491,0.051178716,-0.013941602,-0.9382294,0.05324461,-0.027748497,-0.51710373,0.028164545,-0.06056165,-0.7591771,0.03564072,-0.07684573,-0.89559144,0.035145424,-0.08597651,-0.9962971,0.035985164,-0.12153097,-0.487979,0.0156689,-0.15035519,-0.7053681,0.02516523,-0.15799573,-0.8328204,0.02229851,-0.15701035,-0.9294252,0.019528918,-0.21040754,-0.42465243,0.0064884974,-0.2386391,-0.60052407,0.015315277,-0.25014776,-0.70591307,0.022829928,-0.24956451,-0.7923118,0.030353807
THANK_YOU,0.0,0.0,0.0,0.13396122,-0.10816402,0.031623367,0.17654862,-0.2673384,0.058589127,0.17593756,-0.41800526,0.08176378,0.14121497,-0.51674604,0.10525715,0.075727984,-0.5177177,0.045027032,0.035878137,-0.72755367,0.05279213,0.012286294,-0.84989697,0.055805285,-0.0039922865,-0.943307,0.05868433,-0.0182278,-0.52423584,0.030623462,-0.05063409,-0.76202613,0.0337748,-0.06474588,-0.89687383,0.032483045,-0.07068813,-0.9974985,0.034164015,-0.110773586,-0.49323028,0.01856426,-0.1388117,-0.707819,0.023294903,-0.14533345,-0.8349383,0.02102653,-0.14444433,-0.93304557,0.020671152,-0.19640796,-0.4260108,0.009807531,-0.22416689,-0.6020762,0.017378874,-0.23732515,-0.7073142,0.025802834,-0.23990513,-0.79275155,0.034729946
THANK_YOU,0.0,0.0,0.0,0.13071336,-0.11870134,0.030478029,0.17126423,-0.27981445,0.05624761,0.1695601,-0.43188027,0.07908037,0.12364552,-0.5216501,0.10297472,0.06432135,-0.5212823,0.04484395,0.022138508,-0.72929674,0.05278845,-0.003855287,-0.85021603,0.054768797,-0.021554248,-0.9458489,0.056735694,-0.031598624,-0.52705425,0.03262349,-0.062178403,-0.7622007,0.03637956,-0.073360935,-0.8958355,0.03609737,-0.07530718,-0.9971604,0.038398203,-0.1256628,-0.4948003,0.022929294,-0.15330735,-0.70641065,0.03045747,-0.1570452,-0.8322523,0.03233714,-0.1519155,-0.9286533,0.034660455,-0.20969269,-0.4264231,0.016059324,-0.23557103,-0.6022604,0.027405467,-0.24768226,-0.70716494,0.039634265,-0.2493217,-0.79148895,0.051197384
THANK_YOU,0.0,0.0,0.0,0.12891562,-0.15691696,0.050721053,0.15785542,-0.32695943,0.08884614,0.13834827,-0.4439057,0.12130961,0.09584822,-0.49353188,0.15535466,0.04345178,-0.5276852,0.06457748,0.008735726,-0.73371744,0.08178452,-0.012599624,-0.8459092,0.09277904,-0.030150602,-0.93028283,0.10166979,-0.060503818,-0.52081275,0.044443026,-0.08514136,-0.7712808,0.05416994,-0.096057534,-0.899446,0.061689485,-0.103698075,-0.9946088,0.07046811,-0.15513866,-0.48348084,0.02805578,-0.17341715,-0.71135753,0.042653132,-0.17546672,-0.8293552,0.048088964,-0.17177875,-0.9160869,0.052788448,-0.23475768,-0.41551784,0.016499486,-0.25905055,-0.599033,0.035052974,-0.26525512,-0.704078,0.051614907,-0.2582214,-0.7846619,0.06574566
THANK_YOU,0.0,0.0,0.0,0.13804524,-0.1277799,0.035131004,0.17107473,-0.28818044,0.06499852,0.16659136,-0.41893154,0.091919184,0.15605986,-0.49198103,0.12093419,0.059832223,-0.5271086,0.04709411,0.0221691,-0.7347339,0.057983305,-0.0043710214,-0.8562228,0.0634228,-0.027159179,-0.9476461,0.06763834,-0.040706247,-0.51956743,0.033160694,-0.069313586,-0.7656094,0.03835604,-0.08391002,-0.8973276,0.040397756,-0.093380794,-0.9956305,0.044612173,-0.13234478,-0.48162743,0.022131799,-0.15683572,-0.708615,0.031117564,-0.16558842,-0.8303844,0.031052778,-0.16696121,-0.92228466,0.032183375,-0.21172385,-0.41415495,0.014744302,-0.24390422,-0.60059106,0.025115794,-0.25748616,-0.7069592,0.034309123,-0.25635818,-0.7936371,0.044011816
THANK_YOU,0.0,0.0,0.0,0.14301696,-0.11218959,0.03115003,0.17807817,-0.26038012,0.061287604,0.17644887,-0.3901349,0.09015169,0.18349096,-0.48085696,0.1219528,0.068435594,-0.53241926,0.054855447,0.029277876,-0.7306716,0.0754269,0.0028772242,-0.8451339,0.08617551,-0.019923141,-0.9317473,0.093145326,-0.037478004,-0.53270173,0.045426846,-0.06497979,-0.76996577,0.057593826,-0.07991368,-0.90000725,0.06372671,-0.08870512,-0.9960579,0.071150035,-0.13147923,-0.4944444,0.0379989,-0.15504639,-0.7127141,0.04971995,-0.16062917,-0.8272709,0.050506663,-0.1595748,-0.91594017,0.05319594,-0.21173625,-0.4200452,0.034031488,-0.24091418,-0.60269,0.047112804,-0.25300288,-0.7028247,0.057007324,-0.24992006,-0.7841173,0.067576654
THANK_YOU,0.0,0.0,0.0,0.14233667,-0.114449136,0.023210222,0.1749194,-0.26697442,0.04655111,0.17500237,-0.39949167,0.06781133,0.18902966,-0.49494505,0.09158713,0.062083937,-0.551121,0.0549733,0.013187201,-0.75103575,0.07482326,-0.016011063,-0.8643991,0.08224113,-0.03890655,-0.9478677,0.08609757,-0.044839107,-0.54773027,0.044988945,-0.080421455,-0.77908003,0.060728524,-0.09717296,-0.90479696,0.06401452,-0.106317826,-0.9943322,0.067552835,-0.14000542,-0.50509554,0.035592973,-0.16894753,-0.7198206,0.048221085,-0.17560568,-0.8328433,0.046992425,-0.17583992,-0.91947985,0.046621267,-0.22157487,-0.4274601,0.028457187,-0.25240612,-0.6104704,0.039474305,-0.26497662,-0.7118486,0.04795208,-0.26402476,-0.7952951,0.056983672
THANK_YOU,0.0,0.0,0.0,0.14433083,-0.12170384,0.039860707,0.1782583,-0.27735412,0.074270636,0.17315221,-0.41032603,0.10377526,0.18438835,-0.50379,0.13592266,0.060688116,-0.56060505,0.081083566,0.008363566,-0.75942,0.108370714,-0.023390634,-0.86885,0.12064447,-0.04794904,-0.95053756,0.1277853,-0.045190148,-0.55461085,0.06687981,-0.08376153,-0.78079474,0.08730329,-0.102632195,-0.9016834,0.093827374,-0.1131666,-0.993576,0.1003831,-0.13981676,-0.51193696,0.05369977,-0.17109294,-0.7214187,0.070901066,-0.18260998,-0.83032614,0.07368597,-0.18806219,-0.91895217,0.07659322,-0.22233926,-0.4329579,0.04393884,-0.254544,-0.61268604,0.060605023,-0.27010226,-0.7096509,0.07312358,-0.27271765,-0.79104537,0.08522891
THANK_YOU,0.0,0.0,0.0,0.14215337,-0.12832543,0.043138944,0.1728776,-0.2844808,0.07860318,0.1677563,-0.41763622,0.10798416,0.18004204,-0.51148874,0.14003338,0.051932313,-0.5644619,0.08657002,-0.0035225907,-0.7596052,0.11443646,-0.03714788,-0.86819196,0.12794177,-0.06224048,-0.9480509,0.13617583,-0.05451972,-0.55368215,0.06991304,-0.09535479,-0.7814703,0.08886151,-0.114689685,-0.8998872,0.09727045,-0.12505935,-0.99214923,0.10632554,-0.14953223,-0.50783455,0.05398106,-0.18259087,-0.722435,0.069291145,-0.19546758,-0.83131576,0.074151985,-0.20137967,-0.9209909,0.07988442,-0.2331683,-0.42480376,0.041660625,-0.2680407,-0.61334294,0.057739887,-0.28384972,-0.71281075,0.071818866,-0.28646788,-0.79499036,0.08579435
THANK_YOU,0.0,0.0,0.0,0.14686081,-0.12393233,0.036780618,0.17827596,-0.27397195,0.06737719,0.17300512,-0.4102355,0.0930142,0.18653895,-0.5094899,0.1216462,0.0538283,-0.5698705,0.08209539,-0.0042871265,-0.7622115,0.11181499,-0.039324824,-0.8671984,0.1257014,-0.06514587,-0.94572717,0.13387722,-0.05396839,-0.56204623,0.06871338,-0.09800254,-0.7865037,0.09371521,-0.11849393,-0.902476,0.104660146,-0.12930365,-0.99160504,0.11419114,-0.1498429,-0.51551807,0.05572019,-0.18530977,-0.72364926,0.076256484,-0.19790877,-0.8298543,0.08294326,-0.20329396,-0.91643345,0.088502645,-0.23256736,-0.4316399,0.04544403,-0.26597384,-0.615507,0.06530262,-0.2796085,-0.71224576,0.08104693,-0.28049105,-0.79261786,0.09554463
THANK_YOU,0.0,0.0,0.0,0.13843891,-0.12368218,0.03095791,0.16945,-0.27542531,0.05564404,0.16621892,-0.4182457,0.0752127,0.1771391,-0.5248622,0.09748087,0.03877647,-0.5823474,0.08087751,-0.02231185,-0.7752349,0.10995281,-0.058039945,-0.88104516,0.12244056,-0.08406801,-0.95973223,0.12946695,-0.06744264,-0.5716653,0.067736395,-0.118249245,-0.7908817,0.0964894,-0.1389317,-0.9021636,0.10895206,-0.14907658,-0.9888257,0.118441656,-0.1631057,-0.5225742,0.053846862,-0.20427543,-0.7279163,0.0762832,-0.2158671,-0.83633125,0.08535483,-0.22101933,-0.9259367,0.09128318,-0.24716727,-0.43753478,0.041661244,-0.28450397,-0.6208178,0.06047067,-0.29789156,-0.71741533,0.076975435,-0.29913628,-0.79892457,0.09197653
THANK_YOU,0.0,0.0,0.0,0.10492646,-0.1528509,0.06606377,0.12573437,-0.32170653,0.11172069,0.118385054,-0.44020307,0.14627588,0.13079551,-0.5176396,0.18316677,-0.004665799,-0.5961486,0.12014037,-0.06098543,-0.7650429,0.1550442,-0.09687073,-0.8517384,0.16999657,-0.123970136,-0.91922086,0.17822084,-0.105524845,-0.5799453,0.09185725,-0.16107345,-0.79302615,0.11741739,-0.18436792,-0.8973098,0.12952815,-0.19767669,-0.9802672,0.1402128,-0.19995664,-0.53156143,0.06465021,-0.24785745,-0.73636544,0.08437811,-0.2621252,-0.83613586,0.094771296,-0.26674333,-0.91958106,0.103540316,-0.28830463,-0.4466894,0.042313073,-0.33165604,-0.6296799,0.06331578,-0.34542957,-0.7243814,0.084313065,-0.34529692,-0.7987154,0.10230981
THANK_YOU,0.0,0.0,0.0,0.12143211,-0.13339335,0.048316613,0.14606895,-0.30117762,0.08610404,0.1396157,-0.42777285,0.11647632,0.15011147,-0.51889384,0.14994232,0.0005954177,-0.59995335,0.09620103,-0.05334781,-0.78315246,0.12354934,-0.086826436,-0.88310593,0.13409472,-0.11354273,-0.9569848,0.13951667,-0.10243028,-0.58000386,0.07608627,-0.15447369,-0.7963968,0.09903617,-0.17536983,-0.9007868,0.10842008,-0.1875403,-0.9822569,0.115345396,-0.19499277,-0.5238248,0.056077443,-0.23802021,-0.730904,0.07378969,-0.25402194,-0.8322404,0.08000918,-0.258944,-0.91451436,0.084315576,-0.27887186,-0.4373341,0.039477274,-0.31639785,-0.61536413,0.05833261,-0.33219156,-0.7076832,0.07476675,-0.3348644,-0.7813764,0.08858809
THANK_YOU,0.0,0.0,0.0,0.12673005,-0.124587804,0.058897413,0.15439723,-0.28965017,0.10495409,0.14917268,-0.42278174,0.14332321,0.15646146,-0.51410645,0.18552753,0.0048359428,-0.59945935,0.11478784,-0.045708884,-0.77766395,0.15260616,-0.07778066,-0.8694401,0.16989063,-0.10074853,-0.9330659,0.1804076,-0.100554496,-0.5850963,0.095484614,-0.150251,-0.8012983,0.12795587,-0.1696747,-0.9032424,0.14349249,-0.17942975,-0.9837708,0.15553567,-0.1967314,-0.53367627,0.077025555,-0.23788333,-0.73689383,0.10352885,-0.2500337,-0.83324146,0.114517234,-0.25191203,-0.913177,0.12261005,-0.28474367,-0.44777286,0.06278334,-0.31757495,-0.62089854,0.09202572,-0.32952878,-0.711355,0.113574296,-0.32927117,-0.7824504,0.13084893
THANK_YOU,0.0,0.0,0.0,0.143612,-0.1253096,0.07886908,0.17667769,-0.28931051,0.14600156,0.17305376,-0.41839707,0.20446411,0.18272148,-0.5036648,0.26804775,0.021126665,-0.60406846,0.15749364,-0.027447836,-0.78005433,0.2204871,-0.060485616,-0.8722367,0.25483096,-0.08464077,-0.93491894,0.27679294,-0.09167984,-0.59241873,0.13877754,-0.13719712,-0.81253606,0.19606562,-0.15555394,-0.9087816,0.2269089,-0.16474617,-0.986336,0.2504136,-0.19328703,-0.5425105,0.12111885,-0.23235478,-0.747789,0.16416898,-0.24164863,-0.84038055,0.18426608,-0.24118479,-0.91657406,0.19992776,-0.28569853,-0.45941797,0.10918616,-0.3156867,-0.6336089,0.1519138,-0.32384652,-0.7200212,0.18028204,-0.3204531,-0.7842046,0.20335837
THANK_YOU,0.0,0.0,0.0,0.14324409,-0.11784151,0.05807883,0.17654149,-0.28038356,0.10834351,0.17488556,-0.4204557,0.15101948,0.18501848,-0.50999534,0.19814529,0.022058984,-0.60191244,0.12821215,-0.025781134,-0.78684247,0.17424776,-0.057970423,-0.88238806,0.1964315,-0.08054416,-0.94745475,0.20989038,-0.090601385,-0.59165233,0.1111633,-0.14131671,-0.8120756,0.15245748,-0.15964898,-0.9113768,0.17320342,-0.16515027,-0.98626846,0.18914865,-0.19361478,-0.54145825,0.09367642,-0.23659673,-0.7547173,0.121975265,-0.24391751,-0.8537828,0.13635512,-0.24188189,-0.9275186,0.14825921,-0.28934693,-0.4527207,0.08030719,-0.324087,-0.63228244,0.10928579,-0.33433267,-0.72278917,0.1321164,-0.33190957,-0.791441,0.1514333
THANK_YOU,0.0,0.0,0.0,0.14866844,-0.106107116,0.048928775,0.18117231,-0.2606683,0.09113564,0.18320613,-0.40650263,0.1259612,0.2028139,-0.508133,0.16617237,0.04114277,-0.58129746,0.123783074,-0.0074733836,-0.7592606,0.17446887,-0.041561417,-0.8567739,0.204095,-0.06316099,-0.9192912,0.22354992,-0.0728697,-0.58154476,0.10859864,-0.123853475,-0.805008,0.15374306,-0.14454955,-0.90698624,0.18602799,-0.15346637,-0.9881539,0.21271506,-0.17961247,-0.54213494,0.09132833,-0.22402039,-0.74819887,0.122619525,-0.23204887,-0.8468181,0.14720671,-0.23213507,-0.9244606,0.16794786,-0.28087053,-0.4617021,0.07647903,-0.31087807,-0.64464307,0.11110151,-0.3175032,-0.73162687,0.14216422,-0.3122712,-0.79438066,0.16829212
THANK_YOU,0.0,0.0,0.0,0.13846487,-0.12041619,0.053604923,0.16903715,-0.27480495,0.09273174,0.17149557,-0.4160974,0.12200116,0.18499699,-0.5076214,0.15403493,0.02221255,-0.5865228,0.11646622,-0.032977805,-0.7663024,0.15319747,-0.068633735,-0.8653883,0.16995534,-0.09201575,-0.9381023,0.18043122,-0.08754932,-0.58308816,0.09610549,-0.1430253,-0.8042566,0.12988612,-0.16262971,-0.90431535,0.14966527,-0.16500227,-0.98629326,0.16647905,-0.19070587,-0.54135275,0.07508167,-0.23778671,-0.7528041,0.10028259,-0.2472523,-0.85538,0.11905488,-0.24441251,-0.9364285,0.13483854,-0.2907916,-0.45486683,0.057105,-0.32724097,-0.63988024,0.08853418,-0.33658716,-0.7332175,0.117927074,-0.333095,-0.806938,0.14210299
THANK_YOU,0.0,0.0,0.0,0.14492415,-0.12032705,0.061478093,0.17503361,-0.27112135,0.10570685,0.17437463,-0.40962663,0.14052477,0.18587635,-0.503324,0.17818205,0.024391772,-0.5805898,0.113542676,-0.027695177,-0.7605516,0.14920546,-0.060931437,-0.8556031,0.16664574,-0.08291971,-0.9245305,0.17805699,-0.08757208,-0.5767773,0.09095812,-0.14086483,-0.8027018,0.12065267,-0.16042869,-0.90523976,0.1405834,-0.16463564,-0.9863544,0.15842876,-0.19084851,-0.53206515,0.06914029,-0.23595285,-0.75169,0.08975184,-0.24387594,-0.8522757,0.108610526,-0.24014166,-0.9313283,0.1262077,-0.2872706,-0.44241503,0.05190364,-0.3210452,-0.63635206,0.0806681,-0.32636377,-0.7300723,0.11102889,-0.3188853,-0.79936385,0.13704126
THANK_YOU,0.0,0.0,0.0,0.14323038,-0.11396054,0.05722206,0.17220713,-0.26770332,0.09833941,0.16902539,-0.4118083,0.13104868,0.18241133,-0.50895214,0.16669405,0.026481174,-0.5797811,0.105619706,-0.027529083,-0.7650347,0.13993424,-0.058951758,-0.8622013,0.15753183,-0.07946414,-0.9339752,0.1692894,-0.08498111,-0.57905537,0.085241735,-0.13832596,-0.80534637,0.115389235,-0.15682669,-0.90535617,0.13600051,-0.1598382,-0.9871432,0.15398987,-0.18875647,-0.5372846,0.06580502,-0.23190862,-0.75431067,0.08739825,-0.24044552,-0.8546858,0.1064701,-0.23741697,-0.93343985,0.12362335,-0.2881312,-0.44940415,0.050613776,-0.32046267,-0.642152,0.081226,-0.32526496,-0.73492247,0.1120847,-0.31810018,-0.80392975,0.1378914
THANK_YOU,0.0,0.0,0.0,0.13713084,-0.10854516,0.05158468,0.16618533,-0.26599947,0.08796912,0.16748412,-0.40940505,0.11645586,0.18228585,-0.50633883,0.14808947,0.01129563,-0.5867132,0.10273889,-0.03558838,-0.7702596,0.13750671,-0.06478645,-0.86373234,0.1552137,-0.08304325,-0.9302206,0.16647656,-0.098286666,-0.5817774,0.082481585,-0.14709616,-0.81193924,0.11210504,-0.16134599,-0.9086337,0.1328698,-0.16197856,-0.9867943,0.15017292,-0.20040934,-0.5379006,0.06237457,-0.23932576,-0.7596294,0.08174303,-0.24164754,-0.85524774,0.10226043,-0.23576398,-0.9278588,0.11981271,-0.2965418,-0.44947496,0.04599885,-0.3239243,-0.6475783,0.074009046,-0.32413208,-0.73496854,0.10612743,-0.31389055,-0.79889995,0.13247424
THANK_YOU,0.0,0.0,0.0,0.045111608,-0.06325492,0.037722997,0.06786991,-0.21470715,0.078243345,0.089136474,-0.37832195,0.115503184,0.12517884,-0.49587092,0.16091067,-0.09641171,-0.56230855,0.1379232,-0.124615,-0.7479058,0.19769934,-0.1446486,-0.8252949,0.2277299,-0.15657601,-0.8882993,0.24398373,-0.14150949,-0.58627445,0.12814225,-0.18428582,-0.80105937,0.17361565,-0.19885817,-0.8982983,0.1931565,-0.19510582,-0.9807822,0.20863895,-0.17970131,-0.57163495,0.114976466,-0.22424047,-0.77618116,0.13978611,-0.23220122,-0.87501734,0.15229377,-0.23331642,-0.9582993,0.1651376,-0.20891854,-0.5194001,0.103879005,-0.24210247,-0.7017015,0.13401785,-0.25846776,-0.7894479,0.1590216,-0.26268002,-0.8658004,0.17935605
THANK_YOU,0.0,0.0,0.0,0.124286056,-0.09959272,0.05914774,0.15327455,-0.25400135,0.107102625,0.15307792,-0.402625,0.14854315,0.16115123,-0.50881946,0.19593991,0.011261946,-0.5795812,0.13205613,-0.030551348,-0.7577158,0.18352729,-0.05703928,-0.8524158,0.21155295,-0.07518029,-0.9227627,0.22900407,-0.09388616,-0.58439684,0.11375556,-0.140931,-0.8031716,0.15568537,-0.1568036,-0.90031964,0.18096387,-0.1602314,-0.98707944,0.20217752,-0.19356647,-0.5509902,0.095099114,-0.23614654,-0.7586845,0.122809276,-0.24221417,-0.86116034,0.14329965,-0.24023175,-0.94851685,0.16096862,-0.28926417,-0.47144654,0.08065508,-0.3241221,-0.6535951,0.11353124,-0.3318785,-0.7410422,0.144107,-0.3279802,-0.8137051,0.1694231
THANK_YOU,0.0,0.0,0.0,-0.006526625,-0.037089135,0.042791203,-0.0063413884,-0.17766973,0.08283674,0.015822643,-0.33930346,0.118164875,0.05431928,-0.4618354,0.16160291,-0.14769688,-0.54810864,0.14613222,-0.18183005,-0.73131853,0.20942251,-0.19976707,-0.8071781,0.24391651,-0.20798019,-0.86731195,0.26385742,-0.15929012,-0.58178174,0.13287246,-0.20018594,-0.79587364,0.18120562,-0.2150214,-0.8949355,0.2048499,-0.21156557,-0.97736377,0.22434461,-0.1663397,-0.5742166,0.11582279,-0.21077847,-0.77630585,0.14160265,-0.2226397,-0.8794099,0.15711465,-0.2270739,-0.9648971,0.1733002,-0.170157,-0.5252627,0.10093394,-0.20308343,-0.7111677,0.13198444,-0.22369343,-0.8028393,0.15821356,-0.23377573,-0.87979555,0.18023418
THANK_YOU,0.0,0.0,0.0,-0.042026017,-0.0141606685,0.056876,-0.075482264,-0.13694738,0.11440808,-0.087834254,-0.28555796,0.16823702,-0.0774957,-0.4065081,0.2308478,-0.1726849,-0.5388724,0.18144931,-0.19274774,-0.72494596,0.26889372,-0.20982777,-0.81156296,0.31923136,-0.21984464,-0.8760997,0.3498333,-0.17098314,-0.57642704,0.17248845,-0.207073,-0.7893265,0.2422241,-0.22250815,-0.88910943,0.2797065,-0.21964252,-0.97558045,0.30988708,-0.16765611,-0.5737639,0.16006473,-0.21692212,-0.77045774,0.20046347,-0.23532021,-0.8734441,0.2243097,-0.24395384,-0.9632162,0.24727374,-0.16542055,-0.52810395,0.1509514,-0.2194936,-0.7074236,0.18773636,-0.25165164,-0.79729396,0.21543568,-0.27236786,-0.87490827,0.24011889
THANK_YOU,0.0,0.0,0.0,0.070009984,-0.066906944,0.034462027,0.08672203,-0.20490249,0.07142447,0.08818824,-0.3509776,0.10605554,0.09891197,-0.45921642,0.1483852,-0.06268824,-0.5654872,0.13357666,-0.09382641,-0.7467141,0.19456264,-0.115320496,-0.8353642,0.22308049,-0.13201113,-0.90650934,0.23685971,-0.12735313,-0.57758135,0.12524487,-0.16563733,-0.78981376,0.17364211,-0.17945613,-0.8924727,0.19250731,-0.18008082,-0.9836519,0.20613371,-0.18755126,-0.552347,0.113942176,-0.2325463,-0.7504651,0.14251415,-0.2384784,-0.8570651,0.15702939,-0.24255273,-0.9531463,0.16906483,-0.24213862,-0.4829296,0.1041789,-0.28195104,-0.66142434,0.1312196,-0.2987246,-0.7531311,0.1547144,-0.31094795,-0.83642256,0.17373227
THANK_YOU,0.0,0.0,0.0,0.1226689,-0.108850464,0.058911853,0.15081789,-0.2569049,0.113500245,0.14743564,-0.40859598,0.16263844,0.15196374,-0.50818366,0.21885009,0.00262341,-0.58411217,0.15358616,-0.043590564,-0.7753808,0.22335471,-0.07350829,-0.8761141,0.2625697,-0.09454084,-0.94851595,0.2873683,-0.100685336,-0.58019674,0.14324547,-0.1487819,-0.8008175,0.20496127,-0.16975553,-0.89885795,0.23844312,-0.17263414,-0.984986,0.26479006,-0.19846387,-0.54169273,0.1317656,-0.24017021,-0.7496993,0.17725933,-0.2523087,-0.8477054,0.20222495,-0.25484216,-0.93355095,0.22175278,-0.2911854,-0.46225557,0.12366956,-0.32817727,-0.64054316,0.17039338,-0.3432617,-0.72683203,0.20312889,-0.34510162,-0.80528367,0.22894502
THANK_YOU,0.0,0.0,0.0,0.049728792,-0.06852485,0.047399014,0.06413602,-0.21720716,0.08950958,0.07535663,-0.3749962,0.12655577,0.10104282,-0.48954722,0.17047206,-0.090315424,-0.56223667,0.14453983,-0.12948748,-0.74448425,0.20877683,-0.15252791,-0.82446676,0.24212267,-0.16575223,-0.8862214,0.2605707,-0.14164096,-0.58194005,0.13074276,-0.18486397,-0.79793346,0.18286611,-0.20181376,-0.8970009,0.20673425,-0.19975157,-0.9798466,0.22464134,-0.18704389,-0.5637233,0.11449996,-0.2273605,-0.7695863,0.14687115,-0.23640151,-0.87179106,0.16394088,-0.23861274,-0.9580472,0.17788938,-0.22465685,-0.50308746,0.10092977,-0.25740018,-0.6841928,0.1347043,-0.27402902,-0.7711707,0.16160905,-0.2807711,-0.8464132,0.18273702
THANK_YOU,0.0,0.0,0.0,0.07784076,-0.08163386,0.045434576,0.092568204,-0.23011789,0.093225256,0.08969539,-0.38283932,0.13905418,0.092788026,-0.4930558,0.19276978,-0.053457584,-0.58402264,0.14313962,-0.08651877,-0.7705225,0.21433514,-0.11221134,-0.8625313,0.25459477,-0.1292755,-0.92832613,0.27869442,-0.13034278,-0.58552116,0.13640954,-0.17553772,-0.80247664,0.19635771,-0.1935544,-0.8972059,0.22989558,-0.19358146,-0.98108417,0.2556039,-0.20172709,-0.55324113,0.12744525,-0.24577835,-0.758961,0.16626284,-0.25632492,-0.8570787,0.19094229,-0.25969464,-0.94207495,0.21065533,-0.26645526,-0.4815689,0.12096374,-0.31088123,-0.6594578,0.15705869,-0.33055234,-0.7453358,0.18589008,-0.33758986,-0.82399076,0.20942706
THANK_YOU,0.0,0.0,0.0,0.12282928,-0.11400879,0.04972243,0.15208271,-0.2649926,0.09855906,0.1512282,-0.4185518,0.14405285,0.15556356,-0.5121449,0.19656332,0.0018824228,-0.5911663,0.13616021,-0.047557835,-0.7762066,0.20084687,-0.08119822,-0.875156,0.23837663,-0.10472033,-0.94806135,0.26286542,-0.10062688,-0.5829934,0.12960985,-0.15418078,-0.80016893,0.1870794,-0.17769298,-0.8963181,0.22280133,-0.18276513,-0.98315656,0.2520082,-0.19976407,-0.5398635,0.12185912,-0.24663593,-0.74459314,0.16480651,-0.26061264,-0.84131217,0.19368374,-0.264347,-0.9276986,0.21736653,-0.29457146,-0.45801497,0.116616964,-0.33333442,-0.64255667,0.16266657,-0.34636912,-0.7287823,0.19846673,-0.3453924,-0.8059232,0.22749634
THANK_YOU,0.0,0.0,0.0,0.06170863,-0.068833515,0.0417864,0.0854916,-0.22572087,0.080718435,0.104778565,-0.3819759,0.116033725,0.13909794,-0.4911,0.15824212,-0.07281269,-0.565396,0.12515098,-0.103766315,-0.75306606,0.18137665,-0.12431284,-0.8380041,0.21180011,-0.13589169,-0.90089977,0.22951995,-0.1370052,-0.5820988,0.11396602,-0.18017358,-0.8010986,0.15903628,-0.19698158,-0.8983167,0.18214038,-0.19537574,-0.98072845,0.20018826,-0.19583417,-0.56092066,0.10089082,-0.23727565,-0.76712835,0.12911718,-0.24482225,-0.86756665,0.14602496,-0.2444906,-0.9495396,0.16043814,-0.24732786,-0.5003089,0.0903932,-0.277968,-0.6804674,0.12368368,-0.28977248,-0.767825,0.15152664,-0.29042408,-0.84150255,0.17331903
THANK_YOU,0.0,0.0,0.0,0.1288864,-0.1374153,0.06900625,0.15557007,-0.29703936,0.11698783,0.1494277,-0.4155248,0.15450725,0.17195152,-0.4973191,0.19529922,0.0021053506,-0.6290314,0.13147111,-0.055261355,-0.81605023,0.17531934,-0.08621932,-0.9094837,0.1962042,-0.10698026,-0.9723551,0.20871101,-0.10842875,-0.6059588,0.10726358,-0.16765514,-0.81838614,0.14737949,-0.18615875,-0.9093736,0.16559349,-0.19413993,-0.9809739,0.17904896,-0.20837115,-0.54679614,0.083939366,-0.25804576,-0.75230217,0.11666626,-0.2746562,-0.84514123,0.1313997,-0.28050724,-0.92388606,0.14139841,-0.29889342,-0.45477024,0.06549371,-0.3382048,-0.63736457,0.10119611,-0.35379666,-0.729228,0.12881042,-0.35727456,-0.80216414,0.14988117
THANK_YOU,0.0,0.0,0.0,0.12696631,-0.14138559,0.059985116,0.14699379,-0.30175045,0.10291622,0.14087598,-0.42421305,0.13518524,0.16710101,-0.5025145,0.1688544,-0.004131529,-0.60943216,0.113113046,-0.053680107,-0.791683,0.14159532,-0.08686745,-0.89380693,0.1513582,-0.111154966,-0.9668117,0.15609747,-0.11648918,-0.58314395,0.0881742,-0.17040947,-0.79585373,0.11415145,-0.1933286,-0.8979686,0.12573591,-0.20348231,-0.9790786,0.13407412,-0.21735182,-0.5208574,0.063075595,-0.26556537,-0.7272153,0.08213909,-0.28145358,-0.82757866,0.09152114,-0.2843944,-0.9111116,0.09812346,-0.30976486,-0.42271927,0.04201141,-0.3497249,-0.59854186,0.06098439,-0.36457354,-0.69437665,0.07884347,-0.3665304,-0.7746769,0.093628205
THANK_YOU,0.0,0.0,0.0,0.12795608,-0.12059415,0.036651794,0.15375358,-0.28972036,0.067108,0.1553428,-0.4142891,0.08948977,0.18226169,-0.49859384,0.114276,0.0020704416,-0.6214039,0.10550834,-0.03954568,-0.7979842,0.13615793,-0.07004489,-0.89840907,0.14220504,-0.09598044,-0.9723772,0.14306907,-0.110620335,-0.5989077,0.08895875,-0.16086343,-0.8045975,0.123192534,-0.18213592,-0.9020036,0.13333887,-0.19503692,-0.9807959,0.13816665,-0.21609475,-0.5428183,0.06977791,-0.25964516,-0.74808085,0.0961816,-0.27302465,-0.8417066,0.10786959,-0.28030902,-0.92038685,0.1137974,-0.31417218,-0.45440105,0.051570423,-0.34957707,-0.6348747,0.078402646,-0.36248142,-0.7230765,0.102176756,-0.36662966,-0.793958,0.11957707
THANK_YOU,0.0,0.0,0.0,0.12789707,-0.12652712,0.019928822,0.15247801,-0.29270083,0.040423453,0.151556,-0.40874472,0.054317888,0.17348845,-0.49376503,0.070501365,-0.007419839,-0.626813,0.08125879,-0.05157567,-0.7983696,0.09856762,-0.0831799,-0.89562434,0.097291164,-0.108606935,-0.96709174,0.0933432,-0.11705481,-0.5965945,0.06576704,-0.16740698,-0.79952633,0.084424354,-0.18892108,-0.9008615,0.08640285,-0.2012582,-0.97953826,0.08629512,-0.21686177,-0.5310174,0.046193358,-0.26152217,-0.7328729,0.05753984,-0.27368066,-0.82977945,0.060574483,-0.2769208,-0.9109805,0.061722476,-0.30996728,-0.43179506,0.026501676,-0.347627,-0.6064458,0.03774865,-0.36242613,-0.69963527,0.05121255,-0.36659372,-0.7787109,0.06196174
THANK_YOU,0.0,0.0,0.0,0.13336453,-0.11434157,0.0439126,0.15719496,-0.28423044,0.07721948,0.15214357,-0.41315868,0.10319222,0.17144883,-0.49938044,0.13150153,0.027036693,-0.58989596,0.09134174,-0.024578247,-0.76656806,0.11899783,-0.06041462,-0.8724445,0.13084525,-0.08620768,-0.94869393,0.13811824,-0.084726825,-0.5816253,0.07306552,-0.13531896,-0.7880497,0.09773016,-0.15757403,-0.89528084,0.11298502,-0.16633484,-0.9860694,0.12638314,-0.19096015,-0.5364839,0.054295,-0.23203336,-0.7395047,0.06972139,-0.24936841,-0.8476326,0.08108923,-0.25562495,-0.9352488,0.09203026,-0.29268074,-0.4519352,0.038433988,-0.3286304,-0.63800704,0.05842485,-0.34118605,-0.731495,0.08067813,-0.3422835,-0.8047465,0.099998415
THANK_YOU,0.0,0.0,0.0,0.12645462,-0.12176415,0.040404826,0.149539,-0.29071257,0.07318007,0.14541441,-0.41959575,0.099692136,0.16527395,-0.5023983,0.12774321,0.009652585,-0.59264076,0.07889984,-0.041785356,-0.7769464,0.100920506,-0.075388476,-0.87827563,0.108387195,-0.09986852,-0.95047235,0.11179986,-0.09970996,-0.57356894,0.060213976,-0.15247434,-0.79573727,0.0777681,-0.17196704,-0.9041991,0.08706971,-0.17893994,-0.98386,0.09477553,-0.2046959,-0.51629394,0.041606024,-0.24932131,-0.7330572,0.05106293,-0.26009318,-0.8372072,0.059350222,-0.2600784,-0.9157491,0.06729727,-0.30500433,-0.42112157,0.026286205,-0.33900973,-0.61401916,0.038206603,-0.3474522,-0.7096723,0.05547068,-0.34456435,-0.7848472,0.0710548
THANK_YOU,0.0,0.0,0.0,0.12787083,-0.11792701,0.04118156,0.15812969,-0.28478718,0.07544831,0.15894023,-0.42585358,0.10291042,0.18481305,-0.5131333,0.13336508,0.015483145,-0.60105217,0.10052586,-0.03109171,-0.7843899,0.13253085,-0.061482262,-0.88742065,0.14419891,-0.08398677,-0.9623054,0.14896275,-0.09444264,-0.590632,0.08244946,-0.1420251,-0.8043176,0.11201839,-0.15879697,-0.9066694,0.12443616,-0.16337463,-0.9865641,0.13287206,-0.19647792,-0.5419363,0.062961236,-0.23883401,-0.7496832,0.08012945,-0.24623501,-0.8502469,0.0895104,-0.24535175,-0.9281696,0.09614966,-0.29258272,-0.45510435,0.04606833,-0.32894808,-0.63119704,0.061574675,-0.33857322,-0.7192661,0.078504786,-0.3370992,-0.79221135,0.0929484
THANK_YOU,0.0,0.0,0.0,0.121583715,-0.13477279,0.04282289,0.14383239,-0.2984606,0.07422246,0.13908666,-0.4223992,0.097848706,0.16174996,-0.50725615,0.12279717,0.006338663,-0.5910902,0.084484845,-0.044343334,-0.7719556,0.10630794,-0.076545425,-0.8737344,0.112598985,-0.101484865,-0.9501447,0.11457901,-0.10368288,-0.5713586,0.062823005,-0.15397875,-0.7903063,0.08345157,-0.17521319,-0.89924467,0.09159091,-0.18633533,-0.9824861,0.09663344,-0.20593335,-0.5125617,0.04072231,-0.25137213,-0.7253625,0.052932467,-0.26377138,-0.82704544,0.05787338,-0.2657083,-0.9052525,0.06117997,-0.30133334,-0.4179461,0.021842029,-0.33619902,-0.599474,0.034058917,-0.34564087,-0.69227296,0.04831893,-0.34311593,-0.76590556,0.06037642
THANK_YOU,0.0,0.0,0.0,0.11326859,-0.13908245,0.04486955,0.13107486,-0.30706245,0.075468436,0.1242085,-0.42599678,0.09756887,0.14941107,-0.5030372,0.11934892,-0.0025132322,-0.5987053,0.07480232,-0.059277233,-0.77509665,0.08890347,-0.09416924,-0.8762321,0.09022358,-0.12053049,-0.9518471,0.088751405,-0.10591514,-0.5718018,0.04941898,-0.16295588,-0.7847992,0.06342414,-0.18965334,-0.89422745,0.066709034,-0.20498757,-0.97876465,0.067691594,-0.20244953,-0.50738496,0.024237603,-0.24996436,-0.71697,0.030378653,-0.2701558,-0.8254167,0.029885007,-0.2777444,-0.91157037,0.028932568,-0.2942705,-0.41172114,0.0027387468,-0.333867,-0.592479,0.0057988837,-0.34890217,-0.69204867,0.013372412,-0.35310814,-0.7763916,0.020497104
THANK_YOU,0.0,0.0,0.0,0.11501022,-0.1361067,0.03946061,0.13439988,-0.3040307,0.07004311,0.12858023,-0.4219549,0.095529065,0.14335935,-0.504143,0.12251506,0.0003481328,-0.5931916,0.06361358,-0.060246807,-0.777231,0.08068316,-0.09169809,-0.87926865,0.08718167,-0.113119856,-0.9559059,0.09099004,-0.09973249,-0.57001376,0.04558896,-0.15526935,-0.7846769,0.060977254,-0.1800576,-0.8961312,0.06833886,-0.19094406,-0.98160094,0.0741746,-0.19275476,-0.5093426,0.028503854,-0.2417784,-0.7158044,0.03811376,-0.2622193,-0.821996,0.039383236,-0.2683138,-0.9069604,0.041130885,-0.2817266,-0.41731682,0.014926973,-0.32706064,-0.59721184,0.024876675,-0.34601763,-0.6939337,0.03494566,-0.3513368,-0.77389973,0.04438576
THANK_YOU,0.0,0.0,0.0,0.12546216,-0.13065858,0.06851596,0.14696999,-0.29698512,0.117161885,0.13895196,-0.43720454,0.15601607,0.16025048,-0.5251078,0.196547,0.0141465515,-0.5855432,0.11421493,-0.042906202,-0.7712602,0.15269351,-0.0755437,-0.87332815,0.17304678,-0.09746761,-0.9506634,0.1859,-0.090272225,-0.57893765,0.09057675,-0.14757416,-0.79427856,0.1245382,-0.17116433,-0.89820224,0.14322051,-0.18005073,-0.98365736,0.15837625,-0.18794748,-0.5324998,0.06927227,-0.23692776,-0.7359061,0.09505807,-0.25160405,-0.836016,0.10906253,-0.25394827,-0.91642874,0.1203885,-0.28301933,-0.44348648,0.0534121,-0.32121912,-0.6164513,0.08401494,-0.3320434,-0.7056187,0.10824135,-0.33080667,-0.7746923,0.12783818
THANK_YOU,0.0,0.0,0.0,0.12923476,-0.12298056,0.05550675,0.14581737,-0.28053877,0.09268993,0.133695,-0.41713983,0.12029179,0.15911457,-0.511571,0.14932771,0.016830549,-0.57789755,0.09434029,-0.045306955,-0.7674897,0.1180593,-0.08051428,-0.87537885,0.13087401,-0.104201816,-0.9525017,0.1401279,-0.087110385,-0.57110614,0.07134388,-0.1484524,-0.7908995,0.090407714,-0.1736934,-0.89730155,0.10488137,-0.18328595,-0.98305964,0.11921261,-0.18222159,-0.52572393,0.049286153,-0.23303649,-0.7289417,0.06242461,-0.25089458,-0.8323091,0.07558995,-0.2548651,-0.9122228,0.08901835,-0.27398118,-0.43876404,0.031305864,-0.31945673,-0.6105939,0.052691404,-0.33565995,-0.7039651,0.07524398,-0.33780897,-0.7751722,0.09537377
THANK_YOU,0.0,0.0,0.0,0.12025159,-0.13740784,0.06189727,0.13773507,-0.30270976,0.10603989,0.12873946,-0.42959797,0.14358395,0.14714004,-0.51457876,0.18340401,0.012542979,-0.5918664,0.084017895,-0.046282694,-0.7818516,0.11295342,-0.08664385,-0.8813671,0.13123377,-0.115171894,-0.95496583,0.14246918,-0.094526015,-0.5687581,0.062131345,-0.15149324,-0.7978815,0.081417404,-0.17490302,-0.89926547,0.10094193,-0.18349384,-0.98302084,0.11756637,-0.19077352,-0.51370823,0.04332648,-0.23428437,-0.73263156,0.058224108,-0.2519687,-0.8393756,0.07471564,-0.25563708,-0.92690134,0.08817688,-0.27922228,-0.42163324,0.029944818,-0.31821966,-0.6037057,0.04654663,-0.3318567,-0.7042883,0.06587228,-0.33085003,-0.7848001,0.082888395
THANK_YOU,0.0,0.0,0.0,0.12625714,-0.142998,0.059289265,0.14237247,-0.30840456,0.10072576,0.12902233,-0.4446339,0.13333337,0.1471363,-0.5425241,0.16832827,0.008865319,-0.59232575,0.10145768,-0.04836728,-0.7754327,0.12917821,-0.08259401,-0.8749719,0.14243487,-0.10622653,-0.9480758,0.15045747,-0.09711421,-0.5711557,0.07946797,-0.15667668,-0.7896097,0.09787837,-0.18030876,-0.89255905,0.11049184,-0.19062796,-0.98166233,0.12240592,-0.19097838,-0.5185364,0.058771495,-0.23929909,-0.72922426,0.071991704,-0.2576138,-0.8332913,0.083805546,-0.26336727,-0.91975546,0.09525295,-0.2767613,-0.4313422,0.042796202,-0.32279947,-0.6095611,0.064514846,-0.3388539,-0.7073017,0.085779235,-0.3386494,-0.78562367,0.10391565
THANK_YOU,0.0,0.0,0.0,0.12537858,-0.14114909,0.055778664,0.14531955,-0.30757174,0.09654646,0.13139482,-0.44316202,0.12917475,0.14519584,-0.54230785,0.16393682,0.00917721,-0.5944825,0.09529532,-0.05081464,-0.77446705,0.118520916,-0.08799494,-0.8792777,0.13011919,-0.114403486,-0.9568984,0.13786754,-0.0949099,-0.5760639,0.07412972,-0.15391374,-0.7887015,0.08860714,-0.17868815,-0.89238644,0.100425676,-0.19168797,-0.98145586,0.1130933,-0.18786019,-0.5247214,0.05400761,-0.23772113,-0.72896755,0.06381172,-0.25624406,-0.8318448,0.075677454,-0.26275754,-0.9175548,0.0881952,-0.273726,-0.4375225,0.038257107,-0.32177457,-0.60991013,0.05425146,-0.34044093,-0.70583737,0.07303197,-0.34365356,-0.7820018,0.09096363
THANK_YOU,0.0,0.0,0.0,0.12595402,-0.13950479,0.053477988,0.14408308,-0.30665216,0.09045194,0.12931533,-0.44393593,0.119782336,0.14741671,-0.5427072,0.15103982,0.014548635,-0.58994204,0.08383708,-0.04830774,-0.77510065,0.10287064,-0.08530335,-0.88163614,0.11288841,-0.110358685,-0.9581029,0.11989996,-0.08960995,-0.57128435,0.062663846,-0.1503509,-0.7890167,0.07329852,-0.17503947,-0.89505535,0.084559105,-0.18707721,-0.9823452,0.096806325,-0.18428671,-0.5184385,0.043004006,-0.23530479,-0.72571146,0.050780933,-0.2539005,-0.8310934,0.06287193,-0.25920635,-0.9163523,0.07530807,-0.27181497,-0.4299637,0.027710263,-0.31798553,-0.6048696,0.043234706,-0.33539724,-0.7025848,0.06258664,-0.3373337,-0.7800944,0.080530666
THANK_YOU,0.0,0.0,0.0,0.12574728,-0.14109805,0.04831868,0.14460123,-0.30992118,0.08301645,0.13070615,-0.44353813,0.11085687,0.14547184,-0.5423216,0.1405272,0.008795939,-0.5899911,0.07636239,-0.05098719,-0.7733818,0.091579825,-0.08603819,-0.8797039,0.09875937,-0.10955875,-0.9578538,0.103935204,-0.09706818,-0.57002056,0.056136195,-0.15570368,-0.7877771,0.06376157,-0.17791133,-0.8951957,0.07302657,-0.18743078,-0.98227775,0.08375316,-0.19226669,-0.5151304,0.036947623,-0.24220249,-0.7239258,0.041712277,-0.25766215,-0.83032227,0.051610637,-0.26069593,-0.9167947,0.06247517,-0.27838382,-0.42351234,0.021789918,-0.32291844,-0.59732175,0.03318736,-0.3387121,-0.6977156,0.0495954,-0.33933097,-0.7782058,0.065626204
THANK_YOU,0.0,0.0,0.0,0.13083683,-0.13537063,0.058261786,0.14929385,-0.29905787,0.10057991,0.13414314,-0.43910775,0.1350503,0.15458441,-0.53757215,0.17211811,0.01734586,-0.58439857,0.09750751,-0.039434057,-0.7677019,0.124240465,-0.073018916,-0.86778766,0.13834324,-0.0952735,-0.94007635,0.1476512,-0.09069133,-0.5711526,0.07688268,-0.14835915,-0.79012585,0.09442803,-0.17199302,-0.8960688,0.10770908,-0.18182123,-0.9833316,0.12138296,-0.18659924,-0.5217067,0.057926897,-0.2355895,-0.7305781,0.07025993,-0.25097972,-0.8342993,0.08162902,-0.25382072,-0.91849315,0.09374293,-0.27261484,-0.43319818,0.043862462,-0.3151324,-0.60912454,0.06303027,-0.33042765,-0.7057332,0.082483105,-0.33055004,-0.78310907,0.10054995
THANK_YOU,0.0,0.0,0.0,0.13507219,-0.14328049,0.052683115,0.15521732,-0.30461967,0.08780533,0.14042947,-0.44488862,0.1152321,0.15398875,-0.5484128,0.14457148,0.019674944,-0.5892849,0.08365794,-0.03970568,-0.77928305,0.10467991,-0.075894184,-0.8762617,0.11527337,-0.10030432,-0.94728965,0.121927336,-0.08985503,-0.57187617,0.063030906,-0.14548844,-0.7922043,0.0752656,-0.1677067,-0.89647394,0.08649586,-0.17583285,-0.98442,0.09831608,-0.18503968,-0.5172962,0.044035062,-0.2312743,-0.7285714,0.052715678,-0.24857512,-0.8337517,0.06457412,-0.2554302,-0.9220577,0.076591514,-0.26807877,-0.42446506,0.029553918,-0.30943403,-0.6076811,0.045975473,-0.32484454,-0.70765144,0.06596162,-0.3266408,-0.7897344,0.08420819
THANK_YOU,0.0,0.0,0.0,0.12982906,-0.1382415,0.05536868,0.14884281,-0.30340144,0.0928121,0.13664678,-0.44475442,0.121571355,0.15691848,-0.5474805,0.15226072,0.02296638,-0.58525825,0.09120712,-0.038087737,-0.77286905,0.11252152,-0.07383101,-0.8760308,0.122085266,-0.09835909,-0.9526655,0.12829176,-0.082355924,-0.575011,0.06930446,-0.14211975,-0.7906275,0.08434064,-0.16664506,-0.896507,0.09455372,-0.17672908,-0.98425955,0.105259195,-0.17716639,-0.52784854,0.048892647,-0.22874503,-0.733328,0.061091173,-0.24768364,-0.83998555,0.07272943,-0.25314915,-0.92621917,0.08395858,-0.26374203,-0.44346726,0.03273056,-0.3088977,-0.61825526,0.052835867,-0.3281744,-0.7159553,0.07400564,-0.33293298,-0.79407686,0.09281933
THANK_YOU,0.0,0.0,0.0,0.13076192,-0.13487265,0.04814716,0.15351264,-0.30255407,0.08344785,0.14390422,-0.4430382,0.11127574,0.1598242,-0.5456508,0.14092565,0.017442064,-0.59139496,0.086804464,-0.03964831,-0.7753267,0.1089176,-0.0731545,-0.87914026,0.11848138,-0.096185066,-0.9564762,0.12451126,-0.08951418,-0.57602805,0.067406446,-0.14469469,-0.79379857,0.08493215,-0.16536093,-0.8992554,0.09611582,-0.1729248,-0.98493505,0.10666858,-0.1847023,-0.5243949,0.04861095,-0.23121099,-0.73491794,0.06110401,-0.24473546,-0.84028864,0.07190487,-0.24635863,-0.92480755,0.08183837,-0.27163893,-0.43648684,0.03343553,-0.31460956,-0.6124373,0.051072426,-0.3289195,-0.7119607,0.06989553,-0.32922646,-0.79261225,0.086672924
THANK_YOU,0.0,0.0,0.0,0.12643266,-0.14149185,0.059208453,0.14483297,-0.3055213,0.10081,0.13319238,-0.44717205,0.13388821,0.14680353,-0.5479909,0.16893165,0.015391589,-0.5764584,0.095434204,-0.045855347,-0.7644601,0.12196559,-0.081082754,-0.86830807,0.13526562,-0.105049476,-0.9452069,0.14456868,-0.09158562,-0.56307304,0.07326746,-0.15023744,-0.7880624,0.09358362,-0.17460173,-0.8963387,0.10767833,-0.18394814,-0.98293597,0.121467315,-0.19008482,-0.5137474,0.05312148,-0.2382815,-0.72651696,0.06899799,-0.25258052,-0.83419806,0.08239772,-0.25342956,-0.920309,0.09489402,-0.28214115,-0.42540732,0.03774264,-0.32313186,-0.60516655,0.060407884,-0.33633235,-0.703891,0.08352249,-0.33412498,-0.7834664,0.10373819
THANK_YOU,0.0,0.0,0.0,0.12562187,-0.13625617,0.061529074,0.14689983,-0.2985138,0.10355229,0.13792075,-0.44141284,0.13726015,0.14944853,-0.5426084,0.1730344,0.017033748,-0.57868195,0.09351483,-0.04485863,-0.7713113,0.121589325,-0.08094211,-0.8742349,0.13733733,-0.10571274,-0.947354,0.14869592,-0.089292414,-0.5676703,0.07108593,-0.1474972,-0.7945731,0.093344346,-0.1736677,-0.9008829,0.10947768,-0.18550272,-0.9826438,0.12483964,-0.18759249,-0.5186548,0.0513061,-0.23341754,-0.73328614,0.06884691,-0.2484907,-0.8399222,0.082634866,-0.25008863,-0.92221457,0.09515878,-0.28048688,-0.42949533,0.036813255,-0.32004923,-0.60826516,0.060284823,-0.3329082,-0.70636344,0.08318074,-0.3302045,-0.78477746,0.10332911
THANK_YOU,0.0,0.0,0.0,0.13694507,-0.14820433,0.056025103,0.15500401,-0.31366733,0.09615293,0.13798995,-0.4544745,0.12817806,0.15740298,-0.5567063,0.16214831,0.023922231,-0.58144104,0.09371018,-0.036431182,-0.7708217,0.12078201,-0.07410175,-0.86739105,0.13420418,-0.10082461,-0.9411941,0.14228614,-0.08487755,-0.56696844,0.073377095,-0.13953492,-0.7887176,0.0918631,-0.16147225,-0.89598644,0.10516334,-0.16903475,-0.98561007,0.1183914,-0.18062147,-0.5164704,0.054811675,-0.22766373,-0.72285867,0.06993357,-0.24529988,-0.8293662,0.0834229,-0.25192377,-0.9208586,0.09606609,-0.26507705,-0.42729184,0.040607996,-0.30627438,-0.6051532,0.06328231,-0.32276157,-0.70120406,0.08674039,-0.32601893,-0.7793533,0.10700108
THANK_YOU,0.0,0.0,0.0,0.12780964,-0.14063151,0.051623292,0.15137513,-0.30774623,0.085292764,0.14389278,-0.4509721,0.11064067,0.1608303,-0.5539396,0.13676567,0.024796909,-0.5819867,0.08164263,-0.03969412,-0.7751423,0.10127636,-0.07619643,-0.88289213,0.10987194,-0.10158102,-0.9622404,0.11572456,-0.08036108,-0.5694596,0.059341073,-0.13885602,-0.7893266,0.075040355,-0.16426846,-0.8980842,0.083945036,-0.17480585,-0.9846029,0.092718646,-0.1767851,-0.51913214,0.03883954,-0.2237688,-0.72650313,0.051389795,-0.24080151,-0.8340362,0.061249975,-0.24368069,-0.91810435,0.06996456,-0.26718515,-0.43275335,0.022441091,-0.31028464,-0.6097322,0.041494217,-0.32544973,-0.70670587,0.062189177,-0.3253463,-0.78478336,0.07995256
THANK_YOU,0.0,0.0,0.0,0.12874149,-0.13892768,0.05301286,0.15269966,-0.3028184,0.08746741,0.14596912,-0.44742644,0.11353222,0.16658689,-0.54957265,0.1408793,0.029408112,-0.5783699,0.08607452,-0.040111285,-0.77432674,0.108339824,-0.07849634,-0.8837612,0.11790311,-0.104890615,-0.9670426,0.12450852,-0.07705417,-0.5709009,0.064776964,-0.13890287,-0.78973895,0.0845999,-0.1659095,-0.8977499,0.09538879,-0.17685525,-0.98423684,0.10566995,-0.17663516,-0.52466,0.045467194,-0.22617744,-0.7294998,0.06283543,-0.24310891,-0.8339805,0.07657838,-0.24629457,-0.9175655,0.08820647,-0.27097994,-0.44169658,0.030030148,-0.31219006,-0.6211072,0.056359045,-0.3251915,-0.71134037,0.08334695,-0.3253048,-0.78112286,0.10565922
THANK_YOU,0.0,0.0,0.0,0.12953115,-0.1427113,0.047426637,0.15372595,-0.30321944,0.076828875,0.14638808,-0.44491336,0.098053895,0.16416445,-0.5494735,0.12038689,0.028143715,-0.5757044,0.0785665,-0.038668126,-0.7694501,0.09664178,-0.07616623,-0.87877566,0.10389706,-0.101109594,-0.9623238,0.10915469,-0.07989989,-0.56836903,0.057107676,-0.13931236,-0.78757757,0.07299524,-0.16556484,-0.89693063,0.08287396,-0.17549603,-0.98448014,0.09306563,-0.18036504,-0.52063257,0.036906112,-0.22977962,-0.728166,0.049984448,-0.24544492,-0.83404994,0.063408025,-0.24699172,-0.9200405,0.07548255,-0.27537104,-0.43375403,0.02013388,-0.31651238,-0.61433345,0.04212725,-0.32839113,-0.70882887,0.06763717,-0.32657987,-0.7845147,0.08942826
THANK_YOU,0.0,0.0,0.0,0.12793055,-0.14543077,0.04277158,0.15379487,-0.30775845,0.06852275,0.14869525,-0.4479991,0.087724894,0.16641389,-0.55140096,0.10811757,0.024388392,-0.58327436,0.06631847,-0.042299703,-0.78016967,0.08345781,-0.08134519,-0.89157945,0.09062299,-0.109127775,-0.97744286,0.095524564,-0.083209924,-0.57233614,0.046993557,-0.14256941,-0.7913245,0.06381905,-0.16889895,-0.89971143,0.07440253,-0.1797665,-0.9837093,0.08397084,-0.18310536,-0.5214492,0.02947856,-0.22994278,-0.72839534,0.0443807,-0.24584158,-0.8330533,0.057964344,-0.2489746,-0.9146635,0.068670936,-0.2759468,-0.43350965,0.015120919,-0.31306008,-0.61221564,0.03676792,-0.3235102,-0.7058341,0.06145257,-0.3217871,-0.7794685,0.08218448
THANK_YOU,0.0,0.0,0.0,0.13004087,-0.14425564,0.06996647,0.15237853,-0.30832058,0.1183435,0.14343145,-0.44985545,0.15820934,0.16113643,-0.5489417,0.20000283,0.02346037,-0.5717661,0.104658745,-0.040129848,-0.76746726,0.1401232,-0.07723125,-0.8726472,0.16193183,-0.10159279,-0.9494668,0.17753047,-0.084914744,-0.5591522,0.08260308,-0.14420138,-0.79003817,0.10841052,-0.17018142,-0.8984045,0.12881818,-0.17966066,-0.9837286,0.14848596,-0.18343589,-0.5102353,0.06401137,-0.23020618,-0.7294956,0.08471158,-0.24428447,-0.83197176,0.10339965,-0.24579571,-0.91426164,0.12116068,-0.27501974,-0.4220225,0.051626347,-0.31517577,-0.6116488,0.0821784,-0.32550073,-0.70333827,0.11175821,-0.32137883,-0.7730984,0.13705368
THANK_YOU,0.0,0.0,0.0,0.1301191,-0.14585821,0.060558625,0.15048602,-0.3120314,0.102221206,0.1413831,-0.4531665,0.13525851,0.15478648,-0.5518507,0.16949214,0.022166863,-0.5696787,0.09199655,-0.04167196,-0.76639074,0.11880752,-0.078783505,-0.87462485,0.13373958,-0.104108065,-0.95323765,0.14388539,-0.084575206,-0.5550391,0.06884397,-0.14341262,-0.7857707,0.088515334,-0.1694087,-0.89661026,0.101983875,-0.18007629,-0.9836526,0.11490085,-0.18162256,-0.50551474,0.048192527,-0.22901598,-0.7220708,0.06361868,-0.2452079,-0.8281506,0.075522855,-0.24786794,-0.9134009,0.08644656,-0.27112752,-0.4200688,0.03270551,-0.31426793,-0.6024083,0.054832682,-0.32806158,-0.69783,0.07685474,-0.32599157,-0.77438873,0.09563757
THANK_YOU,0.0,0.0,0.0,0.13000238,-0.14447829,0.0581617,0.15083084,-0.30743435,0.09647953,0.1431045,-0.44756365,0.12778366,0.16117826,-0.5474499,0.16034363,0.022224538,-0.57169646,0.08022726,-0.040661782,-0.7710183,0.10786561,-0.07834528,-0.8788125,0.12542428,-0.10377324,-0.955379,0.13787231,-0.08669022,-0.55780846,0.059979185,-0.14256686,-0.79153484,0.08106287,-0.16782908,-0.9019351,0.09848744,-0.17722736,-0.9841699,0.11473405,-0.18520178,-0.5062131,0.043190114,-0.23066525,-0.72785294,0.060933344,-0.24372955,-0.83425254,0.07639768,-0.24291581,-0.91578853,0.08975228,-0.27580738,-0.41631687,0.031791057,-0.3151056,-0.60181713,0.056273896,-0.3251926,-0.69881743,0.08078002,-0.3197496,-0.7751073,0.101626225
THANK_YOU,0.0,0.0,0.0,0.1312663,-0.14088078,0.058965016,0.15157546,-0.3045858,0.102273285,0.1353096,-0.44100666,0.13829945,0.14620237,-0.54113674,0.17559162,0.032040592,-0.5669888,0.0864716,-0.024293356,-0.7619071,0.11382017,-0.060945634,-0.8639457,0.12996465,-0.088166,-0.9402674,0.14032103,-0.073028654,-0.5536266,0.06446716,-0.124638535,-0.7901413,0.083560586,-0.1485182,-0.8996635,0.09895122,-0.15871048,-0.9873252,0.11351517,-0.16624059,-0.50328535,0.045183565,-0.20994852,-0.72436416,0.058790065,-0.22736062,-0.83338284,0.0710012,-0.23210473,-0.9253882,0.08222574,-0.24966288,-0.41573277,0.03111693,-0.2937477,-0.5986524,0.04855632,-0.30815926,-0.69905055,0.06804363,-0.30730733,-0.7839339,0.085327834
THANK_YOU,0.0,0.0,0.0,0.12611075,-0.1394634,0.046252318,0.14535572,-0.30532548,0.07817121,0.1346346,-0.44709516,0.10319855,0.15365085,-0.5490308,0.1295164,0.027591584,-0.57222927,0.073810235,-0.028037626,-0.7598495,0.089985244,-0.061074086,-0.8666157,0.09634559,-0.08498552,-0.9487424,0.09995072,-0.07492776,-0.55947685,0.05292861,-0.12407804,-0.77924365,0.06186724,-0.14673613,-0.89413774,0.06816832,-0.157578,-0.98750657,0.0756038,-0.16687413,-0.5100686,0.033547018,-0.20596245,-0.7194681,0.038955312,-0.22062051,-0.83025956,0.046342667,-0.22479533,-0.91990596,0.05444764,-0.24908805,-0.4254455,0.018026654,-0.28746155,-0.60212487,0.029202301,-0.30140215,-0.70325184,0.04505691,-0.30135557,-0.78569585,0.060050532
THANK_YOU,0.0,0.0,0.0,0.12386337,-0.1362673,0.059204202,0.14244352,-0.30667162,0.10138711,0.12874152,-0.44730258,0.1366504,0.14928909,-0.54688835,0.1741485,0.022576664,-0.57129514,0.08988437,-0.032007597,-0.76373255,0.11608761,-0.062945,-0.8741671,0.13093315,-0.0841467,-0.95786655,0.14072081,-0.07873368,-0.5605543,0.06941374,-0.12842143,-0.7823236,0.08551674,-0.14923269,-0.8945727,0.0982938,-0.15773621,-0.98748124,0.11135741,-0.16935447,-0.5158282,0.05187174,-0.20701255,-0.7264825,0.065050766,-0.21969235,-0.83546823,0.07829359,-0.22156608,-0.92524606,0.09092799,-0.25157285,-0.43588573,0.039403632,-0.29053053,-0.6140898,0.059121195,-0.3036587,-0.7113813,0.08035456,-0.30186135,-0.78803617,0.099514775
THANK_YOU,0.0,0.0,0.0,0.12845197,-0.13893215,0.06600636,0.15112436,-0.30884522,0.11404092,0.13875411,-0.44905198,0.15398388,0.15437439,-0.54687744,0.19623771,0.027948484,-0.5751511,0.10443273,-0.0270956,-0.7668873,0.13657953,-0.059001893,-0.8759945,0.15521811,-0.08171241,-0.9564673,0.16756937,-0.072750166,-0.5603457,0.08254471,-0.12209454,-0.78697634,0.10398224,-0.14320412,-0.8978732,0.119046174,-0.1528816,-0.98824453,0.1337948,-0.16282961,-0.5143295,0.06350452,-0.20074606,-0.72516,0.08102819,-0.21372786,-0.83400553,0.094890915,-0.21566911,-0.9223249,0.10772732,-0.24461764,-0.43390125,0.04992648,-0.2849124,-0.60854506,0.07323679,-0.29888144,-0.7061376,0.09486744,-0.29727656,-0.783318,0.11392396
THANK_YOU,0.0,0.0,0.0,0.12909043,-0.13424926,0.051087596,0.15000239,-0.30250946,0.08779226,0.138013,-0.44333106,0.11604588,0.15950601,-0.54640174,0.14625266,0.034103047,-0.5669661,0.089932606,-0.018847069,-0.7552662,0.110988535,-0.05120687,-0.8628865,0.12008535,-0.07517826,-0.9464092,0.12499894,-0.06566524,-0.5607153,0.067934714,-0.116544515,-0.7809487,0.07990862,-0.13763878,-0.8944387,0.08696916,-0.1471556,-0.9891134,0.095033474,-0.15570953,-0.52023435,0.04709989,-0.19771883,-0.7278802,0.056911122,-0.21204482,-0.83558816,0.06630255,-0.21568327,-0.92514354,0.07544662,-0.23792854,-0.4439259,0.029911878,-0.2809834,-0.6161602,0.04768512,-0.29774463,-0.7128202,0.06700944,-0.30018094,-0.7893432,0.08378761
THANK_YOU,0.0,0.0,0.0,0.12867396,-0.12754574,0.03798858,0.15251537,-0.29642162,0.065199725,0.14180669,-0.44387272,0.08634391,0.15798585,-0.54933345,0.10953445,0.043097667,-0.5624039,0.06460522,-0.013981545,-0.7526708,0.075144306,-0.047993004,-0.8599665,0.07725069,-0.071946315,-0.9449983,0.0781012,-0.05712085,-0.55640686,0.046249047,-0.11100725,-0.776615,0.051452093,-0.13368955,-0.89365816,0.053997096,-0.144518,-0.9895022,0.05842239,-0.14909995,-0.51531,0.029010175,-0.19171505,-0.7231257,0.03438386,-0.20783056,-0.8327529,0.040877905,-0.21365428,-0.9225652,0.04787531,-0.23273833,-0.43829688,0.014562782,-0.27144143,-0.6116985,0.028803764,-0.28737822,-0.7099722,0.046320055,-0.28997275,-0.7878861,0.061916642
THANK_YOU,0.0,0.0,0.0,0.13089688,-0.1279919,0.050425723,0.15953751,-0.2985045,0.08761074,0.15303326,-0.44029337,0.11767248,0.16855568,-0.54076153,0.14981736,0.042240925,-0.5726282,0.08709172,-0.004907781,-0.7631287,0.11045482,-0.036091596,-0.86981,0.12043077,-0.059972692,-0.9517987,0.12611976,-0.06056619,-0.5706972,0.06724213,-0.10238331,-0.7890116,0.08301663,-0.12223567,-0.9020893,0.09072898,-0.131421,-0.99132663,0.098982796,-0.15392789,-0.5314943,0.049132172,-0.18881124,-0.73894686,0.06324617,-0.19929984,-0.84396344,0.072719336,-0.19912052,-0.92859024,0.081391595,-0.23769425,-0.45445237,0.034884866,-0.27010283,-0.6269855,0.056025606,-0.28128302,-0.7203674,0.076664664,-0.27972472,-0.7931515,0.094337344
THANK_YOU,0.0,0.0,0.0,0.12560658,-0.1369178,0.046081416,0.14953513,-0.30629003,0.07788904,0.14226413,-0.44698682,0.10243059,0.15846252,-0.54742134,0.12908277,0.046227813,-0.5626392,0.074248545,-0.013600853,-0.7506004,0.08710232,-0.048090868,-0.85980755,0.09060595,-0.07106372,-0.9441629,0.09277009,-0.055307303,-0.5607079,0.05349282,-0.11033046,-0.7781505,0.060535256,-0.1331001,-0.89550865,0.06406618,-0.14208123,-0.98985505,0.069731735,-0.14951663,-0.5245047,0.03433643,-0.19227006,-0.72703755,0.042509276,-0.20740797,-0.83517057,0.050228342,-0.21078403,-0.92361516,0.057853017,-0.23499183,-0.45085752,0.018598694,-0.2740185,-0.6201543,0.03341053,-0.29074457,-0.71513045,0.05117558,-0.29376176,-0.79146576,0.06737879
THANK_YOU,0.0,0.0,0.0,0.12130307,-0.14348646,0.06213851,0.14630081,-0.31003472,0.103462666,0.1407623,-0.44839102,0.13640302,0.15235353,-0.5473565,0.17185019,0.03518639,-0.5699699,0.09265478,-0.022816528,-0.7620027,0.116754636,-0.05764876,-0.87064034,0.12959507,-0.08066959,-0.9525877,0.1388056,-0.06850972,-0.56439817,0.06940077,-0.120775774,-0.7865944,0.08410162,-0.14359617,-0.8991604,0.09621492,-0.15153997,-0.9884511,0.10973965,-0.16442221,-0.52553815,0.049122155,-0.20479041,-0.7340935,0.06388975,-0.21765253,-0.8394689,0.07939539,-0.2178601,-0.9259848,0.093898915,-0.2512275,-0.44775167,0.033881854,-0.2862795,-0.6254849,0.056713037,-0.29856208,-0.72041017,0.081688836,-0.2962633,-0.79551274,0.103987806
THANK_YOU,0.0,0.0,0.0,0.11551665,-0.15455057,0.05539285,0.1376736,-0.31988734,0.09699543,0.13271926,-0.44962335,0.13355087,0.15293093,-0.5419845,0.17283224,0.021673026,-0.5715105,0.08378098,-0.02332095,-0.75504816,0.11061204,-0.05657562,-0.8599185,0.12572585,-0.08220359,-0.93709,0.13541614,-0.08430882,-0.5532471,0.064518005,-0.124012984,-0.78316844,0.079665184,-0.14417394,-0.8994205,0.092470676,-0.1529765,-0.9882299,0.10580973,-0.17826803,-0.50145304,0.04814861,-0.21090353,-0.7213505,0.059085883,-0.21905334,-0.8318986,0.06886613,-0.21629304,-0.9214028,0.07908232,-0.25871292,-0.41595036,0.03726889,-0.29211074,-0.6023595,0.048293944,-0.30153272,-0.70297354,0.06314792,-0.29590142,-0.7877791,0.07864847
THANK_YOU,0.0,0.0,0.0,0.117812976,-0.1524758,0.058106653,0.13778861,-0.3134358,0.096773244,0.13141908,-0.44603717,0.12855372,0.15004507,-0.54306215,0.16241899,0.028466992,-0.56503886,0.08083341,-0.024974978,-0.7626352,0.10273638,-0.056820262,-0.87286836,0.11491868,-0.079912335,-0.954347,0.12290817,-0.0748087,-0.55091566,0.058132645,-0.12000516,-0.782113,0.072042115,-0.1419049,-0.8981235,0.082426906,-0.15100312,-0.98853326,0.093029745,-0.16854466,-0.5028181,0.038577914,-0.20721127,-0.71932685,0.05051365,-0.22026661,-0.8324877,0.059129708,-0.21987282,-0.923992,0.06689043,-0.25296274,-0.41991526,0.024435883,-0.29016203,-0.6024225,0.038197927,-0.30366772,-0.7024583,0.054066073,-0.301634,-0.78793794,0.06904805
THANK_YOU,0.0,0.0,0.0,0.11856854,-0.15244105,0.04798755,0.14013343,-0.31144434,0.08045899,0.13503216,-0.44253844,0.1069978,0.14772215,-0.5414749,0.13539329,0.025121566,-0.56549245,0.07197136,-0.029090855,-0.75735295,0.09033252,-0.060302284,-0.86407614,0.09839521,-0.082660004,-0.9443201,0.10365546,-0.07821023,-0.5510221,0.05173174,-0.12453659,-0.78026515,0.065649435,-0.14625461,-0.89756906,0.07384365,-0.15443861,-0.9880024,0.08197309,-0.17106418,-0.5012248,0.03360562,-0.20849396,-0.7199743,0.045311484,-0.21926641,-0.83320117,0.05253104,-0.21706045,-0.9243574,0.05855458,-0.25293273,-0.41673905,0.019798763,-0.29042652,-0.60070664,0.032333735,-0.30245477,-0.7010786,0.047590185,-0.29937488,-0.7866226,0.06189252
THANK_YOU,0.0,0.0,0.0,0.11523888,-0.15609708,0.05301343,0.13471986,-0.31817237,0.089447446,0.12703949,-0.44786966,0.11859797,0.143683,-0.5435898,0.14938557,0.019557664,-0.56578326,0.08087148,-0.033021454,-0.75529015,0.098569855,-0.06518893,-0.8629437,0.106174655,-0.088009484,-0.9437736,0.11107192,-0.08158403,-0.5505903,0.057793178,-0.12968613,-0.7791189,0.06917546,-0.15134658,-0.89533234,0.07638124,-0.16026051,-0.98707473,0.08441629,-0.17428222,-0.50214314,0.036574222,-0.21476887,-0.72158045,0.04544074,-0.22621377,-0.83361024,0.05241009,-0.22471038,-0.9264542,0.058965534,-0.25860146,-0.41785464,0.020008324,-0.2981144,-0.6005982,0.029504342,-0.3113223,-0.70103574,0.043599434,-0.3084202,-0.7869475,0.057542175
THANK_YOU,0.0,0.0,0.0,0.11809987,-0.15094954,0.05919202,0.13717549,-0.31128338,0.09932463,0.12945399,-0.44393584,0.13207527,0.14447656,-0.5416032,0.16692166,0.025007509,-0.5640552,0.08838679,-0.029309193,-0.75428057,0.11298352,-0.06307356,-0.8614562,0.12594838,-0.08693552,-0.94070214,0.13461708,-0.07784136,-0.5519099,0.06550716,-0.12754217,-0.78042233,0.082701184,-0.15168104,-0.896184,0.09384381,-0.16212368,-0.98677045,0.105130486,-0.17196655,-0.5052242,0.04538004,-0.21317467,-0.7225666,0.059746396,-0.22583865,-0.8345161,0.069680646,-0.22537474,-0.9274401,0.078527644,-0.25710747,-0.4223996,0.030575333,-0.29763508,-0.6051097,0.04650072,-0.31209356,-0.70425195,0.06413901,-0.3102999,-0.7889832,0.08065221
THANK_YOU,0.0,0.0,0.0,0.12023427,-0.15088695,0.05769265,0.13976444,-0.312047,0.09840034,0.13166228,-0.44535494,0.13170521,0.14719567,-0.5463563,0.16697389,0.023179455,-0.5686587,0.096255794,-0.03026055,-0.7587549,0.1257864,-0.06392212,-0.8676829,0.14076176,-0.08824817,-0.94847125,0.15042394,-0.07938395,-0.55610174,0.07513454,-0.12875403,-0.78151256,0.098740846,-0.15392675,-0.89585984,0.11152712,-0.16486026,-0.986317,0.12305259,-0.17267421,-0.50954103,0.056073405,-0.2124313,-0.72449785,0.07459689,-0.22521022,-0.8367538,0.08495046,-0.22566645,-0.92977744,0.09336088,-0.2578249,-0.42749554,0.041903276,-0.29702076,-0.6094838,0.060049444,-0.31130436,-0.7097244,0.07764838,-0.31044292,-0.7961429,0.09373621
THANK_YOU,0.0,0.0,0.0,0.115328394,-0.157648,0.06269091,0.13582274,-0.31782967,0.10725327,0.12889448,-0.45114905,0.14475681,0.14106734,-0.5485907,0.1841277,0.023178406,-0.5566101,0.096327774,-0.031660847,-0.7485312,0.12710886,-0.06516346,-0.8575479,0.14265661,-0.08899609,-0.93960506,0.15298302,-0.077465914,-0.54597586,0.07530089,-0.12636948,-0.7736781,0.10001817,-0.15401119,-0.89262533,0.11201238,-0.16654047,-0.9860346,0.12300053,-0.17073853,-0.50219846,0.057656817,-0.21020281,-0.7155972,0.079176664,-0.22284569,-0.82969195,0.08868733,-0.22237937,-0.9253969,0.095929496,-0.25671566,-0.4226101,0.045683574,-0.29589558,-0.6040397,0.065562986,-0.30917776,-0.7025868,0.0831471,-0.30691347,-0.7894389,0.09910148
THANK_YOU,0.0,0.0,0.0,0.114838,-0.1588679,0.06650238,0.13406439,-0.3225492,0.11289196,0.12720197,-0.45462555,0.15128711,0.1377751,-0.54976296,0.19163018,0.02109245,-0.5617413,0.09956168,-0.036345314,-0.7549807,0.12926608,-0.0702473,-0.864515,0.14419469,-0.093408495,-0.9476719,0.15421906,-0.08056696,-0.5492355,0.076665446,-0.13154817,-0.77769357,0.101222835,-0.15776448,-0.894477,0.11381267,-0.16837656,-0.9857227,0.12504776,-0.1742917,-0.5054546,0.057077043,-0.2142175,-0.72256285,0.079571344,-0.22774684,-0.83638245,0.09009553,-0.2272628,-0.9314088,0.09747064,-0.2604822,-0.42641857,0.043263603,-0.29944876,-0.6073509,0.06434945,-0.3136305,-0.70609146,0.0826017,-0.31193748,-0.7918098,0.09859014
THANK_YOU,0.0,0.0,0.0,0.11828523,-0.15209593,0.063925855,0.13868655,-0.3184756,0.107641995,0.13047972,-0.45396098,0.14304125,0.14285074,-0.54856306,0.17985956,0.02976178,-0.5577253,0.08989866,-0.029575136,-0.75305593,0.11319268,-0.06489684,-0.8641985,0.12592037,-0.08938059,-0.9483701,0.1348991,-0.071041524,-0.54673207,0.06565202,-0.12697338,-0.7779261,0.082510196,-0.15513493,-0.8950038,0.0936435,-0.16767499,-0.9858423,0.104992755,-0.16601917,-0.5036464,0.04480241,-0.2108172,-0.72261304,0.060573574,-0.22659834,-0.8358894,0.07194875,-0.22692117,-0.9286485,0.08146767,-0.2556095,-0.42409745,0.02959247,-0.2975625,-0.60672426,0.04691575,-0.31141084,-0.7068795,0.06596586,-0.30787164,-0.79256076,0.08326532
THANK_YOU,0.0,0.0,0.0,0.117473826,-0.1494417,0.062430065,0.13598815,-0.31394538,0.10585525,0.12836534,-0.45002496,0.14108051,0.1433076,-0.54604185,0.17756993,0.025680063,-0.5644033,0.09713592,-0.03429665,-0.75617784,0.12678674,-0.07017514,-0.8662386,0.14170215,-0.09535681,-0.9502418,0.15136439,-0.074763454,-0.5554688,0.07455477,-0.12927693,-0.77900237,0.09857178,-0.15821682,-0.8950761,0.11015205,-0.17106886,-0.9852591,0.12084725,-0.16841236,-0.510891,0.055060793,-0.21267271,-0.72174346,0.07582346,-0.22768967,-0.834305,0.08593922,-0.2281171,-0.9272242,0.09374617,-0.25678417,-0.42822716,0.040948186,-0.30029905,-0.6069265,0.061950225,-0.31484848,-0.70654535,0.08077621,-0.31313124,-0.79275686,0.0972843
THANK_YOU,0.0,0.0,0.0,0.11833442,-0.1533057,0.065277696,0.13527961,-0.31757268,0.11173618,0.12701772,-0.4523008,0.14952384,0.1409703,-0.5482262,0.18877959,0.024891555,-0.56644225,0.10559746,-0.037229955,-0.7570018,0.13891086,-0.07380792,-0.86731964,0.15567471,-0.09925989,-0.9532276,0.16662675,-0.07645076,-0.5563831,0.08321474,-0.13128959,-0.7798123,0.112922825,-0.15992129,-0.89528537,0.12819944,-0.17189038,-0.98511606,0.14134671,-0.17149308,-0.5113445,0.06355608,-0.21574534,-0.72146684,0.089584105,-0.23016943,-0.83339477,0.103082575,-0.22988155,-0.92705697,0.11285716,-0.26213554,-0.42845154,0.049090233,-0.30486757,-0.60745156,0.073903315,-0.31872615,-0.7056494,0.0951623,-0.31636527,-0.7910146,0.11331934
THANK_YOU,0.0,0.0,0.0,0.11949324,-0.1546098,0.06378581,0.1356835,-0.3162397,0.10876154,0.12653185,-0.45069668,0.14535126,0.14138493,-0.5470855,0.18319368,0.024861537,-0.5601413,0.09936911,-0.03450245,-0.7509738,0.12833695,-0.07158557,-0.8624665,0.14232074,-0.098279096,-0.94851714,0.15129036,-0.07649698,-0.54880166,0.07675936,-0.12956478,-0.77419007,0.100048065,-0.15813163,-0.8925759,0.111668855,-0.17094281,-0.98528093,0.12259273,-0.17014115,-0.50356406,0.057144243,-0.21428318,-0.7164754,0.077215485,-0.22928536,-0.8301679,0.088127136,-0.23001608,-0.9249262,0.09685633,-0.2572939,-0.4210589,0.04295121,-0.29934743,-0.60082376,0.062802255,-0.31413677,-0.7009556,0.08177259,-0.31268284,-0.7875745,0.09875674
THANK_YOU,0.0,0.0,0.0,0.11971898,-0.15784334,0.070252374,0.1378559,-0.31909534,0.11891199,0.12835827,-0.45114675,0.15892698,0.1407956,-0.54549956,0.2000046,0.023615342,-0.55791986,0.10178121,-0.033381343,-0.75250894,0.13300884,-0.06930879,-0.86291707,0.14977334,-0.094756596,-0.9476474,0.16108295,-0.07940921,-0.54368514,0.07800312,-0.13113451,-0.7744395,0.102472365,-0.15921117,-0.89287347,0.116501,-0.17130415,-0.98521817,0.12950104,-0.17420453,-0.49629197,0.058056194,-0.21758714,-0.7158441,0.079766266,-0.23215926,-0.8301176,0.092107475,-0.23220886,-0.9246845,0.10194836,-0.26231015,-0.41236103,0.044423316,-0.30443072,-0.59708333,0.065712504,-0.31735614,-0.698827,0.08550615,-0.31318292,-0.7867694,0.10313439
THANK_YOU,0.0,0.0,0.0,0.11967582,-0.14960033,0.05959535,0.13837995,-0.31001392,0.100964315,0.13143738,-0.44520116,0.13475873,0.14612143,-0.54097253,0.16994956,0.028443208,-0.5575058,0.08863491,-0.027798874,-0.7461395,0.11410196,-0.06358038,-0.8538949,0.1265553,-0.090448126,-0.93673944,0.13471512,-0.073590524,-0.54746574,0.06612894,-0.12604925,-0.7743214,0.0853345,-0.15489443,-0.89211506,0.0956305,-0.16995463,-0.9854519,0.10572436,-0.16881776,-0.5029253,0.046707574,-0.21179639,-0.717462,0.063066505,-0.22675048,-0.8311394,0.07130419,-0.22869039,-0.92500055,0.07855929,-0.25787657,-0.4211776,0.03264537,-0.29788882,-0.6035423,0.051185466,-0.31109452,-0.70377165,0.06906369,-0.30894142,-0.7895536,0.08505212
THANK_YOU,0.0,0.0,0.0,0.1225728,-0.1513522,0.060716726,0.1432664,-0.31306705,0.10270888,0.1350765,-0.44805452,0.13622609,0.14784996,-0.54554224,0.17115109,0.029613927,-0.56400794,0.09432074,-0.031417284,-0.7581774,0.120767616,-0.06814514,-0.86899346,0.13440272,-0.093922466,-0.9544941,0.1437317,-0.07240284,-0.55374295,0.07178673,-0.12781015,-0.78094125,0.09367915,-0.15588686,-0.896122,0.10649167,-0.1680878,-0.9857721,0.11859378,-0.16832584,-0.5086653,0.051863573,-0.21249275,-0.72400534,0.07152589,-0.22826841,-0.83477145,0.08415573,-0.22964057,-0.92651224,0.094376475,-0.2591589,-0.4256376,0.03695779,-0.30006942,-0.60694635,0.058628026,-0.31330034,-0.70646304,0.079927556,-0.31092104,-0.7910302,0.098554425
THANK_YOU,0.0,0.0,0.0,0.12293835,-0.15290207,0.058354434,0.14381368,-0.31367612,0.09915159,0.13671322,-0.44748238,0.1318938,0.15094039,-0.54459614,0.16599488,0.03291595,-0.5626854,0.09168547,-0.026802514,-0.75533015,0.11726095,-0.063585125,-0.86672646,0.13016373,-0.08976912,-0.9518329,0.13876945,-0.06993873,-0.5537502,0.06974047,-0.12639752,-0.7780453,0.08855283,-0.15527609,-0.8950837,0.09901413,-0.16877387,-0.98565483,0.10991287,-0.16581121,-0.50939685,0.050379504,-0.21277437,-0.72212404,0.066821486,-0.22770736,-0.8338208,0.07731595,-0.22897694,-0.92707694,0.08672101,-0.25515473,-0.42600164,0.03606865,-0.29643235,-0.60717714,0.054829933,-0.3094781,-0.70741916,0.07417914,-0.30685765,-0.7926417,0.09186465
THANK_YOU,0.0,0.0,0.0,0.12569867,-0.15209258,0.0713492,0.14763768,-0.31344852,0.12132761,0.13980934,-0.44908264,0.16199909,0.15501635,-0.5457924,0.20416564,0.037850577,-0.56311125,0.10915514,-0.023241265,-0.75824004,0.14306992,-0.061394967,-0.8692067,0.16239521,-0.08821204,-0.95403546,0.17586294,-0.06507703,-0.5565562,0.08549545,-0.12343111,-0.78194404,0.111443736,-0.15387054,-0.8980158,0.12833059,-0.16730851,-0.98590463,0.14497645,-0.16130745,-0.5142215,0.06522274,-0.21083209,-0.7271196,0.08804733,-0.22683881,-0.8371609,0.10446341,-0.22830442,-0.9285632,0.11915044,-0.25253755,-0.43130127,0.050979126,-0.29554582,-0.61511785,0.0761244,-0.31012544,-0.7145908,0.10003779,-0.3085754,-0.79802966,0.12176435
THANK_YOU,0.0,0.0,0.0,0.12412962,-0.14931035,0.062407568,0.14624539,-0.3141628,0.10614826,0.1405077,-0.4510059,0.14076923,0.15783416,-0.54760295,0.1765581,0.03806774,-0.5654121,0.10026093,-0.024577089,-0.7607337,0.12828346,-0.06343917,-0.8760409,0.14199516,-0.09146981,-0.9662083,0.1512428,-0.06333627,-0.5602481,0.07740342,-0.121176936,-0.7805381,0.101852745,-0.15136251,-0.8962994,0.11497626,-0.16542052,-0.9862231,0.12762953,-0.15957652,-0.519009,0.05704177,-0.2095366,-0.7265463,0.07875919,-0.22568129,-0.83718216,0.09295186,-0.22710662,-0.9289926,0.10486906,-0.25200036,-0.43819755,0.04147091,-0.29544604,-0.6200809,0.06442538,-0.31033716,-0.7182693,0.08723869,-0.30996343,-0.8005234,0.10777858
THANK_YOU,0.0,0.0,0.0,0.12234137,-0.14572994,0.053687632,0.14369847,-0.3095731,0.09205764,0.13688315,-0.44651753,0.123355314,0.15183975,-0.54404956,0.15634403,0.032919224,-0.56150264,0.08428696,-0.02947901,-0.7575094,0.107393384,-0.06661538,-0.8699497,0.118736506,-0.09286321,-0.95567554,0.12679811,-0.069051966,-0.55529,0.0648887,-0.12372287,-0.7797323,0.084057935,-0.15195969,-0.896879,0.09517496,-0.16433905,-0.98640394,0.10655826,-0.16463813,-0.5134558,0.04796323,-0.21251406,-0.722627,0.06565093,-0.22789977,-0.832574,0.07738642,-0.22897561,-0.9214621,0.08785018,-0.25439525,-0.433292,0.035418298,-0.29580116,-0.614896,0.056143288,-0.31065863,-0.7128463,0.07705676,-0.31110296,-0.79375714,0.096006215
THANK_YOU,0.0,0.0,0.0,0.12335572,-0.1493888,0.060580723,0.14280632,-0.31182158,0.10467504,0.13348256,-0.44691864,0.14073475,0.14594163,-0.5448273,0.17863041,0.030264119,-0.56136847,0.09658017,-0.029043667,-0.75373113,0.12438405,-0.06580397,-0.86493844,0.13973632,-0.091638826,-0.9487384,0.15032496,-0.072141446,-0.55182034,0.074711174,-0.12706445,-0.7775686,0.09404791,-0.1559094,-0.8953457,0.10704795,-0.16881607,-0.98564756,0.120829396,-0.16653907,-0.5081087,0.055337306,-0.21326388,-0.7213287,0.07206212,-0.22877325,-0.8322682,0.08502499,-0.23029183,-0.9244168,0.097350486,-0.25368735,-0.42570752,0.041021526,-0.2969794,-0.6070988,0.060581055,-0.31185216,-0.7069801,0.08129635,-0.31049004,-0.79114693,0.1006641
THANK_YOU,0.0,0.0,0.0,0.12298699,-0.1452384,0.06289327,0.14321569,-0.30962837,0.10854967,0.13374844,-0.44580904,0.14578271,0.14559954,-0.541604,0.18452555,0.03062502,-0.56122535,0.09672647,-0.029846208,-0.7538063,0.12426572,-0.06608092,-0.8647101,0.1395905,-0.091198355,-0.94903713,0.1503246,-0.07005865,-0.55482644,0.07412243,-0.12551878,-0.7799941,0.09489723,-0.15406084,-0.89588344,0.10829116,-0.16634512,-0.98606765,0.121997505,-0.16389456,-0.5124072,0.05430096,-0.21115863,-0.724495,0.07231486,-0.22783667,-0.8351794,0.08450063,-0.22969504,-0.9272969,0.09588885,-0.25284368,-0.43022227,0.03973382,-0.29693273,-0.60966504,0.061070826,-0.31245187,-0.7088527,0.08194685,-0.31174687,-0.79266924,0.10096159
THANK_YOU,0.0,0.0,0.0,0.12438082,-0.14467639,0.062224373,0.1446142,-0.30721483,0.107087046,0.1355668,-0.44757527,0.14383565,0.14833364,-0.54640895,0.18253805,0.036765862,-0.56133753,0.0973992,-0.025084604,-0.7556603,0.12547418,-0.062178105,-0.8662494,0.14115028,-0.08702998,-0.9499844,0.1522949,-0.06547791,-0.5573432,0.075878605,-0.123267464,-0.7806233,0.09652717,-0.15292534,-0.89699745,0.11040267,-0.16499776,-0.986294,0.12505703,-0.16133201,-0.51656985,0.05713198,-0.21107551,-0.72646606,0.075472005,-0.22732139,-0.8365335,0.08941297,-0.22826612,-0.928,0.10265883,-0.25169042,-0.43442926,0.043561384,-0.2941804,-0.6160087,0.06630132,-0.30940658,-0.7151623,0.08901461,-0.30821285,-0.79863,0.10979914
THANK_YOU,0.0,0.0,0.0,0.12486515,-0.14743541,0.06534558,0.14696874,-0.3124487,0.11394066,0.13786991,-0.45078725,0.15521884,0.14850861,-0.5492636,0.19891645,0.030960701,-0.56434953,0.10134797,-0.028380068,-0.7622427,0.13427538,-0.06451475,-0.87380296,0.15416205,-0.08893414,-0.95747393,0.16833411,-0.07194655,-0.555676,0.08160785,-0.12493962,-0.78272146,0.10573668,-0.15248854,-0.8988035,0.12316457,-0.16332461,-0.9865723,0.1408762,-0.16551618,-0.51197475,0.065086566,-0.21154754,-0.72590744,0.086394124,-0.22620976,-0.83526856,0.10277442,-0.22704999,-0.9256816,0.11825578,-0.2514848,-0.42880547,0.05424117,-0.29486668,-0.6130847,0.078485854,-0.30990604,-0.71272564,0.10162752,-0.30851358,-0.7965346,0.123367794
THANK_YOU,0.0,0.0,0.0,0.123956725,-0.14363787,0.05574456,0.14731689,-0.3082306,0.096860036,0.13769628,-0.44833434,0.13145237,0.14625342,-0.54915756,0.1683058,0.034127064,-0.56315786,0.087665774,-0.02481835,-0.756711,0.11405824,-0.061204482,-0.86766994,0.12911592,-0.08677621,-0.9511747,0.13958116,-0.067463234,-0.5556267,0.068533726,-0.1221715,-0.78069675,0.08730572,-0.15109822,-0.8969906,0.1003252,-0.16410027,-0.9864437,0.113720536,-0.16074108,-0.51310676,0.052072458,-0.20475589,-0.72516763,0.06882228,-0.22060458,-0.8363366,0.08136284,-0.22293736,-0.9274909,0.09290719,-0.2462404,-0.43292388,0.040439174,-0.28815162,-0.61435425,0.060419668,-0.3034443,-0.71372634,0.080830954,-0.30294767,-0.79764354,0.09972705
THANK_YOU,0.0,0.0,0.0,0.11751197,-0.15199217,0.06184776,0.13774757,-0.31943485,0.104872055,0.13022184,-0.45751986,0.13993378,0.14491725,-0.5543059,0.17680942,0.03293676,-0.56124914,0.09016025,-0.027620774,-0.75680465,0.114368565,-0.06494888,-0.87123406,0.1283807,-0.09108539,-0.95719844,0.13835353,-0.06681056,-0.55464935,0.06772124,-0.12203588,-0.778407,0.084706314,-0.15142277,-0.8960659,0.097575486,-0.16444705,-0.9863859,0.11125688,-0.15980393,-0.5144101,0.048469078,-0.20627736,-0.72434664,0.06460882,-0.22226378,-0.83546185,0.079022996,-0.22370371,-0.9267083,0.09183866,-0.24640419,-0.43553343,0.034429334,-0.29014504,-0.6153725,0.051577765,-0.30628616,-0.7145307,0.07168192,-0.30615628,-0.7984028,0.0910179
THANK_YOU,0.0,0.0,0.0,0.11540315,-0.15819144,0.07308709,0.13605323,-0.32411167,0.12377339,0.12863117,-0.45972416,0.16532543,0.14003642,-0.55410975,0.20869173,0.026439799,-0.5628062,0.104396485,-0.03323599,-0.7596373,0.13461791,-0.07042918,-0.8719341,0.15278839,-0.096013114,-0.95702636,0.16604215,-0.07456262,-0.5532767,0.079942435,-0.12985899,-0.7795225,0.10268235,-0.15955012,-0.8958062,0.11954374,-0.17242569,-0.98502254,0.13649078,-0.16748522,-0.51107234,0.05935987,-0.21248265,-0.72404903,0.081075646,-0.22811931,-0.8343224,0.09874258,-0.22933437,-0.92581254,0.11404969,-0.2538947,-0.4298882,0.04494435,-0.29587528,-0.6114951,0.06766535,-0.3105228,-0.71051514,0.09102575,-0.30887944,-0.7945286,0.11284631
THANK_YOU,0.0,0.0,0.0,0.11512131,-0.15933596,0.06601315,0.13391235,-0.32664004,0.11131045,0.12525234,-0.46077818,0.14794971,0.13654302,-0.55736,0.18626614,0.024494393,-0.5627491,0.09590017,-0.035771716,-0.75769794,0.122246854,-0.072294876,-0.87029,0.13756432,-0.09732879,-0.9561783,0.14819494,-0.07638642,-0.5492455,0.07102559,-0.1321707,-0.7763266,0.08893808,-0.16125645,-0.8934659,0.1015154,-0.17405555,-0.98473585,0.11467149,-0.16976267,-0.50461566,0.049385242,-0.21492755,-0.72117513,0.06587064,-0.2312122,-0.8338504,0.07903296,-0.2331147,-0.9288127,0.09059005,-0.2561128,-0.42299378,0.033430714,-0.29997876,-0.6063313,0.05086853,-0.31588942,-0.7070376,0.07055152,-0.3147883,-0.7942662,0.08912218
THANK_YOU,0.0,0.0,0.0,0.11445481,-0.15406932,0.065376036,0.1338064,-0.32229713,0.113086194,0.12471418,-0.45588928,0.15265587,0.13425331,-0.5510426,0.19394994,0.021612773,-0.5633951,0.09940239,-0.03430488,-0.7550188,0.12903659,-0.06912296,-0.8639547,0.14626195,-0.093791015,-0.9461914,0.15809858,-0.07706901,-0.55004495,0.07617671,-0.12966932,-0.7775628,0.09771725,-0.15746145,-0.89443743,0.11165493,-0.17057961,-0.9853439,0.12534997,-0.16759184,-0.5046671,0.05588765,-0.21052073,-0.71908987,0.07430233,-0.2260675,-0.83132064,0.08564059,-0.227992,-0.92421126,0.09559695,-0.25138578,-0.42347312,0.041260958,-0.2950894,-0.60340595,0.058525123,-0.31045225,-0.7040286,0.07553894,-0.30931917,-0.7901929,0.09185492
THANK_YOU,0.0,0.0,0.0,0.114948615,-0.15628025,0.06763665,0.13304602,-0.3226701,0.115701646,0.12415683,-0.45692623,0.15516226,0.13551858,-0.55097276,0.19647606,0.023055742,-0.56088775,0.10175212,-0.03360727,-0.75242925,0.1318765,-0.069740444,-0.86231637,0.1492667,-0.095403165,-0.9456314,0.16134177,-0.07616726,-0.5495146,0.07800546,-0.12944503,-0.7766768,0.1001687,-0.1584142,-0.8938603,0.11489907,-0.17184514,-0.985124,0.12951927,-0.167602,-0.5064041,0.05745695,-0.21153714,-0.7194002,0.0780789,-0.22790425,-0.83128864,0.0919723,-0.23021135,-0.9241421,0.10373918,-0.2522764,-0.42623055,0.042535048,-0.29598907,-0.6048491,0.06357087,-0.31215498,-0.704372,0.08398997,-0.3120202,-0.7890608,0.10277493
THANK_YOU,0.0,0.0,0.0,0.12211674,-0.15315527,0.06523145,0.14360659,-0.31874806,0.1131459,0.13387665,-0.45574862,0.15329434,0.14169453,-0.5527707,0.19541113,0.029356655,-0.5628558,0.101936996,-0.027745351,-0.7579496,0.13450234,-0.06349188,-0.8675888,0.15305714,-0.08859933,-0.9504371,0.16558623,-0.07242963,-0.5515828,0.08024492,-0.12495292,-0.7802012,0.10555346,-0.1524108,-0.8969173,0.1204964,-0.16428927,-0.98641217,0.13451868,-0.16531102,-0.50777465,0.061624866,-0.20843686,-0.7240964,0.084395476,-0.22308335,-0.8367663,0.097155735,-0.223969,-0.9301312,0.107367106,-0.25037467,-0.42744803,0.048573192,-0.2939028,-0.60880935,0.07066206,-0.30862778,-0.709651,0.090172015,-0.30674696,-0.7961663,0.10777516
THANK_YOU,0.0,0.0,0.0,0.119191155,-0.15466808,0.070576005,0.1420109,-0.31999823,0.119169615,0.13391262,-0.45698577,0.15800397,0.13431954,-0.5480348,0.19811565,0.030755216,-0.5582016,0.105253756,-0.030773425,-0.75573415,0.13615887,-0.06799757,-0.867462,0.15369903,-0.09275972,-0.95299244,0.16610293,-0.068443805,-0.5512136,0.07998852,-0.12749955,-0.78027666,0.10514944,-0.15750892,-0.89653414,0.11983949,-0.16965638,-0.98550326,0.133868,-0.16299032,-0.5107757,0.05821862,-0.2111981,-0.72513455,0.08225615,-0.22770675,-0.8375069,0.09685609,-0.22847947,-0.9299782,0.10824313,-0.2534779,-0.43144658,0.042199086,-0.29800114,-0.61007184,0.06743595,-0.31302938,-0.7105731,0.09019331,-0.3114526,-0.79651934,0.10988586
THANK_YOU,0.0,0.0,0.0,0.12199113,-0.15091848,0.07270141,0.14296736,-0.31625047,0.12255788,0.13314213,-0.45647627,0.16300923,0.14114843,-0.55191845,0.20501,0.03304059,-0.5602376,0.10456089,-0.029913211,-0.7604592,0.13621525,-0.06871649,-0.87204444,0.15603274,-0.09391207,-0.95686555,0.17069173,-0.06810576,-0.55464166,0.080249794,-0.12910467,-0.7823187,0.104624994,-0.16040735,-0.8977889,0.12278727,-0.17279541,-0.98495775,0.1410562,-0.16372515,-0.5139721,0.059846196,-0.21444593,-0.7292046,0.08290892,-0.23173827,-0.8398552,0.101754226,-0.23286526,-0.9309618,0.118320964,-0.25555533,-0.43156263,0.04556897,-0.3006618,-0.6152461,0.07232848,-0.31555074,-0.71605986,0.0988815,-0.31296855,-0.8004899,0.12273929
THANK_YOU,0.0,0.0,0.0,0.12176526,-0.15519658,0.076552264,0.14247067,-0.31824216,0.12926993,0.13238345,-0.4554094,0.17271924,0.14479251,-0.55088216,0.2176007,0.032976408,-0.5586,0.10729888,-0.0304128,-0.7591841,0.14164054,-0.070187144,-0.87179464,0.16387056,-0.09671389,-0.9573422,0.18004802,-0.06890333,-0.5522171,0.08307545,-0.12831545,-0.7812122,0.109220035,-0.16068852,-0.89675117,0.12926814,-0.17407455,-0.9847325,0.14889587,-0.16367438,-0.511163,0.063277036,-0.21307825,-0.7271432,0.0874355,-0.2306883,-0.83766836,0.1071415,-0.23209453,-0.92951214,0.124407366,-0.2542392,-0.42940155,0.05016292,-0.29972667,-0.61565596,0.07667587,-0.3154306,-0.7161562,0.10286935,-0.31355256,-0.8012787,0.12670377
THANK_YOU,0.0,0.0,0.0,0.119697906,-0.15017352,0.073477596,0.13830896,-0.3176961,0.12578878,0.1287193,-0.45842493,0.16927879,0.14250244,-0.5556808,0.21416564,0.03208798,-0.5638164,0.10807355,-0.032160047,-0.76143,0.14409806,-0.07121592,-0.8734342,0.16572474,-0.097133584,-0.95940906,0.18071629,-0.06805621,-0.5578129,0.08520814,-0.12768102,-0.783164,0.11470313,-0.1584444,-0.8988861,0.13418424,-0.17074901,-0.9853145,0.15233544,-0.16251282,-0.5166656,0.06637368,-0.2124753,-0.7288132,0.09317863,-0.2288058,-0.8402293,0.111213855,-0.22963959,-0.9335779,0.12589383,-0.253235,-0.43428877,0.053786673,-0.29788166,-0.6159188,0.080431595,-0.31300312,-0.7154145,0.10465816,-0.31145322,-0.8008141,0.1262938
THANK_YOU,0.0,0.0,0.0,0.11501226,-0.15966983,0.07942884,0.13556713,-0.32805166,0.13485648,0.12710364,-0.46292484,0.17989947,0.13807961,-0.5558871,0.22631578,0.025169393,-0.5704201,0.11607963,-0.03854927,-0.7677484,0.15201688,-0.07809264,-0.87964445,0.1735717,-0.10454233,-0.9654371,0.18868436,-0.073909126,-0.56185573,0.089456774,-0.13556199,-0.7863775,0.11824118,-0.166996,-0.8991227,0.13773754,-0.17960653,-0.9837385,0.15624793,-0.16701901,-0.5189223,0.06677104,-0.21910033,-0.73147327,0.093089245,-0.23643945,-0.8392691,0.113056816,-0.23745486,-0.93128896,0.12944335,-0.25590262,-0.4356546,0.0505427,-0.30395666,-0.61747,0.07601171,-0.31996903,-0.71536165,0.10097718,-0.318502,-0.7999825,0.12375759
THANK_YOU,0.0,0.0,0.0,0.12107864,-0.1486723,0.07060506,0.14137158,-0.31742185,0.1193751,0.13250647,-0.4598139,0.15840667,0.14094742,-0.5550032,0.19873205,0.03422552,-0.5627448,0.103975534,-0.031008136,-0.7583909,0.13405573,-0.069934964,-0.8686203,0.15137741,-0.09568667,-0.95368314,0.16392545,-0.06369329,-0.5582509,0.07929539,-0.12807654,-0.78321236,0.104406185,-0.1602181,-0.897542,0.120864905,-0.17398259,-0.9847487,0.13680707,-0.15817711,-0.5182079,0.058166567,-0.21158957,-0.7286626,0.0819606,-0.23086955,-0.8381818,0.099111184,-0.2340782,-0.9293535,0.11336604,-0.25000405,-0.4370297,0.042670555,-0.2966735,-0.6168498,0.069455445,-0.31254834,-0.71532035,0.09480382,-0.31168026,-0.79882836,0.1170025
THANK_YOU,0.0,0.0,0.0,0.115056075,-0.15920344,0.08286792,0.13329951,-0.32473403,0.14010237,0.12501559,-0.4601449,0.18634336,0.13349299,-0.5527473,0.23421969,0.028157752,-0.56114095,0.12131209,-0.035069816,-0.7546565,0.15765786,-0.07248349,-0.8652481,0.17831154,-0.096421205,-0.9504802,0.19305962,-0.070731185,-0.5556944,0.0941402,-0.13109669,-0.7781896,0.1228022,-0.16078137,-0.8951002,0.14128014,-0.17204036,-0.98508984,0.1594199,-0.16445287,-0.51689863,0.07110174,-0.21749252,-0.72568,0.09843737,-0.2340381,-0.8359038,0.117062986,-0.23473051,-0.9300943,0.13278998,-0.2540382,-0.4380041,0.05480587,-0.3005046,-0.6197126,0.0827701,-0.31683096,-0.7183691,0.10814589,-0.31622407,-0.8025532,0.1310152
THANK_YOU,0.0,0.0,0.0,0.11593984,-0.1576935,0.07395489,0.13640527,-0.32778573,0.12439762,0.12862426,-0.46472728,0.1645326,0.13113342,-0.5530012,0.20576958,0.02893575,-0.5640464,0.10560305,-0.03384122,-0.76016366,0.13483173,-0.072779045,-0.87251246,0.1514992,-0.0986429,-0.9570904,0.16366728,-0.069159955,-0.55732375,0.07945604,-0.13137165,-0.7821883,0.102985926,-0.1628514,-0.8971865,0.117807604,-0.17675617,-0.98425466,0.13246298,-0.16412285,-0.5173033,0.057266936,-0.21678488,-0.72734654,0.080683,-0.23490308,-0.83761066,0.096296564,-0.23716985,-0.92794573,0.10887795,-0.25566548,-0.43812716,0.041077875,-0.30142286,-0.61537886,0.065909915,-0.31675547,-0.71432644,0.08914205,-0.31525946,-0.79682666,0.10973795
THANK_YOU,0.0,0.0,0.0,0.11605597,-0.14983256,0.07249355,0.13759197,-0.32094055,0.12166859,0.13007267,-0.46105698,0.16041732,0.13858317,-0.55054444,0.19993323,0.03540941,-0.5649799,0.10265704,-0.029960295,-0.758732,0.12934895,-0.07033057,-0.8718681,0.14410831,-0.09677121,-0.9589822,0.15473607,-0.06056318,-0.5601105,0.07578159,-0.12665221,-0.7817349,0.098947935,-0.15886934,-0.89649546,0.11436201,-0.17342333,-0.98484737,0.12896924,-0.15407313,-0.5210417,0.05256927,-0.21148038,-0.7284031,0.075107805,-0.23136748,-0.83719826,0.09199706,-0.23533258,-0.92771554,0.105253145,-0.2451004,-0.44157368,0.034876384,-0.2942164,-0.6171052,0.057601534,-0.3112165,-0.7156503,0.080578074,-0.31192696,-0.79870707,0.10106546
THANK_YOU,0.0,0.0,0.0,0.11451163,-0.14844309,0.07171393,0.1407296,-0.3128857,0.12055944,0.13339496,-0.45148906,0.15945978,0.13523574,-0.5459933,0.19983126,0.0327165,-0.5610435,0.10400646,-0.02836252,-0.7520697,0.13040303,-0.0673509,-0.86330634,0.14506862,-0.09310917,-0.9511341,0.1558346,-0.061346956,-0.5566797,0.07814301,-0.12449074,-0.7749889,0.09762598,-0.15465723,-0.8909238,0.11255356,-0.16746552,-0.98587793,0.12806644,-0.15314685,-0.5181105,0.05566909,-0.21026108,-0.721931,0.07480523,-0.229438,-0.83151245,0.09273208,-0.2326312,-0.9263591,0.10877304,-0.24321379,-0.43932605,0.038763624,-0.29359612,-0.6166192,0.061427835,-0.31125692,-0.7160606,0.08595866,-0.31202736,-0.8006303,0.108500764
THANK_YOU,0.0,0.0,0.0,0.111310765,-0.14958613,0.06509126,0.13345292,-0.31584805,0.10960999,0.12732689,-0.45218143,0.14488253,0.13554843,-0.546998,0.18157743,0.027548429,-0.56236565,0.095978476,-0.032340214,-0.7495041,0.11945738,-0.071169354,-0.8607656,0.13139938,-0.09753883,-0.948595,0.13959406,-0.067977,-0.55565614,0.070746265,-0.12684572,-0.7710396,0.08703321,-0.15591651,-0.8890994,0.098849125,-0.16860409,-0.98568386,0.11141031,-0.16062163,-0.5150082,0.04835286,-0.21198004,-0.7181202,0.0636727,-0.2285541,-0.8295511,0.077782236,-0.2304741,-0.92637074,0.09050745,-0.2500929,-0.4351526,0.031117693,-0.29587257,-0.61196524,0.048361327,-0.31190023,-0.7117109,0.06885017,-0.31196278,-0.7981898,0.08810267
THANK_YOU,0.0,0.0,0.0,0.111938074,-0.1574428,0.07853529,0.13503592,-0.32581967,0.13687907,0.12569271,-0.45916933,0.1859429,0.12445788,-0.5512407,0.2370916,0.022695348,-0.5719403,0.12076653,-0.03719525,-0.76231265,0.16003054,-0.07617448,-0.8707871,0.18309899,-0.10187305,-0.95605606,0.19914666,-0.07432424,-0.5609742,0.09673702,-0.1343771,-0.7809537,0.12803833,-0.16407962,-0.89454037,0.14877333,-0.17559046,-0.98446333,0.16823392,-0.16650465,-0.51709384,0.07628271,-0.21732311,-0.7267933,0.10421476,-0.23416238,-0.8349622,0.12391767,-0.23556007,-0.9297108,0.1404925,-0.25515088,-0.4340371,0.0621392,-0.30203187,-0.61186236,0.08842255,-0.31789488,-0.7106997,0.11209668,-0.31673193,-0.7967888,0.13401443
THANK_YOU,0.0,0.0,0.0,0.10979411,-0.1649334,0.078314334,0.12950301,-0.3370171,0.13561042,0.12156529,-0.46719843,0.18319596,0.123485036,-0.5556775,0.23263136,0.017190848,-0.5695782,0.11756213,-0.04290866,-0.761425,0.15461299,-0.08148598,-0.8717983,0.17716637,-0.107079685,-0.95772153,0.19296345,-0.08044901,-0.5554422,0.09154737,-0.13884073,-0.7798466,0.12009505,-0.16824807,-0.89387286,0.13984759,-0.1800682,-0.9836541,0.15861712,-0.17206605,-0.5105658,0.069094844,-0.22008714,-0.723223,0.094556555,-0.23621896,-0.8330144,0.11246565,-0.23813477,-0.92862505,0.12738608,-0.25867057,-0.42785144,0.052944783,-0.3039139,-0.60803235,0.07591141,-0.31967714,-0.70824367,0.097501755,-0.31893295,-0.7963248,0.11766877
THANK_YOU,0.0,0.0,0.0,0.10999928,-0.15865962,0.08034076,0.13052426,-0.32603636,0.13747104,0.12329903,-0.45883107,0.18416838,0.12904646,-0.5481604,0.23266962,0.022180673,-0.56334203,0.11939338,-0.037901673,-0.75530475,0.15454388,-0.07635812,-0.86544067,0.17553084,-0.10121088,-0.9517263,0.19076684,-0.07480588,-0.5531376,0.0925058,-0.13634114,-0.7784687,0.120893404,-0.1669831,-0.8931666,0.14031951,-0.17949557,-0.98375875,0.15901701,-0.16675167,-0.51145166,0.06927109,-0.21912396,-0.72295576,0.09542155,-0.23723784,-0.83239734,0.11416353,-0.23988554,-0.9264788,0.12996443,-0.2541992,-0.43009347,0.052368477,-0.30169782,-0.6083435,0.07749428,-0.31862736,-0.7077049,0.1010357,-0.31868777,-0.79427594,0.1228673
THANK_YOU,0.0,0.0,0.0,0.111846946,-0.1584023,0.075504,0.13429545,-0.32866606,0.12902111,0.126751,-0.4627348,0.17239168,0.1371685,-0.5538523,0.21739173,0.026170144,-0.5679445,0.11383906,-0.035391383,-0.76067513,0.14734262,-0.075472966,-0.8734525,0.16748653,-0.101479545,-0.9598113,0.18184581,-0.07164676,-0.5565934,0.087431744,-0.1349332,-0.7805287,0.11416789,-0.1653775,-0.8957342,0.13299815,-0.17783153,-0.98406094,0.15104379,-0.16465618,-0.51440835,0.06428081,-0.21817856,-0.7260143,0.08881476,-0.23525932,-0.8358018,0.10725565,-0.23769438,-0.92934793,0.12248865,-0.2536745,-0.43246785,0.04694065,-0.30103153,-0.6084663,0.070520364,-0.3173369,-0.7078794,0.093170255,-0.31742087,-0.79321057,0.114011884
THANK_YOU,0.0,0.0,0.0,0.122008674,-0.14850803,0.067198604,0.14166197,-0.31759605,0.116355404,0.1319674,-0.4562445,0.15713166,0.14429347,-0.5500331,0.19946077,0.029816255,-0.5697029,0.10202591,-0.032465015,-0.7636398,0.13346975,-0.07207037,-0.8754822,0.15140602,-0.099997014,-0.961956,0.16372605,-0.07187682,-0.56043506,0.07978738,-0.13028312,-0.78253335,0.10613482,-0.16030228,-0.89689356,0.12325305,-0.17374071,-0.9847914,0.13917205,-0.16660997,-0.51635504,0.060758397,-0.21460545,-0.7259855,0.08406369,-0.23063153,-0.8363086,0.09999935,-0.23271833,-0.92838776,0.11319111,-0.256123,-0.43203256,0.047160685,-0.29866663,-0.60972905,0.07027303,-0.3127797,-0.70938283,0.09185536,-0.31145495,-0.7945332,0.11154105
THANK_YOU,0.0,0.0,0.0,0.12157521,-0.15125425,0.061910573,0.1390437,-0.31968695,0.10704465,0.12853666,-0.45563412,0.14397344,0.14260265,-0.54939276,0.18254884,0.024941389,-0.5731483,0.09723911,-0.038289137,-0.7642469,0.12611786,-0.0778576,-0.87639856,0.14177252,-0.10626739,-0.96204126,0.15192279,-0.077234745,-0.5616045,0.07458456,-0.13632728,-0.78173673,0.09818588,-0.16613692,-0.8955285,0.11262816,-0.18010898,-0.9836467,0.12590997,-0.17114922,-0.51569515,0.054422874,-0.22013912,-0.72573674,0.07406213,-0.2367677,-0.8361323,0.0874238,-0.23937374,-0.92872,0.098369084,-0.25801852,-0.43213493,0.03920398,-0.30364287,-0.61020917,0.05750804,-0.3190632,-0.71102786,0.075919524,-0.3186046,-0.79775417,0.093101755
THANK_YOU,0.0,0.0,0.0,0.12176063,-0.14989595,0.059631094,0.14072089,-0.3152138,0.10412615,0.1314281,-0.44996962,0.14126292,0.1478759,-0.5446509,0.17970394,0.026591456,-0.56741434,0.09647291,-0.032877352,-0.75479954,0.12747125,-0.0706996,-0.8658326,0.14311606,-0.09902513,-0.9500017,0.1526404,-0.074745886,-0.55670106,0.07515842,-0.1283774,-0.7771618,0.100991264,-0.15865643,-0.8940379,0.113600805,-0.17409913,-0.9847281,0.12444041,-0.16693312,-0.51133955,0.056389604,-0.21030946,-0.71947217,0.07691696,-0.22625536,-0.8338517,0.08566073,-0.2291964,-0.92875814,0.092176944,-0.25139704,-0.4301757,0.042667355,-0.29547933,-0.60734844,0.059215486,-0.31171122,-0.7067656,0.07412208,-0.31275323,-0.7935079,0.08804692
THANK_YOU,0.0,0.0,0.0,0.11889158,-0.15306439,0.06456297,0.14106499,-0.319617,0.11083127,0.13449185,-0.45188975,0.14861764,0.15304981,-0.5442219,0.18774882,0.02667836,-0.5688945,0.099142514,-0.033958815,-0.75825727,0.1290841,-0.072027,-0.8683787,0.14538018,-0.09903584,-0.9525407,0.15606268,-0.07377198,-0.55743825,0.07541532,-0.12978126,-0.7795785,0.09842346,-0.1593301,-0.8948657,0.11200874,-0.173334,-0.9848631,0.12486665,-0.16549128,-0.51250565,0.054528434,-0.21123569,-0.72124285,0.0738515,-0.22845268,-0.8322396,0.085114785,-0.23198998,-0.9250136,0.09477092,-0.25063252,-0.43120733,0.039037853,-0.29376495,-0.60973173,0.05828103,-0.309075,-0.7078169,0.0768472,-0.30889326,-0.7911392,0.09386019
THANK_YOU,0.0,0.0,0.0,0.11785319,-0.1590444,0.068105355,0.1411684,-0.32236055,0.11473891,0.13542275,-0.45169052,0.15240724,0.15488736,-0.5427927,0.19107501,0.027223516,-0.5688959,0.0983144,-0.036257386,-0.7591369,0.12748069,-0.07659502,-0.869019,0.14397097,-0.105023436,-0.9536544,0.15463726,-0.076521106,-0.5586391,0.07293403,-0.13316569,-0.78018296,0.095297016,-0.16238566,-0.8953566,0.10973826,-0.17559768,-0.984462,0.12329857,-0.17058215,-0.5122114,0.0508644,-0.22072156,-0.7227939,0.069382764,-0.23703042,-0.83038306,0.082177594,-0.23846036,-0.9214291,0.092808485,-0.25669926,-0.4278853,0.034657046,-0.3029504,-0.6055712,0.051198624,-0.3170472,-0.70359427,0.06890425,-0.31435898,-0.78888315,0.0856428
THANK_YOU,0.0,0.0,0.0,0.12120125,-0.15083283,0.065360144,0.14267126,-0.3157876,0.11147401,0.13564716,-0.44871932,0.14917919,0.15642479,-0.5410159,0.18840441,0.029915709,-0.5690503,0.097627826,-0.03293699,-0.75822175,0.12743959,-0.072395556,-0.86790305,0.14444467,-0.10008468,-0.95135623,0.15574381,-0.07260676,-0.5605679,0.07397631,-0.12990731,-0.7819951,0.096748,-0.15919733,-0.8955572,0.11197373,-0.17304452,-0.984914,0.12647215,-0.1671845,-0.51594436,0.053439926,-0.21504372,-0.7257414,0.07243352,-0.23169771,-0.8330247,0.085804135,-0.23412639,-0.9237332,0.097347274,-0.25614235,-0.43185985,0.038483474,-0.30106238,-0.61012703,0.057736658,-0.3155293,-0.70766777,0.07741713,-0.31335643,-0.7911708,0.09556795
THANK_YOU,0.0,0.0,0.0,0.1207529,-0.15020399,0.062179703,0.14302923,-0.31677872,0.10715103,0.13607949,-0.45030978,0.14525367,0.15843524,-0.54386216,0.18527782,0.027292889,-0.5700207,0.09418428,-0.0342388,-0.76596355,0.12663804,-0.07346409,-0.87818,0.14545803,-0.10184416,-0.96177894,0.157624,-0.076563045,-0.5574431,0.0739199,-0.13099965,-0.78331316,0.10032634,-0.16007884,-0.89776766,0.11670028,-0.17405309,-0.98473626,0.131031,-0.17020099,-0.51123893,0.056892112,-0.21546808,-0.7252135,0.0788437,-0.23075643,-0.8360995,0.09124615,-0.23278558,-0.9267343,0.10071965,-0.25585017,-0.4302084,0.04539811,-0.29864636,-0.6090835,0.0650341,-0.31280726,-0.7067555,0.08274636,-0.31102648,-0.7900682,0.09882247
THANK_YOU,0.0,0.0,0.0,0.122260936,-0.15074843,0.061914813,0.14469573,-0.31543928,0.105079755,0.13669696,-0.44843757,0.14015038,0.15724199,-0.54332507,0.17656566,0.029787712,-0.56823546,0.09243682,-0.031872284,-0.7619833,0.119477265,-0.07095276,-0.87365615,0.1347243,-0.09940095,-0.9588282,0.144671,-0.07297851,-0.5564854,0.069389015,-0.12836657,-0.7807103,0.090200834,-0.15795769,-0.89523363,0.10391056,-0.17298423,-0.98492455,0.11676129,-0.16700725,-0.5104641,0.04917038,-0.21303152,-0.7235776,0.06627708,-0.2307544,-0.83346313,0.07815497,-0.23524001,-0.9245909,0.08808773,-0.25440675,-0.42811862,0.034273464,-0.2975788,-0.60714173,0.05082765,-0.31235695,-0.70542866,0.06848057,-0.31144205,-0.7895617,0.0849767
THANK_YOU,0.0,0.0,0.0,0.11817924,-0.15467747,0.060056053,0.1405825,-0.32163143,0.10249067,0.13449751,-0.45386058,0.13747102,0.15523143,-0.5456841,0.17409387,0.022946531,-0.5739098,0.09145404,-0.03648104,-0.7652806,0.11815999,-0.07477007,-0.8744596,0.13226093,-0.10195479,-0.95667577,0.1412857,-0.08038699,-0.5596035,0.06943053,-0.13365942,-0.7830641,0.089922704,-0.16114365,-0.8963977,0.10269167,-0.1743492,-0.98468393,0.114576854,-0.17423399,-0.51146734,0.050072633,-0.22074337,-0.7247806,0.06743055,-0.23631372,-0.8318223,0.0788359,-0.23894534,-0.9212374,0.08795081,-0.26006117,-0.42694116,0.035831116,-0.30300435,-0.6070381,0.05191729,-0.3163865,-0.7042554,0.06857671,-0.31405845,-0.7875738,0.08408779
THANK_YOU,0.0,0.0,0.0,0.11650077,-0.15325518,0.05637908,0.13871336,-0.3187702,0.094551995,0.13388623,-0.45025837,0.12496079,0.15260267,-0.5422342,0.15659243,0.02417321,-0.5654376,0.081407696,-0.03466404,-0.7569798,0.10091362,-0.07225429,-0.8665493,0.110880725,-0.0997853,-0.9472339,0.11760588,-0.07586569,-0.5512125,0.057481963,-0.1297359,-0.77918094,0.07106378,-0.15850286,-0.894541,0.0803047,-0.17395008,-0.98475444,0.0898456,-0.16802642,-0.5046589,0.035996303,-0.21511666,-0.71990705,0.047028575,-0.23279701,-0.8312787,0.055123825,-0.23663755,-0.9219267,0.062350795,-0.2534919,-0.4238476,0.019400256,-0.29735056,-0.6059001,0.03033555,-0.31275582,-0.7051812,0.04477488,-0.31181195,-0.7898752,0.058775764
THANK_YOU,0.0,0.0,0.0,0.1225763,-0.146871,0.06032761,0.14599206,-0.31097513,0.10152215,0.1396498,-0.4471136,0.13435675,0.16351946,-0.54305345,0.16853148,0.032207906,-0.5640867,0.09074234,-0.02880377,-0.7546881,0.11464727,-0.068366304,-0.86568797,0.12701674,-0.09677006,-0.9506454,0.13478887,-0.07027508,-0.5556468,0.06688326,-0.12620786,-0.7773196,0.08297676,-0.15553403,-0.8930246,0.093147814,-0.1704252,-0.98537064,0.1038218,-0.16376951,-0.512091,0.045805115,-0.21310918,-0.722596,0.05884098,-0.23123556,-0.83089465,0.06919779,-0.23569565,-0.92179537,0.078790896,-0.25012904,-0.43064767,0.029844519,-0.29388553,-0.6095432,0.044699058,-0.30926263,-0.70764434,0.061846152,-0.308447,-0.79126287,0.07812723
THANK_YOU,0.0,0.0,0.0,0.12051349,-0.15087223,0.06599292,0.14279307,-0.31558323,0.111386634,0.13779318,-0.44869044,0.14760521,0.1639938,-0.53996944,0.18553016,0.026549643,-0.56948304,0.10249337,-0.03348837,-0.75709707,0.13114423,-0.07220019,-0.86604047,0.14590462,-0.099847354,-0.948885,0.15530285,-0.076558344,-0.55942374,0.07775375,-0.13096195,-0.7796862,0.09960346,-0.15862261,-0.8934112,0.11287483,-0.17202717,-0.9850922,0.12551974,-0.17082456,-0.51604706,0.055669963,-0.21942335,-0.72542965,0.07409843,-0.23593742,-0.831965,0.08687457,-0.23887092,-0.9225283,0.097589515,-0.25832704,-0.43512934,0.038901407,-0.30251157,-0.6129859,0.057325795,-0.3170309,-0.7098621,0.076075464,-0.3156948,-0.79252267,0.093325794
THANK_YOU,0.0,0.0,0.0,0.12146546,-0.14708702,0.057154506,0.14189252,-0.31063747,0.09575276,0.13646872,-0.44648248,0.12574951,0.15809888,-0.5418459,0.15709388,0.025842898,-0.56907743,0.09206119,-0.036057033,-0.7593048,0.11776988,-0.07607831,-0.8694759,0.13024764,-0.10579494,-0.953256,0.1379812,-0.07589692,-0.5579269,0.069057785,-0.13295306,-0.7794704,0.090178385,-0.16347526,-0.89320225,0.10148885,-0.17902678,-0.9838442,0.11183343,-0.16951661,-0.51199126,0.04817217,-0.2169662,-0.722743,0.06655959,-0.23537323,-0.83425856,0.0767135,-0.23971534,-0.9262622,0.08461542,-0.25699222,-0.4291936,0.031744473,-0.3004546,-0.60729593,0.052514557,-0.31622243,-0.70471054,0.07209906,-0.31630656,-0.7871022,0.08883885
THANK_YOU,0.0,0.0,0.0,0.120692894,-0.14913231,0.06879746,0.14286394,-0.3113732,0.11582173,0.1356988,-0.4485466,0.15362923,0.1570503,-0.54654115,0.19339563,0.025266612,-0.567957,0.10788535,-0.03760836,-0.75766253,0.14110857,-0.07855029,-0.8666467,0.16018394,-0.10745677,-0.9503018,0.17284255,-0.076530784,-0.5588103,0.083731055,-0.1364243,-0.7784407,0.10841024,-0.16784541,-0.89167863,0.12521432,-0.18302403,-0.9831084,0.14145431,-0.16965301,-0.5152483,0.0625016,-0.22254263,-0.7227084,0.08383951,-0.24086626,-0.8299893,0.10034246,-0.24533065,-0.92281115,0.114712864,-0.2570906,-0.43213877,0.046782494,-0.30330208,-0.61017996,0.071250364,-0.31962675,-0.70683134,0.09459176,-0.31981054,-0.7892675,0.115452595
THANK_YOU,0.0,0.0,0.0,0.11900712,-0.14871404,0.06276893,0.14062579,-0.31200746,0.10484668,0.1343909,-0.4478989,0.13820231,0.15773006,-0.5445671,0.17315865,0.026069162,-0.5638618,0.09388059,-0.03674043,-0.7542492,0.119793914,-0.07780848,-0.8650734,0.13441297,-0.10716668,-0.9508625,0.14401893,-0.07481958,-0.5544301,0.06944471,-0.13511248,-0.7755669,0.0876387,-0.16622226,-0.89111465,0.10062321,-0.18147449,-0.9833957,0.11383466,-0.16848549,-0.51030505,0.04785007,-0.22153103,-0.71998805,0.06394973,-0.24068034,-0.82903874,0.07761779,-0.24504124,-0.92259073,0.089664176,-0.25698477,-0.42700794,0.03143237,-0.3038101,-0.6053878,0.050214715,-0.3199908,-0.70410675,0.0705989,-0.31960282,-0.7890199,0.089317046
THANK_YOU,0.0,0.0,0.0,0.1237145,-0.14492312,0.06914935,0.1506002,-0.30507296,0.11773849,0.14605565,-0.44335943,0.15728728,0.16721399,-0.53816634,0.19865754,0.031907424,-0.5684817,0.10950865,-0.027966727,-0.75802004,0.14363849,-0.06875982,-0.86536354,0.16232193,-0.09774952,-0.94834507,0.17462502,-0.0711655,-0.5605832,0.08597979,-0.12811367,-0.78053415,0.11247427,-0.15874648,-0.8938983,0.12814622,-0.17328845,-0.9848711,0.14313942,-0.16547592,-0.51701784,0.06550659,-0.21523824,-0.72413296,0.08936837,-0.23303527,-0.83095044,0.104628,-0.23638795,-0.92335343,0.11753387,-0.254277,-0.43377542,0.050567992,-0.2985444,-0.6108213,0.07758142,-0.313752,-0.7064253,0.10144951,-0.31233296,-0.788413,0.12223938
THANK_YOU,0.0,0.0,0.0,0.12341896,-0.14249595,0.06262229,0.14399259,-0.30583248,0.106038466,0.13700287,-0.44609275,0.14038745,0.1620015,-0.5433729,0.1765144,0.0303139,-0.5644778,0.10121357,-0.031023536,-0.7545691,0.12902343,-0.070743434,-0.8639269,0.1428284,-0.09964483,-0.94959265,0.15195826,-0.0702832,-0.5603528,0.07812877,-0.12743983,-0.77815586,0.10019082,-0.15792696,-0.8929965,0.112997666,-0.17332074,-0.9848654,0.12601526,-0.16449091,-0.5206115,0.057544462,-0.21482465,-0.72537047,0.07794076,-0.23391783,-0.8325105,0.09227946,-0.23912719,-0.92263895,0.10490273,-0.25463933,-0.44019917,0.041752465,-0.29968688,-0.6164126,0.066772655,-0.31537634,-0.7116641,0.090899095,-0.3150095,-0.7914646,0.11216114
THANK_YOU,0.0,0.0,0.0,0.12287004,-0.14743814,0.06954594,0.14482908,-0.31209117,0.117455445,0.13814455,-0.44862795,0.15493822,0.16415827,-0.5413043,0.19393401,0.030371062,-0.5702955,0.11243037,-0.030567018,-0.7599405,0.14458266,-0.070390545,-0.8686623,0.16040343,-0.09903253,-0.95366377,0.17037342,-0.07052889,-0.565418,0.086747386,-0.12792978,-0.781257,0.113381006,-0.15837377,-0.8937173,0.12692213,-0.17275032,-0.9849656,0.1395504,-0.16424166,-0.5245066,0.06377266,-0.21513228,-0.7280441,0.087383695,-0.23498577,-0.83397,0.101220675,-0.24019125,-0.9248566,0.11254802,-0.25359955,-0.44374752,0.046069276,-0.30050543,-0.62031245,0.072035074,-0.3182895,-0.7146794,0.09551532,-0.32046223,-0.7949099,0.115844
THANK_YOU,0.0,0.0,0.0,0.12353665,-0.15110993,0.07402856,0.14698726,-0.31125814,0.12430627,0.1420007,-0.44675747,0.16342872,0.16456781,-0.5414645,0.20425081,0.027876483,-0.56932014,0.12296049,-0.033668116,-0.75921714,0.16057575,-0.074297175,-0.8668733,0.18090233,-0.10269979,-0.9483381,0.19438443,-0.07473813,-0.5625712,0.09707105,-0.13313304,-0.78086567,0.12806244,-0.16357964,-0.8937676,0.14547141,-0.17713888,-0.9841859,0.16165219,-0.1681619,-0.52030826,0.07380457,-0.21972926,-0.7277321,0.10073604,-0.2376396,-0.83423054,0.11758814,-0.24128583,-0.9260228,0.13157119,-0.25593668,-0.43877673,0.05622746,-0.30338758,-0.61816096,0.08455569,-0.32013837,-0.715242,0.10954018,-0.32086265,-0.79894567,0.1315032
THANK_YOU,0.0,0.0,0.0,0.12540774,-0.14499609,0.06662336,0.14751962,-0.30360696,0.1114502,0.14223236,-0.4422007,0.14645283,0.16336624,-0.5390018,0.18278915,0.03036857,-0.566921,0.10707049,-0.03413212,-0.75685185,0.1394211,-0.07668641,-0.8671286,0.15680026,-0.10710533,-0.9510473,0.16803338,-0.07272185,-0.56082046,0.08322257,-0.13252337,-0.77686524,0.10971937,-0.16501062,-0.8911933,0.12499614,-0.1811936,-0.98344743,0.13912153,-0.16722582,-0.51807046,0.062053077,-0.22021666,-0.7236036,0.084623344,-0.23836051,-0.83217496,0.09886048,-0.24276507,-0.92540026,0.11065357,-0.2572997,-0.43573332,0.046226207,-0.3038315,-0.61271465,0.069944575,-0.32083973,-0.71170443,0.091509156,-0.32177582,-0.7972817,0.110726
THANK_YOU,0.0,0.0,0.0,0.12711193,-0.14558391,0.0632531,0.15226538,-0.30382067,0.106067814,0.14615162,-0.4409501,0.13957033,0.16454653,-0.536129,0.17466617,0.03279117,-0.56910753,0.10362754,-0.03013725,-0.7580922,0.13445988,-0.072083645,-0.86632663,0.15021117,-0.10203183,-0.9478643,0.16010763,-0.07192965,-0.56163335,0.08036108,-0.132688,-0.7783551,0.105955735,-0.16407466,-0.89213127,0.11994513,-0.17918546,-0.9838153,0.13239351,-0.16787474,-0.51762986,0.059353705,-0.22091758,-0.7251222,0.08096807,-0.23876666,-0.83364326,0.09366898,-0.24293068,-0.9265574,0.10377935,-0.25757578,-0.4347948,0.043401457,-0.3045303,-0.6123867,0.06589,-0.32141203,-0.7107065,0.086167514,-0.32298264,-0.7954158,0.103970364
THANK_YOU,0.0,0.0,0.0,0.13123162,-0.1446784,0.069555804,0.15432413,-0.3043904,0.1172923,0.14763574,-0.44329783,0.15530786,0.16754612,-0.54127485,0.19514874,0.03532721,-0.5694209,0.11420815,-0.028077625,-0.7590329,0.15153462,-0.07003856,-0.8672389,0.17248482,-0.09927667,-0.9474104,0.18642649,-0.07049008,-0.56233895,0.0915498,-0.13065223,-0.7782439,0.121903434,-0.1624055,-0.8927662,0.14024542,-0.17687078,-0.98423404,0.1570356,-0.16696036,-0.5184667,0.071630366,-0.21960579,-0.7233721,0.097414136,-0.23746923,-0.8327077,0.113362744,-0.24151416,-0.9257555,0.12700365,-0.257817,-0.43453622,0.05738733,-0.3029284,-0.61327916,0.08555416,-0.31882632,-0.7119171,0.10929941,-0.3187321,-0.7952349,0.13022795
THANK_YOU,0.0,0.0,0.0,0.1271537,-0.14438756,0.06507226,0.15216643,-0.30453348,0.109788634,0.14751096,-0.44286692,0.1449239,0.16693291,-0.5386645,0.18165566,0.034493744,-0.5702291,0.108866304,-0.029496891,-0.7562109,0.14275247,-0.071642004,-0.8644608,0.15983847,-0.10206734,-0.94796395,0.17077895,-0.067513585,-0.5649545,0.085991904,-0.12898383,-0.77711314,0.115202315,-0.16164204,-0.89187384,0.13083208,-0.17709081,-0.9841945,0.14477812,-0.16229376,-0.5211151,0.06551255,-0.2160498,-0.7233825,0.090314485,-0.23459786,-0.83461535,0.10430018,-0.23851295,-0.9286155,0.11579373,-0.25287467,-0.43897876,0.050059885,-0.3006314,-0.61524504,0.07630608,-0.31805995,-0.7134792,0.09911805,-0.31987354,-0.7968479,0.11904242
THANK_YOU,0.0,0.0,0.0,0.129972,-0.14419009,0.057037093,0.15510401,-0.30620855,0.09761785,0.14924729,-0.44555557,0.12992148,0.16754685,-0.5425953,0.16432625,0.03551127,-0.56866866,0.10117542,-0.028626783,-0.7551682,0.132343,-0.071081646,-0.8641376,0.14750788,-0.10250949,-0.9475352,0.15707257,-0.068799295,-0.5628535,0.081478626,-0.12701105,-0.7749862,0.10830784,-0.15781768,-0.8905893,0.12231606,-0.17248438,-0.9850123,0.1350025,-0.16362308,-0.52053905,0.06360762,-0.21393086,-0.721432,0.087207764,-0.23135042,-0.8311095,0.09981002,-0.23575701,-0.92377776,0.11020981,-0.25111645,-0.44047046,0.049989015,-0.2950111,-0.61797607,0.07567373,-0.31190807,-0.7139538,0.097874455,-0.31453252,-0.79412246,0.11726269
THANK_YOU,0.0,0.0,0.0,0.12949868,-0.14670834,0.055750567,0.15398091,-0.30982468,0.094988726,0.1447121,-0.44987726,0.12614337,0.16152191,-0.5493595,0.15936397,0.032489344,-0.57072484,0.09912485,-0.032553785,-0.75891936,0.12968092,-0.07459286,-0.86778,0.14398701,-0.105731204,-0.9517075,0.15244561,-0.072231,-0.5655094,0.078709,-0.1299313,-0.7781449,0.10548213,-0.15956865,-0.89181936,0.11811233,-0.17363313,-0.9848104,0.12900296,-0.16818434,-0.52396274,0.060112234,-0.21684481,-0.72587603,0.08294487,-0.23382245,-0.8348798,0.09453402,-0.23865077,-0.9270233,0.103410535,-0.256326,-0.44475007,0.045721836,-0.29938903,-0.62361306,0.06907152,-0.3160253,-0.7191543,0.089965,-0.31958464,-0.799601,0.108165115
THANK_YOU,0.0,0.0,0.0,0.12442204,-0.15199246,0.06733113,0.14696197,-0.31347415,0.11569201,0.13847834,-0.45386836,0.1545831,0.15474094,-0.55086344,0.19504459,0.025633665,-0.57207936,0.11643511,-0.03760952,-0.76243323,0.15437192,-0.07834562,-0.869361,0.17301822,-0.10781175,-0.9516891,0.18440506,-0.07815785,-0.5647012,0.09371619,-0.13650545,-0.779689,0.1263788,-0.16671558,-0.8942134,0.14122957,-0.17994633,-0.98367643,0.15397239,-0.17271248,-0.5196637,0.07342687,-0.22404225,-0.72529095,0.10083532,-0.24048272,-0.83410627,0.11395276,-0.24319746,-0.9272139,0.12388959,-0.26073334,-0.43585032,0.058466095,-0.30784693,-0.61357033,0.08459838,-0.32450783,-0.7103611,0.106033556,-0.32559443,-0.79425573,0.1246302
THANK_YOU,0.0,0.0,0.0,0.12508756,-0.14703932,0.060722772,0.14740096,-0.31206554,0.1040608,0.14089423,-0.4544086,0.13846956,0.16177267,-0.5530006,0.1744632,0.028923627,-0.57603014,0.10663024,-0.033833362,-0.7646213,0.1400774,-0.07505287,-0.8731424,0.15589696,-0.10632816,-0.9575381,0.1650394,-0.07300144,-0.57065815,0.08474934,-0.13154525,-0.7817561,0.11347715,-0.16299613,-0.89379454,0.12619676,-0.17913046,-0.9838253,0.13718845,-0.1671911,-0.5264703,0.06499694,-0.21844943,-0.7286142,0.08821809,-0.2371217,-0.83728665,0.099728756,-0.24258485,-0.929083,0.10871294,-0.25650084,-0.44401076,0.04995862,-0.30315304,-0.6190408,0.07315634,-0.3201481,-0.7157238,0.09334501,-0.32261184,-0.7987367,0.111095905
THANK_YOU,0.0,0.0,0.0,0.12272215,-0.15531291,0.06514554,0.14510906,-0.31977898,0.11052438,0.13868184,-0.4552684,0.14623874,0.15954529,-0.54931974,0.18317963,0.024392266,-0.5774925,0.108734205,-0.037559416,-0.7649406,0.14277965,-0.078491956,-0.8720912,0.15971477,-0.108780205,-0.95466334,0.16956316,-0.07870003,-0.5673984,0.08431213,-0.13698786,-0.78205884,0.11351254,-0.166644,-0.89422274,0.12819102,-0.17935345,-0.98378474,0.14037797,-0.17196548,-0.52046597,0.062110797,-0.22233588,-0.7275481,0.08537092,-0.23867106,-0.8367409,0.09829661,-0.24069312,-0.9302397,0.107767254,-0.2577526,-0.43563515,0.04501677,-0.3051786,-0.6130626,0.06538871,-0.32053524,-0.7110502,0.08462405,-0.3205893,-0.7972444,0.101679794
THANK_YOU,0.0,0.0,0.0,0.12327175,-0.15503561,0.064899445,0.14274226,-0.31819957,0.1091973,0.13580412,-0.45446718,0.14375584,0.15688911,-0.5501165,0.17978276,0.022807937,-0.5774365,0.10748547,-0.03983371,-0.7648822,0.13915645,-0.08077321,-0.87257755,0.15411156,-0.11124502,-0.9550884,0.16264863,-0.0807991,-0.56636316,0.08278427,-0.13892096,-0.7815615,0.10909218,-0.16945395,-0.89291596,0.1216727,-0.18431686,-0.9828669,0.13244262,-0.17428117,-0.51890856,0.06037778,-0.22501907,-0.725311,0.082044,-0.2430247,-0.8342844,0.09369127,-0.24680492,-0.92702794,0.10221699,-0.25953647,-0.43379974,0.04304528,-0.30800924,-0.6098157,0.063243,-0.32553717,-0.7071927,0.082173966,-0.32716867,-0.79227686,0.09883797
THANK_YOU,0.0,0.0,0.0,0.1244779,-0.15396848,0.06977327,0.1439681,-0.317295,0.119057804,0.13569072,-0.45376107,0.15843578,0.1572223,-0.55015886,0.19962248,0.022379128,-0.5759997,0.11587844,-0.039274424,-0.7639528,0.15177643,-0.079291545,-0.871305,0.1704908,-0.10841603,-0.9530081,0.18198012,-0.08082125,-0.5627254,0.09139609,-0.13912942,-0.77907455,0.119820215,-0.16979603,-0.8915373,0.13519242,-0.18460843,-0.98281217,0.14901778,-0.17347258,-0.514432,0.06941546,-0.22452044,-0.7211984,0.09248754,-0.24266443,-0.82980907,0.106091455,-0.24726513,-0.9238844,0.117278025,-0.25839314,-0.42806104,0.053000532,-0.30646878,-0.6058843,0.075289816,-0.3237932,-0.7040231,0.09541726,-0.3251671,-0.7897884,0.11364011
THANK_YOU,0.0,0.0,0.0,0.12404534,-0.14489807,0.053548045,0.1446397,-0.30811608,0.09105372,0.13701095,-0.44994456,0.12071477,0.15633823,-0.55103254,0.15246704,0.027197046,-0.5737059,0.09192316,-0.036501087,-0.75960726,0.116381444,-0.07775227,-0.86857456,0.12742367,-0.10803665,-0.9526142,0.13405724,-0.074808106,-0.56461686,0.07102086,-0.13472474,-0.77719194,0.09059333,-0.16607504,-0.89051175,0.10131003,-0.18199234,-0.9832999,0.111651085,-0.16900037,-0.5187096,0.051704932,-0.22081172,-0.72203463,0.06781451,-0.2400215,-0.8329216,0.078619786,-0.24515356,-0.9273014,0.08796138,-0.25677142,-0.43538743,0.036488112,-0.3039458,-0.61036694,0.055039253,-0.3213008,-0.7087015,0.07403523,-0.32284787,-0.7939886,0.09125973
THANK_YOU,0.0,0.0,0.0,0.12161235,-0.15392853,0.06842666,0.14432849,-0.31908962,0.11632414,0.13715038,-0.45710468,0.15477258,0.15703048,-0.55140996,0.1945847,0.02817083,-0.5768365,0.110596195,-0.03369032,-0.76136994,0.14370134,-0.07592036,-0.8684475,0.15973791,-0.106819384,-0.9506861,0.16912988,-0.07520229,-0.56720537,0.08595992,-0.13451202,-0.77861977,0.11285149,-0.16566102,-0.8914242,0.12618455,-0.18033095,-0.983606,0.13770364,-0.16959873,-0.52110094,0.06396679,-0.2198993,-0.72498465,0.08601847,-0.23805524,-0.8346131,0.097781055,-0.24209635,-0.9298005,0.10677141,-0.25595763,-0.4378325,0.04750456,-0.3020292,-0.614297,0.06810204,-0.31745693,-0.7118463,0.08678187,-0.3172846,-0.7977055,0.10340491
THANK_YOU,0.0,0.0,0.0,0.12319124,-0.15362506,0.066297255,0.14639537,-0.3188678,0.1131017,0.1390375,-0.45707935,0.15114996,0.15866867,-0.55319405,0.19076045,0.028323242,-0.5777523,0.107957006,-0.03367934,-0.76316535,0.1417597,-0.076377966,-0.8709579,0.15867847,-0.107751206,-0.9539063,0.16870692,-0.076059155,-0.56730723,0.08482674,-0.13431247,-0.7795228,0.11271372,-0.1655263,-0.89224994,0.12759626,-0.17996843,-0.9836723,0.1403319,-0.17037731,-0.52019477,0.06431897,-0.21966642,-0.7247121,0.08720623,-0.23719376,-0.8340643,0.1005243,-0.24083462,-0.9284701,0.11067379,-0.25583944,-0.43586934,0.04911911,-0.3009908,-0.61295956,0.07026701,-0.3157401,-0.710644,0.08967737,-0.3150456,-0.7965716,0.10699807
THANK_YOU,0.0,0.0,0.0,0.12374062,-0.15271349,0.0596241,0.14714266,-0.31760558,0.10111894,0.1394204,-0.4567008,0.13439028,0.1576665,-0.5561644,0.16929048,0.027181512,-0.5760658,0.099287905,-0.03485504,-0.76270175,0.12901008,-0.077619486,-0.8724359,0.14353271,-0.10927047,-0.9558369,0.1522877,-0.07703934,-0.5637162,0.07739882,-0.1349496,-0.7786933,0.10211818,-0.16580364,-0.8923226,0.11581502,-0.18033625,-0.98360497,0.12788382,-0.17074437,-0.51581293,0.05766317,-0.2207601,-0.72341233,0.07807305,-0.23821491,-0.8334366,0.09120398,-0.24202769,-0.9265649,0.1014573,-0.2548155,-0.43160984,0.0425833,-0.30150145,-0.61117285,0.06250284,-0.3175123,-0.7102414,0.08222612,-0.31829777,-0.79617894,0.09989784
THANK_YOU,0.0,0.0,0.0,0.12419451,-0.15589075,0.072432905,0.14748992,-0.31928295,0.123194955,0.1407308,-0.45652148,0.16474414,0.15944457,-0.55117935,0.20770176,0.027320782,-0.5736237,0.113251284,-0.03401045,-0.7609319,0.15087889,-0.077002734,-0.869129,0.17105582,-0.1082363,-0.9510514,0.18366206,-0.0773143,-0.5629585,0.089805804,-0.13517617,-0.7794033,0.12062619,-0.16632846,-0.8923674,0.1376121,-0.18065837,-0.9835459,0.15215191,-0.17159382,-0.51652294,0.069843344,-0.22152086,-0.722819,0.09646059,-0.23906066,-0.8303412,0.11119731,-0.24290076,-0.92264676,0.12228159,-0.25725377,-0.43293217,0.05589168,-0.30326638,-0.6108107,0.08157877,-0.31821427,-0.7077829,0.10321245,-0.31755948,-0.7915126,0.121938236
THANK_YOU,0.0,0.0,0.0,0.12957038,-0.14330316,0.06780175,0.15175633,-0.3062104,0.11701624,0.14236185,-0.44769502,0.15777399,0.16165145,-0.5470473,0.20046853,0.032247692,-0.5769368,0.11165591,-0.033775333,-0.7664163,0.14939259,-0.07727354,-0.8755977,0.17077857,-0.10849459,-0.9582429,0.184523,-0.07294563,-0.5680242,0.09054789,-0.13393675,-0.78352374,0.12144452,-0.16525325,-0.89382356,0.14038648,-0.17956625,-0.9837459,0.15745768,-0.16693947,-0.52257127,0.072276115,-0.21822256,-0.73039496,0.097500555,-0.23652549,-0.83787644,0.1143991,-0.240544,-0.93032324,0.12863797,-0.25341463,-0.43899256,0.05952543,-0.3010893,-0.61867905,0.085267164,-0.31778452,-0.7153439,0.10843442,-0.3182938,-0.79827935,0.12933588
THANK_YOU,0.0,0.0,0.0,0.124382906,-0.14290689,0.061743084,0.14795426,-0.30567375,0.10487685,0.14017522,-0.44700044,0.13954863,0.16029799,-0.54529893,0.17596689,0.030946068,-0.5763327,0.10353728,-0.035817567,-0.7626201,0.13568199,-0.07854227,-0.8700992,0.15165496,-0.10990078,-0.95318115,0.16153015,-0.07110999,-0.570859,0.08177183,-0.13379337,-0.78049433,0.108425856,-0.16645554,-0.89166486,0.12221233,-0.18302077,-0.98310906,0.13474594,-0.16560283,-0.52718765,0.062499955,-0.21791531,-0.7268781,0.084496096,-0.23706703,-0.83445346,0.09773688,-0.24246804,-0.9262921,0.10885339,-0.25442675,-0.44534287,0.04809405,-0.3019868,-0.6202736,0.07202248,-0.31894645,-0.7146235,0.09431689,-0.32054886,-0.79452586,0.11402615
THANK_YOU,0.0,0.0,0.0,0.1232711,-0.14828862,0.06268392,0.14432293,-0.31222668,0.10610553,0.13694982,-0.45181587,0.1409362,0.15740882,-0.5478172,0.17726967,0.028631091,-0.57307214,0.101576716,-0.036951702,-0.75973606,0.13299893,-0.079173066,-0.8684034,0.14862457,-0.10926053,-0.95245266,0.15812868,-0.07551217,-0.5665543,0.079269625,-0.136315,-0.77836215,0.105749674,-0.1674161,-0.8913291,0.11976251,-0.18085556,-0.98350966,0.13216713,-0.17127793,-0.522265,0.059635427,-0.22218984,-0.7251201,0.08210069,-0.23856509,-0.834837,0.095283575,-0.2395638,-0.9288136,0.105448194,-0.2600525,-0.4394619,0.045006786,-0.3072277,-0.6139406,0.067532174,-0.32267258,-0.70941126,0.0887475,-0.32121074,-0.7923436,0.10733162
THANK_YOU,0.0,0.0,0.0,0.12734152,-0.14205433,0.06055716,0.15002187,-0.30406037,0.10296694,0.14302188,-0.4470675,0.13696715,0.1623703,-0.54548246,0.17259632,0.030688897,-0.5755871,0.1021388,-0.03494343,-0.76481545,0.1342258,-0.07843611,-0.87414837,0.14994347,-0.11074476,-0.95871025,0.15921727,-0.07271534,-0.56926024,0.08097213,-0.13232875,-0.78186643,0.10912729,-0.16491352,-0.8923297,0.12296836,-0.18133558,-0.9834213,0.13454983,-0.16706678,-0.52464294,0.062180493,-0.21749888,-0.7257118,0.08578228,-0.2367474,-0.8328244,0.09823914,-0.24223922,-0.92355555,0.10737829,-0.25483128,-0.44215602,0.04804234,-0.30168095,-0.6155052,0.071573414,-0.3190218,-0.71065444,0.091858834,-0.321261,-0.7930289,0.109332666
THANK_YOU,0.0,0.0,0.0,0.1266713,-0.14454319,0.060466714,0.14870362,-0.30718702,0.10264691,0.14077492,-0.44941965,0.13632642,0.16232407,-0.54726684,0.17149614,0.031350907,-0.57537293,0.10174805,-0.0354393,-0.76226294,0.13288274,-0.07807882,-0.87107754,0.14798461,-0.10881035,-0.9559481,0.15711598,-0.072041176,-0.5694158,0.08035763,-0.13360764,-0.7796321,0.107148305,-0.16526228,-0.89133596,0.12082786,-0.1801188,-0.98364484,0.13287464,-0.16710351,-0.5253548,0.061310638,-0.21840574,-0.72534883,0.08373704,-0.23575264,-0.83340734,0.09703632,-0.23871376,-0.92648244,0.107484244,-0.25586292,-0.4423629,0.046943318,-0.30267248,-0.6176081,0.07010265,-0.31861523,-0.7127698,0.09157847,-0.31876898,-0.79466426,0.11038937
THANK_YOU,0.0,0.0,0.0,0.1298486,-0.14605404,0.06200092,0.15483055,-0.3074972,0.10570542,0.14682074,-0.444662,0.14063884,0.16459833,-0.5435694,0.17714643,0.030992052,-0.5802356,0.10679159,-0.03388915,-0.76692206,0.14208469,-0.07572807,-0.8764059,0.16030748,-0.105994016,-0.96057576,0.17130448,-0.07356723,-0.5703568,0.08505806,-0.13471617,-0.78412527,0.11664344,-0.1648667,-0.893846,0.13373521,-0.17847386,-0.98394465,0.14767604,-0.16785377,-0.5234619,0.06540876,-0.21823606,-0.730486,0.0909109,-0.23436129,-0.83777916,0.10599134,-0.23695372,-0.92949456,0.11700778,-0.25509235,-0.43820223,0.050466523,-0.30322966,-0.61370695,0.07452671,-0.31799647,-0.71079206,0.09600111,-0.31746212,-0.7940322,0.11448292
THANK_YOU,0.0,0.0,0.0,0.12937003,-0.14105651,0.06623106,0.15312041,-0.30225557,0.112887844,0.1453086,-0.4427247,0.14984988,0.16290191,-0.5412603,0.1882276,0.03379493,-0.5736761,0.11255362,-0.032480996,-0.7607821,0.14814521,-0.07498847,-0.87018675,0.16558342,-0.10557901,-0.95557976,0.17616664,-0.06896714,-0.56804395,0.089405805,-0.13086243,-0.7805729,0.1205088,-0.16280913,-0.89162934,0.13547762,-0.17825052,-0.9839851,0.14820878,-0.16397549,-0.52526855,0.068821564,-0.21378021,-0.7289209,0.09495535,-0.23219845,-0.83569396,0.10925555,-0.23698702,-0.92783815,0.12020146,-0.2544032,-0.4431424,0.053275492,-0.30077967,-0.6181691,0.080396004,-0.3165767,-0.7135332,0.10396748,-0.3171838,-0.79478276,0.123963244
THANK_YOU,0.0,0.0,0.0,0.12814716,-0.14651862,0.06713272,0.15220742,-0.3057708,0.11326979,0.14407173,-0.44404256,0.14941463,0.16124953,-0.5409115,0.18698075,0.033106413,-0.5700735,0.111058235,-0.032334287,-0.7583866,0.14438227,-0.07441432,-0.86804146,0.16054697,-0.105138056,-0.95296884,0.17014137,-0.07086881,-0.5639568,0.086520046,-0.13138917,-0.7777972,0.113247685,-0.162309,-0.89119464,0.12589061,-0.17681484,-0.9842441,0.13726246,-0.16630039,-0.5213492,0.064650044,-0.21705765,-0.72588426,0.087038666,-0.23484764,-0.8349924,0.09918535,-0.23885284,-0.92849356,0.10894398,-0.25516525,-0.44003907,0.048107132,-0.30322984,-0.6154704,0.07167422,-0.32092658,-0.71223545,0.09309157,-0.32299986,-0.794982,0.11175012
THANK_YOU,0.0,0.0,0.0,0.1274306,-0.14422768,0.06962382,0.15237713,-0.30315787,0.11760301,0.14490585,-0.44012225,0.15526171,0.15952149,-0.5389166,0.19430223,0.031867784,-0.5733787,0.1174667,-0.03301109,-0.7613254,0.15486576,-0.07595219,-0.8713282,0.17354758,-0.10677545,-0.9560158,0.18469685,-0.07253628,-0.5673371,0.09277929,-0.13361777,-0.7810618,0.12473058,-0.16458723,-0.8924025,0.13992125,-0.17824066,-0.9839869,0.15256688,-0.16840857,-0.52417696,0.07067933,-0.21991026,-0.72923905,0.09702731,-0.23806386,-0.83710325,0.110756464,-0.24200922,-0.9295548,0.12097838,-0.25853103,-0.44138533,0.053965963,-0.30638167,-0.61565894,0.08062364,-0.32308632,-0.7125046,0.10298576,-0.32455444,-0.79495215,0.121856414
THANK_YOU,0.0,0.0,0.0,0.1301158,-0.14189567,0.062836744,0.15516576,-0.30406284,0.10713057,0.146292,-0.4446259,0.14244159,0.1633393,-0.5445474,0.17957334,0.036280856,-0.5754866,0.108828105,-0.027723966,-0.7615351,0.14355786,-0.070349805,-0.87111217,0.16053465,-0.101720825,-0.95467854,0.17042466,-0.067768164,-0.57018507,0.08632405,-0.12798683,-0.7819488,0.115515515,-0.15959743,-0.89318997,0.12933357,-0.175576,-0.9844659,0.14092767,-0.16377111,-0.528083,0.066139214,-0.21411844,-0.7309592,0.08961664,-0.23158129,-0.8396632,0.10189204,-0.23596425,-0.9326229,0.11107352,-0.25445172,-0.44790593,0.05087671,-0.3012892,-0.6210068,0.07403113,-0.31742635,-0.71782523,0.09418396,-0.3187514,-0.800708,0.11168873
THANK_YOU,0.0,0.0,0.0,0.12550311,-0.14915884,0.067595914,0.15012173,-0.31180555,0.115515925,0.1423588,-0.4475436,0.15416199,0.1583634,-0.54462445,0.1949244,0.030128747,-0.5768312,0.11298911,-0.033708073,-0.76254576,0.14878348,-0.07515745,-0.8712917,0.16757762,-0.10450175,-0.95339113,0.17937475,-0.07345142,-0.5679238,0.08948392,-0.13203888,-0.7816154,0.11782416,-0.16244528,-0.8935289,0.13348328,-0.17662497,-0.9842782,0.14783059,-0.16835266,-0.52472705,0.06854938,-0.21689858,-0.7283546,0.09147635,-0.23321208,-0.8365575,0.1058098,-0.23645923,-0.9304429,0.11778339,-0.25678477,-0.44256106,0.05298454,-0.30232477,-0.6177979,0.07483738,-0.31909844,-0.71467257,0.095288925,-0.32096925,-0.79810524,0.11422659
THANK_YOU,0.0,0.0,0.0,0.124639004,-0.14848259,0.062978834,0.14859858,-0.31060567,0.10817604,0.14180012,-0.4464175,0.14444415,0.15634674,-0.5432126,0.18284394,0.025712384,-0.5792431,0.109611295,-0.036391266,-0.76455647,0.14296778,-0.0776664,-0.87229943,0.15907647,-0.10805047,-0.95399165,0.16879433,-0.07808053,-0.56817013,0.086922646,-0.13672885,-0.78164864,0.113041736,-0.16724294,-0.89227414,0.1257769,-0.18306036,-0.98310167,0.13741581,-0.1717719,-0.5225778,0.066309065,-0.22037816,-0.72634476,0.087306075,-0.2376787,-0.8333997,0.09898014,-0.24282989,-0.92558175,0.108777545,-0.2569002,-0.4409966,0.050637253,-0.30213413,-0.61731124,0.07216283,-0.3188301,-0.7133734,0.092032515,-0.32049903,-0.7954851,0.10992328
THANK_YOU,0.0,0.0,0.0,0.12775558,-0.14575729,0.07488208,0.14984834,-0.3084839,0.12802084,0.13964655,-0.44795963,0.1709321,0.15705809,-0.5444607,0.21567827,0.029284993,-0.5750206,0.12126216,-0.034973357,-0.7623389,0.16017565,-0.07688202,-0.87010586,0.18138954,-0.10648799,-0.95228493,0.194859,-0.07352587,-0.56769806,0.0961211,-0.13557044,-0.7837637,0.12609239,-0.16728891,-0.89330333,0.14290205,-0.1825926,-0.9831886,0.15843236,-0.16865648,-0.52398795,0.074218825,-0.22115755,-0.73118824,0.0985622,-0.2401367,-0.8368949,0.11360959,-0.2449061,-0.92927927,0.12667571,-0.25921628,-0.44017857,0.058535244,-0.3069395,-0.6184661,0.08510116,-0.3230471,-0.7148987,0.10865454,-0.32282147,-0.79724646,0.12946907
THANK_YOU,0.0,0.0,0.0,0.1333378,-0.14049752,0.061587915,0.15968488,-0.3026826,0.105927855,0.15327263,-0.44393823,0.14149418,0.17232019,-0.5434749,0.17905352,0.04108864,-0.5765466,0.106468074,-0.022627903,-0.7627566,0.13978347,-0.06440654,-0.8717808,0.15625206,-0.094818965,-0.9554209,0.16625276,-0.062717766,-0.57035846,0.08485997,-0.12370644,-0.78285354,0.11193468,-0.15506226,-0.894252,0.12562466,-0.1716993,-0.9851494,0.13801031,-0.15828247,-0.52799606,0.06551772,-0.20987223,-0.7308886,0.08816925,-0.22849815,-0.8378928,0.1009661,-0.23478909,-0.93071645,0.111462735,-0.24778618,-0.44729018,0.050966125,-0.29417622,-0.62240285,0.07559553,-0.3108824,-0.71811616,0.097330056,-0.31272587,-0.7987239,0.11630727
THANK_YOU,0.0,0.0,0.0,0.1316081,-0.1368225,0.057509728,0.15992878,-0.3001757,0.09949618,0.15373334,-0.44352365,0.13353139,0.1679145,-0.54461646,0.16976629,0.037227448,-0.5770241,0.102975294,-0.027270535,-0.76378584,0.13647993,-0.06916103,-0.87332463,0.15292373,-0.09901778,-0.95613784,0.16296929,-0.06528469,-0.5703464,0.08347036,-0.12456364,-0.78194857,0.11165562,-0.15440822,-0.8944147,0.12638216,-0.16809836,-0.9857702,0.13928796,-0.16009258,-0.52780986,0.06591422,-0.20935638,-0.7280224,0.08934306,-0.22718433,-0.83665663,0.10306226,-0.23300095,-0.92925394,0.114219144,-0.2486951,-0.44633743,0.052613698,-0.29429844,-0.62129724,0.07707885,-0.3124841,-0.7174024,0.09877105,-0.31733695,-0.7973437,0.117907055
THANK_YOU,0.0,0.0,0.0,0.13027215,-0.14388303,0.06585818,0.15842614,-0.3068992,0.113947794,0.15282743,-0.4481104,0.15248844,0.16506311,-0.544784,0.192845,0.032784324,-0.58084977,0.11769795,-0.030906806,-0.767516,0.15573364,-0.072021775,-0.8752326,0.17409785,-0.10144369,-0.9586089,0.1853047,-0.06933358,-0.57407326,0.09571281,-0.1283631,-0.7842601,0.12877326,-0.15823606,-0.8949111,0.14424774,-0.1713545,-0.98520947,0.1574385,-0.16348965,-0.5304568,0.07587004,-0.21310337,-0.7305802,0.10393753,-0.23090175,-0.8360796,0.11838088,-0.23547155,-0.9261977,0.12964803,-0.25202987,-0.44717965,0.060849074,-0.29785097,-0.6227365,0.08910042,-0.3152633,-0.71828586,0.1124977,-0.3187331,-0.7984304,0.13262391
THANK_YOU,0.0,0.0,0.0,0.12968057,-0.14329539,0.056888793,0.15774125,-0.3038308,0.097181,0.15164945,-0.44509274,0.12966256,0.16354194,-0.542452,0.16379881,0.04310285,-0.56917626,0.093435965,-0.02357877,-0.75720733,0.12040489,-0.06593393,-0.86857253,0.13264984,-0.0971159,-0.95402586,0.13995667,-0.05993188,-0.5637811,0.07221382,-0.121839985,-0.77765125,0.09416827,-0.1529259,-0.8926105,0.10439377,-0.16820313,-0.98575234,0.113949016,-0.15590684,-0.522626,0.05341651,-0.20665923,-0.72690356,0.07262391,-0.22498535,-0.8379709,0.08267236,-0.22958466,-0.9322211,0.09074254,-0.24481376,-0.4445026,0.039194785,-0.29052886,-0.6211521,0.059582926,-0.30681685,-0.71838313,0.078886546,-0.30772725,-0.80133116,0.09609703
THANK_YOU,0.0,0.0,0.0,0.12897655,-0.14078228,0.055535644,0.15716395,-0.3038906,0.09448312,0.15213478,-0.44726837,0.12487114,0.16383639,-0.5458207,0.15681939,0.03942564,-0.57366824,0.09791617,-0.025984382,-0.760648,0.12739637,-0.06718009,-0.8710406,0.14056788,-0.097196005,-0.9564518,0.1480228,-0.061068606,-0.5689163,0.0763176,-0.12383904,-0.77939284,0.10186125,-0.15468667,-0.8921236,0.113048896,-0.1692594,-0.98557156,0.12241222,-0.155633,-0.52818537,0.05648438,-0.20599389,-0.7296684,0.077803865,-0.22533661,-0.83727527,0.08859782,-0.23188938,-0.9287981,0.09664617,-0.24476038,-0.45009077,0.04078456,-0.289483,-0.62634736,0.06296782,-0.30578262,-0.7227952,0.08310407,-0.30859005,-0.8038202,0.10036336
THANK_YOU,0.0,0.0,0.0,0.12285935,-0.1455247,0.06348314,0.1489196,-0.3105725,0.1077331,0.14442967,-0.45162794,0.14214174,0.1597275,-0.5485266,0.17780893,0.031495467,-0.580146,0.11009847,-0.031064011,-0.7662866,0.14272985,-0.07224683,-0.8749649,0.15759285,-0.10259586,-0.9588856,0.16581689,-0.06912105,-0.5731195,0.08539484,-0.12981403,-0.7819641,0.11228774,-0.16114064,-0.8926401,0.124260865,-0.1757241,-0.98443943,0.13430096,-0.16303617,-0.53010756,0.062607214,-0.21078025,-0.7320643,0.084046595,-0.23030204,-0.8395929,0.09605715,-0.23668554,-0.93212813,0.10518319,-0.25077713,-0.44964048,0.044573974,-0.29613546,-0.6256874,0.065551996,-0.31342617,-0.72198457,0.08575628,-0.31710696,-0.80485433,0.103415124
THANK_YOU,0.0,0.0,0.0,0.122755,-0.1468609,0.06613361,0.14891386,-0.30992058,0.11291817,0.1432141,-0.4493289,0.15042874,0.15863784,-0.54420257,0.18902525,0.031400792,-0.57567084,0.1082996,-0.033614207,-0.76384515,0.14244339,-0.075467445,-0.87088925,0.15959708,-0.10581148,-0.9533363,0.16988386,-0.07022987,-0.56882286,0.08441725,-0.13117476,-0.7826172,0.1125441,-0.16271804,-0.893482,0.12646647,-0.17726524,-0.9841631,0.13842814,-0.16484407,-0.5246438,0.06316096,-0.21357943,-0.73219055,0.0860094,-0.23181869,-0.8409428,0.098244786,-0.23555383,-0.93470526,0.10764051,-0.25400877,-0.44267327,0.047283135,-0.29976645,-0.6216389,0.06987548,-0.3147898,-0.71837944,0.09062614,-0.31454232,-0.80246097,0.108604744
THANK_YOU,0.0,0.0,0.0,0.12870884,-0.14715645,0.06590375,0.15589328,-0.30719087,0.11298269,0.14799541,-0.44669318,0.15152688,0.16306487,-0.54254204,0.19142434,0.039027967,-0.57243526,0.106235184,-0.02571293,-0.7593079,0.14010428,-0.06784915,-0.8674528,0.15679052,-0.09886874,-0.951281,0.1666089,-0.06504775,-0.5659907,0.08338402,-0.124928884,-0.7791283,0.110278025,-0.15639101,-0.8918794,0.123172335,-0.17186943,-0.98511976,0.13459527,-0.16017775,-0.5228325,0.06355562,-0.20774525,-0.7285936,0.08581416,-0.22522587,-0.83763945,0.09737726,-0.2295563,-0.93308914,0.10658667,-0.24811101,-0.44212255,0.049278125,-0.29489157,-0.6197549,0.071354166,-0.31083563,-0.71617067,0.09147386,-0.31111196,-0.8008585,0.109328985
THANK_YOU,0.0,0.0,0.0,0.12884066,-0.14852229,0.06479098,0.15456448,-0.30893767,0.109209634,0.14854273,-0.44837844,0.14460702,0.1636818,-0.5462086,0.181429,0.03667218,-0.5698078,0.103966706,-0.029138098,-0.7581114,0.13662028,-0.0719921,-0.8677788,0.15327007,-0.10259631,-0.9516556,0.16347842,-0.06743574,-0.5627844,0.08076333,-0.12762658,-0.77807933,0.10727061,-0.15861411,-0.89212495,0.12169588,-0.17264727,-0.9849837,0.13463494,-0.16355959,-0.51986843,0.06039738,-0.21302387,-0.7252036,0.0830287,-0.22980522,-0.833323,0.097108245,-0.23278613,-0.92634994,0.108317986,-0.25294563,-0.43761715,0.04523365,-0.29853398,-0.6147782,0.06877249,-0.31312785,-0.7114861,0.09091126,-0.31221974,-0.79429287,0.11030727
THANK_YOU,0.0,0.0,0.0,0.12817158,-0.14686859,0.065528676,0.1531448,-0.3078584,0.111751616,0.14601709,-0.44812852,0.14903904,0.16215366,-0.54622257,0.18773328,0.03327858,-0.57555455,0.11013834,-0.02879278,-0.76183707,0.1464612,-0.06951953,-0.8695003,0.16411263,-0.0996083,-0.95228046,0.17414929,-0.07084599,-0.56728595,0.08679408,-0.12814401,-0.780484,0.11732345,-0.15833472,-0.8921634,0.13150328,-0.17277361,-0.9849615,0.14302997,-0.16520055,-0.5226966,0.0659991,-0.21144433,-0.7291372,0.09081034,-0.22740684,-0.83848816,0.10288463,-0.23020367,-0.93363845,0.1115904,-0.25231466,-0.44025207,0.05042998,-0.29793483,-0.61747736,0.07455489,-0.31216398,-0.71455175,0.09508429,-0.3111025,-0.79908645,0.11247608
THANK_YOU,0.0,0.0,0.0,0.12678477,-0.14998542,0.0635752,0.15323554,-0.3121139,0.10841575,0.14642544,-0.4500329,0.14449461,0.16287261,-0.545456,0.1820417,0.033682045,-0.5772358,0.10502483,-0.031494785,-0.76420397,0.1374205,-0.0722068,-0.87136644,0.15343887,-0.10153472,-0.95273674,0.16301249,-0.07125345,-0.56866354,0.08185093,-0.13142459,-0.78287196,0.10808637,-0.16160196,-0.893982,0.12133511,-0.17572454,-0.9844394,0.13297705,-0.1662707,-0.52356946,0.06111551,-0.21461017,-0.7307973,0.08280794,-0.2311991,-0.83807576,0.095179796,-0.23386255,-0.9313607,0.10479851,-0.25275055,-0.44080323,0.04548005,-0.29796487,-0.6190548,0.06730302,-0.31140065,-0.71500075,0.08781069,-0.3095195,-0.79810405,0.10578903
THANK_YOU,0.0,0.0,0.0,0.130179,-0.14850613,0.060163908,0.15517774,-0.30951694,0.10156043,0.14717403,-0.44764763,0.1344228,0.16479902,-0.5466096,0.16886641,0.03675336,-0.57293135,0.099560715,-0.030065946,-0.7601822,0.12965731,-0.07156472,-0.86993057,0.14460683,-0.10097264,-0.9540808,0.15358791,-0.06848049,-0.56496906,0.07695913,-0.12943429,-0.7781145,0.10129411,-0.15967007,-0.89109206,0.11385802,-0.17417362,-0.984715,0.1251587,-0.1641868,-0.5210733,0.05662626,-0.21389377,-0.72561103,0.076733045,-0.23072785,-0.8348891,0.088256136,-0.23423123,-0.93026733,0.09743739,-0.25200307,-0.4392593,0.04111924,-0.29819492,-0.61602175,0.061834622,-0.31332782,-0.7138895,0.0814389,-0.31288466,-0.7989885,0.09884629
THANK_YOU,0.0,0.0,0.0,0.12595364,-0.14869684,0.06080404,0.15284391,-0.31147426,0.1009874,0.14749466,-0.44915977,0.13132851,0.16317286,-0.54683995,0.16261597,0.032844763,-0.5734907,0.101244114,-0.03301685,-0.76181304,0.12920658,-0.074021265,-0.87143964,0.14147487,-0.103224725,-0.95643145,0.14836039,-0.07085265,-0.5665824,0.07585885,-0.13271254,-0.7790806,0.10011836,-0.16305435,-0.8920669,0.11038881,-0.17665003,-0.98427373,0.11898242,-0.16673702,-0.5229698,0.052423805,-0.21740279,-0.72729695,0.072355025,-0.23479892,-0.83665615,0.082882024,-0.23766321,-0.93034697,0.090388335,-0.25607395,-0.4413244,0.033589046,-0.3024815,-0.61664176,0.053625498,-0.3173424,-0.714599,0.073114105,-0.31693432,-0.7999325,0.08981727
THANK_YOU,0.0,0.0,0.0,0.12531777,-0.15057676,0.0608299,0.1510362,-0.31464845,0.102386154,0.14367516,-0.45076284,0.13488893,0.16275321,-0.5483333,0.16856034,0.029221948,-0.5787219,0.10428423,-0.03448753,-0.76437265,0.13632202,-0.07450012,-0.8717078,0.1510385,-0.10387697,-0.9544389,0.15920143,-0.07543063,-0.5682965,0.08043865,-0.13351537,-0.78105146,0.1078961,-0.16292362,-0.89295155,0.1198814,-0.17709988,-0.98419285,0.12960164,-0.17095937,-0.52173805,0.05863557,-0.21852443,-0.7284568,0.08047073,-0.2342794,-0.83854526,0.09142282,-0.23688476,-0.9336622,0.09899039,-0.25927463,-0.4377619,0.041622374,-0.30459958,-0.61487794,0.061968215,-0.3179024,-0.71315664,0.0809518,-0.31629142,-0.7996875,0.09729355
THANK_YOU,0.0,0.0,0.0,0.1259738,-0.14596279,0.057388395,0.15341179,-0.30832252,0.095747866,0.14805986,-0.44603932,0.12599567,0.1653182,-0.5451608,0.15785119,0.036763612,-0.5758381,0.094560035,-0.028057456,-0.7624272,0.12231899,-0.069905,-0.8708118,0.13559616,-0.100449584,-0.95291597,0.143429,-0.06766816,-0.5675077,0.07197973,-0.12687051,-0.7806412,0.09369314,-0.1586071,-0.8935615,0.104300186,-0.17515036,-0.9845417,0.114085786,-0.16318546,-0.52226627,0.051709604,-0.21181437,-0.72664845,0.06945128,-0.23025787,-0.8354833,0.079806566,-0.23557074,-0.9280563,0.08819174,-0.2511566,-0.43876383,0.036125474,-0.29500616,-0.61441886,0.055307135,-0.30991846,-0.711901,0.074109316,-0.3099622,-0.7960916,0.0908361
THANK_YOU,0.0,0.0,0.0,0.12523717,-0.15059906,0.05925163,0.15319405,-0.31428152,0.10132168,0.14839742,-0.4532369,0.13466723,0.15835202,-0.55244327,0.16962129,0.031235822,-0.58102757,0.10551234,-0.033574287,-0.767055,0.13816825,-0.07413315,-0.87618744,0.15309393,-0.10349614,-0.9602462,0.16210108,-0.07073486,-0.57164705,0.083714455,-0.13265584,-0.78206176,0.11419671,-0.1638331,-0.8933416,0.12864573,-0.17778721,-0.984069,0.1405298,-0.16539505,-0.5267226,0.06360074,-0.21565709,-0.7285199,0.08905466,-0.23288056,-0.8386802,0.10296319,-0.23601742,-0.93321073,0.11285508,-0.25410855,-0.44485447,0.04768932,-0.30009046,-0.6207432,0.070947394,-0.3147452,-0.7176219,0.09227099,-0.31475443,-0.80204386,0.1108537
THANK_YOU,0.0,0.0,0.0,0.12228084,-0.15377395,0.063660435,0.14881507,-0.3169219,0.10815977,0.14313857,-0.45527568,0.14342673,0.15507312,-0.55388784,0.18026891,0.02838804,-0.5785471,0.110549346,-0.03720739,-0.7645728,0.14511149,-0.07816925,-0.8726642,0.16173227,-0.1072824,-0.95653015,0.1718867,-0.07343095,-0.5687522,0.087381415,-0.13453883,-0.7794457,0.11880398,-0.1656951,-0.8917014,0.13437775,-0.17969233,-0.98372287,0.14733987,-0.16794817,-0.52394646,0.06616358,-0.21817897,-0.72591484,0.09250022,-0.23460886,-0.83616406,0.10717822,-0.23737799,-0.93270063,0.11768145,-0.2569066,-0.44154283,0.049570583,-0.30272135,-0.6173753,0.07341918,-0.31686103,-0.71474355,0.094975226,-0.3160725,-0.80087125,0.11370958
THANK_YOU,0.0,0.0,0.0,0.12029534,-0.15252258,0.062401254,0.14870083,-0.31699687,0.107456304,0.14240652,-0.45329434,0.14418554,0.15462875,-0.55063605,0.18229544,0.026260719,-0.583417,0.10763154,-0.038409624,-0.7687617,0.14254275,-0.079363815,-0.8752705,0.1593208,-0.10896628,-0.9582559,0.16918385,-0.07544813,-0.57263315,0.085278645,-0.13580239,-0.78229165,0.1161412,-0.16647846,-0.89296997,0.13058244,-0.18088862,-0.9835036,0.14229846,-0.16908838,-0.5257468,0.06501181,-0.21786696,-0.72792524,0.089681745,-0.23476696,-0.83671904,0.10214719,-0.2383192,-0.93234307,0.111049585,-0.2565396,-0.44225904,0.049603347,-0.30142155,-0.61741406,0.07156439,-0.31472847,-0.7138128,0.09125986,-0.31330702,-0.7991756,0.10846689
THANK_YOU,0.0,0.0,0.0,0.12240562,-0.15375002,0.061157897,0.15115383,-0.31728333,0.10660329,0.14562574,-0.45165887,0.14378463,0.1561217,-0.55154026,0.18276004,0.0279875,-0.58453035,0.11175079,-0.037268445,-0.7679108,0.14877327,-0.07861631,-0.87432295,0.1666464,-0.108765386,-0.95671797,0.1772329,-0.07514139,-0.57189107,0.09004073,-0.1360719,-0.78141594,0.12258662,-0.16688707,-0.89202005,0.13780467,-0.18173632,-0.98334724,0.15021716,-0.16888826,-0.5249608,0.06988425,-0.21697585,-0.7261853,0.09568108,-0.23192938,-0.83379763,0.10863661,-0.2345979,-0.9298123,0.117954925,-0.25494397,-0.4424986,0.05426836,-0.29886803,-0.6188723,0.07652406,-0.31225276,-0.713846,0.096274495,-0.31119907,-0.79820883,0.1137158
THANK_YOU,0.0,0.0,0.0,0.120562375,-0.1540768,0.05922726,0.14840622,-0.3176272,0.1012984,0.14395855,-0.4538471,0.13459815,0.15584324,-0.551967,0.169358,0.026528243,-0.5848527,0.10794892,-0.03828741,-0.76910144,0.14132896,-0.08017863,-0.875702,0.15590599,-0.11132381,-0.958884,0.1639661,-0.075931385,-0.5733936,0.08515544,-0.1370105,-0.7827289,0.1158179,-0.16804399,-0.8919299,0.12845787,-0.1835968,-0.98300165,0.13814694,-0.16990589,-0.5275309,0.063785516,-0.21800826,-0.7284815,0.08855077,-0.23410149,-0.835479,0.100120015,-0.23807774,-0.9297024,0.107531324,-0.25599626,-0.44688472,0.046623975,-0.29855177,-0.62226677,0.068249315,-0.31207553,-0.7166015,0.08769021,-0.3121405,-0.80007017,0.104265064
THANK_YOU,0.0,0.0,0.0,0.118997574,-0.16090034,0.07197079,0.14331946,-0.3216591,0.12319467,0.13622136,-0.4559048,0.16445573,0.14806964,-0.55437136,0.20721158,0.021009114,-0.5804299,0.12388697,-0.042590804,-0.7640984,0.16388817,-0.08382989,-0.8698456,0.18385443,-0.11409482,-0.95230454,0.1958084,-0.080439985,-0.5662964,0.09833411,-0.13983555,-0.7789644,0.13142681,-0.1703837,-0.89001775,0.1474702,-0.18493432,-0.9827509,0.16109209,-0.17247938,-0.5193757,0.075064786,-0.22173126,-0.7242918,0.101811916,-0.236218,-0.83279246,0.11635333,-0.2383594,-0.93131286,0.1271449,-0.25706828,-0.43591526,0.05727587,-0.3022632,-0.61386466,0.080558695,-0.3162821,-0.71069807,0.10133458,-0.31515533,-0.7979308,0.11977884
THANK_YOU,0.0,0.0,0.0,0.12315805,-0.15113989,0.06982264,0.14769393,-0.31510544,0.12103699,0.1398223,-0.45278805,0.16377799,0.1538808,-0.551936,0.2087267,0.025078544,-0.5836659,0.11927831,-0.03809442,-0.7692598,0.16109113,-0.080254175,-0.87558323,0.18322624,-0.11143671,-0.9583573,0.19649905,-0.077939525,-0.57371026,0.09740316,-0.1371293,-0.7855227,0.1326719,-0.16788098,-0.8940507,0.1512202,-0.18265553,-0.983177,0.16644391,-0.17043641,-0.5278615,0.07822207,-0.21990636,-0.73116696,0.10695906,-0.23644273,-0.8368062,0.122142635,-0.24087226,-0.93063945,0.13323453,-0.25531715,-0.4444822,0.06458333,-0.2999379,-0.6194483,0.090513416,-0.3149917,-0.7139627,0.111339174,-0.3155136,-0.79740196,0.12944789
THANK_YOU,0.0,0.0,0.0,0.11941785,-0.15277384,0.06900198,0.14346547,-0.31611148,0.118527815,0.13672101,-0.45254618,0.1591664,0.15128864,-0.55049145,0.20158346,0.021898909,-0.58313984,0.11713975,-0.043783043,-0.76876885,0.15723346,-0.085758455,-0.8757674,0.17791846,-0.116499774,-0.95967716,0.1902884,-0.07914833,-0.5726933,0.09436696,-0.14146307,-0.7835875,0.12874474,-0.17246759,-0.8926272,0.14606152,-0.18681477,-0.9823952,0.1601307,-0.17103326,-0.5269299,0.07424282,-0.22161606,-0.7293773,0.10225639,-0.23786515,-0.83776504,0.11664181,-0.24169394,-0.9335465,0.12688416,-0.25655663,-0.4439432,0.059572108,-0.30238664,-0.6186889,0.0841849,-0.31810516,-0.7143031,0.104669765,-0.31962287,-0.7988034,0.12256421
THANK_YOU,0.0,0.0,0.0,0.12514049,-0.15298983,0.06924584,0.15120156,-0.3144837,0.11925415,0.14299299,-0.45357025,0.16076718,0.15371722,-0.5531823,0.20397653,0.030742522,-0.57899356,0.11498666,-0.03551002,-0.76374674,0.15432626,-0.07769591,-0.8702827,0.174498,-0.10875171,-0.9549874,0.18646933,-0.07265913,-0.57195365,0.09279348,-0.13378085,-0.78127927,0.12532027,-0.16465668,-0.8913253,0.14162944,-0.17926335,-0.9838011,0.1553896,-0.16600297,-0.5281538,0.07360481,-0.21530049,-0.72794515,0.10085342,-0.23130976,-0.83652544,0.11504559,-0.23473229,-0.93520665,0.1255364,-0.25198266,-0.44689727,0.060041416,-0.29642627,-0.62170607,0.08541002,-0.31141734,-0.7169202,0.10677299,-0.3114826,-0.8021293,0.12539937
THANK_YOU,0.0,0.0,0.0,0.12619933,-0.14916663,0.06605246,0.15276115,-0.31292424,0.114141695,0.14424342,-0.45361894,0.15335372,0.1590274,-0.55164534,0.19427566,0.03519214,-0.5758443,0.11114655,-0.030555217,-0.76021135,0.14526378,-0.07187441,-0.8675022,0.16250782,-0.101033024,-0.95160705,0.17312583,-0.06681054,-0.5678396,0.087968014,-0.1288361,-0.7789156,0.11635856,-0.15971063,-0.89071465,0.13160157,-0.17441967,-0.9846714,0.14510384,-0.16095395,-0.5250845,0.066988654,-0.21323474,-0.7267259,0.0901676,-0.23065838,-0.83420557,0.10408382,-0.23488598,-0.93137914,0.115327395,-0.24997185,-0.44468728,0.051056344,-0.29809567,-0.62025803,0.07291963,-0.31445166,-0.71584165,0.093171835,-0.31578407,-0.8006799,0.11153186
THANK_YOU,0.0,0.0,0.0,0.12753801,-0.14387718,0.061292794,0.1538078,-0.308871,0.10638408,0.1465704,-0.45219532,0.1431707,0.16083609,-0.55117923,0.1820329,0.035478845,-0.5799336,0.109309465,-0.028493648,-0.7645111,0.14490068,-0.07038759,-0.8733253,0.1622182,-0.100586206,-0.9582241,0.17238896,-0.066743635,-0.57254547,0.08853348,-0.12688525,-0.781341,0.119895644,-0.15720294,-0.8924004,0.13590218,-0.17084743,-0.98529744,0.14922787,-0.16167237,-0.5292939,0.069614105,-0.21281056,-0.7296138,0.09563407,-0.23023033,-0.83799064,0.11036228,-0.23435336,-0.93375397,0.12139409,-0.25158823,-0.44790637,0.055118527,-0.29761484,-0.6233621,0.079511076,-0.3130308,-0.7195795,0.10059512,-0.31421763,-0.8036549,0.11904715
THANK_YOU,0.0,0.0,0.0,0.1265164,-0.147872,0.06532587,0.15165618,-0.31345552,0.11303767,0.14364663,-0.45659673,0.1523229,0.15631959,-0.55549335,0.19364329,0.031918038,-0.58133966,0.11396479,-0.03286078,-0.76590616,0.15295419,-0.07419922,-0.8744002,0.17304458,-0.10402166,-0.95713025,0.18543535,-0.07097698,-0.5727019,0.09331259,-0.13015975,-0.781826,0.12767912,-0.15981595,-0.89299953,0.14632486,-0.17221132,-0.98506004,0.16203669,-0.16499585,-0.5281615,0.07496516,-0.21339473,-0.7290737,0.103718646,-0.22889176,-0.8383521,0.1205101,-0.23063195,-0.9335894,0.13322592,-0.25336513,-0.44575873,0.061522584,-0.29906163,-0.6222688,0.08806113,-0.31327853,-0.7190989,0.11060201,-0.31218153,-0.80348146,0.13042016
THANK_YOU,0.0,0.0,0.0,0.11914881,-0.15317771,0.0611568,0.14137624,-0.3187945,0.105894215,0.13311823,-0.4580765,0.14233485,0.14664069,-0.55652255,0.18064235,0.022894438,-0.5794276,0.10803157,-0.04248966,-0.76502407,0.14166135,-0.08260026,-0.8711267,0.15809344,-0.110500894,-0.95153946,0.1682624,-0.07915463,-0.5675594,0.086512,-0.14270988,-0.780478,0.11473696,-0.17326196,-0.89134735,0.12911654,-0.18670413,-0.98241615,0.14173229,-0.17263389,-0.5221849,0.06668923,-0.22354513,-0.7264576,0.08927261,-0.23940186,-0.83401424,0.10231305,-0.24193656,-0.9283207,0.11261088,-0.25851348,-0.44068432,0.05154076,-0.30316687,-0.61582375,0.07311024,-0.31827703,-0.7105035,0.09325193,-0.31914338,-0.7937827,0.111282736
THANK_YOU,0.0,0.0,0.0,0.12114169,-0.15564808,0.06475227,0.14498258,-0.32000217,0.111603156,0.13895081,-0.4575131,0.14985405,0.15437415,-0.5557315,0.1900111,0.028394746,-0.5812388,0.11122185,-0.03722288,-0.7662614,0.14634137,-0.07947822,-0.87292635,0.16433305,-0.10915903,-0.95350367,0.17552932,-0.075550444,-0.5687235,0.08885697,-0.13850585,-0.78258413,0.11760963,-0.1701389,-0.89286625,0.1329023,-0.18536253,-0.9826702,0.14651795,-0.16981632,-0.5226566,0.06853338,-0.22206056,-0.7274507,0.09192227,-0.23951626,-0.8334414,0.10546221,-0.24399135,-0.92728275,0.11616084,-0.2556082,-0.43992406,0.05326761,-0.3010591,-0.61579305,0.07562763,-0.3169376,-0.7101962,0.095757894,-0.31812587,-0.79384875,0.113743104
THANK_YOU,0.0,0.0,0.0,0.1247077,-0.15242055,0.061545577,0.1505843,-0.31658164,0.10747022,0.14253478,-0.4552897,0.14511181,0.1547902,-0.5553551,0.18437627,0.031398643,-0.57968354,0.110218845,-0.035570003,-0.7649875,0.1460415,-0.07716173,-0.872168,0.16305727,-0.10707933,-0.95592695,0.17327087,-0.071827814,-0.56836,0.089156024,-0.13504075,-0.7806242,0.1208659,-0.16603091,-0.8921308,0.13546263,-0.18090186,-0.9835012,0.14757667,-0.16664904,-0.5223992,0.06991891,-0.2171205,-0.72684884,0.09604807,-0.23309441,-0.83493143,0.10891592,-0.23642352,-0.9315669,0.11815707,-0.25519696,-0.4397735,0.05536035,-0.30013382,-0.6150613,0.07948871,-0.31417194,-0.71091336,0.10013299,-0.31382164,-0.7961932,0.117937155
THANK_YOU,0.0,0.0,0.0,0.12528619,-0.14896628,0.06650241,0.14968783,-0.31305,0.11479947,0.14087112,-0.45287812,0.1540312,0.15373963,-0.5523934,0.19502006,0.028587934,-0.57629484,0.11567812,-0.035966333,-0.7660434,0.15329741,-0.07626484,-0.87300503,0.17186575,-0.10507342,-0.9544655,0.18317288,-0.07486178,-0.5667718,0.09336485,-0.13592926,-0.78147316,0.12528825,-0.16593592,-0.89299196,0.13977379,-0.17935464,-0.98378444,0.15199184,-0.16924758,-0.522199,0.07336503,-0.22026926,-0.7276763,0.09983515,-0.23706554,-0.8353687,0.11248462,-0.24070084,-0.9296888,0.121863574,-0.25644583,-0.4405412,0.058618665,-0.30200446,-0.6173909,0.08459398,-0.31739432,-0.7127403,0.10580173,-0.31822428,-0.7959628,0.12390696
THANK_YOU,0.0,0.0,0.0,0.12562543,-0.14878908,0.06817628,0.14961159,-0.31402647,0.11797179,0.14209275,-0.45386562,0.15869695,0.15762734,-0.55093807,0.20108213,0.03373227,-0.5744476,0.1150439,-0.031926636,-0.7631596,0.152882,-0.07389986,-0.87075114,0.17201984,-0.10397574,-0.952044,0.18376444,-0.069572985,-0.5659383,0.09240086,-0.13215503,-0.78106266,0.123833865,-0.1643764,-0.89320225,0.13838257,-0.18061592,-0.9835537,0.1508618,-0.1647697,-0.5227496,0.07248883,-0.21696298,-0.72746974,0.098833315,-0.23501869,-0.83515805,0.11114715,-0.24028386,-0.9299215,0.12031992,-0.25392327,-0.44201818,0.05810202,-0.2998487,-0.6173111,0.08421396,-0.3152642,-0.7124544,0.105191946,-0.31597373,-0.7955789,0.12302848
THANK_YOU,0.0,0.0,0.0,0.12590145,-0.15025908,0.06293028,0.14859907,-0.31549507,0.10781615,0.14058715,-0.45772305,0.1437945,0.15342806,-0.5598918,0.1814345,0.028969904,-0.57449067,0.111262314,-0.03548826,-0.76309156,0.14808336,-0.075327545,-0.86995435,0.16583616,-0.105087645,-0.9517253,0.17648353,-0.074518636,-0.56681806,0.08967022,-0.1342816,-0.7796131,0.12132284,-0.16494626,-0.8924752,0.13489836,-0.17984943,-0.98369414,0.14626534,-0.16970554,-0.5231588,0.07038675,-0.21944228,-0.7256125,0.097037695,-0.23610409,-0.83516014,0.10876527,-0.24044876,-0.9292391,0.11711456,-0.25835052,-0.44130248,0.05607931,-0.30323204,-0.61681306,0.08212985,-0.31873503,-0.7134729,0.102990486,-0.3200498,-0.79765356,0.12072734
THANK_YOU,0.0,0.0,0.0,0.12660667,-0.14949644,0.06619561,0.14869452,-0.31816244,0.11559331,0.14115627,-0.46175832,0.156173,0.15482393,-0.56443703,0.19861758,0.027437152,-0.5775607,0.11969583,-0.034719944,-0.76573944,0.1636908,-0.07458525,-0.8703086,0.18718573,-0.10404468,-0.94880545,0.20169695,-0.075760946,-0.5694271,0.0986845,-0.13388886,-0.78363186,0.13647056,-0.16535471,-0.89499104,0.15503505,-0.18079725,-0.9835204,0.17052324,-0.1693162,-0.52465284,0.07994608,-0.21870206,-0.7286991,0.110970855,-0.23492171,-0.8360585,0.1260127,-0.23869552,-0.9300237,0.13708216,-0.25676936,-0.4413445,0.06633909,-0.3014287,-0.6167379,0.09646501,-0.31526944,-0.7126919,0.11954589,-0.31465012,-0.7967544,0.13892962
THANK_YOU,0.0,0.0,0.0,0.12211362,-0.15770938,0.07275811,0.14281872,-0.32408646,0.12447849,0.13599306,-0.46546748,0.16610907,0.15138033,-0.5665858,0.20978978,0.025748866,-0.5767502,0.12518956,-0.038554143,-0.7608695,0.1668219,-0.079086706,-0.864115,0.18861711,-0.10830321,-0.9430516,0.2022328,-0.07647956,-0.56581336,0.1008108,-0.13899691,-0.7782267,0.13369104,-0.17147335,-0.89028436,0.15091555,-0.18735856,-0.9822916,0.16659848,-0.1697679,-0.5207948,0.07904551,-0.2224574,-0.7244291,0.10701003,-0.23967935,-0.8324977,0.12363311,-0.24434021,-0.9300149,0.13698445,-0.2556508,-0.43637797,0.06289402,-0.30283636,-0.614008,0.09135601,-0.31915042,-0.7103159,0.11566712,-0.32038423,-0.7958677,0.13681127
THANK_YOU,0.0,0.0,0.0,0.12318342,-0.1536209,0.07390547,0.1467154,-0.3206773,0.1285229,0.13944353,-0.46216682,0.17411564,0.15491836,-0.56337804,0.22160187,0.027785862,-0.5784336,0.124359146,-0.034144115,-0.7643086,0.17008936,-0.07353754,-0.86548644,0.19636478,-0.102291405,-0.9419172,0.21292111,-0.07442093,-0.56799966,0.1009144,-0.13475117,-0.78336793,0.13634318,-0.16591652,-0.8944937,0.15686652,-0.18116675,-0.98345244,0.17496139,-0.1668742,-0.5213188,0.080387525,-0.21643177,-0.72970235,0.108204454,-0.2313475,-0.83646417,0.12464055,-0.23353502,-0.93356276,0.1381361,-0.2530771,-0.4358764,0.066133074,-0.299429,-0.61629987,0.092361905,-0.3130756,-0.7122688,0.11473908,-0.31071523,-0.79807836,0.13470492
THANK_YOU,0.0,0.0,0.0,0.12173521,-0.15522927,0.068490416,0.14528751,-0.32463208,0.118915714,0.13928752,-0.46800366,0.16046463,0.15528901,-0.5707498,0.20411633,0.029812692,-0.58206433,0.12135874,-0.033503376,-0.7648531,0.16296679,-0.074622855,-0.8692518,0.18481556,-0.10450098,-0.94896495,0.19837303,-0.071685866,-0.5727284,0.09924917,-0.13355961,-0.7809341,0.13233972,-0.16595314,-0.8914567,0.14971638,-0.18229449,-0.983244,0.1652993,-0.1649531,-0.52940696,0.07954239,-0.21483833,-0.7280879,0.107493125,-0.23135625,-0.8350401,0.123865135,-0.23606257,-0.9325976,0.13675998,-0.2510625,-0.4477773,0.06506705,-0.29582492,-0.622432,0.09276921,-0.3105096,-0.7168497,0.116403304,-0.31058288,-0.8003233,0.13705026
THANK_YOU,0.0,0.0,0.0,0.11926404,-0.15480389,0.07442419,0.14322013,-0.32419425,0.12775075,0.13741657,-0.46702698,0.17144267,0.1552309,-0.565686,0.2169051,0.028748704,-0.5791593,0.12470197,-0.032744806,-0.76521504,0.16815081,-0.07349342,-0.8684678,0.1920622,-0.10300542,-0.947111,0.20680946,-0.07167257,-0.5707942,0.10022536,-0.13273376,-0.7829414,0.13405934,-0.1641061,-0.89298356,0.15257071,-0.17888343,-0.98387027,0.16875003,-0.16461055,-0.52736354,0.078807876,-0.21400118,-0.73025066,0.10719553,-0.22973627,-0.83627975,0.12395072,-0.23228665,-0.93259513,0.1367487,-0.2519023,-0.44469544,0.06332498,-0.29680997,-0.6205235,0.09060966,-0.3105914,-0.7153757,0.11383966,-0.3090461,-0.79951847,0.13393408
THANK_YOU,0.0,0.0,0.0,0.12122151,-0.15293582,0.06885119,0.14220124,-0.32326677,0.11931128,0.13352299,-0.466569,0.16041923,0.15127213,-0.56747293,0.20342448,0.02558916,-0.5833987,0.12223463,-0.039509784,-0.7652995,0.16322239,-0.08039998,-0.86858934,0.18478383,-0.10969914,-0.94730985,0.19797394,-0.07499999,-0.57126343,0.099008635,-0.1374331,-0.7806569,0.13160959,-0.1688214,-0.8906485,0.14883602,-0.18405074,-0.9829167,0.16396743,-0.1673985,-0.52521235,0.07792348,-0.21732965,-0.72669166,0.10425893,-0.2340501,-0.83373785,0.119821444,-0.23809183,-0.93081605,0.13213211,-0.25361252,-0.4411388,0.06210963,-0.30033332,-0.61958545,0.08713431,-0.31563538,-0.7160429,0.10932797,-0.31613955,-0.80155367,0.12892966
THANK_YOU,0.0,0.0,0.0,0.1219224,-0.15637663,0.06630645,0.14358926,-0.32319492,0.113044895,0.13604733,-0.463877,0.14959624,0.1511456,-0.56478065,0.18772423,0.023291202,-0.5834152,0.119449824,-0.04114459,-0.7663571,0.15674089,-0.08219758,-0.87217206,0.17536815,-0.11229896,-0.9521046,0.18637349,-0.079241045,-0.56919634,0.094753854,-0.14103676,-0.7798615,0.1247712,-0.17217879,-0.88966405,0.14021,-0.18737337,-0.9822888,0.15349662,-0.17124088,-0.52197284,0.07155618,-0.22182949,-0.7243157,0.09590795,-0.23881128,-0.831399,0.11056421,-0.2433303,-0.92769855,0.12158726,-0.2541626,-0.43856767,0.053074922,-0.3014974,-0.6156508,0.07647358,-0.31820554,-0.71114236,0.097873285,-0.32064316,-0.79549474,0.11637669
THANK_YOU,0.0,0.0,0.0,0.12355179,-0.15464206,0.065580435,0.14385831,-0.3232355,0.11427761,0.1358797,-0.46431276,0.15425557,0.1508204,-0.5658304,0.19634128,0.02453043,-0.5843114,0.11820939,-0.038725298,-0.7663296,0.1592219,-0.08000764,-0.87079346,0.18051735,-0.11030833,-0.9487972,0.19307053,-0.07834283,-0.5685291,0.096334435,-0.13724247,-0.77925986,0.12956864,-0.16827843,-0.8903702,0.14685325,-0.18409947,-0.9829076,0.16126937,-0.17031038,-0.519565,0.07632594,-0.21946102,-0.72323656,0.10297468,-0.2356477,-0.8316876,0.11719957,-0.24017994,-0.92889947,0.12770505,-0.25265017,-0.4347766,0.06126468,-0.29855925,-0.6133698,0.08515089,-0.31432238,-0.7104892,0.10476833,-0.31569967,-0.79676,0.1218989
THANK_YOU,0.0,0.0,0.0,0.12192268,-0.15657079,0.07225661,0.146083,-0.32761768,0.12339378,0.14032625,-0.47014144,0.16491863,0.16139059,-0.56934583,0.2081212,0.028151555,-0.58234406,0.12007863,-0.034451786,-0.76693237,0.16113105,-0.07614528,-0.86981946,0.183654,-0.1068658,-0.9470174,0.19755863,-0.07269251,-0.572934,0.09544239,-0.13432707,-0.7848404,0.12728947,-0.16679019,-0.8934927,0.14496025,-0.18363515,-0.98299444,0.16054828,-0.16588469,-0.5286798,0.07369922,-0.21870881,-0.7309831,0.10000134,-0.23707964,-0.8356678,0.11591914,-0.24270885,-0.93052274,0.12828812,-0.25334656,-0.44660935,0.057729226,-0.3010142,-0.621627,0.08464888,-0.3161491,-0.7152045,0.10781659,-0.3167798,-0.79790545,0.12765412
THANK_YOU,0.0,0.0,0.0,0.11953516,-0.15780234,0.07363603,0.14089465,-0.3279051,0.12668985,0.13366804,-0.4700756,0.16947386,0.15425526,-0.56922656,0.21372609,0.023130892,-0.5819891,0.12753502,-0.04214434,-0.76571023,0.17111199,-0.083049625,-0.8690069,0.19465165,-0.11254908,-0.9477713,0.20914678,-0.076471366,-0.57047147,0.10218241,-0.14148743,-0.78143877,0.13716884,-0.17386808,-0.8910429,0.1561159,-0.18970844,-0.98184043,0.17238306,-0.16927409,-0.5253896,0.07918688,-0.22240473,-0.7283504,0.106693015,-0.23953237,-0.8347517,0.12310781,-0.24384342,-0.93166804,0.13585828,-0.25759426,-0.44246697,0.06195184,-0.30659327,-0.62096214,0.08758614,-0.3218614,-0.71574646,0.110384114,-0.3224762,-0.80027384,0.13025619
THANK_YOU,0.0,0.0,0.0,0.11994436,-0.15734628,0.074383646,0.1411108,-0.3288046,0.1290586,0.13414054,-0.47097027,0.17418167,0.15305236,-0.57128215,0.22110236,0.022723,-0.58374304,0.12811251,-0.039747715,-0.7661631,0.17449087,-0.08071501,-0.8672054,0.20010358,-0.11096445,-0.9429841,0.2159996,-0.077897534,-0.5721771,0.104162805,-0.13963458,-0.7831465,0.14058085,-0.17230664,-0.8923686,0.16048628,-0.18967345,-0.9818472,0.17770639,-0.17067118,-0.5264492,0.08294639,-0.22198804,-0.7281352,0.111721836,-0.23872286,-0.8347278,0.12792708,-0.24394302,-0.932119,0.14068487,-0.25858864,-0.44294456,0.067800194,-0.30556968,-0.620148,0.095272735,-0.32037365,-0.71476024,0.11818702,-0.3209207,-0.79900813,0.13806319
THANK_YOU,0.0,0.0,0.0,0.124303736,-0.15764989,0.0735857,0.14913216,-0.32981482,0.12786132,0.14308497,-0.47170833,0.17243142,0.16272888,-0.57239777,0.21896482,0.028024934,-0.58859915,0.12847076,-0.036599923,-0.77361757,0.17371483,-0.078631416,-0.8750815,0.1994595,-0.10932971,-0.9503871,0.21589372,-0.074288376,-0.57682234,0.104730695,-0.13700366,-0.7892747,0.14050998,-0.1696199,-0.8957756,0.16164246,-0.18609773,-0.98253125,0.18041764,-0.16738115,-0.53034586,0.083350055,-0.21894285,-0.7347401,0.11143932,-0.23671049,-0.83875054,0.13010938,-0.24213122,-0.9332204,0.1453136,-0.25457856,-0.44606525,0.067787856,-0.30185252,-0.6242237,0.09510207,-0.31695685,-0.71834487,0.11961038,-0.31791908,-0.8017686,0.14128342
THANK_YOU,0.0,0.0,0.0,0.12623888,-0.15764193,0.068903424,0.1486136,-0.32800716,0.119214825,0.14140677,-0.46999416,0.16005854,0.15757196,-0.5725354,0.2028134,0.033625502,-0.5778222,0.119467646,-0.033256028,-0.7644022,0.16042054,-0.074994594,-0.87009656,0.1832919,-0.10516344,-0.94940835,0.19768119,-0.068983726,-0.56803256,0.09593241,-0.13370177,-0.7806122,0.12668517,-0.16733289,-0.8925449,0.14413439,-0.18398818,-0.98292845,0.16022155,-0.16407697,-0.52422625,0.07472749,-0.21705735,-0.7277016,0.099564865,-0.23563175,-0.83539,0.11508403,-0.24083468,-0.9328283,0.12802824,-0.2529632,-0.44311222,0.059052274,-0.3009531,-0.62297124,0.084198125,-0.3172773,-0.71901786,0.10686003,-0.31792542,-0.8043625,0.12698837
THANK_YOU,0.0,0.0,0.0,0.12128301,-0.15910318,0.07261455,0.14425652,-0.33151805,0.12379879,0.13825895,-0.47383574,0.16488944,0.1588259,-0.5742765,0.20773014,0.02712891,-0.5848868,0.12424114,-0.0354609,-0.76793426,0.16655941,-0.076672345,-0.8732319,0.189655,-0.10656262,-0.95264727,0.2038695,-0.07485674,-0.5727444,0.09922824,-0.13553077,-0.7815005,0.13392998,-0.16650411,-0.8919941,0.15374361,-0.18070912,-0.9835366,0.17070659,-0.16781008,-0.5272902,0.0765997,-0.21893813,-0.7289456,0.10474321,-0.23500833,-0.83613265,0.122830085,-0.23738672,-0.93327266,0.13664119,-0.25478446,-0.44416618,0.059430603,-0.30361313,-0.6206088,0.084928244,-0.3189893,-0.7164187,0.10781381,-0.31873867,-0.8013761,0.12808287
THANK_YOU,0.0,0.0,0.0,0.12037981,-0.15782394,0.06966844,0.14251137,-0.33257708,0.11966794,0.13543592,-0.4769653,0.1604448,0.15533486,-0.5778101,0.20275655,0.029401317,-0.58334523,0.11600034,-0.035315547,-0.76471424,0.1550583,-0.0779591,-0.8695234,0.1766535,-0.109591335,-0.94840676,0.1898793,-0.07104534,-0.5716504,0.09141269,-0.13460441,-0.7786642,0.12098795,-0.16867809,-0.8895049,0.13823104,-0.18698244,-0.9823632,0.15364319,-0.16448806,-0.52599484,0.0693718,-0.21685849,-0.7257327,0.09200264,-0.23606619,-0.8338709,0.10729526,-0.24231699,-0.93239546,0.120031975,-0.25266752,-0.44365394,0.052952513,-0.30184454,-0.62113476,0.07420631,-0.31848055,-0.71713966,0.09499818,-0.32049546,-0.80300987,0.114066
THANK_YOU,0.0,0.0,0.0,0.11962664,-0.15986046,0.07470752,0.1435507,-0.33371803,0.12882473,0.13614345,-0.4764569,0.17319912,0.15535724,-0.5769169,0.21935782,0.027582668,-0.5872036,0.12630425,-0.0375222,-0.76962477,0.17127447,-0.080171436,-0.8733152,0.1976032,-0.110550396,-0.9499925,0.2142522,-0.0725863,-0.5746976,0.101261355,-0.13709885,-0.7827952,0.13648582,-0.16980428,-0.8924352,0.1584009,-0.18482801,-0.98277086,0.17757683,-0.16532142,-0.5278394,0.07875877,-0.2191457,-0.72916144,0.105804294,-0.23696806,-0.83612317,0.1246704,-0.24024656,-0.9338167,0.1400342,-0.25344568,-0.44343966,0.06219249,-0.30449942,-0.6217074,0.08592566,-0.3204254,-0.718094,0.108308814,-0.3206075,-0.8041148,0.12888218
THANK_YOU,0.0,0.0,0.0,0.118176915,-0.15678923,0.07277603,0.14065266,-0.33168933,0.124139644,0.13466579,-0.4764774,0.16525455,0.15447275,-0.57607967,0.20790611,0.025700966,-0.58261067,0.12322219,-0.03752024,-0.76681465,0.16443913,-0.07889738,-0.87158585,0.18639992,-0.1094817,-0.9512111,0.19954264,-0.07378759,-0.57367593,0.09731659,-0.13690314,-0.78138685,0.13000152,-0.16969278,-0.8907308,0.14684011,-0.18576325,-0.98259455,0.16125323,-0.1660969,-0.5304125,0.07403509,-0.2179305,-0.7297396,0.10032743,-0.23672165,-0.8370925,0.11572358,-0.24162175,-0.93406576,0.1273531,-0.25314447,-0.44980878,0.056373723,-0.30206996,-0.6250508,0.0807817,-0.3191808,-0.72009873,0.102518596,-0.32143408,-0.80486554,0.12154621
THANK_YOU,0.0,0.0,0.0,0.11818756,-0.15853119,0.070509486,0.14021224,-0.33117655,0.12132954,0.13379166,-0.4743375,0.16242771,0.15453117,-0.5738058,0.20519838,0.024375638,-0.582767,0.11964138,-0.039733235,-0.76484215,0.15873516,-0.080819644,-0.8682579,0.1798155,-0.11106082,-0.9471888,0.19242954,-0.07529562,-0.57193494,0.09400498,-0.13836035,-0.78021324,0.123458266,-0.1701945,-0.8904639,0.14002404,-0.18583474,-0.982581,0.15490599,-0.16668212,-0.5258029,0.070609845,-0.22068617,-0.7268987,0.0925297,-0.2383334,-0.8331092,0.10717074,-0.24190485,-0.92984504,0.11947793,-0.2524581,-0.44210038,0.05280449,-0.30299404,-0.6200556,0.07278428,-0.31986156,-0.7154123,0.0927229,-0.32126036,-0.8007934,0.11117754
THANK_YOU,0.0,0.0,0.0,0.12033647,-0.15563512,0.0733937,0.14354876,-0.32970807,0.12565082,0.1369775,-0.47432178,0.16762055,0.15686001,-0.5728981,0.21115518,0.028121037,-0.5844946,0.12214124,-0.036986783,-0.767013,0.16234426,-0.07913482,-0.86933666,0.1845694,-0.10992019,-0.9474741,0.19825985,-0.07156846,-0.57538193,0.09599423,-0.13623233,-0.7836814,0.12683286,-0.16890498,-0.8917408,0.14486156,-0.1850283,-0.9827332,0.1609605,-0.16412248,-0.53056127,0.07240358,-0.21784583,-0.73136246,0.09680652,-0.23686491,-0.83608794,0.11331348,-0.24181335,-0.9313206,0.12679769,-0.25239265,-0.44703832,0.05453519,-0.30215734,-0.62418157,0.07895811,-0.31842658,-0.7187393,0.10180346,-0.31956676,-0.8024169,0.12191327
THANK_YOU,0.0,0.0,0.0,0.120493636,-0.15978764,0.06804908,0.14276004,-0.3336537,0.11651744,0.13688824,-0.4779296,0.15503271,0.15570651,-0.57811946,0.19498487,0.028874056,-0.5848978,0.11779791,-0.037698463,-0.7647084,0.1558301,-0.079558805,-0.86965173,0.17543606,-0.11075951,-0.95144075,0.18690431,-0.07102169,-0.5744775,0.09228195,-0.13533361,-0.779352,0.122295104,-0.1680417,-0.88933885,0.13841407,-0.18468675,-0.9827975,0.15248102,-0.16386525,-0.52943194,0.06877648,-0.21671636,-0.7269842,0.09235929,-0.23448576,-0.8344076,0.10750447,-0.2388531,-0.9327281,0.11936415,-0.2519491,-0.44712293,0.05033601,-0.30205882,-0.62407744,0.071995586,-0.3184992,-0.72016126,0.09302694,-0.31983232,-0.8063917,0.11179486
THANK_YOU,0.0,0.0,0.0,0.115779504,-0.16103683,0.07989131,0.13898034,-0.33360025,0.13563034,0.13187914,-0.4758857,0.17957407,0.15004022,-0.573303,0.22488543,0.02253024,-0.58438003,0.13482958,-0.042380366,-0.7680617,0.179787,-0.08433042,-0.8713272,0.2046669,-0.11433355,-0.94887906,0.22024205,-0.07529793,-0.57455516,0.106450506,-0.14075565,-0.78391594,0.14353424,-0.17348586,-0.8921041,0.16434482,-0.18813527,-0.9821431,0.18201368,-0.16709101,-0.5301137,0.08058995,-0.22153844,-0.7332073,0.10976499,-0.24055244,-0.8388811,0.12832657,-0.24458295,-0.9337839,0.1426695,-0.256364,-0.44743448,0.060757123,-0.30678967,-0.6248493,0.08685826,-0.32312375,-0.7202461,0.110320866,-0.32436183,-0.80429155,0.13101105
THANK_YOU,0.0,0.0,0.0,0.11691547,-0.15930521,0.0784534,0.1373715,-0.3314324,0.13332364,0.13026309,-0.47461176,0.1766047,0.15129693,-0.5719108,0.22130513,0.022862336,-0.5844143,0.13299182,-0.043130938,-0.766659,0.17755434,-0.08457883,-0.8683407,0.20145468,-0.114296995,-0.94617194,0.21592754,-0.07532893,-0.57528925,0.10503322,-0.14076358,-0.7839419,0.14092001,-0.17302296,-0.89192265,0.16008468,-0.18821728,-0.98212737,0.17625038,-0.16751608,-0.5307383,0.07963198,-0.2213021,-0.73192966,0.10846217,-0.24019039,-0.8369366,0.12537004,-0.24508093,-0.93262863,0.13812742,-0.25635344,-0.44772422,0.060173128,-0.30560318,-0.6233689,0.0880189,-0.32163972,-0.71742874,0.11185178,-0.32297564,-0.80097216,0.1319594
THANK_YOU,0.0,0.0,0.0,0.120102614,-0.15809694,0.077289075,0.14054552,-0.33033326,0.13232289,0.13308704,-0.4733792,0.17579554,0.15275931,-0.5728414,0.22079837,0.023223288,-0.58781034,0.13549733,-0.044235904,-0.7734865,0.1818331,-0.0855884,-0.87680274,0.20712547,-0.115606606,-0.955716,0.22268522,-0.07652502,-0.5772872,0.10863234,-0.14381814,-0.78646827,0.14841296,-0.1768621,-0.8928497,0.1702005,-0.19186687,-0.98142093,0.18798812,-0.16809934,-0.5313876,0.08385055,-0.22172022,-0.7324729,0.11581352,-0.2405763,-0.8366633,0.13529567,-0.24541637,-0.9315078,0.14949015,-0.25467572,-0.44766137,0.06461495,-0.30441502,-0.62538475,0.09355359,-0.3208214,-0.718715,0.11843094,-0.3225605,-0.80234367,0.13956693
THANK_YOU,0.0,0.0,0.0,0.121322304,-0.15450667,0.082175106,0.14390141,-0.32564896,0.13935955,0.13642421,-0.47038788,0.18408881,0.15439837,-0.5710108,0.23011217,0.029964259,-0.5821458,0.13844615,-0.0387004,-0.76749265,0.18475966,-0.08263034,-0.87215376,0.2105816,-0.11419762,-0.9524476,0.22667462,-0.06790342,-0.5750521,0.109657824,-0.13710222,-0.7838366,0.14732255,-0.17177935,-0.89181966,0.16826923,-0.18836866,-0.9820984,0.1861705,-0.15989693,-0.5328178,0.08367517,-0.21578348,-0.73253167,0.1150813,-0.23697443,-0.8366113,0.1350234,-0.2438452,-0.93203926,0.15008444,-0.24945822,-0.45034233,0.06372109,-0.30070108,-0.6241387,0.09470012,-0.31853876,-0.71809334,0.12115365,-0.32132638,-0.80057496,0.14338845
THANK_YOU,0.0,0.0,0.0,0.12145703,-0.15799314,0.08310648,0.14415897,-0.33098865,0.14021233,0.13735904,-0.47624946,0.18478759,0.15729812,-0.57506233,0.23076317,0.03020617,-0.58189094,0.139393,-0.038040627,-0.7667569,0.18606484,-0.08108982,-0.8707342,0.21202298,-0.1107494,-0.9495731,0.2282831,-0.06915292,-0.5743023,0.11045977,-0.13626806,-0.7828106,0.14829926,-0.16987701,-0.89177614,0.16965237,-0.18513471,-0.98271316,0.18811211,-0.162709,-0.5322527,0.08445762,-0.21685454,-0.73193175,0.116058566,-0.23617363,-0.8364036,0.13677935,-0.24116997,-0.9312688,0.15271805,-0.25329575,-0.4489189,0.06462856,-0.30351093,-0.62524766,0.09573213,-0.32020998,-0.7201372,0.12285319,-0.32203084,-0.80268925,0.14587547
THANK_YOU,0.0,0.0,0.0,0.12103717,-0.15451224,0.07233157,0.14417753,-0.3256642,0.12296997,0.13779525,-0.46963066,0.16280888,0.15532833,-0.5704117,0.20432502,0.02702909,-0.586277,0.12643677,-0.040622443,-0.7721374,0.1697879,-0.083300166,-0.8754759,0.1941725,-0.11367532,-0.9527423,0.20958911,-0.072285324,-0.576467,0.10055914,-0.1386742,-0.78630996,0.1371879,-0.17146683,-0.89420563,0.15889278,-0.18621749,-0.98250854,0.17731774,-0.16541849,-0.53084064,0.07666896,-0.22086565,-0.73196715,0.105905734,-0.23931773,-0.8361391,0.12618655,-0.24370733,-0.92918324,0.1418216,-0.25551698,-0.44625396,0.05794847,-0.3068293,-0.6244986,0.08500888,-0.32317042,-0.72024256,0.10992408,-0.32483965,-0.80453724,0.13166164
THANK_YOU,0.0,0.0,0.0,0.12144343,-0.15749879,0.07087532,0.1440835,-0.32738322,0.11988248,0.13829547,-0.47132227,0.15813597,0.15328102,-0.57181114,0.19760111,0.028602595,-0.5830975,0.1199872,-0.04142992,-0.7702653,0.15797146,-0.08501192,-0.87525547,0.17772616,-0.116764344,-0.9548343,0.18993111,-0.07216251,-0.5727333,0.094115935,-0.14097846,-0.78272957,0.12522975,-0.1748988,-0.8914644,0.1416418,-0.19070303,-0.9816478,0.15589228,-0.1661821,-0.5268232,0.070573285,-0.22118312,-0.7282785,0.09563464,-0.24176413,-0.8359611,0.11167169,-0.24836175,-0.931326,0.124187194,-0.2551332,-0.44338876,0.052463476,-0.3047739,-0.6227293,0.076809004,-0.32234204,-0.71943384,0.10002171,-0.3257742,-0.80486214,0.12034091
THANK_YOU,0.0,0.0,0.0,0.12245933,-0.15829703,0.07509426,0.14667726,-0.3282397,0.1273763,0.14152886,-0.46970788,0.1686954,0.15975846,-0.5697697,0.21159488,0.02752381,-0.5868996,0.12871471,-0.03877495,-0.77155185,0.17206004,-0.080641076,-0.8732641,0.1956966,-0.11001612,-0.9487029,0.21041188,-0.075294204,-0.5750822,0.10239263,-0.13737763,-0.7859231,0.13716984,-0.16845441,-0.8950054,0.15604286,-0.18214163,-0.9832723,0.1724904,-0.16927071,-0.5275793,0.07853691,-0.22219627,-0.7295835,0.106309526,-0.23967202,-0.83511466,0.12350221,-0.24310268,-0.9292951,0.13699816,-0.25731716,-0.44086415,0.06048665,-0.30729568,-0.6192019,0.08707992,-0.32337752,-0.7153782,0.11050537,-0.32426867,-0.7999799,0.1309168
THANK_YOU,0.0,0.0,0.0,0.12380152,-0.15076746,0.07005466,0.14627504,-0.32113165,0.11884283,0.13892932,-0.46543077,0.15655011,0.15428299,-0.5684846,0.19603753,0.032121923,-0.5840822,0.124337,-0.035233203,-0.7671443,0.16237344,-0.07984281,-0.87170374,0.18210721,-0.11271884,-0.94856757,0.19477202,-0.069287635,-0.57495135,0.098542385,-0.13536951,-0.7828788,0.12929462,-0.17012553,-0.89224505,0.14578673,-0.1881452,-0.98214126,0.16097772,-0.16309632,-0.53047967,0.07460998,-0.21838598,-0.7296617,0.09922369,-0.23942682,-0.8362692,0.11622089,-0.24670108,-0.9288777,0.1306494,-0.2516874,-0.4468636,0.05573931,-0.30128863,-0.624394,0.08258086,-0.31939498,-0.7210459,0.107868135,-0.3228822,-0.8027542,0.13009995
THANK_YOU,0.0,0.0,0.0,0.12318761,-0.15022156,0.07327952,0.14743225,-0.32441178,0.12303012,0.14094564,-0.46931237,0.16312431,0.16180669,-0.56866515,0.20450911,0.042529643,-0.5838321,0.1113161,-0.022993447,-0.7781342,0.14738184,-0.070878156,-0.88598,0.16934735,-0.10646193,-0.95956177,0.1839206,-0.06318784,-0.5767754,0.085925326,-0.123640426,-0.79583186,0.11230978,-0.15956357,-0.902925,0.13084255,-0.17943293,-0.9837702,0.14800668,-0.16121389,-0.53392535,0.063927375,-0.20824826,-0.74344116,0.08456237,-0.23148064,-0.8494063,0.101117894,-0.24233726,-0.9353809,0.11546302,-0.25214392,-0.45262983,0.04833423,-0.2922648,-0.6392581,0.0700665,-0.308581,-0.73767793,0.09236894,-0.31280684,-0.82016367,0.11284017
THANK_YOU,0.0,0.0,0.0,0.123059936,-0.15156016,0.08151354,0.14521928,-0.32881832,0.13656822,0.13792278,-0.47500363,0.18062617,0.16082379,-0.57362944,0.22624911,0.041732065,-0.5824541,0.123486646,-0.02500876,-0.7778658,0.16432579,-0.07102325,-0.88538677,0.19014002,-0.104238786,-0.9597935,0.20763941,-0.062989675,-0.5781857,0.09561364,-0.1266079,-0.7977944,0.12544766,-0.1614268,-0.90264475,0.14755404,-0.17886215,-0.98387414,0.16826564,-0.16178152,-0.5387658,0.07144955,-0.20833316,-0.7492503,0.09543687,-0.22987123,-0.855044,0.11650142,-0.2382037,-0.9439012,0.13467918,-0.25547495,-0.45850384,0.054254778,-0.29791737,-0.64662665,0.08090509,-0.31335783,-0.74377894,0.10814614,-0.31567022,-0.82530195,0.13251208
THANK_YOU,0.0,0.0,0.0,0.12376781,-0.15144874,0.09185605,0.15054098,-0.32789117,0.14008671,0.14295483,-0.47894716,0.170874,0.15799119,-0.58373743,0.2016866,0.07367027,-0.60432255,0.13005072,-0.010113634,-0.7959259,0.16475788,-0.071701795,-0.89710873,0.18950978,-0.114995226,-0.96181923,0.20790894,-0.01950968,-0.61300397,0.092248686,-0.120451376,-0.826259,0.12446714,-0.17385064,-0.91385496,0.15481526,-0.20364264,-0.9790453,0.18184341,-0.11977727,-0.5779352,0.05830942,-0.21035506,-0.7785585,0.08529625,-0.25049978,-0.8712171,0.12199646,-0.271591,-0.94504774,0.15141179,-0.22573121,-0.49825388,0.030909369,-0.29275876,-0.67951113,0.06281381,-0.31545877,-0.77623093,0.1015731,-0.32360023,-0.85819167,0.13532038
THANK_YOU,0.0,0.0,0.0,0.13393909,-0.2668705,0.08185259,0.14973344,-0.54666704,0.11400939,0.08878644,-0.77073306,0.12849091,-0.001867346,-0.89235634,0.14085893,0.14494081,-0.77347165,0.061256908,-0.01401664,-0.9999018,0.06611165,-0.116421245,-0.95869666,0.07547285,-0.14656189,-0.885991,0.08403704,0.033114854,-0.77056384,0.017068582,-0.15380736,-0.97248286,0.03215721,-0.22275363,-0.87494135,0.051149543,-0.21683712,-0.76196665,0.063307635,-0.09560335,-0.7225786,-0.019312859,-0.25657794,-0.81266695,0.0009787105,-0.27662152,-0.6978862,0.022056896,-0.245695,-0.5995839,0.028585456,-0.222154,-0.64103,-0.049044963,-0.3396949,-0.6751411,-0.028962992,-0.34411395,-0.57872456,-0.005460294,-0.31715563,-0.50229174,0.0113471765
THANK_YOU,0.0,0.0,0.0,0.13978395,-0.25919873,0.085599095,0.16565923,-0.53281504,0.11868709,0.12162893,-0.755107,0.13380173,0.05236397,-0.88929,0.1486748,0.15284652,-0.77221453,0.05897774,0.0044703744,-0.99999005,0.065558776,-0.08604119,-0.93149185,0.07876772,-0.10617577,-0.83794844,0.08973111,0.041128043,-0.77174586,0.012076328,-0.14317721,-0.9801817,0.026281346,-0.20515072,-0.881432,0.049637526,-0.19487402,-0.7706376,0.064490214,-0.08553057,-0.7269409,-0.026669664,-0.24168923,-0.82385117,-0.0060332995,-0.25320294,-0.71318686,0.020419506,-0.21970381,-0.6205161,0.029446255,-0.206287,-0.6448729,-0.058990452,-0.30526292,-0.67097574,-0.039308716,-0.3038352,-0.5705835,-0.013592572,-0.27551842,-0.49648,0.004540008
THANK_YOU,0.0,0.0,0.0,0.13852772,-0.27620515,0.06324816,0.14653957,-0.57939696,0.08025954,0.038468774,-0.78104335,0.08546255,-0.090561956,-0.8431966,0.090897754,0.21037473,-0.7479871,0.02221045,0.010101796,-0.999949,0.019305842,-0.082276344,-0.8993132,0.026308473,-0.08231269,-0.8036944,0.027589602,0.10802991,-0.761451,-0.01777127,-0.12053746,-0.9893799,-0.008825032,-0.18419206,-0.85281783,0.015226761,-0.15499093,-0.73992306,0.024604714,-0.015713612,-0.7398282,-0.050613392,-0.23296474,-0.87575704,-0.027443036,-0.2626593,-0.7330374,0.003772984,-0.22098827,-0.6448204,0.0076272106,-0.14726616,-0.6811224,-0.08000528,-0.30567786,-0.72352785,-0.07062017,-0.3197513,-0.60465956,-0.052314244,-0.2851127,-0.5367861,-0.044073522
THANK_YOU,0.0,0.0,0.0,0.13489313,-0.3061981,0.06641998,0.14015397,-0.5887443,0.07513393,0.034477625,-0.77060354,0.06400492,-0.092564166,-0.8308369,0.050526217,0.21229003,-0.7591475,0.057707906,-3.172534e-05,-1.0,0.03513045,-0.08885546,-0.90173686,0.012506274,-0.09272655,-0.7962439,-0.0037324545,0.11371745,-0.7854889,0.007489691,-0.1036557,-0.96691287,0.0067465007,-0.15312032,-0.83094287,0.00787166,-0.116836004,-0.722444,0.0004484058,-0.0007290814,-0.76902044,-0.039116852,-0.20055437,-0.9176218,-0.034254182,-0.2347012,-0.7693569,-0.013083785,-0.19177517,-0.6736593,-0.010867323,-0.12203385,-0.72289973,-0.082561366,-0.27346957,-0.82702607,-0.08586269,-0.2952025,-0.693658,-0.061732963,-0.2615271,-0.60196036,-0.044614784
THANK_YOU,0.0,0.0,0.0,-0.017640416,-0.21950425,0.053237963,-0.017316235,-0.46455616,0.06262086,-0.047418945,-0.6661956,0.04660152,-0.09532718,-0.8301325,0.031739224,0.13858,-0.7757809,0.11257083,-0.08920054,-0.9519469,0.064025454,-0.18459564,-0.82018965,0.008758946,-0.19929816,-0.66077566,-0.018580392,0.107476115,-0.8227481,0.06280251,-0.13461317,-0.98271614,0.023774663,-0.22474736,-0.8224354,-0.013444002,-0.23019311,-0.66264325,-0.02815507,0.057316277,-0.83890855,0.009127881,-0.17264396,-0.9849843,-0.016050188,-0.24579452,-0.8181805,-0.014511954,-0.23258604,-0.6725611,-0.0070002507,-0.0028608271,-0.82767826,-0.04351852,-0.1881694,-0.9335363,-0.053951357,-0.24575698,-0.8040609,-0.030819984,-0.23173447,-0.6852953,-0.002856407
THANK_YOU,0.0,0.0,0.0,-0.070454575,-0.2402877,0.038012516,-0.08590977,-0.46695864,0.036342412,-0.09739179,-0.65185064,0.01009822,-0.1278045,-0.79460466,-0.013276786,0.11724605,-0.7601791,0.110092826,-0.07797019,-0.95392334,0.045525175,-0.20597059,-0.8373513,-0.024115656,-0.24773507,-0.64968127,-0.05656944,0.09607887,-0.8046011,0.067517735,-0.11940671,-0.98536897,0.023546534,-0.2437444,-0.8430567,-0.021289662,-0.27297184,-0.65831804,-0.03917198,0.05781997,-0.817948,0.017057285,-0.14619212,-0.98925626,-0.01431863,-0.25609538,-0.84311473,-0.018975768,-0.27227166,-0.66438633,-0.010706759,0.007370591,-0.800602,-0.0333614,-0.16787176,-0.9237358,-0.04459649,-0.2555243,-0.8165879,-0.021611314,-0.26787633,-0.68189347,0.009139941
THANK_YOU,0.0,0.0,0.0,0.08117957,-0.16849755,-0.025878608,0.06470166,-0.3790156,-0.035633776,0.005309755,-0.5339245,-0.038592115,-0.011595981,-0.64082944,-0.042175,-0.03998231,-0.50561565,-0.04599801,-0.11690028,-0.72030634,-0.06957978,-0.1571721,-0.8462082,-0.08615572,-0.18701749,-0.9450252,-0.09747217,-0.13280526,-0.4559388,-0.045360405,-0.20333885,-0.6986321,-0.07030239,-0.23567559,-0.8506752,-0.087283984,-0.25858465,-0.96598864,-0.09851263,-0.20767951,-0.39072034,-0.045052037,-0.2687957,-0.62428266,-0.06970292,-0.29658008,-0.7741008,-0.08316619,-0.31826413,-0.890357,-0.08999376,-0.25988767,-0.31967846,-0.044861283,-0.3144297,-0.5167879,-0.068500176,-0.3362772,-0.6364572,-0.075013615,-0.35024416,-0.73365194,-0.075696975
THANK_YOU,0.0,0.0,0.0,0.080144815,-0.2024295,0.07323372,0.067340456,-0.3823995,0.12045723,0.030631116,-0.52134424,0.15985397,0.021813903,-0.62412375,0.2005094,-0.06602622,-0.54403025,0.08441176,-0.14120223,-0.7375113,0.11042882,-0.18827735,-0.8439906,0.12966043,-0.22252849,-0.9211404,0.1436853,-0.1629055,-0.49419492,0.058613386,-0.240094,-0.72995013,0.06868022,-0.28123167,-0.8527838,0.08100385,-0.30659333,-0.9518406,0.09599946,-0.24423315,-0.42070672,0.03854244,-0.3202858,-0.64606935,0.04596024,-0.35120338,-0.7701387,0.055308633,-0.36577994,-0.8768895,0.06613404,-0.30773446,-0.32001582,0.026551723,-0.3800059,-0.49533558,0.037516125,-0.4096995,-0.5998258,0.05301309,-0.41867352,-0.69297683,0.069174476
THANK_YOU,0.0,0.0,0.0,0.08668263,-0.19950931,0.0621579,0.08478766,-0.37797955,0.10724984,0.048861124,-0.51678705,0.14965118,0.041074533,-0.6188391,0.19498853,-0.05416645,-0.533081,0.060616937,-0.12549402,-0.7324819,0.08146112,-0.17387237,-0.8411653,0.10143238,-0.20998333,-0.91974866,0.11659666,-0.15423864,-0.4839147,0.042156365,-0.2277131,-0.7284405,0.043157477,-0.26740357,-0.8557668,0.056189347,-0.29314703,-0.95606744,0.073684946,-0.23428586,-0.41143692,0.030021999,-0.30876714,-0.6366107,0.034322165,-0.33902422,-0.7607922,0.045025624,-0.35420287,-0.8672644,0.057888057,-0.29237244,-0.3134487,0.0253141,-0.36454344,-0.48800683,0.034182068,-0.395601,-0.59150136,0.04837146,-0.40501276,-0.6821977,0.06447765
THANK_YOU,0.0,0.0,0.0,0.09194691,-0.2035057,0.050395705,0.09213844,-0.38071272,0.086948164,0.06100662,-0.51863325,0.122014984,0.055126213,-0.6209706,0.15952817,-0.06541587,-0.54174626,0.048393708,-0.13187239,-0.7403892,0.06753358,-0.17991573,-0.84709084,0.08542974,-0.21723244,-0.92469424,0.0992835,-0.17548476,-0.48842847,0.032899175,-0.24344388,-0.73247355,0.034973077,-0.27947173,-0.85808223,0.047987234,-0.3012759,-0.9535369,0.06510594,-0.26240075,-0.405659,0.023017118,-0.33845,-0.6229995,0.028649904,-0.36269295,-0.7409084,0.041463006,-0.3713387,-0.83772004,0.055664863,-0.322451,-0.296119,0.019328788,-0.39201316,-0.47411358,0.031684797,-0.41603777,-0.5795704,0.05055732,-0.41728878,-0.669817,0.07001371
THANK_YOU,0.0,0.0,0.0,0.09375638,-0.20712237,0.04093276,0.09122678,-0.39271343,0.07269692,0.05792564,-0.53369355,0.10446605,0.054212127,-0.63833326,0.1386733,-0.07163997,-0.54418343,0.038066685,-0.1342661,-0.74421024,0.054105584,-0.17659885,-0.8513898,0.06858314,-0.20900267,-0.93120986,0.079610415,-0.18032534,-0.48445076,0.025843317,-0.24332789,-0.72915995,0.029703539,-0.27301195,-0.8561124,0.04245299,-0.29134822,-0.9566171,0.05776633,-0.26417834,-0.39931902,0.018233776,-0.33496884,-0.61652917,0.024881078,-0.35754004,-0.7376797,0.0360548,-0.3676373,-0.83967125,0.04737978,-0.32260376,-0.29144248,0.01565249,-0.39016303,-0.46819457,0.026634386,-0.41411164,-0.57375354,0.043104865,-0.41690606,-0.66628087,0.05981441
THANK_YOU,0.0,0.0,0.0,0.09156666,-0.19540952,0.042799708,0.09252837,-0.38273057,0.07130443,0.06111277,-0.5205054,0.09552206,0.05813948,-0.624511,0.12054822,-0.045721754,-0.5374244,0.037845086,-0.11975307,-0.73108095,0.04232496,-0.17133558,-0.8399156,0.04770535,-0.21185555,-0.91949064,0.051409476,-0.15175319,-0.49900827,0.01572896,-0.22785051,-0.73363537,0.0090208,-0.2675728,-0.8585256,0.011146983,-0.29310578,-0.9560801,0.016790237,-0.24562351,-0.43245712,-0.002711599,-0.31816015,-0.652897,-0.006772215,-0.34813067,-0.7761696,-0.0058433,-0.3617125,-0.8808675,-0.0039128517,-0.326324,-0.33583745,-0.016105805,-0.3982787,-0.5007226,-0.016209966,-0.42390272,-0.5989105,-0.007830499,-0.42778328,-0.6900074,0.0012406904
THANK_YOU,0.0,0.0,0.0,0.13367218,-0.1816759,0.022965977,0.15530816,-0.402843,0.04610029,0.11990336,-0.5680636,0.07033079,0.11776762,-0.68381435,0.09730815,-0.02779544,-0.5797473,0.03285093,-0.09904457,-0.7784361,0.049176548,-0.14466387,-0.87574047,0.06122731,-0.18136401,-0.9400933,0.069178596,-0.14456955,-0.5389399,0.025116427,-0.20826724,-0.7707482,0.034412477,-0.24510208,-0.88560885,0.042774815,-0.27090743,-0.96260536,0.05132468,-0.23902234,-0.46764466,0.020026768,-0.2973603,-0.68259573,0.031293698,-0.3209406,-0.79525125,0.03793419,-0.33240056,-0.87634057,0.042585205,-0.31494358,-0.36608028,0.01780111,-0.37348694,-0.5374002,0.032881312,-0.3943868,-0.6360714,0.047917772,-0.39716622,-0.7153158,0.061265558
THANK_YOU,0.0,0.0,0.0,0.12963766,-0.18219355,0.024683146,0.1513363,-0.39523762,0.04730012,0.11886983,-0.5658482,0.06965054,0.11561957,-0.6899584,0.09471329,-0.031926934,-0.5951528,0.0511978,-0.09751789,-0.7791239,0.072378926,-0.13971664,-0.87007695,0.08131381,-0.17421058,-0.93191046,0.085646436,-0.14955121,-0.55661845,0.042250227,-0.20115916,-0.7746142,0.061124824,-0.2307506,-0.8862534,0.06851292,-0.25185686,-0.9677645,0.07348951,-0.24366966,-0.48287612,0.034677405,-0.29388312,-0.68757576,0.050160725,-0.31143546,-0.7996841,0.054474603,-0.3192031,-0.88153493,0.055645563,-0.3195476,-0.3790561,0.029723968,-0.37258786,-0.5504298,0.045339942,-0.38867742,-0.6491231,0.059491646,-0.3896932,-0.7315938,0.07125957
THANK_YOU,0.0,0.0,0.0,0.12835254,-0.19308992,0.028930336,0.1416933,-0.41006678,0.055383004,0.105766736,-0.57462645,0.081173286,0.107753865,-0.6893839,0.1098105,-0.03678135,-0.6044706,0.053043883,-0.10541965,-0.7908476,0.075167544,-0.14686523,-0.88497555,0.08406144,-0.18138236,-0.95037127,0.08816136,-0.15179354,-0.56396884,0.043971453,-0.20698503,-0.7795175,0.065780655,-0.23643109,-0.88815093,0.074582845,-0.2566566,-0.96650267,0.08051064,-0.24320309,-0.48922125,0.0369107,-0.29642773,-0.69817436,0.055760324,-0.31271967,-0.8098921,0.063253306,-0.31875983,-0.8909766,0.06634023,-0.31675333,-0.38337663,0.032744884,-0.37317598,-0.55651146,0.04938062,-0.39131716,-0.65532064,0.064864025,-0.39420727,-0.7370441,0.078218125
THANK_YOU,0.0,0.0,0.0,0.13232741,-0.1842506,0.02878447,0.15515722,-0.39694506,0.05663778,0.12560555,-0.5642072,0.08323842,0.12810846,-0.68493414,0.11315521,-0.023810524,-0.60664976,0.06824111,-0.09132231,-0.79488546,0.09705794,-0.132209,-0.88667697,0.10953033,-0.16612138,-0.94992596,0.11582134,-0.13958937,-0.5692051,0.05975917,-0.1916577,-0.78498584,0.08620232,-0.22074263,-0.8927715,0.0944749,-0.2410725,-0.9705071,0.09974458,-0.232508,-0.49710542,0.05238147,-0.27912456,-0.7002843,0.07415462,-0.29570478,-0.8106198,0.07857192,-0.3021165,-0.8915549,0.07927481,-0.3095938,-0.39555076,0.047638573,-0.3617738,-0.56338114,0.06824936,-0.37816048,-0.6585699,0.08338786,-0.3791643,-0.73891234,0.09563389
THANK_YOU,0.0,0.0,0.0,0.1328501,-0.18476893,0.031278443,0.15216976,-0.39809453,0.062851354,0.11961657,-0.5684611,0.09354484,0.1211882,-0.6896909,0.12772068,-0.028529603,-0.6101584,0.073629744,-0.09551999,-0.79857266,0.107619524,-0.13734166,-0.89014214,0.12441331,-0.1710249,-0.95114183,0.13458711,-0.14470363,-0.5736127,0.067063086,-0.20030898,-0.78786206,0.09897169,-0.2311632,-0.8936404,0.11371688,-0.2515374,-0.9678476,0.12516133,-0.23868197,-0.5018489,0.061686482,-0.29139242,-0.69928473,0.08761469,-0.3082431,-0.80546725,0.099090636,-0.3164769,-0.8821467,0.10667139,-0.3161246,-0.39995578,0.059021007,-0.36994103,-0.57013804,0.08401419,-0.38688192,-0.6647833,0.104805194,-0.3891367,-0.7418069,0.12284946
THANK_YOU,0.0,0.0,0.0,0.13666679,-0.18252482,0.0347434,0.1604217,-0.39471638,0.06750007,0.1280684,-0.5671576,0.09854807,0.13167638,-0.6900972,0.13275208,-0.013577795,-0.6073556,0.076850094,-0.08095114,-0.7959202,0.11228038,-0.12085987,-0.8860061,0.13105938,-0.15244399,-0.9475332,0.14244859,-0.12949187,-0.576278,0.068277776,-0.18619551,-0.7911654,0.0994307,-0.21729632,-0.89743316,0.1147926,-0.23686129,-0.9715435,0.12759948,-0.2241884,-0.5077508,0.061223097,-0.27705255,-0.7079829,0.08657791,-0.29296696,-0.81477886,0.0998124,-0.30048007,-0.8943749,0.10922424,-0.30247685,-0.4052747,0.057216007,-0.3568793,-0.5771749,0.0828523,-0.37303028,-0.67120034,0.10562354,-0.37462613,-0.7494412,0.12552243
THANK_YOU,0.0,0.0,0.0,0.13773236,-0.18936704,0.038913213,0.1602281,-0.39889893,0.07674742,0.13096835,-0.56919783,0.11200785,0.13558203,-0.692708,0.1521321,-0.01722516,-0.6076104,0.096202716,-0.076529965,-0.7910668,0.13757762,-0.1140913,-0.8786563,0.16024567,-0.14417863,-0.935606,0.17481089,-0.13662218,-0.57139206,0.08798206,-0.19354217,-0.7864424,0.12058437,-0.22246496,-0.8928336,0.13877234,-0.24195118,-0.9702885,0.15548362,-0.23147105,-0.50244504,0.08021461,-0.2882967,-0.6975688,0.10726226,-0.30321983,-0.8025795,0.12217604,-0.3116603,-0.8851741,0.13494225,-0.30589256,-0.40334046,0.07544915,-0.36057287,-0.57462686,0.1070224,-0.37832347,-0.6687004,0.13279513,-0.38096148,-0.7445687,0.15527879
THANK_YOU,0.0,0.0,0.0,0.13856268,-0.1823868,0.03087449,0.16487877,-0.38947567,0.058970775,0.13809225,-0.5633888,0.08694978,0.14321469,-0.6905228,0.11783863,-0.01346005,-0.6030096,0.06728181,-0.078702584,-0.7937545,0.1019857,-0.12140756,-0.8862406,0.11906867,-0.15574427,-0.9482306,0.12857398,-0.13227814,-0.5649307,0.060681894,-0.18169408,-0.7851719,0.09300838,-0.21346156,-0.89425874,0.10564156,-0.23407502,-0.97221845,0.11381206,-0.22682512,-0.49132973,0.056072637,-0.275688,-0.6935689,0.082503445,-0.29075524,-0.80343,0.090165794,-0.29658714,-0.88235474,0.09304454,-0.30328393,-0.3892093,0.05451225,-0.35267934,-0.5624249,0.07972739,-0.36759576,-0.6605612,0.09755077,-0.36808792,-0.74337345,0.11163617
THANK_YOU,0.0,0.0,0.0,0.14115334,-0.18016703,0.035343174,0.16842194,-0.3898411,0.06748898,0.13745911,-0.5651687,0.09988219,0.14165142,-0.68924093,0.13537344,-0.004086766,-0.60434395,0.06662061,-0.077606775,-0.8033165,0.10528207,-0.12067668,-0.89749587,0.12906964,-0.1544294,-0.95974505,0.1438896,-0.12289075,-0.568477,0.060664114,-0.17685181,-0.79005253,0.09330815,-0.20776999,-0.89853394,0.1100684,-0.22828843,-0.9735935,0.12337391,-0.21742374,-0.49630952,0.057940077,-0.26741976,-0.70005184,0.085779056,-0.2818666,-0.80943877,0.09869987,-0.2892383,-0.8884766,0.107073985,-0.2938451,-0.3928224,0.059001826,-0.3470546,-0.57073003,0.087380424,-0.36039904,-0.667029,0.10965518,-0.35885927,-0.7469633,0.12834084
THANK_YOU,0.0,0.0,0.0,0.13650158,-0.1892466,0.033116534,0.16160427,-0.39562973,0.061524972,0.13497452,-0.5702896,0.08881225,0.14156146,-0.6957791,0.11910506,-0.009901918,-0.60857433,0.07123967,-0.082792655,-0.80317444,0.10570663,-0.124443844,-0.89633787,0.12335776,-0.15607545,-0.9590714,0.1339908,-0.12941366,-0.57199544,0.063704856,-0.18668252,-0.7903892,0.09465329,-0.21632372,-0.89735526,0.108474165,-0.23409903,-0.97221285,0.119274825,-0.22561103,-0.5001641,0.05812608,-0.27926722,-0.70060277,0.08473858,-0.2930647,-0.8085845,0.09694258,-0.29979697,-0.88809824,0.10462951,-0.30232763,-0.39908424,0.055629794,-0.35261634,-0.57918304,0.08382681,-0.36554438,-0.6756393,0.107263125,-0.36555454,-0.7553702,0.12657644
THANK_YOU,0.0,0.0,0.0,0.1373021,-0.19231881,0.03345501,0.16154066,-0.39760962,0.062291447,0.13565616,-0.5733208,0.09044066,0.14393261,-0.7006821,0.12228847,-0.009901143,-0.6072085,0.07136405,-0.08223488,-0.80527645,0.107332066,-0.124173224,-0.9006475,0.12664674,-0.15686151,-0.9642242,0.13865662,-0.13056545,-0.5687909,0.06464504,-0.18819824,-0.79070157,0.097432844,-0.21938325,-0.8979947,0.11355301,-0.2387775,-0.97107434,0.12621087,-0.2268702,-0.49608025,0.059957195,-0.28033093,-0.70103467,0.089353934,-0.29557225,-0.8099786,0.10424377,-0.30293384,-0.890386,0.113595575,-0.30318156,-0.3947508,0.058256075,-0.3544762,-0.57409286,0.08927657,-0.36850008,-0.6708284,0.114638984,-0.36881638,-0.75160867,0.13536903
THANK_YOU,0.0,0.0,0.0,0.13565528,-0.19107164,0.03424063,0.16063456,-0.39756417,0.062382687,0.13115823,-0.5717417,0.088707015,0.13892949,-0.6976621,0.11734941,-0.009889903,-0.6061708,0.06917901,-0.084816836,-0.80259395,0.099895425,-0.12746848,-0.8977215,0.115099795,-0.16107512,-0.9633378,0.12393779,-0.12790792,-0.5693487,0.059423197,-0.1855459,-0.7866524,0.08722425,-0.21797024,-0.89451706,0.09752888,-0.23882118,-0.97106355,0.10517741,-0.22383733,-0.4967899,0.05180031,-0.2744533,-0.7015903,0.07542301,-0.29089832,-0.81194144,0.08496715,-0.29899874,-0.893774,0.090122364,-0.30265412,-0.39388883,0.04760304,-0.3572392,-0.573561,0.07179843,-0.37175986,-0.6715463,0.092834294,-0.37224346,-0.75562865,0.11018277
THANK_YOU,0.0,0.0,0.0,0.13777982,-0.19307408,0.0322449,0.16279799,-0.39782616,0.058765434,0.13545813,-0.57140285,0.084466,0.14439689,-0.69956446,0.11304087,-0.008799274,-0.6051726,0.06620215,-0.082153186,-0.80127573,0.09996521,-0.12640226,-0.8968702,0.11712858,-0.16161937,-0.962291,0.12672968,-0.12887092,-0.568649,0.057870436,-0.18459786,-0.789127,0.08896008,-0.21627769,-0.89751387,0.10199258,-0.23534337,-0.9719123,0.111163124,-0.22437568,-0.49535868,0.051853497,-0.2754801,-0.7069835,0.07799494,-0.28959575,-0.81720144,0.08917192,-0.2944642,-0.89706945,0.09509253,-0.30075136,-0.39166898,0.049062,-0.35463578,-0.5750407,0.075224765,-0.3685076,-0.6731788,0.097351156,-0.3679736,-0.7545709,0.11526615
THANK_YOU,0.0,0.0,0.0,0.13792162,-0.18611245,0.036662564,0.16363013,-0.39174247,0.06593429,0.1366257,-0.5689345,0.09401735,0.14419267,-0.69666404,0.124508694,-0.0057912804,-0.6063582,0.067876466,-0.08248483,-0.80410856,0.10353553,-0.12796688,-0.89708847,0.12330824,-0.16366678,-0.9594983,0.13492024,-0.12445857,-0.5714835,0.05884795,-0.18098316,-0.7912189,0.09022078,-0.21316065,-0.8992026,0.10413238,-0.23310775,-0.9724509,0.11444684,-0.2194482,-0.4984018,0.052930467,-0.270124,-0.70370346,0.07941908,-0.28518534,-0.81435955,0.09122123,-0.2917827,-0.8937479,0.097991586,-0.2962616,-0.3940894,0.050837804,-0.34791747,-0.573925,0.07798554,-0.36150023,-0.6706497,0.10055163,-0.3614871,-0.7503756,0.11892347
THANK_YOU,0.0,0.0,0.0,0.13498506,-0.19231549,0.04159778,0.16007741,-0.40104702,0.07585327,0.13308027,-0.5774857,0.1070902,0.13781208,-0.7032198,0.14053588,-0.0087160515,-0.6088135,0.082441226,-0.08415644,-0.8003463,0.11979466,-0.12617593,-0.8919354,0.13850908,-0.15937783,-0.95814914,0.14919804,-0.12453634,-0.575107,0.07124793,-0.18156676,-0.78788286,0.10513446,-0.21241906,-0.8953658,0.11814866,-0.23172379,-0.97278154,0.1276082,-0.2187136,-0.50448275,0.062377,-0.26998496,-0.70564544,0.09031266,-0.2874054,-0.8143064,0.10127667,-0.29772264,-0.8972574,0.10753316,-0.29689044,-0.40301076,0.057348557,-0.35196343,-0.57917213,0.08575382,-0.36816478,-0.67350495,0.10816244,-0.3716165,-0.75406003,0.12622198
THANK_YOU,0.0,0.0,0.0,0.1321044,-0.19235308,0.039828938,0.15933461,-0.3965025,0.07081205,0.13161397,-0.5734107,0.09928416,0.13377136,-0.7022689,0.13019323,-0.014475083,-0.6083786,0.07879399,-0.09318919,-0.8028324,0.117965475,-0.13648856,-0.8920921,0.13993958,-0.1694041,-0.95533985,0.15333608,-0.12982343,-0.5741863,0.06860226,-0.18881348,-0.79018664,0.105748735,-0.22131613,-0.89553803,0.12173673,-0.24006128,-0.9707578,0.132888,-0.22291075,-0.5015595,0.06090891,-0.2752936,-0.7071286,0.09122284,-0.29356423,-0.81255805,0.10410216,-0.30301952,-0.8891377,0.11128706,-0.30058742,-0.3973776,0.057079844,-0.35566503,-0.5783258,0.08664503,-0.3720016,-0.67362267,0.11003847,-0.37621823,-0.7539441,0.12885676
THANK_YOU,0.0,0.0,0.0,0.12873138,-0.19767854,0.042638626,0.15286413,-0.4040841,0.076442584,0.12225998,-0.58174485,0.10845391,0.12567566,-0.7101972,0.14301427,-0.016855981,-0.6033294,0.07895835,-0.095049895,-0.79753315,0.12028995,-0.13793966,-0.88846,0.14385523,-0.17143297,-0.95498455,0.15815139,-0.13305575,-0.5695386,0.069152914,-0.19043082,-0.78437054,0.10680127,-0.22271448,-0.891881,0.12321738,-0.2423574,-0.970187,0.13532464,-0.22639059,-0.49884018,0.06279786,-0.27676183,-0.7023105,0.094247945,-0.2944618,-0.8117285,0.10799445,-0.30517805,-0.89488673,0.116270356,-0.30287337,-0.3969232,0.060771,-0.3576187,-0.5811109,0.091240525,-0.37293163,-0.67678636,0.116117716,-0.37653178,-0.75843203,0.13669178
THANK_YOU,0.0,0.0,0.0,0.12783305,-0.19463894,0.04212272,0.15378548,-0.39868888,0.07408678,0.12291296,-0.5753084,0.10414449,0.12680474,-0.7039571,0.13677652,-0.016738782,-0.60274166,0.07607779,-0.097464405,-0.7983542,0.11686516,-0.14108478,-0.88684124,0.14112183,-0.17434631,-0.9493206,0.15631005,-0.13221124,-0.5698906,0.06612549,-0.19122486,-0.78758377,0.10364772,-0.22508846,-0.8940929,0.120818935,-0.24512164,-0.9694924,0.13334085,-0.22542813,-0.49885663,0.05970714,-0.27555174,-0.70301723,0.09157436,-0.29393935,-0.8105122,0.105675355,-0.30350405,-0.8887516,0.113917366,-0.30292022,-0.39654264,0.05759295,-0.35552356,-0.5808815,0.08881876,-0.37121102,-0.67452186,0.11420705,-0.3750883,-0.75202227,0.13496809
THANK_YOU,0.0,0.0,0.0,0.12677434,-0.19991662,0.043294366,0.14831641,-0.40147987,0.07659991,0.11718554,-0.5712899,0.107857615,0.11801044,-0.69679415,0.14194046,-0.02112924,-0.5943674,0.075916566,-0.09578456,-0.7866136,0.11246381,-0.13696562,-0.8769243,0.13300304,-0.16940363,-0.94290334,0.14553365,-0.13829735,-0.56025964,0.064710915,-0.19295482,-0.77904636,0.095144965,-0.22388428,-0.8891896,0.10901022,-0.2432808,-0.96995586,0.12022,-0.23135214,-0.4897554,0.0569686,-0.28079164,-0.6946175,0.0834639,-0.2968155,-0.80416346,0.09601087,-0.3063003,-0.88894784,0.104100004,-0.30456007,-0.38754293,0.053699147,-0.35758972,-0.5678384,0.081583135,-0.37200943,-0.6641776,0.10565633,-0.3739361,-0.74594325,0.1257163
THANK_YOU,0.0,0.0,0.0,0.12784109,-0.20305383,0.041244134,0.14933316,-0.4043166,0.07059592,0.11897966,-0.57693744,0.09812559,0.12238088,-0.7035982,0.12807915,-0.016395567,-0.5970328,0.066849455,-0.09630739,-0.7916722,0.101969525,-0.14256549,-0.88371027,0.1226772,-0.17891745,-0.94672805,0.13554455,-0.13468812,-0.5618355,0.05596876,-0.19526276,-0.7842987,0.08785319,-0.23084843,-0.8919011,0.10349605,-0.25260425,-0.9675697,0.11505738,-0.22972853,-0.49095288,0.049022924,-0.28093797,-0.6996015,0.07904325,-0.29851073,-0.80963635,0.0936061,-0.3065733,-0.8908461,0.10116135,-0.30548227,-0.38973,0.04623459,-0.35827994,-0.57128924,0.076089665,-0.37371728,-0.6668757,0.10146507,-0.37615177,-0.7470653,0.12168899
THANK_YOU,0.0,0.0,0.0,0.12764946,-0.20349348,0.038035654,0.14759654,-0.40575942,0.0658657,0.11915092,-0.58047694,0.091854624,0.12018873,-0.70851195,0.12045417,-0.018027974,-0.5952065,0.067486115,-0.095331654,-0.78862756,0.10064387,-0.13885327,-0.8802449,0.11868872,-0.17255357,-0.9453275,0.129658,-0.13631348,-0.55904007,0.05682425,-0.19584489,-0.77961004,0.08658433,-0.22951412,-0.889273,0.09976776,-0.24973449,-0.96831435,0.109901205,-0.23133536,-0.48739746,0.049385507,-0.28434995,-0.6924736,0.07672104,-0.30118653,-0.80402446,0.089843266,-0.3092289,-0.8880147,0.097212255,-0.3060044,-0.38540155,0.045690887,-0.35955402,-0.56601405,0.07407976,-0.37501088,-0.6638788,0.0988344,-0.37705246,-0.7471755,0.11890065
THANK_YOU,0.0,0.0,0.0,0.12743427,-0.20313601,0.03874742,0.14946577,-0.4047891,0.06699021,0.119268805,-0.57819873,0.09372236,0.12077095,-0.70591384,0.1229253,-0.019402837,-0.5945531,0.06626329,-0.09638175,-0.78913283,0.10049718,-0.1407072,-0.8812001,0.12013308,-0.17595415,-0.94666773,0.1320687,-0.13761544,-0.5587775,0.055949584,-0.19498636,-0.77912074,0.08608159,-0.22913715,-0.8884402,0.09982118,-0.2507658,-0.9680478,0.11017466,-0.23132734,-0.4872085,0.049248584,-0.28086397,-0.6924255,0.07673067,-0.2987428,-0.8033322,0.08965419,-0.3086899,-0.8870688,0.0967491,-0.30498466,-0.38579294,0.04659551,-0.35813218,-0.5665707,0.0740754,-0.37418044,-0.6632712,0.09805794,-0.377638,-0.7458811,0.11767049
THANK_YOU,0.0,0.0,0.0,0.1282976,-0.20145875,0.037820663,0.15008433,-0.4051577,0.06467746,0.12149048,-0.58253974,0.090122834,0.12498013,-0.7112133,0.11771444,-0.0170255,-0.5949382,0.061163884,-0.09515982,-0.79356855,0.09343567,-0.14009297,-0.88616914,0.11196422,-0.17614873,-0.9514919,0.12318032,-0.1362727,-0.56098145,0.050544184,-0.19545774,-0.78276557,0.07994923,-0.23071823,-0.8912848,0.093058474,-0.25267148,-0.96755207,0.102649346,-0.2319012,-0.48955834,0.04376515,-0.28246477,-0.69805795,0.07081699,-0.30004013,-0.8095983,0.08322093,-0.3090544,-0.8916997,0.089482166,-0.30734238,-0.38684443,0.041065983,-0.36018652,-0.57057065,0.067910716,-0.37533012,-0.6678295,0.09153108,-0.37759617,-0.7508695,0.11065366
THANK_YOU,0.0,0.0,0.0,0.12812069,-0.20250084,0.0317772,0.15093988,-0.4077864,0.055020776,0.12322393,-0.58644,0.07726658,0.12726122,-0.7172043,0.101702645,-0.018847022,-0.6001771,0.057918806,-0.09685691,-0.79658574,0.08742731,-0.14117682,-0.88847727,0.10284474,-0.17712653,-0.95378697,0.111953825,-0.13769676,-0.56482095,0.048295822,-0.19663785,-0.7853466,0.07582583,-0.23126315,-0.89266837,0.08747663,-0.25301886,-0.96746135,0.09611818,-0.23373747,-0.49167982,0.041562263,-0.28464648,-0.7003336,0.06627218,-0.30174413,-0.81088024,0.07845802,-0.3104237,-0.89168257,0.08502788,-0.31023565,-0.38823965,0.03819256,-0.36278608,-0.574707,0.06324577,-0.37671933,-0.67163676,0.08724286,-0.37777165,-0.7532916,0.10701428
THANK_YOU,0.0,0.0,0.0,0.12788135,-0.19730249,0.034131017,0.15124685,-0.40424204,0.058419414,0.1217404,-0.5855766,0.08159913,0.12626714,-0.71681434,0.10681257,-0.014045857,-0.59399366,0.056124084,-0.09147532,-0.79405457,0.08445205,-0.13712788,-0.8886894,0.10042553,-0.1737669,-0.95448536,0.11013934,-0.13272293,-0.5595917,0.04585935,-0.19335267,-0.7826631,0.07077624,-0.22913897,-0.8913596,0.081955835,-0.25134683,-0.967897,0.09052781,-0.22925374,-0.48869783,0.039001074,-0.2814357,-0.69994515,0.062002264,-0.2996804,-0.81144994,0.07364881,-0.30836117,-0.8929592,0.08006254,-0.30696014,-0.3875905,0.035929106,-0.36073214,-0.5745358,0.06073475,-0.3761821,-0.6716648,0.08416377,-0.37771657,-0.75336117,0.103328586
