label,f0,f1,f2,f3,f4,f5,f6,f7,f8,f9,f10,f11,f12,f13,f14,f15,f16,f17,f18,f19,f20,f21,f22,f23,f24,f25,f26,f27,f28,f29,f30,f31,f32,f33,f34,f35,f36,f37,f38,f39,f40,f41,f42,f43,f44,f45,f46,f47,f48,f49,f50,f51,f52,f53,f54,f55,f56,f57,f58,f59,f60,f61,f62
YES,0.0,0.0,0.0,-0.1658454,-0.09904698,-0.060732987,-0.29900596,-0.2988231,-0.11541239,-0.34598553,-0.47240177,-0.15497805,-0.3499348,-0.62543875,-0.19687411,-0.2420532,-0.31285375,-0.20257482,-0.22626033,-0.59579474,-0.2830219,-0.21367249,-0.8085588,-0.32825428,-0.2001751,-0.97976017,-0.35511288,-0.13065255,-0.27883652,-0.20411491,-0.09889019,-0.5840654,-0.26570642,-0.08545682,-0.8031264,-0.28003764,-0.079378456,-0.988134,-0.29468212,-0.013461475,-0.25880042,-0.20235884,0.024765538,-0.558554,-0.2507374,0.02445039,-0.76694727,-0.2400001,0.030478345,-0.94226897,-0.23370345,0.09868522,-0.25201994,-0.20400399,0.1259851,-0.4834393,-0.24404319,0.12659822,-0.6657781,-0.23704308,0.12802319,-0.82194537,-0.23004246
YES,0.0,0.0,0.0,-0.14905915,-0.13389063,-0.07466692,-0.23857027,-0.35244521,-0.14099021,-0.22844867,-0.5517873,-0.18810806,-0.18403985,-0.7055566,-0.24091332,-0.20872983,-0.31191432,-0.23512779,-0.20211667,-0.5860348,-0.32536018,-0.20087215,-0.80555546,-0.38058233,-0.20487031,-0.97878915,-0.4161474,-0.08818041,-0.26644787,-0.23618583,-0.07516783,-0.5791197,-0.30790353,-0.07911911,-0.80592877,-0.33429903,-0.091735065,-0.99235654,-0.35751605,0.03723418,-0.22360462,-0.2321131,0.06662713,-0.50861746,-0.2882951,0.06792497,-0.7196908,-0.28778473,0.068413794,-0.88558936,-0.28866524,0.15067251,-0.18499905,-0.23148619,0.18338236,-0.3949625,-0.2797582,0.1946985,-0.5611973,-0.2779474,0.20375957,-0.69822973,-0.27510652
YES,0.0,0.0,0.0,-0.16430262,-0.116095446,-0.06779501,-0.2674116,-0.33121014,-0.13055135,-0.2822978,-0.5333257,-0.17447866,-0.24686345,-0.68767923,-0.22086176,-0.1914938,-0.32855392,-0.2215258,-0.1923768,-0.61129785,-0.29928964,-0.20451489,-0.8179744,-0.3394816,-0.22134785,-0.97519493,-0.3643986,-0.06710958,-0.298856,-0.22028576,-0.059521686,-0.6041378,-0.27990103,-0.07350578,-0.8121831,-0.29511657,-0.090670794,-0.97041583,-0.30957505,0.057066713,-0.2635668,-0.21290112,0.075671434,-0.5474105,-0.2590823,0.063646495,-0.7410544,-0.25224006,0.047471922,-0.8833716,-0.24897857,0.16695072,-0.23016012,-0.20794287,0.19935572,-0.43645608,-0.2507706,0.20356672,-0.5842588,-0.24616955,0.1984455,-0.6977004,-0.2395627
YES,0.0,0.0,0.0,-0.16027586,-0.11521531,-0.06549448,-0.25775224,-0.33739865,-0.12585163,-0.2698633,-0.5413455,-0.16760331,-0.24452883,-0.69263,-0.21124753,-0.18392685,-0.3204801,-0.22078,-0.15378617,-0.6159374,-0.29460672,-0.14629667,-0.8293587,-0.32942975,-0.1502555,-0.9886472,-0.34973004,-0.058828168,-0.28662065,-0.21770954,-0.021045776,-0.60691535,-0.27397344,-0.022725277,-0.82343113,-0.2865531,-0.034404926,-0.98138577,-0.29898766,0.06599056,-0.25443718,-0.20782676,0.10988861,-0.554783,-0.24987227,0.102711506,-0.75571996,-0.2414014,0.08606771,-0.8987744,-0.23685859,0.17396113,-0.22978012,-0.19998571,0.22319986,-0.45662966,-0.24070121,0.22954358,-0.6125662,-0.23614411,0.22203211,-0.728918,-0.22906415
YES,0.0,0.0,0.0,-0.13488872,-0.1279275,-0.053555854,-0.21183069,-0.3427979,-0.10343475,-0.2159574,-0.53359115,-0.13923576,-0.18937239,-0.68255734,-0.17890452,-0.16549733,-0.36049452,-0.17667523,-0.12119036,-0.6364578,-0.24830666,-0.09412696,-0.82547104,-0.28660613,-0.077734515,-0.9757466,-0.3098981,-0.060550284,-0.3326033,-0.18202154,-0.005912867,-0.63655275,-0.24176118,0.013613945,-0.83887345,-0.26803327,0.02293209,-0.999737,-0.28889248,0.044610385,-0.29414678,-0.18289763,0.102025285,-0.57896745,-0.23392887,0.12034256,-0.76342416,-0.24087395,0.13090068,-0.912998,-0.24585591,0.1381643,-0.25049853,-0.18458003,0.19313736,-0.46185315,-0.23195973,0.22271755,-0.6068236,-0.23555887,0.24562585,-0.7256724,-0.23497476
YES,0.0,0.0,0.0,-0.23959328,0.053636685,-0.24495232,-0.5144572,-0.100697815,-0.36530608,-0.6753013,-0.3211875,-0.44439042,-0.73785734,-0.5425534,-0.50037986,-0.5514952,-0.786624,-0.27472183,-0.6894471,-0.6022638,-0.4939601,-0.6371932,-0.49017462,-0.62637275,-0.5770413,-0.5685991,-0.7001255,-0.32393318,-0.94607997,-0.23991297,-0.42657036,-0.5770708,-0.4388981,-0.38510808,-0.3471445,-0.49311775,-0.34122542,-0.38021058,-0.5015302,-0.08169161,-0.9445915,-0.23571268,-0.15027365,-0.48656198,-0.42928508,-0.11540096,-0.26701644,-0.39111975,-0.07346522,-0.2954828,-0.3329071,0.13860723,-0.85616046,-0.25699174,0.081407584,-0.4739593,-0.39981487,0.08983043,-0.27549794,-0.37388757,0.1268569,-0.26295897,-0.31908813
YES,0.0,0.0,0.0,-0.22368726,0.042684454,-0.18515976,-0.47766227,-0.01999617,-0.30320773,-0.6586521,-0.087994926,-0.3995704,-0.783869,-0.1981175,-0.46833327,-0.55228734,-0.7941218,-0.18831515,-0.649547,-0.7124925,-0.4019208,-0.6222563,-0.41359967,-0.5358424,-0.59283334,-0.22916543,-0.6019391,-0.34373534,-0.9390666,-0.1862592,-0.40793836,-0.6712509,-0.38879475,-0.37583846,-0.3309112,-0.45468357,-0.34843618,-0.2181574,-0.46051666,-0.11489696,-0.92427546,-0.21412618,-0.13738966,-0.5350705,-0.38317582,-0.113732435,-0.26247904,-0.35731432,-0.09687943,-0.2279117,-0.30798015,0.10544957,-0.8221509,-0.26393497,0.100951776,-0.46828073,-0.37606242,0.10075421,-0.26768038,-0.35656154,0.10476294,-0.2520831,-0.31205624
YES,0.0,0.0,0.0,-0.24937178,0.033869766,-0.16629936,-0.50575256,-0.023769965,-0.27798814,-0.67699385,-0.095309414,-0.37103134,-0.76086056,-0.24624641,-0.43808058,-0.56187594,-0.82639366,-0.17316112,-0.6359882,-0.53865874,-0.36277765,-0.59103227,-0.28882006,-0.48871765,-0.5577296,-0.21204525,-0.5592708,-0.34954,-0.9369215,-0.17386462,-0.40304512,-0.50936055,-0.33636296,-0.3621139,-0.2619224,-0.39646858,-0.3381228,-0.23846288,-0.4172004,-0.123217285,-0.9127194,-0.19972645,-0.14927624,-0.42158535,-0.34206045,-0.119483694,-0.21221459,-0.32162637,-0.10958852,-0.23131016,-0.28845352,0.0910238,-0.8100001,-0.24668995,0.07498539,-0.39389107,-0.34416935,0.083957165,-0.22751376,-0.33149177,0.08749272,-0.24789941,-0.2983473
YES,0.0,0.0,0.0,-0.25928766,0.026434813,-0.16131774,-0.51995796,-0.03488186,-0.27260852,-0.68545306,-0.11473995,-0.36559063,-0.71442676,-0.27126494,-0.43317816,-0.562247,-0.8269694,-0.16455211,-0.6125244,-0.46895275,-0.33303356,-0.5549354,-0.26120615,-0.44377834,-0.51920336,-0.25309956,-0.5097577,-0.3500541,-0.9285895,-0.1657649,-0.39001164,-0.49280965,-0.31135076,-0.3521047,-0.28467822,-0.36302325,-0.33352724,-0.2923203,-0.3824899,-0.12341219,-0.9066967,-0.19031973,-0.15203643,-0.43272316,-0.326489,-0.126632,-0.25413063,-0.30779648,-0.11891508,-0.30151802,-0.27700117,0.089029476,-0.8126764,-0.23457567,0.0653024,-0.41815662,-0.3259993,0.06646445,-0.26937255,-0.31476456,0.06492868,-0.30297273,-0.284905
YES,0.0,0.0,0.0,-0.2552818,0.040047333,-0.18260156,-0.5184303,-0.009980833,-0.30729944,-0.6930802,-0.079613715,-0.40727296,-0.7193711,-0.2537781,-0.47616044,-0.5749306,-0.81820214,-0.19047004,-0.6148875,-0.38864437,-0.3833425,-0.5371032,-0.1906447,-0.50615937,-0.49117726,-0.25159967,-0.5801471,-0.36533654,-0.9215578,-0.18362187,-0.39956614,-0.44856447,-0.3571593,-0.35000068,-0.24447903,-0.40842035,-0.3311197,-0.29390815,-0.42348364,-0.14218841,-0.9019886,-0.20349343,-0.16419767,-0.38581654,-0.3605509,-0.13590296,-0.20921935,-0.33319706,-0.13829724,-0.283905,-0.2931267,0.06248489,-0.8100258,-0.24567418,0.047395684,-0.3782733,-0.35258296,0.055394117,-0.23916253,-0.34619787,0.048372634,-0.29936004,-0.31745198
YES,0.0,0.0,0.0,-0.24752153,0.028735694,-0.17856203,-0.5087621,-0.022592586,-0.29786274,-0.6829508,-0.088534616,-0.39360175,-0.7044183,-0.252806,-0.45834136,-0.5619061,-0.827201,-0.17812462,-0.60394675,-0.40392262,-0.35779172,-0.5263119,-0.19772813,-0.47038573,-0.48001182,-0.25110403,-0.5381487,-0.3562167,-0.9235237,-0.16995709,-0.39136484,-0.44593334,-0.32815158,-0.3417284,-0.25059128,-0.37135872,-0.3222096,-0.30310383,-0.38298726,-0.13829851,-0.8988491,-0.18846807,-0.16579027,-0.38371837,-0.3325596,-0.1344003,-0.2158843,-0.30238652,-0.12881814,-0.28845,-0.26177594,0.06411711,-0.8078394,-0.22929583,0.040422462,-0.39118287,-0.32578495,0.046188153,-0.2535793,-0.31621662,0.0431175,-0.30422097,-0.28641877
YES,0.0,0.0,0.0,-0.25270653,0.023651421,-0.17558151,-0.5250119,-0.046652064,-0.29254615,-0.7021751,-0.13706787,-0.39014482,-0.73433334,-0.31611308,-0.46008956,-0.55337447,-0.8310668,-0.16616163,-0.60417426,-0.52492815,-0.3538551,-0.55175674,-0.28819028,-0.47810894,-0.5137846,-0.2500148,-0.55020416,-0.34484553,-0.9386594,-0.16386521,-0.38706437,-0.5460557,-0.334852,-0.3541203,-0.30701706,-0.39638525,-0.3375258,-0.28976217,-0.41517034,-0.122075476,-0.91804236,-0.18878831,-0.14821945,-0.46224102,-0.3434885,-0.1314748,-0.25592998,-0.32825002,-0.13366199,-0.2787301,-0.29347458,0.08756501,-0.82467276,-0.23484726,0.072796725,-0.4474995,-0.33717972,0.06114132,-0.2783048,-0.32860836,0.04184665,-0.28289044,-0.29788724
YES,0.0,0.0,0.0,-0.23972113,0.014146931,-0.17622648,-0.50254416,-0.0643705,-0.29735547,-0.6793847,-0.1529103,-0.4038702,-0.7288583,-0.3201968,-0.48484117,-0.53227085,-0.82817626,-0.15740101,-0.59854406,-0.652467,-0.37161753,-0.57830954,-0.37332112,-0.51469296,-0.54256105,-0.24863456,-0.5918889,-0.32877615,-0.9444078,-0.16301996,-0.37177712,-0.7115186,-0.37343577,-0.36007577,-0.40011597,-0.45216995,-0.33451024,-0.29602775,-0.46648982,-0.1120062,-0.92849606,-0.19933699,-0.12443649,-0.58266634,-0.3807799,-0.11916873,-0.3213727,-0.37565267,-0.11870811,-0.28813055,-0.33566043,0.094042785,-0.8333728,-0.25623202,0.094478056,-0.51224136,-0.36562803,0.07834661,-0.3156443,-0.3575991,0.058619965,-0.29700676,-0.32375368
YES,0.0,0.0,0.0,-0.23908386,0.02391497,-0.1857333,-0.5014328,-0.049758624,-0.31291598,-0.6759915,-0.13909552,-0.42346227,-0.74161047,-0.3068159,-0.50809723,-0.5408151,-0.8185397,-0.17652999,-0.60746455,-0.6522522,-0.40292904,-0.58797854,-0.37384468,-0.552785,-0.55418074,-0.24391574,-0.63319737,-0.3348045,-0.9422876,-0.18057308,-0.37582767,-0.71739846,-0.40452817,-0.36380434,-0.3993852,-0.488241,-0.33657724,-0.2881674,-0.50346667,-0.11442714,-0.92986727,-0.21602194,-0.12273634,-0.5795365,-0.40792632,-0.11639302,-0.3117118,-0.4042854,-0.114217594,-0.27830008,-0.36391333,0.09398071,-0.833804,-0.27272373,0.10146581,-0.4998303,-0.39115345,0.08755099,-0.29923815,-0.38603234,0.06966143,-0.28502947,-0.353002
YES,0.0,0.0,0.0,-0.24630558,0.0128185935,-0.16786283,-0.507547,-0.056836955,-0.28778684,-0.6799195,-0.14397128,-0.3949847,-0.73686266,-0.30873248,-0.4795614,-0.54147214,-0.8170823,-0.15396857,-0.6160334,-0.6665494,-0.36490336,-0.5961325,-0.39384574,-0.51228267,-0.55894333,-0.24166289,-0.5915703,-0.33607417,-0.9418356,-0.16234821,-0.38749626,-0.7314564,-0.36300963,-0.37887305,-0.4158471,-0.4471401,-0.3554668,-0.27516538,-0.46768382,-0.114970446,-0.9291734,-0.19930875,-0.13525581,-0.6103463,-0.37305772,-0.13236064,-0.3456016,-0.37459844,-0.13153692,-0.2775686,-0.34112254,0.09424837,-0.8320441,-0.25547093,0.09221487,-0.52802014,-0.3636984,0.07125741,-0.33211735,-0.35812047,0.047988735,-0.29004025,-0.32631233
YES,0.0,0.0,0.0,-0.2622208,0.03599242,-0.17610921,-0.5400323,-0.024468781,-0.292012,-0.725404,-0.121093646,-0.3867675,-0.7562871,-0.30665883,-0.45299104,-0.590726,-0.80687225,-0.16509072,-0.6354613,-0.4684508,-0.3461737,-0.5704478,-0.23358664,-0.4660244,-0.5257101,-0.20171654,-0.5360113,-0.38032588,-0.9150038,-0.15885417,-0.41411316,-0.49270082,-0.3208279,-0.37465498,-0.2595837,-0.3792281,-0.35585552,-0.24050939,-0.39778608,-0.15729381,-0.8957538,-0.17884019,-0.18246737,-0.42880854,-0.3242667,-0.16128477,-0.23667185,-0.30905288,-0.16329503,-0.2647594,-0.27725786,0.049112182,-0.80337024,-0.21991043,0.030613523,-0.4042442,-0.31727675,0.031060994,-0.2520977,-0.31008306,0.021371853,-0.27422637,-0.2811323
YES,0.0,0.0,0.0,-0.26090884,0.03261136,-0.1631851,-0.53836876,-0.02646109,-0.26981956,-0.7237836,-0.11115903,-0.3584348,-0.76826906,-0.28625235,-0.41975698,-0.5828101,-0.81260836,-0.14479354,-0.6329327,-0.4545576,-0.3147585,-0.5701948,-0.22094657,-0.4276761,-0.52902716,-0.1996275,-0.49319243,-0.37991405,-0.913284,-0.14232571,-0.4194345,-0.4608026,-0.2907881,-0.3752859,-0.2441885,-0.34149978,-0.3540288,-0.24498393,-0.35640386,-0.16254179,-0.8916129,-0.16581282,-0.19648401,-0.40464175,-0.30136016,-0.16664796,-0.22842477,-0.28290832,-0.16064115,-0.27456135,-0.24959199,0.04139034,-0.80201226,-0.20948647,0.014411994,-0.39679176,-0.29800084,0.019386988,-0.25340167,-0.28765175,0.016479446,-0.28562173,-0.25688568
YES,0.0,0.0,0.0,-0.2526784,0.011613202,-0.16542117,-0.5207693,-0.058561217,-0.2759294,-0.698714,-0.14091331,-0.36903223,-0.7403027,-0.3139862,-0.4361016,-0.55182123,-0.8339624,-0.14969465,-0.5965849,-0.5333075,-0.32690006,-0.55915564,-0.30035588,-0.44487122,-0.5363504,-0.2570135,-0.5130258,-0.3454244,-0.93414456,-0.14972626,-0.37962243,-0.53393537,-0.31134167,-0.3573001,-0.29673588,-0.36783653,-0.34874758,-0.27031788,-0.38312203,-0.12655844,-0.9075695,-0.17648016,-0.15376823,-0.44424602,-0.3213369,-0.14041004,-0.25565815,-0.305265,-0.14465818,-0.2870174,-0.27083498,0.076174706,-0.812683,-0.22362877,0.057639856,-0.4215675,-0.31886536,0.051777657,-0.27305195,-0.31106606,0.038461167,-0.29879943,-0.28148848
YES,0.0,0.0,0.0,-0.24797545,0.015755853,-0.1708137,-0.51541924,-0.055112466,-0.28951943,-0.6889819,-0.13963729,-0.393665,-0.71910596,-0.31411746,-0.4706857,-0.5463997,-0.8266155,-0.14894378,-0.6037594,-0.6557501,-0.35202375,-0.56745243,-0.36803067,-0.48702422,-0.52040946,-0.23279266,-0.55967635,-0.33715445,-0.9414494,-0.15323788,-0.37164545,-0.690145,-0.35233626,-0.35816443,-0.37743217,-0.42344916,-0.33530158,-0.27141362,-0.43453535,-0.11811598,-0.92002386,-0.18757172,-0.13747168,-0.5500043,-0.35477194,-0.1356575,-0.3117126,-0.34813243,-0.14041299,-0.29629257,-0.31136253,0.08232144,-0.82298195,-0.24226435,0.07512988,-0.47374052,-0.34248552,0.05863407,-0.2992201,-0.3356972,0.033651307,-0.30236763,-0.30507413
YES,0.0,0.0,0.0,-0.25027764,0.022806017,-0.17153583,-0.51756644,-0.042985674,-0.2914251,-0.6894553,-0.12896338,-0.39578524,-0.7203644,-0.30159438,-0.4727122,-0.5510058,-0.8243978,-0.15792863,-0.6144561,-0.6445881,-0.35997656,-0.58228487,-0.35135227,-0.49497598,-0.5346239,-0.2100924,-0.5685584,-0.3431603,-0.9392769,-0.16092524,-0.37882632,-0.66433877,-0.3581865,-0.36611083,-0.35674587,-0.42966375,-0.34176782,-0.25044763,-0.44306755,-0.123704985,-0.91700834,-0.19297189,-0.14055067,-0.52464586,-0.35503796,-0.1386117,-0.29202148,-0.34747973,-0.14147915,-0.27727976,-0.31299397,0.078326546,-0.81824505,-0.24597093,0.07165976,-0.4557679,-0.3460511,0.058417525,-0.28415287,-0.34119985,0.03700649,-0.28960395,-0.31262937
YES,0.0,0.0,0.0,-0.26269522,0.02537631,-0.16598332,-0.5352117,-0.026588248,-0.28149113,-0.7136023,-0.10568404,-0.37909105,-0.75934094,-0.2799304,-0.450442,-0.5821786,-0.81296784,-0.16787143,-0.6348994,-0.5504359,-0.3508004,-0.5930536,-0.29091015,-0.47494805,-0.5522781,-0.18613638,-0.5448645,-0.3751049,-0.9269824,-0.16730714,-0.41019908,-0.55397934,-0.33079252,-0.38555044,-0.2961579,-0.39240247,-0.3641367,-0.22819428,-0.4104726,-0.15206972,-0.9058778,-0.19166435,-0.17139809,-0.45250472,-0.3312814,-0.1626649,-0.24991612,-0.3175875,-0.16327836,-0.25335297,-0.28647622,0.055184953,-0.8080123,-0.23669696,0.043219402,-0.416968,-0.33139637,0.03184865,-0.25503653,-0.32365555,0.014714805,-0.26055804,-0.29395097
YES,0.0,0.0,0.0,-0.26473933,0.021744555,-0.15536943,-0.5316513,-0.053140048,-0.26137778,-0.7089866,-0.129574,-0.35246852,-0.76233613,-0.26449332,-0.4219615,-0.56966543,-0.82187676,-0.14705774,-0.6197143,-0.5075154,-0.3263276,-0.5826508,-0.2545036,-0.45634475,-0.5460866,-0.1651851,-0.5301424,-0.35391217,-0.92541647,-0.15159316,-0.38648388,-0.5262703,-0.30584705,-0.36350608,-0.282326,-0.3711165,-0.3430046,-0.22209796,-0.3950831,-0.12744284,-0.8982276,-0.1806627,-0.14961253,-0.45761445,-0.3218892,-0.14077659,-0.25483254,-0.3160441,-0.13820586,-0.24198623,-0.28861332,0.083448194,-0.79882824,-0.22861274,0.068346806,-0.44396344,-0.3211685,0.047064032,-0.26531038,-0.3105118,0.025607403,-0.23492023,-0.278266
YES,0.0,0.0,0.0,-0.25768077,0.024088824,-0.17126414,-0.5218457,-0.028884668,-0.289192,-0.6988834,-0.10638291,-0.38864,-0.758691,-0.26806957,-0.4633599,-0.5820786,-0.81313246,-0.17700784,-0.6255609,-0.4674318,-0.36165172,-0.5739847,-0.22999859,-0.4879308,-0.54125875,-0.18171725,-0.5612052,-0.37143517,-0.9191887,-0.17609225,-0.40061063,-0.48194033,-0.3379845,-0.36935058,-0.24634333,-0.4005843,-0.35551223,-0.21583802,-0.42321417,-0.14564314,-0.897354,-0.20007785,-0.16063729,-0.41309652,-0.3491117,-0.14410545,-0.2203677,-0.33851528,-0.14525098,-0.24204904,-0.30859324,0.06334907,-0.8024602,-0.2441409,0.051531505,-0.4062815,-0.34400997,0.04649457,-0.24768779,-0.33617514,0.035944898,-0.25960243,-0.3058312
YES,0.0,0.0,0.0,-0.2615851,0.035694197,-0.16513127,-0.5338572,-0.01781422,-0.2728717,-0.7097957,-0.10658367,-0.35939997,-0.7087841,-0.2733271,-0.41943362,-0.5942664,-0.8042683,-0.1650979,-0.62641037,-0.3846313,-0.31943196,-0.5511273,-0.1753717,-0.42063808,-0.50876504,-0.20388152,-0.48323587,-0.38129094,-0.9040553,-0.15792516,-0.41037694,-0.38976353,-0.28312835,-0.36533388,-0.20512429,-0.32147282,-0.34570858,-0.24802367,-0.33668324,-0.15706152,-0.8787502,-0.1735175,-0.18519554,-0.3471335,-0.29377863,-0.15760472,-0.18969034,-0.26813737,-0.14815846,-0.2564488,-0.23597836,0.048109107,-0.78421324,-0.209469,0.022469219,-0.34628683,-0.2930823,0.02863747,-0.21457778,-0.28124025,0.03176046,-0.2610871,-0.2518792
YES,0.0,0.0,0.0,-0.2657177,0.03551099,-0.1616008,-0.537106,-0.030677557,-0.2640658,-0.7103259,-0.12902094,-0.34593797,-0.7071216,-0.29000318,-0.40137267,-0.58243316,-0.81287867,-0.15447174,-0.6223268,-0.38037202,-0.30655745,-0.544506,-0.16736434,-0.40567693,-0.50080407,-0.20266281,-0.46604875,-0.36869326,-0.9071719,-0.14762181,-0.4089984,-0.3803763,-0.26887053,-0.35748586,-0.19530684,-0.3034901,-0.3331949,-0.2487111,-0.31594095,-0.14671072,-0.87938976,-0.1638275,-0.18667391,-0.34199002,-0.28062886,-0.15312602,-0.18364729,-0.2515431,-0.13719404,-0.25412655,-0.21661803,0.05578134,-0.7839901,-0.20035718,0.02139147,-0.34796286,-0.2793169,0.029836262,-0.21554896,-0.2640542,0.038996547,-0.26093844,-0.23213756
YES,0.0,0.0,0.0,-0.2602333,0.042533487,-0.17485051,-0.5399219,-0.016036553,-0.28680655,-0.72234195,-0.10793154,-0.37590644,-0.7141023,-0.28134015,-0.4363105,-0.5916653,-0.80618376,-0.17052369,-0.6276437,-0.37617716,-0.32968047,-0.55083466,-0.16645564,-0.42861417,-0.5178295,-0.22498685,-0.48972732,-0.37727782,-0.90705454,-0.16055754,-0.41139606,-0.364283,-0.29517707,-0.35876817,-0.17749587,-0.33094367,-0.34201136,-0.25399873,-0.34166566,-0.15050408,-0.883447,-0.17523842,-0.18582912,-0.33641177,-0.302813,-0.1537976,-0.1733698,-0.27181172,-0.1451588,-0.25677118,-0.23408757,0.05945407,-0.7938457,-0.21105412,0.027869841,-0.34435055,-0.29651397,0.036651075,-0.21098508,-0.28272486,0.043132182,-0.26843125,-0.25137118
YES,0.0,0.0,0.0,-0.26667178,0.024093198,-0.16616535,-0.53962195,-0.047512166,-0.27549377,-0.7161174,-0.14330982,-0.36300656,-0.7274348,-0.30966184,-0.42401284,-0.5696445,-0.8218913,-0.17527975,-0.60736054,-0.37147152,-0.33235854,-0.5371057,-0.16210128,-0.4335251,-0.505153,-0.20370123,-0.49596858,-0.360685,-0.9087653,-0.16809562,-0.3945455,-0.36459097,-0.29683736,-0.35209772,-0.17881377,-0.3335821,-0.3372989,-0.22548372,-0.34798393,-0.14229801,-0.8786828,-0.18331416,-0.18123618,-0.33480692,-0.30605942,-0.15372522,-0.17223476,-0.2765119,-0.14260022,-0.23254848,-0.2414442,0.059468124,-0.785527,-0.21913277,0.028366689,-0.3623663,-0.30335692,0.029448068,-0.22096702,-0.2879211,0.03327072,-0.2501221,-0.2555617
YES,0.0,0.0,0.0,-0.27736786,0.031412736,-0.15130521,-0.55720663,-0.03357192,-0.24860749,-0.735611,-0.13119397,-0.3271193,-0.775037,-0.29129913,-0.37957704,-0.6036452,-0.797253,-0.15767083,-0.6367033,-0.39321592,-0.30578724,-0.565122,-0.16458966,-0.39948735,-0.525895,-0.15183756,-0.4557835,-0.39406267,-0.8949384,-0.15708977,-0.42427933,-0.39785683,-0.2799987,-0.37968978,-0.18682186,-0.31855777,-0.35767525,-0.19482432,-0.33281028,-0.17059499,-0.873773,-0.17706272,-0.20026629,-0.3562309,-0.29480636,-0.1736608,-0.1745852,-0.2692537,-0.16265847,-0.21532094,-0.2368306,0.039044723,-0.7835352,-0.21605508,0.01119004,-0.3711755,-0.2984493,0.011670359,-0.21976784,-0.28224346,0.012968842,-0.23998287,-0.24897414
YES,0.0,0.0,0.0,-0.2668341,0.020223202,-0.15096919,-0.5399431,-0.053522557,-0.24905495,-0.7154939,-0.14913712,-0.32971957,-0.73426145,-0.30609465,-0.38711613,-0.5812298,-0.81373954,-0.14743882,-0.6171375,-0.43006378,-0.29640466,-0.5572993,-0.20272997,-0.39700386,-0.5197388,-0.17151937,-0.45700702,-0.37125704,-0.91487044,-0.14624201,-0.3966052,-0.4509005,-0.26472044,-0.35762173,-0.24808522,-0.30492845,-0.33695197,-0.23941518,-0.32171577,-0.14661776,-0.89446175,-0.16677311,-0.16932438,-0.40133843,-0.27991587,-0.14353627,-0.23324744,-0.25759375,-0.13160117,-0.26675677,-0.2276878,0.06379794,-0.8052831,-0.20644772,0.03889679,-0.4156969,-0.28113604,0.035353523,-0.26649198,-0.2637533,0.033624656,-0.27418795,-0.23137926
YES,0.0,0.0,0.0,-0.27346134,0.043798268,-0.16663791,-0.56027937,-0.010036657,-0.2751039,-0.7485407,-0.10224505,-0.36207613,-0.7803759,-0.2705655,-0.42187068,-0.61589926,-0.78782505,-0.170588,-0.6470489,-0.39607236,-0.3233843,-0.5811127,-0.18255559,-0.41693577,-0.5458051,-0.18874611,-0.4743114,-0.40234998,-0.8966432,-0.16585143,-0.42071027,-0.41062936,-0.2955013,-0.38164344,-0.20580286,-0.3348157,-0.36838675,-0.23683938,-0.35036927,-0.17309546,-0.88035697,-0.18349542,-0.19340935,-0.36995575,-0.31148183,-0.16868293,-0.19077943,-0.2883555,-0.16304314,-0.24918404,-0.25758618,0.03902489,-0.79290336,-0.22069257,0.021270404,-0.3715213,-0.31072098,0.025032882,-0.22097881,-0.2990814,0.0230279,-0.2548114,-0.27010077
YES,0.0,0.0,0.0,-0.26752964,0.00602755,-0.14847194,-0.54175997,-0.075746216,-0.24435036,-0.7186462,-0.17225511,-0.32247016,-0.7362977,-0.31663445,-0.3776185,-0.56762654,-0.8232861,-0.15016052,-0.6042706,-0.44883016,-0.29130158,-0.5480669,-0.2126821,-0.38264492,-0.5145882,-0.17721313,-0.4367264,-0.35682106,-0.9202718,-0.14829937,-0.3868959,-0.45679268,-0.25856668,-0.3586636,-0.23800795,-0.29503304,-0.34556895,-0.22985306,-0.31174958,-0.1354821,-0.8955934,-0.16683865,-0.16085126,-0.4226889,-0.2812315,-0.14773135,-0.22828269,-0.2607606,-0.14133286,-0.23476958,-0.23129901,0.07285669,-0.80457467,-0.20315015,0.05365895,-0.45596918,-0.28429073,0.034584787,-0.27733293,-0.26768595,0.019916397,-0.24182834,-0.23451927
YES,0.0,0.0,0.0,-0.26538932,0.037370246,-0.16847394,-0.54024816,-0.018256623,-0.28416646,-0.7145978,-0.096528836,-0.38022372,-0.7296928,-0.26208094,-0.45120445,-0.59332454,-0.80496335,-0.18261628,-0.63292146,-0.40025374,-0.3495275,-0.56465995,-0.169381,-0.45893186,-0.52328855,-0.165352,-0.52518606,-0.3802898,-0.9075563,-0.17873864,-0.4112213,-0.4036516,-0.3137754,-0.3670022,-0.19204152,-0.35732886,-0.34363738,-0.21790232,-0.37643275,-0.15497303,-0.8882412,-0.19754791,-0.18474324,-0.37689078,-0.32842612,-0.15595263,-0.18166623,-0.30151892,-0.14074747,-0.21481681,-0.26696882,0.054909255,-0.80118716,-0.23694088,0.033942945,-0.3952785,-0.3259905,0.03365475,-0.22240421,-0.30753687,0.033970777,-0.22506651,-0.27227923
YES,0.0,0.0,0.0,-0.2576409,0.022768518,-0.1605344,-0.5257856,-0.042817067,-0.2664105,-0.6988656,-0.13765234,-0.35545385,-0.714646,-0.30077705,-0.419236,-0.57232237,-0.8200287,-0.15090792,-0.6166629,-0.5118628,-0.31382936,-0.5690302,-0.25302818,-0.42111495,-0.5372147,-0.18479005,-0.48259822,-0.36511353,-0.9200283,-0.14871146,-0.39691705,-0.4886681,-0.28476566,-0.36225125,-0.25096613,-0.33286527,-0.343674,-0.22836965,-0.34915957,-0.14392518,-0.896384,-0.17051257,-0.16835064,-0.4240121,-0.29831988,-0.14376381,-0.22142188,-0.27888072,-0.13283175,-0.2358882,-0.24569759,0.06223062,-0.80171806,-0.21202262,0.04083763,-0.42147392,-0.2959189,0.039246503,-0.24968706,-0.27953187,0.037934974,-0.24442914,-0.2447358
YES,0.0,0.0,0.0,-0.25897312,0.02592551,-0.1611599,-0.53049564,-0.041939694,-0.26911393,-0.70899266,-0.139596,-0.36146262,-0.73995256,-0.30203247,-0.4295072,-0.5779363,-0.81608194,-0.15150349,-0.62612075,-0.53479147,-0.32907405,-0.58431864,-0.26458126,-0.44937262,-0.54948354,-0.16776952,-0.51660067,-0.37122825,-0.9183623,-0.15186866,-0.40034184,-0.5119933,-0.30374247,-0.36799723,-0.25144988,-0.36175373,-0.3460952,-0.2020523,-0.38006273,-0.14874366,-0.8957154,-0.17725474,-0.16559349,-0.42945656,-0.31696346,-0.14069761,-0.20999415,-0.3029925,-0.12850536,-0.20957828,-0.26960057,0.058948096,-0.8018151,-0.22224653,0.04261698,-0.42157596,-0.31243145,0.042760022,-0.2394393,-0.2973252,0.041083038,-0.22713098,-0.2615862
YES,0.0,0.0,0.0,-0.26618809,0.022822164,-0.14931044,-0.538724,-0.040181268,-0.25005922,-0.71476954,-0.13731758,-0.3375222,-0.73522407,-0.29227766,-0.40066242,-0.586735,-0.80977905,-0.13524394,-0.64009833,-0.5614596,-0.2980759,-0.6012314,-0.2872184,-0.407224,-0.5674477,-0.18291304,-0.46920422,-0.37861004,-0.9147586,-0.13776545,-0.4195461,-0.51649517,-0.27603516,-0.39390483,-0.25685766,-0.32850245,-0.37676543,-0.20914993,-0.34597245,-0.15772532,-0.8930644,-0.16400376,-0.1910769,-0.4276152,-0.2913377,-0.17187935,-0.20962404,-0.27664092,-0.16470937,-0.20534992,-0.24606523,0.047778532,-0.80052584,-0.20895414,0.015193156,-0.4151087,-0.2923754,0.008720432,-0.2371346,-0.27816445,0.00055039395,-0.22297783,-0.24526004
YES,0.0,0.0,0.0,-0.26835528,0.026594464,-0.16190162,-0.5383099,-0.032549303,-0.2686224,-0.70706475,-0.1307948,-0.35693818,-0.7076816,-0.2966143,-0.417957,-0.5852583,-0.81084687,-0.15987112,-0.6242366,-0.49068654,-0.32048115,-0.5724308,-0.23605083,-0.4213591,-0.54280216,-0.1850383,-0.48090732,-0.37551892,-0.91260004,-0.15783297,-0.4146448,-0.45922294,-0.30033693,-0.38640586,-0.22081314,-0.34657356,-0.37594026,-0.20328127,-0.3603426,-0.15446047,-0.8893865,-0.17914039,-0.1896612,-0.38899252,-0.31073037,-0.16989517,-0.19153836,-0.29031628,-0.16516167,-0.21449971,-0.2568423,0.05000874,-0.7947204,-0.22044764,0.01945845,-0.38323897,-0.3123205,0.017561892,-0.2260851,-0.30225584,0.013855434,-0.23736785,-0.27117914
YES,0.0,0.0,0.0,-0.26766518,0.026977608,-0.16009139,-0.53861135,-0.029684145,-0.2650342,-0.7077636,-0.12860437,-0.35129818,-0.707321,-0.2980066,-0.40984753,-0.5868556,-0.80969167,-0.15935872,-0.61832297,-0.47064102,-0.3153617,-0.56395036,-0.22122246,-0.41323727,-0.53547436,-0.18546256,-0.47260594,-0.37708908,-0.9090259,-0.15761335,-0.41167122,-0.44325522,-0.29657236,-0.38600188,-0.21529026,-0.34124035,-0.37886652,-0.20880812,-0.35558078,-0.1562739,-0.88481426,-0.17857414,-0.1890649,-0.3770513,-0.30788818,-0.17113893,-0.1851059,-0.2868046,-0.16828163,-0.21541335,-0.25406277,0.047749847,-0.7897973,-0.21942529,0.01950133,-0.3726688,-0.31119725,0.016404834,-0.22177961,-0.30240494,0.010664807,-0.24078657,-0.27297145
YES,0.0,0.0,0.0,-0.2684726,0.03352882,-0.15727758,-0.5446363,-0.019808227,-0.2616156,-0.7146036,-0.12117688,-0.34713945,-0.7079992,-0.29774806,-0.4060087,-0.5919326,-0.80598754,-0.15655358,-0.6199626,-0.45611396,-0.3050993,-0.5596508,-0.21533307,-0.40072998,-0.52382314,-0.17801544,-0.45878664,-0.37459233,-0.9104643,-0.1534292,-0.4050135,-0.43555936,-0.27727854,-0.3710713,-0.21399167,-0.3188171,-0.35625803,-0.21140166,-0.33511427,-0.14715634,-0.8898437,-0.17170808,-0.17718549,-0.38658547,-0.28976113,-0.15812592,-0.19784458,-0.2670996,-0.15294863,-0.22615615,-0.2362457,0.06400418,-0.8001599,-0.20929419,0.035183467,-0.3950259,-0.292236,0.024992863,-0.23764887,-0.27841416,0.01434548,-0.24380128,-0.24712294
YES,0.0,0.0,0.0,-0.260976,0.017905757,-0.16048667,-0.5321331,-0.041605085,-0.26920792,-0.70311224,-0.12895703,-0.36032876,-0.7177024,-0.2964013,-0.42684302,-0.58265007,-0.81272304,-0.15748827,-0.61593455,-0.48374286,-0.32439417,-0.56847054,-0.23479122,-0.43780792,-0.53535724,-0.16282022,-0.50405544,-0.3716704,-0.91925114,-0.15699299,-0.39527485,-0.50857145,-0.30043992,-0.37059918,-0.26639563,-0.35257182,-0.35631427,-0.22384836,-0.370374,-0.14601961,-0.89913666,-0.18017145,-0.16137302,-0.43567532,-0.31221774,-0.14737485,-0.23526481,-0.29545945,-0.14356534,-0.24574,-0.26340505,0.064233184,-0.8082027,-0.22307768,0.051429152,-0.4338804,-0.30937397,0.04105229,-0.27294365,-0.29651174,0.029155854,-0.27358747,-0.26471516
YES,0.0,0.0,0.0,-0.2608304,0.027210113,-0.16932611,-0.53586173,-0.026942132,-0.28218353,-0.7113303,-0.11176267,-0.37494847,-0.7270365,-0.27940714,-0.44193238,-0.5924984,-0.80557156,-0.16997632,-0.62337965,-0.44913498,-0.33647686,-0.5645478,-0.20640218,-0.44690827,-0.5270759,-0.15465105,-0.5117137,-0.38058206,-0.9113798,-0.16518643,-0.4006215,-0.47537085,-0.30615067,-0.36870506,-0.2438709,-0.35400218,-0.35215074,-0.22054538,-0.37029892,-0.153688,-0.8906768,-0.1842946,-0.16679761,-0.41172582,-0.3157915,-0.14812408,-0.21982543,-0.29488048,-0.14081305,-0.24370702,-0.26089707,0.056578454,-0.7997118,-0.22391258,0.042390298,-0.41625708,-0.3106905,0.03711308,-0.2602399,-0.29598373,0.031334143,-0.27036062,-0.26274046
YES,0.0,0.0,0.0,-0.26599178,0.022739433,-0.15168916,-0.54278994,-0.05190273,-0.25063273,-0.7157551,-0.1525243,-0.3341318,-0.72900146,-0.3134069,-0.39336675,-0.570379,-0.82138157,-0.13510673,-0.6095522,-0.5032785,-0.29050118,-0.56260383,-0.25737107,-0.39430052,-0.5317452,-0.20740664,-0.45643795,-0.36222628,-0.9269573,-0.1370715,-0.39317378,-0.5168577,-0.27049464,-0.36777902,-0.28779572,-0.31825376,-0.35443136,-0.275529,-0.33479935,-0.13972422,-0.91012776,-0.16264993,-0.16258022,-0.44572094,-0.2885264,-0.14269374,-0.24798843,-0.26997763,-0.13435493,-0.27550083,-0.23849334,0.06777746,-0.8235849,-0.2074685,0.051517997,-0.43943402,-0.2907371,0.05030564,-0.27676997,-0.27749282,0.047318704,-0.29016274,-0.24668199
YES,0.0,0.0,0.0,-0.2628116,0.028349513,-0.15288962,-0.53900373,-0.032262165,-0.2590261,-0.71718127,-0.12017279,-0.35077697,-0.7325484,-0.2863675,-0.41854972,-0.5808927,-0.8139801,-0.14164844,-0.6367263,-0.5511982,-0.30704853,-0.5873257,-0.28407437,-0.41873646,-0.53969634,-0.19133973,-0.4821946,-0.3718115,-0.92037183,-0.14323458,-0.411709,-0.54934025,-0.28455874,-0.38070384,-0.28039783,-0.33752072,-0.35564658,-0.22418936,-0.35443223,-0.14934817,-0.90112686,-0.16846879,-0.17579108,-0.46282262,-0.29775706,-0.1591274,-0.23480062,-0.28248346,-0.15129706,-0.22414044,-0.25084224,0.058423914,-0.81123614,-0.21237142,0.036398597,-0.453293,-0.29261765,0.026880413,-0.26528257,-0.27587792,0.015772207,-0.24169376,-0.24184279
YES,0.0,0.0,0.0,-0.26096302,0.021093594,-0.14989495,-0.5357283,-0.046019144,-0.25569424,-0.7074966,-0.14130612,-0.34868804,-0.7095231,-0.302854,-0.4187051,-0.5689502,-0.822372,-0.13722184,-0.621383,-0.5939233,-0.30431205,-0.5786075,-0.3214776,-0.41681513,-0.53847617,-0.21552578,-0.48046863,-0.35558307,-0.9278947,-0.14259246,-0.39587143,-0.5906142,-0.28848094,-0.37260175,-0.30064934,-0.34297818,-0.35247496,-0.22916344,-0.3587785,-0.13074641,-0.9055241,-0.17194813,-0.15662503,-0.48887354,-0.3061208,-0.1506362,-0.2450053,-0.29451635,-0.15080167,-0.22675447,-0.2635579,0.07976396,-0.81236655,-0.21924955,0.05931832,-0.46887356,-0.30065387,0.03741381,-0.26843792,-0.28477797,0.014436236,-0.234172,-0.25176328
YES,0.0,0.0,0.0,-0.25713027,0.023912007,-0.16951533,-0.5266311,-0.044485353,-0.2851962,-0.6945549,-0.13501894,-0.3854858,-0.7156646,-0.31543466,-0.46018827,-0.57290757,-0.8192046,-0.15521808,-0.61469567,-0.56116396,-0.35123283,-0.578528,-0.28597307,-0.48646805,-0.53635955,-0.19475488,-0.5647259,-0.362268,-0.932074,-0.16185045,-0.39038485,-0.62883794,-0.35046774,-0.37925756,-0.338218,-0.42179534,-0.3569925,-0.25998375,-0.4392757,-0.13756794,-0.9120256,-0.19653383,-0.14637214,-0.49964952,-0.35748634,-0.14378704,-0.2680796,-0.35051367,-0.14305677,-0.26975235,-0.3175768,0.071548715,-0.8153325,-0.25233513,0.07064346,-0.44627777,-0.3518925,0.051744934,-0.26758483,-0.34590408,0.028934393,-0.26875094,-0.3177153
YES,0.0,0.0,0.0,-0.25865078,0.028001927,-0.16696264,-0.5293352,-0.02802742,-0.2859444,-0.70293766,-0.10843718,-0.39065436,-0.7249394,-0.27691707,-0.47046587,-0.57820904,-0.81387544,-0.15968142,-0.6362523,-0.5654312,-0.36649472,-0.5995431,-0.278422,-0.511744,-0.56007576,-0.15237337,-0.59292763,-0.37200835,-0.92822945,-0.16597538,-0.41166106,-0.5967873,-0.35781273,-0.39486846,-0.3020125,-0.43268877,-0.37755883,-0.20429747,-0.4523472,-0.14973354,-0.9101055,-0.20029016,-0.16991338,-0.47533128,-0.35953358,-0.15848081,-0.2401596,-0.350892,-0.15872474,-0.22116244,-0.31662658,0.055244267,-0.8130271,-0.25586605,0.04487998,-0.4361623,-0.35311857,0.0365473,-0.26156232,-0.34377623,0.01946597,-0.25800467,-0.31180415
YES,0.0,0.0,0.0,-0.2661034,0.029974867,-0.1662932,-0.5378375,-0.03476146,-0.27475828,-0.70246303,-0.13147086,-0.36140028,-0.6908317,-0.29388583,-0.42123148,-0.58742917,-0.80927557,-0.16963895,-0.60693276,-0.3958109,-0.31479138,-0.5402772,-0.18939988,-0.40449604,-0.51193756,-0.21894063,-0.4609861,-0.3692128,-0.911921,-0.1622852,-0.38797328,-0.40729666,-0.28492436,-0.348762,-0.21090788,-0.31916064,-0.33589903,-0.25607726,-0.33240324,-0.14089459,-0.8932361,-0.17654836,-0.16642493,-0.39112416,-0.29846397,-0.14365107,-0.21373942,-0.27108485,-0.13581736,-0.26528773,-0.23708518,0.0722266,-0.8095598,-0.21059546,0.04969655,-0.41579613,-0.29451826,0.04282957,-0.26274773,-0.278892,0.036860675,-0.28021178,-0.24659202
YES,0.0,0.0,0.0,-0.26074627,0.015859613,-0.15806213,-0.523091,-0.053848434,-0.2613816,-0.6840588,-0.1531154,-0.34795532,-0.6712817,-0.30379006,-0.408737,-0.56300837,-0.8264512,-0.14572567,-0.6030654,-0.50947505,-0.3009824,-0.5573821,-0.2584587,-0.40398878,-0.5190009,-0.20324087,-0.46528354,-0.35214517,-0.9218703,-0.14332573,-0.3806575,-0.48222083,-0.27821925,-0.35517904,-0.25847852,-0.32435954,-0.33764234,-0.24501754,-0.33953083,-0.13118894,-0.89251274,-0.16460048,-0.15579179,-0.40876842,-0.2860659,-0.14136554,-0.22629164,-0.2659563,-0.13424106,-0.25469428,-0.2340844,0.07291313,-0.79820794,-0.20633756,0.050739992,-0.41661736,-0.28416783,0.036318026,-0.26350647,-0.2698561,0.024030678,-0.27109522,-0.23843922
YES,0.0,0.0,0.0,-0.2641162,0.029449703,-0.1775614,-0.53701496,-0.032171633,-0.29647002,-0.7105931,-0.12345719,-0.3941461,-0.72059804,-0.29012874,-0.465245,-0.5853932,-0.81074953,-0.1821938,-0.6188577,-0.45224887,-0.36665893,-0.5540254,-0.21183287,-0.48867515,-0.51305264,-0.18633865,-0.56192374,-0.37026146,-0.9114626,-0.1798062,-0.39725322,-0.5032815,-0.34906426,-0.36613196,-0.25417012,-0.4068716,-0.34794775,-0.22474195,-0.42496234,-0.14318816,-0.88846046,-0.20308341,-0.15790981,-0.42226917,-0.35741955,-0.14617155,-0.21108444,-0.34161726,-0.1480061,-0.22750738,-0.30728123,0.06855815,-0.7962667,-0.24739875,0.055704013,-0.42151982,-0.34821355,0.04076189,-0.251793,-0.33861795,0.021050612,-0.2514473,-0.3083884
YES,0.0,0.0,0.0,-0.25626895,0.01393278,-0.16761369,-0.52419376,-0.053015046,-0.27961394,-0.6972962,-0.13549227,-0.3741248,-0.7008302,-0.29185683,-0.44297805,-0.5577108,-0.8300354,-0.16077533,-0.60837704,-0.5165296,-0.34145117,-0.55747885,-0.25356343,-0.46352226,-0.51288825,-0.1857809,-0.53333884,-0.35186714,-0.92281324,-0.15784876,-0.39018616,-0.5151189,-0.317506,-0.36500636,-0.2600728,-0.37327787,-0.3443817,-0.21362533,-0.38996005,-0.13390194,-0.89174986,-0.18107542,-0.15744695,-0.4326318,-0.32635027,-0.15030223,-0.21626386,-0.30969727,-0.14891689,-0.20666781,-0.27333987,0.071164094,-0.79611915,-0.22491318,0.05142698,-0.4520012,-0.3185278,0.029697703,-0.2731848,-0.3052003,0.009828439,-0.24284297,-0.27080083
YES,0.0,0.0,0.0,-0.26219687,0.026423618,-0.16865356,-0.5352573,-0.021925256,-0.28666976,-0.70548123,-0.11248367,-0.3863779,-0.6713856,-0.26754475,-0.46026683,-0.5886481,-0.8083894,-0.17219013,-0.6156319,-0.48479465,-0.3439733,-0.5581438,-0.21362971,-0.45668864,-0.51888245,-0.13982327,-0.5232253,-0.37209517,-0.90543604,-0.17050122,-0.39661902,-0.49317425,-0.3202755,-0.37153384,-0.2293947,-0.3703769,-0.3570504,-0.18292397,-0.3860826,-0.14418073,-0.8804839,-0.19290781,-0.16166066,-0.4076564,-0.32789892,-0.156097,-0.19093303,-0.30866018,-0.15994276,-0.19696286,-0.27545568,0.06745815,-0.79002917,-0.2358333,0.046266314,-0.4081738,-0.32049766,0.030318316,-0.23989786,-0.30467367,0.011135283,-0.23891678,-0.27246493
YES,0.0,0.0,0.0,-0.25898033,0.014513787,-0.16431028,-0.5284156,-0.054582577,-0.27509618,-0.69258547,-0.15326893,-0.36887822,-0.6850262,-0.32538977,-0.43887228,-0.552773,-0.8333319,-0.1658641,-0.5887684,-0.5081536,-0.3356119,-0.5484904,-0.24917719,-0.4516945,-0.5227294,-0.16763781,-0.51880515,-0.34126633,-0.9309973,-0.16276999,-0.36622423,-0.47935295,-0.30182162,-0.349523,-0.2418235,-0.3533129,-0.34386644,-0.20690809,-0.37355518,-0.11841164,-0.9040121,-0.183633,-0.13622966,-0.42038816,-0.31373742,-0.12699075,-0.21715932,-0.2954193,-0.124980606,-0.22099955,-0.26295435,0.089970134,-0.8116678,-0.22476673,0.07662827,-0.44569167,-0.31120208,0.054512303,-0.2708846,-0.29561898,0.034571607,-0.25193346,-0.26126158
YES,0.0,0.0,0.0,-0.2618925,0.02793208,-0.1723938,-0.5324708,-0.03680407,-0.28756872,-0.69917816,-0.13488156,-0.383062,-0.7092363,-0.30033267,-0.45334914,-0.576963,-0.8167703,-0.17114031,-0.6045294,-0.4752896,-0.3476291,-0.5449044,-0.22572866,-0.46856228,-0.50338316,-0.17172788,-0.54057515,-0.36173356,-0.9199624,-0.16785213,-0.38380274,-0.5122673,-0.32188535,-0.3575577,-0.27062538,-0.3787276,-0.3391856,-0.23690282,-0.3987647,-0.13513167,-0.8963135,-0.1895525,-0.1509876,-0.43619618,-0.3272674,-0.14297831,-0.23897062,-0.31368035,-0.14325012,-0.26212683,-0.28486955,0.07340737,-0.8016491,-0.23224406,0.061302654,-0.41851318,-0.322444,0.049485747,-0.26114443,-0.31308973,0.03493977,-0.27348852,-0.28497195
YES,0.0,0.0,0.0,-0.25660285,0.029466849,-0.16864796,-0.5281417,-0.032347105,-0.27752978,-0.6992165,-0.12462685,-0.36653662,-0.69896305,-0.2960021,-0.42959166,-0.5743275,-0.8186256,-0.15940267,-0.60397893,-0.48349226,-0.3163377,-0.5525607,-0.23466833,-0.41943535,-0.523731,-0.19488882,-0.48207173,-0.359688,-0.92162186,-0.15368882,-0.38923904,-0.49693564,-0.2873028,-0.36522907,-0.26641572,-0.3333512,-0.3562224,-0.25224963,-0.3494884,-0.13404529,-0.89789814,-0.1718953,-0.16095284,-0.42519456,-0.2966839,-0.14948452,-0.23532645,-0.27738786,-0.15006074,-0.26420248,-0.24653846,0.07361374,-0.8038974,-0.21059878,0.04966286,-0.41635394,-0.29506683,0.038526677,-0.25755504,-0.28239444,0.02535953,-0.2644712,-0.25178128
YES,0.0,0.0,0.0,-0.26999578,0.022017581,-0.15543978,-0.54390895,-0.047398195,-0.26223543,-0.7224669,-0.13481684,-0.35478422,-0.7582497,-0.29148993,-0.42442465,-0.5826139,-0.81274915,-0.14588024,-0.63440746,-0.5355099,-0.32254657,-0.6094415,-0.26709557,-0.4483897,-0.57852733,-0.15151176,-0.5191763,-0.37358135,-0.9196024,-0.14607878,-0.4084712,-0.5159051,-0.29008105,-0.3938224,-0.27791414,-0.34889168,-0.37964448,-0.22737066,-0.3712415,-0.1499202,-0.895633,-0.17118704,-0.17586254,-0.41964197,-0.29555085,-0.16832577,-0.21936809,-0.2820439,-0.16708712,-0.22260125,-0.25414687,0.056618538,-0.7997078,-0.2166544,0.032918524,-0.40955243,-0.29568008,0.017457662,-0.24806103,-0.2829161,0.0011569601,-0.24575514,-0.25259614
YES,0.0,0.0,0.0,-0.2662915,0.018003505,-0.14755708,-0.53762853,-0.06489016,-0.24873087,-0.7134706,-0.15929243,-0.33796492,-0.7557487,-0.31215551,-0.4058699,-0.5653747,-0.82483417,-0.13371883,-0.617184,-0.5719239,-0.31270692,-0.59940886,-0.29032743,-0.44217074,-0.57241553,-0.15069859,-0.51389647,-0.35626087,-0.9322405,-0.13920271,-0.39146972,-0.5686251,-0.28993136,-0.3821222,-0.30894428,-0.3549368,-0.36919588,-0.22611849,-0.37812182,-0.13337217,-0.90894425,-0.16947155,-0.1588602,-0.463614,-0.29930395,-0.15579022,-0.24741921,-0.29237357,-0.15817921,-0.22688112,-0.26635152,0.07276105,-0.81088525,-0.21886718,0.053051386,-0.4415809,-0.30093792,0.034639057,-0.2703713,-0.29096666,0.014323835,-0.252944,-0.26197708
YES,0.0,0.0,0.0,-0.27138507,0.027335208,-0.16145171,-0.55229837,-0.045316897,-0.26850593,-0.73253065,-0.14675769,-0.3590827,-0.7517337,-0.31741363,-0.42508864,-0.58088243,-0.8139875,-0.14884892,-0.62588763,-0.55513674,-0.31935677,-0.5918162,-0.2801706,-0.43617985,-0.55651885,-0.16641162,-0.50199676,-0.3635233,-0.92727584,-0.14462271,-0.39850134,-0.53056854,-0.28384,-0.37996835,-0.28704634,-0.33773234,-0.36241814,-0.24538237,-0.35725626,-0.13538015,-0.90698195,-0.16546644,-0.16395216,-0.43852875,-0.28931028,-0.15594922,-0.2371646,-0.2737485,-0.1526877,-0.24777927,-0.24484192,0.07273994,-0.8130433,-0.20649622,0.04513521,-0.41855803,-0.2878548,0.034489274,-0.25360382,-0.2751854,0.023657251,-0.25345019,-0.2448701
YES,0.0,0.0,0.0,-0.27843335,0.02935363,-0.15515551,-0.5563321,-0.03563442,-0.26168916,-0.7351093,-0.1291945,-0.35325423,-0.7604035,-0.28535357,-0.42131636,-0.59335476,-0.804941,-0.15113227,-0.641804,-0.5302801,-0.32300094,-0.60340595,-0.25690216,-0.44419137,-0.5636654,-0.12800926,-0.5122526,-0.37987414,-0.9080064,-0.15026009,-0.41870973,-0.5039373,-0.29060376,-0.3951635,-0.26597407,-0.3472831,-0.37636748,-0.19838434,-0.3690204,-0.15352505,-0.88451976,-0.17332637,-0.18456618,-0.41932184,-0.29339236,-0.17198168,-0.22861843,-0.2797316,-0.16879196,-0.22205324,-0.2533275,0.055342108,-0.78839564,-0.21625324,0.026708156,-0.40303686,-0.29238227,0.017504157,-0.24882516,-0.27899286,0.006031266,-0.2435505,-0.24915983
YES,0.0,0.0,0.0,-0.2705876,0.024525605,-0.1509327,-0.5441524,-0.039139602,-0.25451505,-0.71919394,-0.1324905,-0.34330228,-0.73966,-0.28911152,-0.40961996,-0.5864837,-0.809961,-0.14498782,-0.6261866,-0.5246278,-0.31051424,-0.5857644,-0.25851503,-0.42898056,-0.5477271,-0.14025211,-0.49611816,-0.37338442,-0.9130059,-0.14510198,-0.4078335,-0.50755763,-0.27656597,-0.3866943,-0.27380812,-0.3313599,-0.37057745,-0.20512359,-0.35356656,-0.14787684,-0.8897721,-0.16830589,-0.17911042,-0.43150815,-0.28324518,-0.16844521,-0.2392105,-0.26986828,-0.16555281,-0.22428071,-0.24415146,0.060990565,-0.7929709,-0.21085845,0.032023977,-0.4152809,-0.28515613,0.021063535,-0.25959378,-0.2713423,0.010337995,-0.24456711,-0.24104074
YES,0.0,0.0,0.0,-0.25359,0.012844014,-0.15380982,-0.5133941,-0.0572538,-0.25901523,-0.68420124,-0.15044598,-0.350966,-0.70793265,-0.32478696,-0.42028347,-0.5513485,-0.83427495,-0.14584756,-0.6233638,-0.5909457,-0.31073314,-0.58117807,-0.31117004,-0.42322233,-0.5392536,-0.1930387,-0.4846448,-0.34229147,-0.93936944,-0.14463511,-0.3898779,-0.5373792,-0.2812868,-0.3588549,-0.2783228,-0.3375636,-0.33838123,-0.22410768,-0.35776448,-0.117957346,-0.9150616,-0.16622978,-0.15016478,-0.46320665,-0.28803718,-0.12943786,-0.25303844,-0.27522594,-0.119574316,-0.24495359,-0.24688812,0.09142432,-0.8179828,-0.20643733,0.06598053,-0.44720885,-0.2819855,0.06175141,-0.2784991,-0.26437446,0.06149586,-0.26568952,-0.2293094
YES,0.0,0.0,0.0,-0.2733385,0.022586644,-0.14372887,-0.55448043,-0.06175299,-0.2377315,-0.74673074,-0.16838437,-0.32173997,-0.8300871,-0.33686867,-0.3842256,-0.5945931,-0.80227315,-0.13189766,-0.6913082,-0.6380365,-0.3045358,-0.65521914,-0.32482988,-0.4258413,-0.6069835,-0.14634049,-0.48870355,-0.3901539,-0.92074966,-0.13465445,-0.4498842,-0.57928234,-0.28180912,-0.4251634,-0.27488264,-0.34613308,-0.39819625,-0.15972024,-0.36516005,-0.16667657,-0.90549964,-0.16059439,-0.20083755,-0.49793974,-0.2921242,-0.18562396,-0.2514341,-0.2868632,-0.17509753,-0.19003363,-0.2576142,0.045268532,-0.81342584,-0.20337963,0.01974109,-0.47186247,-0.28889218,0.009075671,-0.28171524,-0.27410075,0.002170852,-0.23120008,-0.23668225
YES,0.0,0.0,0.0,-0.2618472,0.025523407,-0.15058514,-0.5427904,-0.05192591,-0.24868675,-0.74088746,-0.15497525,-0.33393276,-0.7978864,-0.33906263,-0.39417386,-0.57125473,-0.8146533,-0.13220379,-0.6624184,-0.6075812,-0.29986173,-0.6158254,-0.31268892,-0.4103511,-0.56693876,-0.17927301,-0.46769923,-0.36582512,-0.93068355,-0.13010299,-0.42503154,-0.5322557,-0.26623216,-0.3899534,-0.26024696,-0.3182574,-0.366981,-0.20199506,-0.3343743,-0.14407298,-0.9132654,-0.15255155,-0.18580857,-0.46538568,-0.2773432,-0.15961164,-0.24525522,-0.26390296,-0.14766008,-0.22709602,-0.2339734,0.063260764,-0.81837505,-0.19274622,0.032987095,-0.44604892,-0.27530685,0.032335732,-0.271864,-0.26071763,0.032761957,-0.24946491,-0.22563607
YES,0.0,0.0,0.0,-0.27466732,0.041103967,-0.15075083,-0.55431575,-0.020412233,-0.2468915,-0.7374207,-0.12164603,-0.32732135,-0.801912,-0.29353836,-0.38134846,-0.61163527,-0.79113996,-0.14254595,-0.6741694,-0.4737433,-0.2920414,-0.61250305,-0.22361875,-0.38787106,-0.5654907,-0.17900221,-0.44296655,-0.40370065,-0.89787906,-0.13964921,-0.44668037,-0.40261933,-0.2614326,-0.40351772,-0.18057011,-0.30507356,-0.38185957,-0.1924529,-0.32246614,-0.18117554,-0.8837419,-0.15851192,-0.21697757,-0.367686,-0.27380505,-0.18721223,-0.17614914,-0.25328764,-0.17703153,-0.20875825,-0.22447039,0.026613276,-0.8008892,-0.19613709,-0.002601179,-0.38363802,-0.27503854,0.0014116707,-0.21850437,-0.25907114,0.005054714,-0.22739157,-0.2256538
YES,0.0,0.0,0.0,-0.26596814,0.033691984,-0.14814907,-0.53575283,-0.036010746,-0.23921552,-0.71133727,-0.13291793,-0.31291476,-0.7718922,-0.30210283,-0.36251616,-0.5788059,-0.8154654,-0.13538347,-0.6352435,-0.44147107,-0.2763024,-0.57410616,-0.21010004,-0.37088194,-0.53372335,-0.20082708,-0.42749622,-0.367193,-0.9189005,-0.13271841,-0.4167912,-0.42306435,-0.24203281,-0.3767659,-0.2037487,-0.2801209,-0.35820565,-0.22304712,-0.29612753,-0.14438224,-0.8986742,-0.15106593,-0.19179878,-0.39100754,-0.25774807,-0.16638583,-0.19672883,-0.23181507,-0.15412441,-0.22937949,-0.20060253,0.06139224,-0.80377656,-0.18795918,0.02470855,-0.393987,-0.26254207,0.027739799,-0.2354776,-0.24246405,0.038700897,-0.24677216,-0.20657238
YES,0.0,0.0,0.0,-0.27185813,0.037432823,-0.14928634,-0.5456022,-0.029862193,-0.24516346,-0.72260875,-0.13320267,-0.32624385,-0.7912811,-0.30574206,-0.381963,-0.5812327,-0.8137374,-0.13594356,-0.65334886,-0.5192294,-0.29205662,-0.6065815,-0.26180413,-0.3963766,-0.56784195,-0.19959919,-0.45559356,-0.3764117,-0.91962814,-0.1356617,-0.42904246,-0.4535669,-0.26071724,-0.3942108,-0.22400258,-0.3089636,-0.37625626,-0.22258851,-0.32804283,-0.15747944,-0.9000072,-0.15808463,-0.19855548,-0.40156975,-0.2758116,-0.17242667,-0.20532474,-0.25783882,-0.16370313,-0.23045841,-0.22938472,0.046160083,-0.806585,-0.19922628,0.0149514275,-0.39770254,-0.27951384,0.0187975,-0.23059015,-0.263174,0.02315358,-0.2344404,-0.2286206
YES,0.0,0.0,0.0,-0.27046132,0.020916425,-0.14132062,-0.5355211,-0.041602075,-0.23721816,-0.7123911,-0.13087153,-0.32022026,-0.7536657,-0.2773385,-0.37988198,-0.5719529,-0.82028645,-0.13383764,-0.6517434,-0.5214891,-0.28614396,-0.6179728,-0.26274833,-0.38959485,-0.5811673,-0.1783237,-0.44723627,-0.36690003,-0.9178464,-0.13459131,-0.42224997,-0.44219014,-0.25162795,-0.39446288,-0.22011429,-0.295991,-0.37683043,-0.20465212,-0.31371164,-0.1474683,-0.89050734,-0.15664823,-0.19582893,-0.3803145,-0.2622122,-0.16989565,-0.19790378,-0.24065086,-0.15552233,-0.21630493,-0.21144608,0.05500495,-0.79203224,-0.19748254,0.013412161,-0.38356692,-0.26533046,0.016652253,-0.2360083,-0.24460551,0.023688007,-0.24746586,-0.20846574
YES,0.0,0.0,0.0,-0.27161825,0.018267618,-0.13499564,-0.53615326,-0.05590803,-0.22477785,-0.7135969,-0.15328866,-0.3022712,-0.78697044,-0.30180755,-0.35739568,-0.5719083,-0.8203176,-0.12673241,-0.65409416,-0.51120055,-0.2781454,-0.6164018,-0.24924007,-0.38481924,-0.57477045,-0.16200791,-0.4444477,-0.3687446,-0.91596854,-0.13025238,-0.42511693,-0.44899967,-0.24718931,-0.39895847,-0.21793056,-0.29509678,-0.37972453,-0.1863343,-0.31462237,-0.15173799,-0.88812345,-0.15433201,-0.19884332,-0.3886686,-0.25877908,-0.1779108,-0.19726251,-0.24033143,-0.16575804,-0.20375913,-0.21340987,0.050024267,-0.7881591,-0.19662058,0.0118820295,-0.38412994,-0.26530504,0.01088904,-0.22964036,-0.24607576,0.015523222,-0.2314008,-0.21076503
YES,0.0,0.0,0.0,-0.25212684,0.054174867,-0.17881362,-0.514955,0.0028356425,-0.30044433,-0.6947686,-0.056582052,-0.40238896,-0.8161704,-0.15020539,-0.4751734,-0.6179971,-0.7861804,-0.19030239,-0.6757106,-0.48611024,-0.40644085,-0.6157308,-0.18343699,-0.54770666,-0.5636917,-0.06586718,-0.6227795,-0.40127996,-0.8992911,-0.19114226,-0.42520475,-0.48135126,-0.3792731,-0.39630932,-0.19450405,-0.44076985,-0.37052435,-0.13075913,-0.45565537,-0.16649455,-0.87532705,-0.22113636,-0.16768919,-0.3571161,-0.3740101,-0.15358308,-0.13455822,-0.35021144,-0.14828724,-0.15188198,-0.3110043,0.053859062,-0.774684,-0.2743818,0.044499934,-0.34292892,-0.36758888,0.039113343,-0.17504224,-0.3507051,0.03142185,-0.19856615,-0.3150216
YES,0.0,0.0,0.0,-0.26013833,0.03822325,-0.17861961,-0.52925426,-0.023181468,-0.29388514,-0.70346975,-0.10336689,-0.38293746,-0.7242862,-0.25930223,-0.43863615,-0.6030849,-0.79767704,-0.19784997,-0.62773496,-0.41422543,-0.3719724,-0.5602918,-0.1761847,-0.46958324,-0.5291758,-0.16694494,-0.52496845,-0.38689658,-0.89753085,-0.18822666,-0.39367107,-0.3970982,-0.34618217,-0.36512062,-0.1819502,-0.38088563,-0.3610659,-0.2059139,-0.38529292,-0.1565866,-0.868285,-0.20340803,-0.16691451,-0.32028654,-0.33905265,-0.14958781,-0.14881955,-0.30156857,-0.14723931,-0.21256194,-0.25789574,0.054898694,-0.7659894,-0.24117503,0.04175117,-0.31662518,-0.3354818,0.034792263,-0.1848228,-0.32440236,0.024144037,-0.23880063,-0.29287937
YES,0.0,0.0,0.0,-0.27065057,0.023841651,-0.15737571,-0.5480393,-0.08282402,-0.25221223,-0.72820264,-0.20002104,-0.32716793,-0.838419,-0.35378146,-0.37143016,-0.59153146,-0.806282,-0.15854095,-0.6292804,-0.49485376,-0.34410065,-0.5710785,-0.21298972,-0.45929098,-0.5318417,-0.1261811,-0.5209435,-0.3819754,-0.9029876,-0.15658481,-0.40266773,-0.4534041,-0.31770432,-0.37387517,-0.20766866,-0.36336136,-0.35800675,-0.1866158,-0.37263525,-0.15857626,-0.87204933,-0.18115571,-0.17682476,-0.3589784,-0.31889093,-0.16412039,-0.16876909,-0.292227,-0.16671082,-0.20474997,-0.25408682,0.046677794,-0.77085215,-0.22591674,0.030930145,-0.34156,-0.31981775,0.022958487,-0.19868036,-0.310006,0.0073360815,-0.2392063,-0.27913785
YES,0.0,0.0,0.0,-0.26380092,0.029662127,-0.16939965,-0.5383078,-0.058814626,-0.27546376,-0.7145754,-0.16422774,-0.35632882,-0.7981262,-0.32948628,-0.40609232,-0.59909,-0.8006817,-0.18625243,-0.6162657,-0.36588112,-0.36668226,-0.54138666,-0.14910385,-0.4778858,-0.50776994,-0.16216989,-0.5425856,-0.38606638,-0.8934101,-0.17890455,-0.3931449,-0.3592944,-0.33153713,-0.35307935,-0.16855523,-0.37098512,-0.3429486,-0.21291295,-0.3828341,-0.1595353,-0.8623193,-0.19637436,-0.17516792,-0.3083278,-0.330554,-0.15286282,-0.14995508,-0.29572555,-0.15122548,-0.226896,-0.25617293,0.048883688,-0.763357,-0.23539916,0.03165818,-0.3107072,-0.3316032,0.031184783,-0.19007933,-0.3212622,0.024666099,-0.2585573,-0.29103395
YES,0.0,0.0,0.0,-0.25923264,0.04149297,-0.15305471,-0.5142325,-0.0031876473,-0.26272148,-0.6809776,-0.04309486,-0.3546006,-0.7588967,-0.13475394,-0.41906193,-0.61635154,-0.7874711,-0.17330208,-0.6598842,-0.35623315,-0.34998542,-0.5785076,-0.15413056,-0.46146318,-0.5345678,-0.17819859,-0.5266558,-0.4044633,-0.8757164,-0.18140864,-0.43429825,-0.3577687,-0.33268055,-0.38306934,-0.16704921,-0.3777859,-0.36471,-0.21997164,-0.393396,-0.17765611,-0.8414494,-0.21230689,-0.2051067,-0.30893785,-0.34483707,-0.1782703,-0.14220725,-0.3133852,-0.17277761,-0.22186819,-0.27591723,0.03643746,-0.7372596,-0.26348987,0.017268777,-0.30069512,-0.3508026,0.013807537,-0.16930293,-0.33459693,0.007522319,-0.23276077,-0.30143964
YES,0.0,0.0,0.0,-0.27198753,0.050179407,-0.16819961,-0.54489565,-0.0067739477,-0.27935973,-0.7175599,-0.08363377,-0.36712724,-0.7778285,-0.2351287,-0.42370752,-0.6207389,-0.78401726,-0.1930632,-0.6512674,-0.34253913,-0.37422335,-0.5716032,-0.1356776,-0.48308855,-0.53758985,-0.16529408,-0.54654115,-0.4107793,-0.88171154,-0.18962523,-0.42871097,-0.32110277,-0.34758928,-0.38044676,-0.13500082,-0.38651627,-0.36962003,-0.19909225,-0.3963746,-0.18320315,-0.8515994,-0.21030997,-0.20425393,-0.27756163,-0.34639955,-0.17885461,-0.12177191,-0.3080645,-0.17709087,-0.20652041,-0.26508662,0.027196022,-0.7469595,-0.2528308,0.012157529,-0.2777217,-0.34890154,0.013645418,-0.16827211,-0.33768144,0.008252807,-0.25044283,-0.30575523
YES,0.0,0.0,0.0,-0.27190444,0.050574023,-0.16247687,-0.552767,-0.009053328,-0.26753306,-0.74127996,-0.08377632,-0.35076866,-0.81472903,-0.23296009,-0.40461525,-0.6317774,-0.77514976,-0.17607743,-0.6671816,-0.35591358,-0.34947774,-0.5881157,-0.14102232,-0.45612648,-0.5487563,-0.15829587,-0.5178518,-0.41956276,-0.8786157,-0.17350636,-0.43984297,-0.3508807,-0.32113805,-0.38968995,-0.15344708,-0.3604301,-0.3753994,-0.20026581,-0.37156528,-0.18953669,-0.853986,-0.19465965,-0.21078786,-0.3053448,-0.3257887,-0.1834381,-0.13945429,-0.2919797,-0.1810784,-0.20939888,-0.25224277,0.023422468,-0.75404006,-0.2364142,0.008086258,-0.30373368,-0.32785827,0.011428973,-0.18279931,-0.31474933,0.0057990053,-0.24608445,-0.2819221
YES,0.0,0.0,0.0,-0.26642874,0.053387012,-0.15586866,-0.52460295,0.02280749,-0.26479724,-0.6932109,-0.004740779,-0.35589623,-0.77589256,-0.09561108,-0.42066586,-0.6289481,-0.77744734,-0.16722329,-0.6824757,-0.3556197,-0.34236726,-0.611746,-0.14356041,-0.4560207,-0.56722647,-0.16569023,-0.5222551,-0.42440596,-0.8841842,-0.16901535,-0.45197642,-0.34445173,-0.31777102,-0.4105934,-0.1577871,-0.36414003,-0.40028498,-0.21690944,-0.38124773,-0.20263791,-0.86323434,-0.19438107,-0.22926301,-0.3050205,-0.32152757,-0.20122467,-0.14551681,-0.29263082,-0.19559184,-0.21858282,-0.2574479,0.0029099928,-0.7673324,-0.24079147,-0.015646102,-0.30637312,-0.32573092,-0.011763977,-0.18397543,-0.31359902,-0.015388712,-0.24980113,-0.2829929
YES,0.0,0.0,0.0,-0.2664528,0.061669495,-0.16220969,-0.5259695,0.028675353,-0.2733557,-0.69832253,-0.0038698856,-0.36489132,-0.77865136,-0.10334804,-0.42832497,-0.64147043,-0.76714784,-0.17600405,-0.68994606,-0.3190088,-0.3561242,-0.6058772,-0.11297108,-0.46872127,-0.5580831,-0.15633014,-0.53405565,-0.4343958,-0.8751286,-0.17592561,-0.4636714,-0.3176192,-0.32833987,-0.4105977,-0.13030991,-0.3698713,-0.39538252,-0.20515306,-0.38300312,-0.20919941,-0.85705644,-0.20060375,-0.23231286,-0.28319067,-0.33319834,-0.19866012,-0.120111085,-0.2989028,-0.19099163,-0.20403357,-0.25930607,0.002245207,-0.76578414,-0.24688308,-0.015155667,-0.2949782,-0.33576196,-0.0077104745,-0.17223275,-0.32265127,-0.0091137,-0.2453518,-0.29083285
YES,0.0,0.0,0.0,-0.27803943,0.055809177,-0.16181083,-0.55670834,-0.011214972,-0.2670054,-0.7408441,-0.09638893,-0.35207418,-0.7956693,-0.25498283,-0.4074432,-0.62736756,-0.77872324,-0.17243777,-0.6779006,-0.3677641,-0.34466445,-0.5966026,-0.15165675,-0.44472975,-0.54793626,-0.15138178,-0.499123,-0.4163028,-0.88003623,-0.17003945,-0.44670355,-0.32752627,-0.32073542,-0.38830638,-0.13551453,-0.35957944,-0.3662781,-0.18376338,-0.36791244,-0.18669955,-0.8559876,-0.19170214,-0.21902004,-0.3013789,-0.32495,-0.1838108,-0.13922589,-0.29293698,-0.17357045,-0.20478033,-0.25195062,0.028684424,-0.75945014,-0.2336547,0.0038166558,-0.31311944,-0.32340783,0.0030242698,-0.18292986,-0.31003332,-0.0029352454,-0.23150086,-0.27597278
YES,0.0,0.0,0.0,-0.28563067,0.064075164,-0.15537639,-0.5740039,0.006989518,-0.25524837,-0.76504606,-0.07118796,-0.33562174,-0.815847,-0.20930348,-0.38859534,-0.66916585,-0.743113,-0.15430188,-0.70151913,-0.3193432,-0.3159381,-0.6249512,-0.119612254,-0.4196046,-0.5798516,-0.14752947,-0.48138013,-0.46180132,-0.8547586,-0.15263167,-0.4753057,-0.32002077,-0.28689983,-0.42650145,-0.14029871,-0.32446525,-0.40906978,-0.19438258,-0.3371664,-0.23462084,-0.84094846,-0.17469656,-0.2505328,-0.30234948,-0.29914528,-0.22417292,-0.14286694,-0.27094805,-0.22133921,-0.2081026,-0.23643494,-0.020450061,-0.7549385,-0.21678057,-0.034751598,-0.3058635,-0.30331835,-0.03503185,-0.16914025,-0.29218695,-0.0434425,-0.20965508,-0.26257455
YES,0.0,0.0,0.0,-0.28205088,0.029326415,-0.14565828,-0.55647093,-0.04549336,-0.23695174,-0.74270135,-0.13355468,-0.31010488,-0.79710215,-0.28874728,-0.3552455,-0.62227595,-0.7827979,-0.1450169,-0.6763533,-0.39185345,-0.29184008,-0.6067837,-0.16418542,-0.37581423,-0.55681574,-0.13705571,-0.42165515,-0.4207003,-0.8853129,-0.1423931,-0.45401794,-0.34555566,-0.2701523,-0.40084037,-0.14459431,-0.30232197,-0.3774197,-0.17327341,-0.3090288,-0.20186481,-0.862149,-0.1610127,-0.23476483,-0.3117293,-0.27529842,-0.20178229,-0.14839175,-0.24366803,-0.18946704,-0.20003527,-0.20584965,0.0016898129,-0.7639609,-0.19855084,-0.023602666,-0.33064917,-0.27741745,-0.025441699,-0.20517865,-0.26420534,-0.031132665,-0.2452146,-0.23188224
YES,0.0,0.0,0.0,-0.28112125,0.05055326,-0.1519535,-0.5603894,-0.010328016,-0.25181088,-0.7479011,-0.08611945,-0.33405083,-0.829586,-0.23557335,-0.38925081,-0.65038687,-0.7596032,-0.15662976,-0.71018225,-0.36970517,-0.32260835,-0.64112353,-0.14296614,-0.42523882,-0.58820856,-0.11611776,-0.48176655,-0.4499155,-0.8682299,-0.15548521,-0.48121685,-0.34786654,-0.29753122,-0.43614972,-0.14339833,-0.34180525,-0.41626757,-0.16817276,-0.35609376,-0.22950697,-0.8530545,-0.17704771,-0.25716376,-0.31689352,-0.30331773,-0.22866929,-0.14213076,-0.2798022,-0.21987939,-0.1938703,-0.24714336,-0.022993386,-0.76382256,-0.21795934,-0.04017827,-0.32669955,-0.30463117,-0.043336496,-0.18305184,-0.29528588,-0.051767875,-0.21715128,-0.26592308
YES,0.0,0.0,0.0,-0.28750572,0.036091067,-0.15278876,-0.57097775,-0.040817067,-0.2503258,-0.76068485,-0.12668583,-0.32872483,-0.81711066,-0.2677177,-0.37867147,-0.62905204,-0.77736324,-0.16001655,-0.6792316,-0.3835167,-0.3202553,-0.61985207,-0.1671213,-0.40985492,-0.57862806,-0.14622253,-0.45783132,-0.4256284,-0.8819473,-0.15898438,-0.4536249,-0.34654438,-0.30347624,-0.410794,-0.14648837,-0.33934268,-0.39182737,-0.17443953,-0.34542283,-0.20348118,-0.86040455,-0.18058221,-0.2282217,-0.30532476,-0.31244865,-0.19950342,-0.13150711,-0.2810712,-0.18841386,-0.17778414,-0.23930071,0.006000371,-0.76480323,-0.22165622,-0.011174946,-0.32393602,-0.31285167,-0.020381836,-0.17672682,-0.30093455,-0.034841556,-0.19989239,-0.26734608
YES,0.0,0.0,0.0,-0.26933354,0.040711794,-0.14726192,-0.5445085,-0.035490308,-0.24129954,-0.7218279,-0.115383,-0.31907564,-0.8253862,-0.2308248,-0.3701295,-0.6132527,-0.78988683,-0.15348716,-0.68257517,-0.44395733,-0.3364132,-0.6092021,-0.1813857,-0.4574056,-0.5415207,-0.09026575,-0.5219316,-0.41013685,-0.8935554,-0.15874402,-0.4406036,-0.42363662,-0.32184651,-0.40374947,-0.18419643,-0.3784101,-0.376189,-0.13808723,-0.393627,-0.18785456,-0.86323994,-0.1879077,-0.20659421,-0.35791698,-0.3257508,-0.18766297,-0.16565019,-0.30753228,-0.17902376,-0.16839486,-0.27288145,0.020983784,-0.75251305,-0.23633829,0.01666304,-0.34216285,-0.3302563,0.004806982,-0.19233671,-0.3209388,-0.009978755,-0.20390788,-0.28769433
YES,0.0,0.0,0.0,-0.2798179,0.054641567,-0.15847138,-0.5711417,0.0018428438,-0.2593074,-0.76617795,-0.071663305,-0.33897066,-0.8616379,-0.22200766,-0.3924275,-0.65407205,-0.75643224,-0.17511146,-0.69202936,-0.35564652,-0.3417498,-0.6112653,-0.12690018,-0.45045888,-0.55821496,-0.097327456,-0.51339185,-0.43864408,-0.8673961,-0.17239559,-0.46051675,-0.37582847,-0.3066524,-0.42028853,-0.17404576,-0.34977686,-0.40268394,-0.17944215,-0.3681961,-0.20539385,-0.85498714,-0.19221677,-0.21988057,-0.35942885,-0.31841213,-0.20411153,-0.18173243,-0.295445,-0.20575452,-0.208701,-0.2651108,0.0135319,-0.7701721,-0.23140077,0.0032004071,-0.37766495,-0.32246298,-0.006167108,-0.22168532,-0.31044164,-0.020494644,-0.22746778,-0.279926
YES,0.0,0.0,0.0,-0.27159217,0.020215545,-0.13066143,-0.553595,-0.08021738,-0.21049434,-0.74281526,-0.17134915,-0.27780288,-0.8666262,-0.2984525,-0.32172722,-0.60611826,-0.79537445,-0.119700044,-0.682558,-0.504734,-0.2874291,-0.62755746,-0.23277366,-0.40135565,-0.5659405,-0.11588422,-0.46066526,-0.40708572,-0.8979986,-0.12740593,-0.44630846,-0.49772036,-0.26562747,-0.4166441,-0.24117938,-0.31753534,-0.3956121,-0.18380082,-0.33410218,-0.18694174,-0.8762487,-0.15851653,-0.20162477,-0.4524963,-0.28326496,-0.19831264,-0.23033687,-0.2687209,-0.20650473,-0.20658872,-0.23844425,0.023158586,-0.77936333,-0.20615838,0.013480149,-0.4389408,-0.28909084,-0.01077928,-0.2572919,-0.27522486,-0.03721004,-0.23241371,-0.24165174
YES,0.0,0.0,0.0,-0.2773195,0.008542821,-0.13043249,-0.5488019,-0.09193565,-0.21350192,-0.73313165,-0.18835847,-0.28212747,-0.84275675,-0.29523972,-0.32675314,-0.6052133,-0.7960634,-0.1352772,-0.6618543,-0.4695823,-0.30228922,-0.6099431,-0.21960689,-0.41264802,-0.5541628,-0.10775095,-0.47030783,-0.4007804,-0.88870054,-0.14207828,-0.43406823,-0.45159516,-0.2853796,-0.41202924,-0.20192619,-0.33981836,-0.39063486,-0.13348874,-0.35888797,-0.17609152,-0.86107326,-0.17019536,-0.19281964,-0.40355995,-0.29949152,-0.20268235,-0.18122709,-0.28593162,-0.21386983,-0.13791059,-0.25657237,0.037153248,-0.75985533,-0.21470447,0.02033203,-0.4094479,-0.3067034,-0.009680501,-0.2336519,-0.29689154,-0.036917713,-0.19964616,-0.26530483
YES,0.0,0.0,0.0,-0.28773776,0.02756378,-0.1277652,-0.5740914,-0.061811637,-0.21019214,-0.7641061,-0.15693708,-0.2795921,-0.8602611,-0.28186882,-0.32629317,-0.624177,-0.78128296,-0.12495686,-0.6750615,-0.44562855,-0.28191563,-0.62276125,-0.208999,-0.39157948,-0.5742311,-0.12523775,-0.4534454,-0.4130551,-0.8883797,-0.13420866,-0.4432168,-0.4474601,-0.2591646,-0.4225674,-0.21572882,-0.31036833,-0.40709192,-0.17014284,-0.3332211,-0.18163237,-0.8700956,-0.16425204,-0.20238331,-0.39436576,-0.27868572,-0.2046663,-0.18847951,-0.2633033,-0.21194136,-0.17365767,-0.2382717,0.03841017,-0.7763317,-0.21126772,0.018749949,-0.40039274,-0.2923205,-0.0077185356,-0.2333965,-0.27930185,-0.032885883,-0.21464449,-0.24933623
YES,0.0,0.0,0.0,-0.2817166,0.018580778,-0.1387793,-0.5651904,-0.07387766,-0.22408925,-0.75411296,-0.16806817,-0.29362634,-0.82169825,-0.3065909,-0.3369811,-0.6153558,-0.78824943,-0.12902597,-0.6704779,-0.4159349,-0.2841581,-0.61311835,-0.18671465,-0.38353893,-0.56248635,-0.14452532,-0.4386981,-0.4136788,-0.88676775,-0.13044886,-0.4436519,-0.39405486,-0.2596863,-0.4133885,-0.18870485,-0.29872194,-0.396813,-0.19808523,-0.31023976,-0.19343033,-0.8623059,-0.15495172,-0.22001053,-0.3370299,-0.27032498,-0.20254749,-0.16707362,-0.2437817,-0.1951442,-0.21444787,-0.2097528,0.011670664,-0.7680697,-0.1983733,-0.013837315,-0.34796593,-0.2756195,-0.024259303,-0.20791996,-0.2618224,-0.03437589,-0.24285604,-0.23093648
YES,0.0,0.0,0.0,-0.27594584,0.03518817,-0.15216309,-0.5603201,-0.048573397,-0.24936134,-0.7451472,-0.13959152,-0.3294436,-0.7979842,-0.29901937,-0.38295463,-0.611356,-0.79135567,-0.14872356,-0.66790295,-0.44129235,-0.3215423,-0.6118867,-0.19718783,-0.4355457,-0.56497973,-0.13576257,-0.4987672,-0.40277717,-0.8961319,-0.14989294,-0.43517372,-0.43816668,-0.29825816,-0.40853164,-0.2211238,-0.3472843,-0.3940589,-0.20075065,-0.36185956,-0.17461777,-0.8731786,-0.17576328,-0.19679104,-0.3668969,-0.3039407,-0.18235388,-0.19287658,-0.283325,-0.18153226,-0.22532012,-0.25076887,0.03849035,-0.77568734,-0.22154094,0.021979664,-0.36510453,-0.30739945,0.008162305,-0.21998796,-0.2975103,-0.009532571,-0.2413729,-0.2680316
YES,0.0,0.0,0.0,-0.2744354,0.03889701,-0.15883356,-0.5610213,-0.03389704,-0.26200777,-0.7447381,-0.1215133,-0.34785303,-0.78752023,-0.2856668,-0.40651533,-0.6172612,-0.78675836,-0.15185182,-0.6770004,-0.47067067,-0.32975563,-0.6244129,-0.2235993,-0.44579193,-0.57849604,-0.16239825,-0.5111023,-0.4098358,-0.8974626,-0.15361056,-0.44388932,-0.4924735,-0.3147827,-0.42133525,-0.25891486,-0.36833027,-0.40499118,-0.22694486,-0.38211158,-0.18143703,-0.8800715,-0.18139338,-0.20004487,-0.40724626,-0.31940126,-0.1879436,-0.22346859,-0.301458,-0.1887213,-0.2566242,-0.26817292,0.032645047,-0.7871073,-0.22942834,0.016277468,-0.3910185,-0.3178759,0.004672149,-0.241661,-0.3085956,-0.012240438,-0.26638484,-0.27972096
YES,0.0,0.0,0.0,-0.28266463,0.036678247,-0.14699608,-0.57997084,-0.05531274,-0.23967096,-0.771907,-0.15436406,-0.3161958,-0.832376,-0.323312,-0.3664985,-0.6225685,-0.7825653,-0.13699396,-0.68016416,-0.43418342,-0.30462164,-0.615799,-0.20902458,-0.41295192,-0.56391484,-0.18168546,-0.47449416,-0.41600356,-0.8953702,-0.14011844,-0.4488506,-0.47122464,-0.2851684,-0.4185106,-0.2550549,-0.33055735,-0.4026574,-0.25461864,-0.34345946,-0.18979934,-0.8829493,-0.16811661,-0.21348873,-0.4164548,-0.30073062,-0.20175758,-0.23051183,-0.28190818,-0.20674917,-0.26610273,-0.2501447,0.022541475,-0.7987971,-0.21463636,0.007946219,-0.41129327,-0.3023249,-0.009535146,-0.25203562,-0.29311678,-0.03404826,-0.2643516,-0.2651975
YES,0.0,0.0,0.0,-0.2776339,0.016401617,-0.13602714,-0.55805445,-0.08565837,-0.22385812,-0.73441017,-0.18357041,-0.2992676,-0.81380904,-0.3243215,-0.35173184,-0.6113245,-0.79138005,-0.13100782,-0.6732355,-0.44983497,-0.30750582,-0.6103074,-0.20978267,-0.42777407,-0.5586082,-0.14031623,-0.49289846,-0.41241482,-0.8965815,-0.138934,-0.44335568,-0.46039873,-0.2845052,-0.4086737,-0.24503455,-0.3381332,-0.39099237,-0.2269363,-0.3571923,-0.1904101,-0.8828061,-0.17109647,-0.20652196,-0.42881534,-0.3039935,-0.19164899,-0.23572268,-0.2885291,-0.19064088,-0.24559972,-0.25755778,0.022067456,-0.8000734,-0.22110397,0.011429011,-0.44317538,-0.3063202,-0.009869857,-0.26573348,-0.2927763,-0.032179978,-0.24851707,-0.26018903
YES,0.0,0.0,0.0,-0.27310285,0.01149278,-0.13756238,-0.54778856,-0.10848921,-0.22159477,-0.73225576,-0.21663801,-0.29036698,-0.8622429,-0.3353556,-0.33427212,-0.59720623,-0.8020878,-0.14090759,-0.6699967,-0.48663652,-0.32127124,-0.6194895,-0.2336629,-0.44038478,-0.5604656,-0.11591999,-0.5007453,-0.3996222,-0.90389866,-0.14673568,-0.43961716,-0.47863367,-0.30609387,-0.4113513,-0.24227391,-0.3630583,-0.37962496,-0.17263333,-0.37725773,-0.17839268,-0.8766053,-0.1762726,-0.19692002,-0.40452182,-0.31345472,-0.18873358,-0.21644755,-0.30051035,-0.18357287,-0.20833087,-0.2681217,0.032060325,-0.7752276,-0.22386676,0.021211358,-0.40177003,-0.31929478,-0.0038174908,-0.24048288,-0.31398273,-0.028384352,-0.22848846,-0.2839199
YES,0.0,0.0,0.0,-0.2700471,0.037877146,-0.15080687,-0.54245967,-0.037817754,-0.25030732,-0.72098404,-0.11686095,-0.3337118,-0.81103504,-0.23844694,-0.3928144,-0.62987155,-0.77669924,-0.14678773,-0.67950517,-0.42027226,-0.33042955,-0.6180799,-0.19898325,-0.45868436,-0.56153977,-0.13996089,-0.53026175,-0.42132995,-0.89219284,-0.15214539,-0.44312575,-0.44182047,-0.30969357,-0.40633905,-0.22842501,-0.3702675,-0.377993,-0.20792994,-0.39119548,-0.1909477,-0.87576455,-0.18259113,-0.19951232,-0.3869333,-0.32214385,-0.18628593,-0.20823397,-0.3108952,-0.18680339,-0.2388884,-0.28250864,0.026497845,-0.7823226,-0.23222014,0.01887827,-0.37176812,-0.327208,0.005184925,-0.21968654,-0.3210696,-0.015321528,-0.24215569,-0.29270595
YES,0.0,0.0,0.0,-0.27393374,0.013683533,-0.13935392,-0.54838914,-0.0809616,-0.22790116,-0.7301136,-0.16902184,-0.30111194,-0.80895895,-0.29224914,-0.34996086,-0.5927275,-0.8054031,-0.1413114,-0.6579037,-0.46136025,-0.29906845,-0.6024728,-0.22598612,-0.3996443,-0.5426021,-0.13611998,-0.4516996,-0.38832363,-0.9133638,-0.14283524,-0.41897228,-0.42925262,-0.27270874,-0.3791666,-0.22071509,-0.31628752,-0.34631538,-0.20095092,-0.3298859,-0.16493991,-0.89138204,-0.16590357,-0.18687366,-0.38378197,-0.2832195,-0.16704981,-0.20871383,-0.2632673,-0.15250061,-0.2267695,-0.23172463,0.047376473,-0.79892117,-0.20719218,0.030241149,-0.40410554,-0.28682485,0.009569274,-0.24336985,-0.27371633,-0.009190237,-0.23752314,-0.24117075
YES,0.0,0.0,0.0,-0.27077824,0.016927306,-0.15191963,-0.55193096,-0.086657524,-0.24529591,-0.7401614,-0.18191302,-0.3213291,-0.8388819,-0.3145115,-0.37132856,-0.5991804,-0.800614,-0.15007725,-0.6629825,-0.44452465,-0.32929245,-0.6053961,-0.21136321,-0.4462243,-0.5499599,-0.14433765,-0.50913095,-0.3964792,-0.91095704,-0.15145075,-0.42484412,-0.4427197,-0.30784616,-0.39020756,-0.23315294,-0.36078402,-0.36543065,-0.2225942,-0.3755659,-0.17439853,-0.890018,-0.17802532,-0.19260943,-0.3802266,-0.3171944,-0.17470858,-0.2062581,-0.30048156,-0.16717327,-0.24225684,-0.2672476,0.033363465,-0.7979765,-0.22425841,0.020525388,-0.38181174,-0.31979683,0.0034472013,-0.22595678,-0.31302243,-0.017505756,-0.24283932,-0.2831228
YES,0.0,0.0,0.0,-0.2713382,0.021180851,-0.15333442,-0.55446494,-0.0784777,-0.24917103,-0.74438107,-0.17158076,-0.3283073,-0.8289259,-0.30457494,-0.3819193,-0.6051569,-0.79610634,-0.14944668,-0.6656052,-0.45852536,-0.32993197,-0.6015325,-0.21597955,-0.448097,-0.5460133,-0.14510083,-0.51206535,-0.4008686,-0.9079582,-0.15152924,-0.42783684,-0.46512538,-0.30840987,-0.3955957,-0.23966633,-0.36212853,-0.3760985,-0.2179162,-0.3771466,-0.17619917,-0.88817716,-0.17913656,-0.1977124,-0.4049674,-0.31748366,-0.18389367,-0.22129697,-0.30150113,-0.18156332,-0.25174928,-0.26933795,0.033131834,-0.79598194,-0.2261456,0.01731045,-0.39336783,-0.318417,0.0006529333,-0.23603326,-0.3097145,-0.019331656,-0.25322136,-0.2795912
YES,0.0,0.0,0.0,-0.27652574,0.021627968,-0.1482467,-0.5595005,-0.074312195,-0.2422564,-0.74549496,-0.16755326,-0.32010728,-0.8389035,-0.30446133,-0.37353826,-0.6112536,-0.79143476,-0.15165953,-0.68386644,-0.43889964,-0.32957488,-0.6175968,-0.19905572,-0.44824782,-0.555133,-0.12001371,-0.5120049,-0.41052392,-0.8966704,-0.15317531,-0.4453424,-0.42905045,-0.3002502,-0.4053772,-0.21775253,-0.35105705,-0.3766824,-0.20372981,-0.36743,-0.18932176,-0.8758791,-0.17891294,-0.2141297,-0.37716508,-0.30417174,-0.19169371,-0.20336439,-0.28208026,-0.17796256,-0.23896004,-0.24929208,0.018290002,-0.78455925,-0.22457446,-0.0022734955,-0.37643266,-0.306427,-0.011059795,-0.22661602,-0.2919534,-0.018965114,-0.25030336,-0.25921926
YES,0.0,0.0,0.0,-0.27108425,0.023909738,-0.15515321,-0.5480861,-0.071454816,-0.25176775,-0.736158,-0.15390614,-0.33027112,-0.8406612,-0.27766195,-0.3831034,-0.60744774,-0.7943597,-0.16056274,-0.6771464,-0.44372758,-0.34360042,-0.6171038,-0.19835512,-0.4613021,-0.55697656,-0.10459506,-0.52149296,-0.40436918,-0.89677167,-0.15850395,-0.43530035,-0.4215426,-0.31233326,-0.39704713,-0.2011851,-0.36301565,-0.37039432,-0.17731188,-0.37645328,-0.18062502,-0.8718825,-0.18138348,-0.19842859,-0.3618255,-0.31045413,-0.17782551,-0.18773875,-0.28662258,-0.16733816,-0.22228973,-0.2505943,0.027928706,-0.774775,-0.22478968,0.012804829,-0.3666735,-0.30996883,0.003507356,-0.22078894,-0.2963941,-0.0070006,-0.24877857,-0.26251346
YES,0.0,0.0,0.0,-0.27880403,0.015506716,-0.1402041,-0.56066805,-0.11058798,-0.21931316,-0.74973273,-0.23599447,-0.28098923,-0.8846751,-0.3760048,-0.3165183,-0.60949403,-0.79279065,-0.13283019,-0.65283567,-0.39694685,-0.2933866,-0.5896245,-0.18617894,-0.39672372,-0.54568523,-0.17268483,-0.45398566,-0.40652716,-0.9027254,-0.13341565,-0.42152685,-0.39469615,-0.2610921,-0.37994426,-0.20032659,-0.29899788,-0.36125672,-0.22661513,-0.31111735,-0.18277532,-0.88615966,-0.15744129,-0.1931084,-0.37705755,-0.27912477,-0.1715875,-0.20715523,-0.25447023,-0.16673006,-0.26175484,-0.2210692,0.03011054,-0.7995404,-0.19964567,0.020594154,-0.38825303,-0.28486446,0.01068551,-0.24034803,-0.27354965,0.000865085,-0.27057153,-0.24271783
YES,0.0,0.0,0.0,-0.27047843,0.018667879,-0.14592282,-0.5464988,-0.09001762,-0.23144895,-0.73716885,-0.19275573,-0.3001326,-0.8824077,-0.32077917,-0.34258142,-0.6043982,-0.79668236,-0.14353004,-0.669894,-0.46237087,-0.31704763,-0.6185759,-0.2272468,-0.42733625,-0.56283,-0.1434355,-0.48357758,-0.4036354,-0.9089382,-0.14362524,-0.43081996,-0.43580696,-0.28839147,-0.3942685,-0.22070284,-0.33522648,-0.36606774,-0.20466079,-0.34725985,-0.17906892,-0.8901774,-0.16839086,-0.18861966,-0.38311252,-0.29994464,-0.16968782,-0.2049481,-0.28144786,-0.15982413,-0.23831832,-0.248033,0.035213575,-0.7982717,-0.21175763,0.027144017,-0.3855646,-0.30376336,0.01280658,-0.22897889,-0.29677856,-0.0010514761,-0.24745446,-0.26648358
YES,0.0,0.0,0.0,-0.2681775,0.022565212,-0.1493219,-0.5399815,-0.061395,-0.23961198,-0.72771966,-0.1495912,-0.31171775,-0.8309707,-0.2845501,-0.35652462,-0.61566985,-0.7880042,-0.14702061,-0.66812766,-0.3902222,-0.3075463,-0.594336,-0.17165194,-0.40702635,-0.53910035,-0.15226242,-0.46203995,-0.4098908,-0.9008123,-0.14535667,-0.43108344,-0.39057177,-0.27805784,-0.38330862,-0.19499817,-0.3157076,-0.35878518,-0.21771236,-0.3260654,-0.18472151,-0.88528407,-0.16723688,-0.19974065,-0.35705987,-0.29082844,-0.17283234,-0.19098918,-0.26485038,-0.16158544,-0.24809429,-0.2302391,0.028070282,-0.79726094,-0.20836943,0.013109821,-0.36996612,-0.29513517,0.005965626,-0.22477081,-0.2852093,-0.0009911626,-0.26004875,-0.2550196
YES,0.0,0.0,0.0,-0.27189314,0.02061216,-0.1496389,-0.5448172,-0.062782064,-0.24052742,-0.731672,-0.1545118,-0.31269652,-0.8146688,-0.29672495,-0.3574528,-0.6131382,-0.7899756,-0.14932936,-0.6660298,-0.3812734,-0.30619285,-0.5967738,-0.17143618,-0.4005995,-0.5473988,-0.17000432,-0.4533937,-0.40879372,-0.8955886,-0.1474626,-0.4380922,-0.38607475,-0.28031516,-0.39647797,-0.19162765,-0.3151736,-0.37725455,-0.22185804,-0.32364032,-0.18550561,-0.8766856,-0.16875844,-0.21202599,-0.3495386,-0.29260164,-0.18693319,-0.1809594,-0.26466084,-0.17536406,-0.23868538,-0.22845845,0.024816751,-0.78641367,-0.20937613,0.0016459001,-0.36778545,-0.29540145,-0.0055924216,-0.22638404,-0.28496033,-0.010113257,-0.26286718,-0.25477985
YES,0.0,0.0,0.0,-0.27502257,0.021216014,-0.1479305,-0.5541088,-0.086132586,-0.23539932,-0.7386273,-0.19652092,-0.3048,-0.8124401,-0.35599044,-0.34732416,-0.59441495,-0.8041584,-0.14457294,-0.64525276,-0.42697728,-0.3029972,-0.58291924,-0.21022123,-0.398449,-0.536648,-0.18191954,-0.44926497,-0.38828897,-0.9139439,-0.14170279,-0.41204318,-0.4088622,-0.2752762,-0.37031382,-0.21073107,-0.31249505,-0.34960786,-0.22717404,-0.32103303,-0.16332534,-0.89708006,-0.16203144,-0.18415281,-0.37828553,-0.28723013,-0.15962243,-0.20945379,-0.2617349,-0.14819014,-0.25619948,-0.22545879,0.047455274,-0.8095632,-0.20118952,0.02884247,-0.39945224,-0.28756645,0.016542746,-0.24952699,-0.27675694,0.006566653,-0.2691375,-0.24498953
YES,0.0,0.0,0.0,-0.28414828,0.013255198,-0.14075798,-0.5653713,-0.10360238,-0.22473238,-0.7501479,-0.21992794,-0.29219478,-0.8336723,-0.36813343,-0.33267596,-0.61076164,-0.79181457,-0.14021105,-0.67152965,-0.43446422,-0.29810497,-0.6072566,-0.20867933,-0.39353648,-0.55480075,-0.1599457,-0.4445204,-0.4101924,-0.8999125,-0.14152168,-0.43909207,-0.42078525,-0.27779296,-0.4005611,-0.22580765,-0.31764513,-0.3795694,-0.23467162,-0.32772136,-0.18909459,-0.88461226,-0.1653095,-0.2121289,-0.3817216,-0.28844053,-0.18920197,-0.2187576,-0.26504,-0.17897522,-0.26639426,-0.23188305,0.018022686,-0.7987289,-0.20769227,-0.0025658002,-0.38983062,-0.29093856,-0.015274829,-0.24122564,-0.27971932,-0.027587488,-0.2642953,-0.24946813
YES,0.0,0.0,0.0,-0.27894342,0.014064726,-0.1416529,-0.5587674,-0.08424854,-0.23069756,-0.7457449,-0.18057033,-0.30355945,-0.8079612,-0.31786942,-0.35103986,-0.61037683,-0.79211116,-0.14296481,-0.67303896,-0.44197056,-0.301064,-0.6122511,-0.21484752,-0.39928663,-0.5573633,-0.14219406,-0.4511966,-0.4092364,-0.89979416,-0.14474028,-0.44037038,-0.424331,-0.2827286,-0.40342525,-0.21282102,-0.32607755,-0.37759814,-0.18989873,-0.3361675,-0.18800606,-0.8790155,-0.16838843,-0.2129801,-0.3718364,-0.29027018,-0.1909492,-0.20048966,-0.2686207,-0.1768723,-0.22691189,-0.23474939,0.019915113,-0.78519803,-0.21063195,0.001931,-0.37863687,-0.29406568,-0.011901298,-0.2293955,-0.2831866,-0.025378857,-0.24232334,-0.25173584
YES,0.0,0.0,0.0,-0.279484,0.0038345582,-0.14189942,-0.56306434,-0.1029844,-0.22849375,-0.7552461,-0.20376047,-0.29688284,-0.8460755,-0.34945786,-0.3388902,-0.596336,-0.8027349,-0.15108022,-0.6636444,-0.44272968,-0.30994815,-0.6045226,-0.22013143,-0.40574166,-0.5463078,-0.15606569,-0.45625496,-0.39492017,-0.90641934,-0.15090913,-0.42916322,-0.4342237,-0.28707856,-0.4026539,-0.23023264,-0.32658008,-0.38211933,-0.2141745,-0.33648762,-0.17478697,-0.88184863,-0.17265663,-0.20290934,-0.37672424,-0.2952193,-0.19085127,-0.20558082,-0.2716474,-0.1833046,-0.23145638,-0.23770423,0.030549848,-0.78577536,-0.21290216,0.009374268,-0.38953233,-0.3003755,-0.010866634,-0.24412315,-0.29223442,-0.03000711,-0.2582528,-0.2632545
YES,0.0,0.0,0.0,-0.27534285,0.007640169,-0.13811813,-0.5497045,-0.07919154,-0.22686054,-0.72940457,-0.16552888,-0.30050662,-0.8119438,-0.29356262,-0.3503536,-0.6171821,-0.78682035,-0.1438409,-0.67817706,-0.39960352,-0.29965827,-0.61406976,-0.17583299,-0.4026191,-0.5666682,-0.14140697,-0.46204743,-0.4180455,-0.8953198,-0.14727443,-0.45182025,-0.39835277,-0.27540803,-0.41605362,-0.19700019,-0.3173814,-0.39704207,-0.2020501,-0.332839,-0.20062454,-0.8777342,-0.17203487,-0.23011039,-0.36559775,-0.28852424,-0.2110477,-0.19582579,-0.26666066,-0.20076528,-0.23100264,-0.23626925,0.0055633266,-0.7900497,-0.21526761,-0.0221462,-0.38251922,-0.2957304,-0.04220516,-0.22933121,-0.28357586,-0.059131037,-0.23755382,-0.25327593
YES,0.0,0.0,0.0,-0.28058246,0.022952491,-0.14940003,-0.56810343,-0.06391851,-0.24095607,-0.7665906,-0.15775803,-0.31420743,-0.8415913,-0.32726413,-0.35974815,-0.6293582,-0.7771153,-0.1503223,-0.68814826,-0.41044745,-0.3078014,-0.62021154,-0.18692628,-0.4001276,-0.56072396,-0.1382146,-0.44888055,-0.42806834,-0.8929808,-0.14724961,-0.45479387,-0.3985307,-0.28213283,-0.40720862,-0.18724237,-0.31809506,-0.3759993,-0.18371205,-0.32445145,-0.20476054,-0.87956244,-0.1668669,-0.22336358,-0.35673177,-0.2918157,-0.1989033,-0.17672592,-0.2645597,-0.18575448,-0.20512766,-0.22628662,0.007252778,-0.79233646,-0.20545481,-0.009752179,-0.37751812,-0.29533798,-0.022982521,-0.22119065,-0.28518185,-0.036423065,-0.22731182,-0.25263375
YES,0.0,0.0,0.0,-0.27951875,0.019267188,-0.14787038,-0.56125003,-0.070200145,-0.23815592,-0.753313,-0.15365152,-0.31112498,-0.826505,-0.29731494,-0.35677552,-0.6250231,-0.7806062,-0.1476663,-0.69333863,-0.40942863,-0.31245396,-0.6280401,-0.1822356,-0.41158783,-0.5681489,-0.13419758,-0.46364322,-0.42806044,-0.892898,-0.14756383,-0.46067786,-0.41065785,-0.29227322,-0.42184645,-0.19936082,-0.3336977,-0.39524037,-0.19528879,-0.34162256,-0.20968173,-0.87490416,-0.17116074,-0.22937767,-0.35534436,-0.30246922,-0.20918004,-0.17755648,-0.28064585,-0.19829004,-0.20526141,-0.24433061,-0.0032929697,-0.78488576,-0.21396902,-0.021773603,-0.37428868,-0.3061183,-0.03748416,-0.22143012,-0.2992186,-0.05451633,-0.2292044,-0.26883134
YES,0.0,0.0,0.0,-0.282832,0.00882332,-0.14325725,-0.5628392,-0.09053276,-0.23197167,-0.7513386,-0.17645971,-0.3051154,-0.83303744,-0.31427416,-0.35366473,-0.6011934,-0.7991036,-0.14462204,-0.67101526,-0.44370398,-0.3076064,-0.61125493,-0.2126105,-0.40960968,-0.5516811,-0.1431977,-0.4627886,-0.3989618,-0.90853745,-0.1458769,-0.43380904,-0.41574803,-0.2839237,-0.39661518,-0.20203447,-0.32898894,-0.36928102,-0.18989998,-0.34157538,-0.17789641,-0.88717836,-0.16993864,-0.2006707,-0.37552825,-0.29886264,-0.18305619,-0.19586687,-0.2817574,-0.17325982,-0.21623725,-0.2489479,0.031147795,-0.79515004,-0.21217676,0.015900398,-0.3964651,-0.3028973,-0.0048676236,-0.23637702,-0.29526964,-0.0249086,-0.23260354,-0.2642554
YES,0.0,0.0,0.0,-0.27827466,0.006575494,-0.13474691,-0.5560109,-0.09590703,-0.21907558,-0.7427396,-0.18672322,-0.28914997,-0.83839434,-0.31085452,-0.3355191,-0.6040226,-0.7969672,-0.1384599,-0.6701832,-0.42360955,-0.29855454,-0.6085817,-0.18936574,-0.40493968,-0.5528885,-0.12327897,-0.46304485,-0.40166584,-0.89606816,-0.14327028,-0.4362343,-0.39830244,-0.2755516,-0.39961827,-0.20043027,-0.32265085,-0.3743781,-0.19664313,-0.339392,-0.18118387,-0.8707138,-0.1694982,-0.2071834,-0.3682977,-0.2874683,-0.19153747,-0.21081546,-0.27065188,-0.18397067,-0.25063273,-0.2427219,0.026366487,-0.7756518,-0.2136782,0.007992971,-0.37856048,-0.29481125,-0.008279073,-0.23876579,-0.28452381,-0.021503631,-0.25953063,-0.2547565
YES,0.0,0.0,0.0,-0.2739208,0.015572865,-0.14718479,-0.5374272,-0.113352045,-0.23694514,-0.70551103,-0.21645278,-0.31104067,-0.82921857,-0.31624943,-0.3637508,-0.5695286,-0.8219715,-0.14236203,-0.6220898,-0.48364916,-0.3283365,-0.56823903,-0.22590026,-0.46238756,-0.51709217,-0.12724718,-0.534121,-0.3442213,-0.9158635,-0.14892387,-0.37722182,-0.51415235,-0.30530825,-0.3581653,-0.2669024,-0.36957175,-0.33696246,-0.20384945,-0.39264113,-0.108016305,-0.87929523,-0.180503,-0.13097076,-0.4688105,-0.32657352,-0.14107631,-0.24861299,-0.3200338,-0.148783,-0.21393766,-0.29077175,0.1092403,-0.7674615,-0.22933699,0.091086075,-0.42942303,-0.32660508,0.061241616,-0.25232643,-0.31505013,0.041280575,-0.22410403,-0.2806651
YES,0.0,0.0,0.0,-0.2852977,0.044585012,-0.183962,-0.5641954,-0.065148786,-0.29965645,-0.73932225,-0.17550923,-0.39043057,-0.8188216,-0.31286737,-0.45202544,-0.58652806,-0.80992895,-0.21608455,-0.6275489,-0.31208307,-0.42223647,-0.5337923,-0.11128826,-0.55394214,-0.48006862,-0.1761613,-0.6315812,-0.34475562,-0.9053644,-0.21339175,-0.37426624,-0.3392891,-0.3890089,-0.32282168,-0.14562649,-0.4394356,-0.30319136,-0.21387194,-0.45808837,-0.0963027,-0.8704252,-0.23739718,-0.1202021,-0.3203071,-0.40454283,-0.10605952,-0.1501659,-0.37408727,-0.112545066,-0.2247067,-0.33187357,0.13024242,-0.7654962,-0.28342155,0.12270558,-0.34419566,-0.4005466,0.10644696,-0.19471061,-0.3896122,0.08545922,-0.23374662,-0.35601953
YES,0.0,0.0,0.0,-0.28700688,0.021800894,-0.16374448,-0.5765392,-0.11100958,-0.25379005,-0.7718871,-0.24619354,-0.31931826,-0.9165173,-0.39999503,-0.35345918,-0.6042793,-0.762428,-0.19258495,-0.6377647,-0.27173254,-0.37640727,-0.54468185,-0.069497816,-0.4839723,-0.48836577,-0.119474396,-0.545309,-0.38720998,-0.8452103,-0.18876365,-0.40377733,-0.2727486,-0.3437424,-0.35597327,-0.095269755,-0.37834013,-0.33888125,-0.17480992,-0.38869163,-0.15397479,-0.8079928,-0.20972991,-0.16542137,-0.24102575,-0.35552374,-0.14967479,-0.08921304,-0.31813672,-0.15220414,-0.18220511,-0.27616432,0.060656153,-0.70806825,-0.25124782,0.04811776,-0.26714754,-0.3587167,0.035463326,-0.14062084,-0.3489352,0.022926675,-0.20622818,-0.3188622
YES,0.0,0.0,0.0,-0.29733458,0.042974804,-0.16725644,-0.5763391,-0.014200277,-0.2805951,-0.76184714,-0.08585736,-0.37166154,-0.77850497,-0.21637307,-0.43274966,-0.648068,-0.76158243,-0.19624576,-0.67605764,-0.26198244,-0.37348735,-0.5943489,-0.0645965,-0.47951993,-0.5534148,-0.11686801,-0.5419124,-0.4205898,-0.8516217,-0.19376989,-0.4432178,-0.24742067,-0.34396544,-0.39462006,-0.07662977,-0.3786261,-0.3838082,-0.15782315,-0.388401,-0.18055247,-0.8179845,-0.21460235,-0.20695555,-0.21364649,-0.35011727,-0.18506981,-0.074903384,-0.31259236,-0.18647823,-0.16671892,-0.27017063,0.036884047,-0.71299994,-0.25685906,0.011973444,-0.23598574,-0.34894884,0.0028539717,-0.12951665,-0.33548617,-0.00973256,-0.20225032,-0.30310208
YES,0.0,0.0,0.0,-0.31303635,0.03930809,-0.16219951,-0.5912262,-0.02903811,-0.26921868,-0.76580954,-0.10106541,-0.35613188,-0.7804181,-0.21885109,-0.41512635,-0.63000625,-0.77659,-0.182098,-0.65953153,-0.25734314,-0.35562232,-0.5757096,-0.0519061,-0.46483958,-0.5315671,-0.09986225,-0.52801937,-0.3932419,-0.8611898,-0.1811716,-0.41823468,-0.2252813,-0.32570747,-0.3713983,-0.058713257,-0.36183015,-0.36094147,-0.14620708,-0.3721788,-0.14815192,-0.821419,-0.20354956,-0.18014032,-0.20428215,-0.33357915,-0.16195287,-0.07457869,-0.29857352,-0.1627158,-0.16738917,-0.25591978,0.07363352,-0.71544164,-0.24717773,0.045967653,-0.24776217,-0.33178604,0.02957906,-0.14092992,-0.31378403,0.015147546,-0.2049342,-0.27714688
YES,0.0,0.0,0.0,-0.30300227,0.023357468,-0.14790756,-0.58153373,-0.051221956,-0.2454107,-0.76527345,-0.1278062,-0.3242274,-0.78689957,-0.23867518,-0.37514502,-0.6365709,-0.7712182,-0.1697884,-0.6707676,-0.26560205,-0.3336338,-0.57991624,-0.070319064,-0.43359762,-0.52618533,-0.122831054,-0.49146488,-0.40853062,-0.8576127,-0.17107712,-0.43229342,-0.24583608,-0.30565998,-0.37532076,-0.087864175,-0.3357884,-0.3532979,-0.1658143,-0.34379986,-0.17159447,-0.8225638,-0.1938531,-0.20222245,-0.21580023,-0.31605712,-0.17239748,-0.09054822,-0.27993047,-0.16360871,-0.1777217,-0.23936093,0.043908004,-0.7192641,-0.23652586,0.0152758425,-0.2478848,-0.31850863,0.013451069,-0.14853498,-0.30282557,0.0102844965,-0.21841294,-0.26945964
YES,0.0,0.0,0.0,-0.3098957,0.022721883,-0.14942056,-0.5803742,-0.044204194,-0.2510064,-0.7607725,-0.11174525,-0.334425,-0.7562581,-0.20295732,-0.3898626,-0.6336707,-0.7736029,-0.17179996,-0.6732443,-0.26554626,-0.32903245,-0.58588636,-0.06067928,-0.42057848,-0.5344531,-0.1034646,-0.47334358,-0.4015034,-0.8599692,-0.17389317,-0.43324944,-0.22430354,-0.30661356,-0.37404072,-0.06064795,-0.33352625,-0.35279787,-0.14217786,-0.33841076,-0.16259763,-0.8227941,-0.19674776,-0.19950505,-0.19744489,-0.31547388,-0.1682116,-0.068861365,-0.2770643,-0.15851001,-0.15668656,-0.23464593,0.05428131,-0.71555084,-0.23983626,0.024888158,-0.2327173,-0.31688356,0.021911588,-0.1316877,-0.2981847,0.017985899,-0.20082352,-0.26265123
YES,0.0,0.0,0.0,-0.29917312,0.033225916,-0.16051638,-0.5667995,-0.04345401,-0.267331,-0.7402086,-0.11276174,-0.35392377,-0.7582475,-0.22005658,-0.4104892,-0.62523925,-0.7804331,-0.17933282,-0.668007,-0.2729243,-0.36621663,-0.5661524,-0.07510641,-0.48185527,-0.5148113,-0.14742875,-0.549257,-0.40116623,-0.86656207,-0.18062289,-0.43847972,-0.24963558,-0.34367168,-0.3673897,-0.07858251,-0.38179028,-0.34905767,-0.18417117,-0.38879785,-0.16636506,-0.8293353,-0.20661473,-0.19957437,-0.22024311,-0.35040987,-0.16239423,-0.08151608,-0.3101151,-0.15813114,-0.1873732,-0.26141018,0.046607777,-0.7249794,-0.25403142,0.025081785,-0.2471368,-0.34894797,0.030744653,-0.14404558,-0.3334233,0.026466077,-0.23515742,-0.29716665
YES,0.0,0.0,0.0,-0.29591385,0.035964612,-0.16095923,-0.56739527,-0.026406795,-0.27120855,-0.75128025,-0.091717474,-0.36183777,-0.7628749,-0.20162916,-0.42350945,-0.62766653,-0.7784823,-0.18582653,-0.66209155,-0.29514235,-0.3633018,-0.58217835,-0.08260094,-0.47202766,-0.5379179,-0.11177041,-0.53485894,-0.40105948,-0.86738044,-0.18459563,-0.42164132,-0.23893394,-0.33558372,-0.368237,-0.0760454,-0.37093282,-0.35438982,-0.16384423,-0.37953484,-0.1629267,-0.83141285,-0.20658028,-0.18434097,-0.20396365,-0.33731884,-0.15303385,-0.07918957,-0.29684314,-0.14557138,-0.17593269,-0.2513335,0.051784772,-0.72354877,-0.25046504,0.034371488,-0.23681699,-0.33899415,0.035290614,-0.14760692,-0.32366315,0.030928385,-0.23744498,-0.28878924
YES,0.0,0.0,0.0,-0.30119696,0.026596062,-0.15934801,-0.57809985,-0.057375014,-0.26141113,-0.74767375,-0.13767685,-0.34414732,-0.7538549,-0.24007627,-0.39858693,-0.61657184,-0.78729856,-0.1764894,-0.652559,-0.30479616,-0.34624302,-0.57377684,-0.098886035,-0.44878185,-0.5339339,-0.13339539,-0.5070966,-0.38721558,-0.8769358,-0.17625275,-0.4058518,-0.27358207,-0.3241357,-0.3597839,-0.11036771,-0.36147764,-0.35125634,-0.192171,-0.3701469,-0.14854583,-0.8414472,-0.1987466,-0.16887954,-0.25915223,-0.3334425,-0.1457729,-0.11545672,-0.29767174,-0.142095,-0.19026542,-0.2520903,0.07024063,-0.7386226,-0.2424428,0.060069215,-0.30665588,-0.331802,0.052415833,-0.18161282,-0.3133912,0.045004103,-0.2247766,-0.27452624
YES,0.0,0.0,0.0,-0.27773148,0.041749533,-0.17184554,-0.5475772,-0.073491335,-0.2767134,-0.7098419,-0.18122183,-0.36101645,-0.7677648,-0.33318588,-0.4191278,-0.58133185,-0.8136666,-0.17166372,-0.6177463,-0.4145632,-0.36458755,-0.5559454,-0.19309631,-0.49425605,-0.5271086,-0.20041583,-0.5683834,-0.35227057,-0.9078496,-0.16977656,-0.36812115,-0.42496347,-0.3410002,-0.33846992,-0.2147416,-0.40173548,-0.33667502,-0.24198695,-0.42310104,-0.11139646,-0.8766989,-0.19479452,-0.123464294,-0.38863915,-0.3587508,-0.1179013,-0.1958873,-0.344197,-0.13448863,-0.23060122,-0.30890393,0.11009256,-0.77374154,-0.23955807,0.104033574,-0.39939314,-0.35075563,0.08308755,-0.2309556,-0.34208554,0.054610364,-0.23872842,-0.30888632
YES,0.0,0.0,0.0,-0.27838445,0.03245391,-0.17568964,-0.56099015,-0.07075994,-0.286254,-0.7452584,-0.17863345,-0.37430087,-0.8426186,-0.34249002,-0.43453732,-0.59494644,-0.80376536,-0.20602314,-0.6379165,-0.36029208,-0.41680512,-0.5673463,-0.137219,-0.5530904,-0.5256359,-0.14996703,-0.63045317,-0.36910236,-0.906353,-0.20496784,-0.38561288,-0.3584339,-0.38696343,-0.34766197,-0.15373155,-0.4456399,-0.33717242,-0.19144619,-0.46643975,-0.12692744,-0.87963426,-0.23027302,-0.12915312,-0.3113974,-0.40215722,-0.11325192,-0.1398193,-0.38225374,-0.120404534,-0.20664562,-0.34429863,0.097155266,-0.78289956,-0.27644014,0.09743422,-0.33759063,-0.39850378,0.08706466,-0.18398134,-0.3939079,0.06990426,-0.21995272,-0.36239427
YES,0.0,0.0,0.0,-0.2764158,0.024054326,-0.17137647,-0.5546458,-0.09484425,-0.27646637,-0.7357251,-0.20799206,-0.36054188,-0.83612317,-0.3646071,-0.4176623,-0.590658,-0.80692214,-0.18994184,-0.62725973,-0.3978361,-0.3964341,-0.55744284,-0.16733687,-0.53176564,-0.5162354,-0.16596225,-0.60823417,-0.36854187,-0.90642196,-0.1892947,-0.37874234,-0.39546007,-0.3699561,-0.3473941,-0.18460192,-0.43009087,-0.34108555,-0.20960647,-0.45080063,-0.13007139,-0.87833667,-0.21556833,-0.13252674,-0.35077155,-0.3848123,-0.12325708,-0.16938102,-0.36676824,-0.13313282,-0.22133842,-0.32961625,0.08905013,-0.78077894,-0.2621913,0.08893615,-0.36541095,-0.380641,0.07408959,-0.20915973,-0.3753347,0.055962354,-0.2367819,-0.34380296
YES,0.0,0.0,0.0,-0.28751227,0.025347328,-0.15506393,-0.5787264,-0.09920083,-0.25046557,-0.7679488,-0.21694858,-0.32806757,-0.86842513,-0.3643094,-0.37951326,-0.6076244,-0.79422456,-0.16005439,-0.6424097,-0.39741838,-0.35843447,-0.570484,-0.17015216,-0.49139577,-0.53039265,-0.15140331,-0.5657092,-0.38832,-0.89376783,-0.16709462,-0.40697178,-0.41029862,-0.3420573,-0.37012482,-0.18862595,-0.4041519,-0.36008713,-0.19063091,-0.42419025,-0.15011004,-0.86455077,-0.19961973,-0.16342358,-0.35790217,-0.36195698,-0.15295525,-0.17466478,-0.34705552,-0.16788588,-0.22229724,-0.3119388,0.067274526,-0.7617881,-0.25079465,0.061643954,-0.34761405,-0.36125082,0.043864783,-0.19768554,-0.35378885,0.017109592,-0.23137544,-0.3216169
YES,0.0,0.0,0.0,-0.26973313,0.03860812,-0.17709178,-0.54142106,-0.04913016,-0.29816216,-0.71027404,-0.1333766,-0.3996134,-0.7440238,-0.25811967,-0.47699675,-0.6014009,-0.7989474,-0.19116975,-0.6240013,-0.43564814,-0.39523086,-0.5570834,-0.20258671,-0.5315602,-0.51903665,-0.17906733,-0.61073315,-0.36999157,-0.90521586,-0.19532695,-0.3811746,-0.5066733,-0.38092184,-0.35528496,-0.2711549,-0.44521204,-0.34772676,-0.25376016,-0.46758643,-0.124437444,-0.88371104,-0.22687156,-0.13173811,-0.45433626,-0.40284726,-0.13102268,-0.24095817,-0.39203033,-0.14589632,-0.2502597,-0.35771823,0.101014495,-0.78814805,-0.27806637,0.09568268,-0.44351563,-0.3935824,0.06370767,-0.25687873,-0.38628608,0.02692183,-0.24027905,-0.35641864
YES,0.0,0.0,0.0,-0.25820878,0.025380492,-0.18128256,-0.52424675,-0.06980491,-0.30411765,-0.692906,-0.16063519,-0.40847918,-0.7495891,-0.30513546,-0.48761398,-0.5867542,-0.80976504,-0.18734084,-0.6183861,-0.5184339,-0.4102863,-0.5567874,-0.24800546,-0.560142,-0.5155971,-0.18182401,-0.64486456,-0.3607028,-0.9151371,-0.19360627,-0.38287622,-0.603189,-0.4047918,-0.36263216,-0.31672785,-0.47933033,-0.35012025,-0.2504659,-0.49999878,-0.120689996,-0.8954457,-0.23005596,-0.13471131,-0.5207123,-0.42011917,-0.13944322,-0.27038527,-0.41275036,-0.15464768,-0.2509563,-0.3760444,0.09853224,-0.8012735,-0.28664887,0.0925378,-0.46949092,-0.40663972,0.055576526,-0.2697786,-0.40050742,0.015817385,-0.24621543,-0.37024045
YES,0.0,0.0,0.0,-0.26833043,0.029159075,-0.15991971,-0.5429195,-0.09472174,-0.26432616,-0.71648026,-0.2021984,-0.3564646,-0.8305271,-0.32056674,-0.42545235,-0.5832422,-0.81229836,-0.16485241,-0.6849793,-0.57538635,-0.40059268,-0.6589869,-0.25486916,-0.5565418,-0.6076548,-0.08377979,-0.6337875,-0.36650652,-0.91793275,-0.18062522,-0.4260065,-0.57990444,-0.40376785,-0.41073596,-0.23739733,-0.48127654,-0.38454032,-0.11495154,-0.49253002,-0.13365477,-0.8821814,-0.22696291,-0.16146854,-0.45229852,-0.42064297,-0.1626635,-0.17046906,-0.4104719,-0.17121898,-0.123586796,-0.36526546,0.078588076,-0.7658525,-0.29200563,0.06991915,-0.36178386,-0.4115786,0.0424084,-0.15015347,-0.39926812,0.008965477,-0.13583624,-0.35899574
YES,0.0,0.0,0.0,-0.29325905,0.031330284,-0.16012987,-0.57192045,-0.060095854,-0.27258292,-0.7610169,-0.14870892,-0.36556274,-0.8817032,-0.2737641,-0.43381348,-0.6213004,-0.78357244,-0.19528504,-0.6852296,-0.39862892,-0.40778953,-0.62908983,-0.15471461,-0.5542588,-0.57217795,-0.06485393,-0.63394713,-0.3946105,-0.8864981,-0.20374474,-0.42578304,-0.4115804,-0.38673592,-0.3923845,-0.17561658,-0.45523506,-0.36235535,-0.12715723,-0.4801767,-0.14742494,-0.8553394,-0.23627871,-0.1550733,-0.3523392,-0.3961848,-0.14544071,-0.16205266,-0.37984696,-0.14524871,-0.16884659,-0.34571144,0.083795376,-0.7481566,-0.28849417,0.085024685,-0.35220495,-0.39640614,0.06179228,-0.19398762,-0.38348806,0.036281545,-0.19892949,-0.3481967
YES,0.0,0.0,0.0,-0.28898597,0.049808532,-0.16657625,-0.5680249,-0.014816733,-0.27612573,-0.7513351,-0.08703411,-0.3624684,-0.8283371,-0.20577769,-0.4192812,-0.65416825,-0.756349,-0.19991879,-0.67654806,-0.26466724,-0.38209742,-0.58011895,-0.07294227,-0.4958787,-0.51861936,-0.11860421,-0.5627835,-0.43037575,-0.85991174,-0.1980862,-0.4335365,-0.28586972,-0.34708276,-0.38325414,-0.11846958,-0.38498437,-0.36137688,-0.18626076,-0.39953583,-0.18898994,-0.83371305,-0.21996345,-0.19224642,-0.25131646,-0.35544792,-0.17034736,-0.10825212,-0.32108864,-0.1636568,-0.1886993,-0.28273326,0.03480749,-0.73505574,-0.26342025,0.02369949,-0.28248915,-0.36022073,0.011333444,-0.1663435,-0.34992674,-0.0019094365,-0.22581407,-0.3204494
YES,0.0,0.0,0.0,-0.28873822,0.030443134,-0.15577854,-0.5652517,-0.048509136,-0.25027275,-0.75164634,-0.12826636,-0.32302493,-0.80815434,-0.26042604,-0.36597067,-0.62734234,-0.7787436,-0.16969042,-0.65079725,-0.2915844,-0.32498243,-0.5678428,-0.089079015,-0.41456017,-0.5279954,-0.1365351,-0.46743238,-0.40518698,-0.87529296,-0.16665886,-0.4228406,-0.28036812,-0.29936665,-0.37403762,-0.1081697,-0.32576346,-0.36488345,-0.19365957,-0.33097383,-0.17159161,-0.84345126,-0.18598163,-0.19596098,-0.2507152,-0.30603725,-0.17530061,-0.10250876,-0.26543424,-0.1738895,-0.18795046,-0.22282763,0.04207534,-0.7377189,-0.22598301,0.019986484,-0.27450022,-0.31264314,0.0075642667,-0.15671864,-0.29984683,-0.004348799,-0.21701218,-0.26811036
YES,0.0,0.0,0.0,-0.28517276,0.023811616,-0.15809754,-0.56246215,-0.07271059,-0.25247464,-0.74979717,-0.1708412,-0.3255101,-0.80536723,-0.28770784,-0.3680396,-0.6219958,-0.78302056,-0.16442496,-0.650423,-0.31632102,-0.32972717,-0.5672749,-0.103386335,-0.4246458,-0.5226345,-0.14088857,-0.47745514,-0.40160277,-0.87870836,-0.1606164,-0.41230002,-0.30282038,-0.30095685,-0.3582911,-0.11883418,-0.32810238,-0.341406,-0.19449742,-0.3304527,-0.16863202,-0.84805954,-0.18131255,-0.1745754,-0.2678808,-0.31078476,-0.15050815,-0.11175207,-0.27381417,-0.14573523,-0.1934388,-0.22976725,0.047894184,-0.7506257,-0.22254111,0.037851755,-0.30977994,-0.311685,0.024794519,-0.16991542,-0.29925615,0.011605969,-0.21307959,-0.26627684
YES,0.0,0.0,0.0,-0.28333732,0.023998855,-0.15606183,-0.5566535,-0.05924239,-0.25233302,-0.74653304,-0.15158679,-0.32572523,-0.79428977,-0.26757506,-0.3677564,-0.630319,-0.7763362,-0.17425098,-0.65295786,-0.2952881,-0.33066106,-0.5659159,-0.09370907,-0.41616282,-0.5201573,-0.14032316,-0.46513173,-0.41197762,-0.8704119,-0.17026062,-0.42089283,-0.27722877,-0.30703673,-0.36385208,-0.103479534,-0.3319436,-0.34661275,-0.18334548,-0.334684,-0.18144722,-0.8405739,-0.18815939,-0.18968096,-0.24118334,-0.31182933,-0.16219662,-0.09440099,-0.2743009,-0.15868476,-0.18247128,-0.23338965,0.031485796,-0.74041235,-0.2264351,0.020157706,-0.27555138,-0.31389737,0.014337504,-0.14966,-0.30337605,0.0035242664,-0.20854849,-0.2736287
YES,0.0,0.0,0.0,-0.2859239,0.022644073,-0.15308265,-0.56264275,-0.048818,-0.24939755,-0.7595028,-0.13063969,-0.32393172,-0.791819,-0.23088026,-0.36723772,-0.64527255,-0.7639525,-0.17542288,-0.6816313,-0.29961815,-0.32792473,-0.5952607,-0.093750015,-0.40904886,-0.5444776,-0.12030513,-0.45499486,-0.42848137,-0.8633557,-0.17201,-0.4451893,-0.2661792,-0.30623496,-0.38753667,-0.09549395,-0.32967556,-0.36565763,-0.16761728,-0.33151686,-0.19694163,-0.83504313,-0.18961379,-0.20826454,-0.22622377,-0.30940026,-0.18020093,-0.087775186,-0.27302378,-0.17245184,-0.17226784,-0.23337467,0.018226098,-0.7337591,-0.2275427,0.0066866474,-0.2641985,-0.31232312,0.0008635023,-0.15013069,-0.30233914,-0.008572151,-0.2089801,-0.2733133
YES,0.0,0.0,0.0,-0.27647993,0.017774552,-0.14570324,-0.545772,-0.060771905,-0.23638654,-0.739489,-0.13748556,-0.30862305,-0.81240314,-0.21716268,-0.35193422,-0.6453734,-0.76386726,-0.15846454,-0.67818224,-0.34175888,-0.319757,-0.61017317,-0.10387887,-0.41486672,-0.5647987,-0.07844939,-0.46795502,-0.43231717,-0.8628733,-0.15873119,-0.44043386,-0.30028924,-0.2946869,-0.3974693,-0.10529479,-0.32205552,-0.38200232,-0.14990549,-0.32561225,-0.20124294,-0.8324092,-0.18172729,-0.20176876,-0.24834321,-0.29703054,-0.1870884,-0.09638021,-0.25794747,-0.1889016,-0.16983198,-0.21742085,0.012314483,-0.727232,-0.2254618,0.010262032,-0.26639068,-0.30504534,-0.000585251,-0.1509129,-0.29080576,-0.014053288,-0.2141332,-0.25945592
YES,0.0,0.0,0.0,-0.2761094,0.029043177,-0.1476036,-0.5422949,-0.045571003,-0.24086289,-0.7318151,-0.11909495,-0.31426033,-0.8030138,-0.17189577,-0.35820535,-0.6495035,-0.7603586,-0.15956663,-0.6872465,-0.28505605,-0.31900123,-0.6050103,-0.0655644,-0.41167393,-0.5492912,-0.07038183,-0.4636791,-0.43122354,-0.8503081,-0.16085732,-0.453205,-0.2628121,-0.29628277,-0.3901012,-0.08205495,-0.32188684,-0.35825878,-0.1464021,-0.32450965,-0.19783567,-0.8133247,-0.18473296,-0.21052648,-0.2212096,-0.30062473,-0.1851529,-0.072588414,-0.26171997,-0.17788602,-0.1528417,-0.22113334,0.020510165,-0.70421976,-0.22929111,0.011596332,-0.24541928,-0.3075138,0.007094324,-0.13742979,-0.29340622,-0.00024800334,-0.20830964,-0.26252687
YES,0.0,0.0,0.0,-0.27814236,0.054332454,-0.16369069,-0.53995943,0.0034082045,-0.2661323,-0.72747225,-0.04880746,-0.3470488,-0.81742966,-0.1044922,-0.39723882,-0.6633055,-0.7483487,-0.19200611,-0.7201987,-0.26843214,-0.36870626,-0.62790763,-0.030267766,-0.46866268,-0.5517367,-0.004541841,-0.5213525,-0.44175076,-0.8505404,-0.1926403,-0.46942636,-0.23806702,-0.34876204,-0.39826563,-0.04060547,-0.38253334,-0.35461128,-0.08217334,-0.38518646,-0.20319219,-0.81358606,-0.21675193,-0.21288738,-0.19238594,-0.34869507,-0.17888013,-0.039481867,-0.31014255,-0.16222624,-0.10750277,-0.26469696,0.022186846,-0.6934733,-0.26304108,0.018918635,-0.2145623,-0.353855,0.017804151,-0.092084,-0.33865508,0.0152758155,-0.14484003,-0.30205375
YES,0.0,0.0,0.0,-0.28010648,0.039786488,-0.16032755,-0.54160845,-0.043500666,-0.2596202,-0.7138525,-0.11124088,-0.3401146,-0.7920756,-0.18408184,-0.39348948,-0.6320541,-0.7749243,-0.18314332,-0.69005036,-0.38378507,-0.36447513,-0.6291772,-0.12258905,-0.47149807,-0.56858236,-0.038637325,-0.525744,-0.4084252,-0.88599753,-0.18967755,-0.43347096,-0.37670967,-0.3543996,-0.4029563,-0.13171653,-0.40220344,-0.38253945,-0.107602276,-0.4100357,-0.16905966,-0.8509373,-0.2203861,-0.1745667,-0.32159933,-0.36878797,-0.1685728,-0.12347175,-0.3474244,-0.1705865,-0.13145211,-0.3072371,0.055429894,-0.72794956,-0.2713764,0.06788524,-0.33226115,-0.37617874,0.044408556,-0.15965687,-0.36513025,0.021344053,-0.14082699,-0.32789534
YES,0.0,0.0,0.0,-0.28525344,0.04498078,-0.17862345,-0.56294006,-0.03030291,-0.28598857,-0.7535152,-0.10501933,-0.365728,-0.84282583,-0.20110849,-0.41333792,-0.64222527,-0.76651603,-0.20945323,-0.6708962,-0.2643007,-0.38568747,-0.5894799,-0.05529546,-0.48559192,-0.542206,-0.08200896,-0.54256845,-0.40971196,-0.85829514,-0.20184544,-0.4268555,-0.26156613,-0.35926613,-0.3768873,-0.08851737,-0.39306805,-0.35962754,-0.16597511,-0.3997495,-0.16595507,-0.8169509,-0.21842095,-0.17700411,-0.23267183,-0.36261967,-0.15673979,-0.07679994,-0.3229238,-0.15240994,-0.14635552,-0.27548662,0.060808275,-0.70319545,-0.25723282,0.058342595,-0.2759832,-0.36435857,0.041995347,-0.1396316,-0.353157,0.025970804,-0.17438418,-0.3180509
YES,0.0,0.0,0.0,-0.28639805,0.027895737,-0.16450351,-0.5616728,-0.051832415,-0.2651518,-0.75157654,-0.13756844,-0.34204522,-0.8038894,-0.24012181,-0.38760716,-0.62803483,-0.7781852,-0.18858223,-0.67573196,-0.29163578,-0.346038,-0.5892932,-0.08637603,-0.43161747,-0.5370866,-0.117809564,-0.480492,-0.40216655,-0.8713006,-0.18256104,-0.435354,-0.25858402,-0.31693646,-0.36788765,-0.09678666,-0.33934352,-0.34004098,-0.18642601,-0.34184512,-0.16385928,-0.8359473,-0.19904675,-0.18831316,-0.22053348,-0.3175993,-0.15284462,-0.091755,-0.27580371,-0.13843718,-0.18609157,-0.23360959,0.057138104,-0.72910666,-0.23729894,0.034281574,-0.25755873,-0.3202513,0.031679362,-0.15395275,-0.3061052,0.031230114,-0.22450608,-0.27480635
YES,0.0,0.0,0.0,-0.28066918,0.008680562,-0.15496495,-0.5451711,-0.09077515,-0.24832797,-0.7235491,-0.18504983,-0.32063293,-0.77157116,-0.2850367,-0.36401168,-0.6054939,-0.7958499,-0.16227296,-0.6334224,-0.33585173,-0.3225329,-0.56331116,-0.13328604,-0.41726243,-0.524302,-0.16072538,-0.47108185,-0.38327256,-0.8857923,-0.15869614,-0.3947549,-0.3236117,-0.2940837,-0.35289606,-0.15636346,-0.3233756,-0.34347317,-0.23119088,-0.32929686,-0.1501315,-0.8504209,-0.17853999,-0.16145116,-0.27934176,-0.3003635,-0.14364569,-0.1442314,-0.26654142,-0.14265466,-0.23683238,-0.22778527,0.061725657,-0.7458439,-0.21917574,0.051530853,-0.29944953,-0.3013104,0.040651437,-0.19384569,-0.29047808,0.029598553,-0.2669617,-0.26162118
YES,0.0,0.0,0.0,-0.2792474,0.016725488,-0.15704535,-0.544421,-0.06525218,-0.25539595,-0.7250803,-0.1438709,-0.3323436,-0.7856877,-0.23824541,-0.38037574,-0.6252554,-0.7804202,-0.1737162,-0.6486796,-0.33070177,-0.33382982,-0.57900894,-0.12586449,-0.42593086,-0.5383273,-0.1427222,-0.47811803,-0.40283945,-0.87598646,-0.171631,-0.40889227,-0.33311966,-0.30812186,-0.37089407,-0.15397097,-0.3379136,-0.36100322,-0.2118061,-0.3445358,-0.16831161,-0.8464867,-0.1922392,-0.17615557,-0.29305935,-0.3192309,-0.16094567,-0.13973668,-0.28720328,-0.16122273,-0.21607582,-0.24904726,0.046215996,-0.7473399,-0.23316912,0.0351573,-0.31399518,-0.32068238,0.016159179,-0.17925048,-0.30911636,-0.0024220392,-0.22352679,-0.27894944
YES,0.0,0.0,0.0,-0.28515115,0.0032646037,-0.15063587,-0.54245436,-0.06281148,-0.25463712,-0.72444046,-0.11111598,-0.3391543,-0.7514776,-0.13599837,-0.39718527,-0.6376691,-0.7703104,-0.1784823,-0.6737746,-0.2843489,-0.3419141,-0.6106857,-0.06676128,-0.4413347,-0.5621608,-0.057815325,-0.4987064,-0.41553268,-0.8498114,-0.180696,-0.4301719,-0.2593288,-0.31894383,-0.3857916,-0.0959985,-0.35203746,-0.36251456,-0.15383077,-0.3623802,-0.1810185,-0.8061773,-0.20369512,-0.19098367,-0.20584399,-0.31980318,-0.17672491,-0.08314119,-0.284969,-0.1756855,-0.1688896,-0.24837737,0.03372519,-0.6916955,-0.2479713,0.022234792,-0.22987136,-0.3236902,0.013222383,-0.13782352,-0.3077004,-6.189543e-05,-0.21684878,-0.27719715
YES,0.0,0.0,0.0,-0.28319606,0.023760935,-0.16085365,-0.5441298,-0.03787436,-0.26393855,-0.72680795,-0.090908326,-0.34552965,-0.78528446,-0.13974838,-0.39821145,-0.6447122,-0.7644254,-0.18507509,-0.6912716,-0.289249,-0.35352615,-0.6200806,-0.065569736,-0.4529367,-0.5682748,-0.0524996,-0.50783986,-0.41924515,-0.8590236,-0.18335447,-0.44204786,-0.27379307,-0.32294318,-0.3896273,-0.0992303,-0.3533956,-0.3652755,-0.16120368,-0.35954288,-0.17929329,-0.8214905,-0.20446211,-0.18927912,-0.21819174,-0.3250471,-0.16821595,-0.081369564,-0.28716806,-0.1638599,-0.16610034,-0.24594699,0.041949257,-0.7075367,-0.24747233,0.03421481,-0.24115635,-0.328945,0.023172747,-0.13330197,-0.3120636,0.010557711,-0.19952777,-0.27802908
YES,0.0,0.0,0.0,-0.2899926,0.033701055,-0.15509327,-0.5563404,-0.021300767,-0.2572364,-0.74190813,-0.082553275,-0.3390333,-0.7952714,-0.15867105,-0.393019,-0.6585736,-0.75251627,-0.18115166,-0.69621485,-0.2769754,-0.34140182,-0.6220197,-0.06049388,-0.4368902,-0.5675761,-0.046435077,-0.49014163,-0.43467888,-0.8495667,-0.18187976,-0.45316806,-0.27406612,-0.3130723,-0.40268058,-0.09282818,-0.3435838,-0.3751677,-0.1341988,-0.3511963,-0.19446364,-0.8154167,-0.20349555,-0.20620753,-0.23379688,-0.31966332,-0.19048998,-0.09152619,-0.28526977,-0.18522334,-0.15828565,-0.24698845,0.030474056,-0.7033143,-0.24596654,0.022493092,-0.25666568,-0.32648918,0.005708907,-0.1454686,-0.31090063,-0.0075714095,-0.19217512,-0.27739865
YES,0.0,0.0,0.0,-0.29055935,0.03383423,-0.15997976,-0.5601905,-0.020005776,-0.26494658,-0.7472044,-0.06534112,-0.34943485,-0.8011617,-0.11687,-0.40673295,-0.64585096,-0.76346356,-0.2033953,-0.71061563,-0.31170005,-0.372987,-0.64195627,-0.07067382,-0.46880546,-0.5761094,-0.0052270344,-0.5180714,-0.4215634,-0.85722977,-0.20346218,-0.4593131,-0.26307428,-0.35220513,-0.40863708,-0.076062664,-0.38832784,-0.37656054,-0.09331434,-0.39542532,-0.1817556,-0.8150064,-0.22405447,-0.20152883,-0.23776,-0.35458487,-0.18198018,-0.08748665,-0.3230694,-0.17209664,-0.119533494,-0.28201243,0.046925094,-0.69514984,-0.2654757,0.04968878,-0.28457624,-0.36020178,0.03754181,-0.14912088,-0.34650367,0.026033388,-0.15400673,-0.3099209
YES,0.0,0.0,0.0,-0.2796877,0.018441116,-0.16165125,-0.54364145,-0.04925087,-0.26799777,-0.72656846,-0.11430997,-0.35284436,-0.77031124,-0.20410013,-0.4098825,-0.63511527,-0.7724174,-0.19788533,-0.6785346,-0.30039284,-0.3750194,-0.6064418,-0.079008974,-0.48301178,-0.5532978,-0.064508885,-0.5439134,-0.4094248,-0.87138516,-0.19805743,-0.42748863,-0.29507184,-0.346514,-0.38178375,-0.12336205,-0.38466644,-0.3613832,-0.16953889,-0.39617503,-0.16907446,-0.835018,-0.22063006,-0.17613187,-0.24505839,-0.35216704,-0.160002,-0.10631108,-0.32165006,-0.15710862,-0.17423739,-0.28404868,0.0508115,-0.718991,-0.26436093,0.04667251,-0.26197258,-0.3587179,0.031258434,-0.14891799,-0.35001498,0.015406096,-0.20027193,-0.32009056
YES,0.0,0.0,0.0,-0.28132662,0.026751287,-0.16789278,-0.55310166,-0.034824442,-0.27773806,-0.7421819,-0.10717928,-0.3645564,-0.765113,-0.20143612,-0.42190337,-0.63602835,-0.7716657,-0.19597384,-0.65570456,-0.3252525,-0.36406538,-0.5953386,-0.098316,-0.46220577,-0.55542135,-0.087277815,-0.5186283,-0.40877095,-0.87036973,-0.19142197,-0.4101297,-0.30896342,-0.33580142,-0.38067514,-0.12289883,-0.3681226,-0.37079978,-0.16601014,-0.37575474,-0.16696638,-0.83805466,-0.2096964,-0.16526894,-0.252273,-0.33770478,-0.15804395,-0.109086655,-0.30518502,-0.16010477,-0.18140079,-0.26691946,0.052540325,-0.7322451,-0.24984105,0.054814856,-0.27825174,-0.3405793,0.035834726,-0.16746007,-0.33226135,0.01726089,-0.22329655,-0.3038646
YES,0.0,0.0,0.0,-0.2891762,0.018442536,-0.1551524,-0.56327635,-0.049874194,-0.2568532,-0.7521236,-0.11985782,-0.3388668,-0.79102784,-0.19037637,-0.39449784,-0.64179,-0.76688045,-0.18167235,-0.67149264,-0.33787933,-0.34357965,-0.6174563,-0.1086876,-0.43984097,-0.5765781,-0.067417435,-0.4929772,-0.41834354,-0.86385196,-0.18050331,-0.42737535,-0.31135952,-0.31636095,-0.39760837,-0.127774,-0.35203817,-0.3867329,-0.15556078,-0.36320797,-0.17879672,-0.83349735,-0.20019707,-0.18428749,-0.27119964,-0.3230242,-0.17846882,-0.12158326,-0.29499546,-0.1849709,-0.17423266,-0.2598214,0.040900506,-0.734305,-0.23997241,0.03580791,-0.30227557,-0.32516584,0.012191027,-0.1748794,-0.31283283,-0.012934544,-0.20639966,-0.28169063
YES,0.0,0.0,0.0,-0.2852163,0.013396185,-0.16980664,-0.5513055,-0.05886099,-0.27875462,-0.7397304,-0.12618671,-0.36343607,-0.7604966,-0.19593197,-0.41836178,-0.6325773,-0.7744972,-0.20203729,-0.65637326,-0.30270603,-0.35999775,-0.580656,-0.085366696,-0.44295648,-0.537473,-0.103130065,-0.4904718,-0.40302956,-0.8707914,-0.1951916,-0.41187954,-0.27980852,-0.33276477,-0.37273178,-0.0999984,-0.35540217,-0.36421642,-0.16908368,-0.3581115,-0.16291428,-0.83822817,-0.21047574,-0.1729151,-0.23019579,-0.33306763,-0.16036898,-0.09222194,-0.2953412,-0.16066183,-0.18050922,-0.25573167,0.053304926,-0.73524964,-0.24762233,0.04172599,-0.26012778,-0.33143365,0.026166655,-0.15223888,-0.32009587,0.011136449,-0.2213677,-0.2921036
YES,0.0,0.0,0.0,-0.28984112,0.015304027,-0.15589161,-0.55656,-0.06893325,-0.25605175,-0.74123263,-0.14485073,-0.3363916,-0.7702567,-0.20106985,-0.38911432,-0.6369379,-0.77091503,-0.18197511,-0.6717209,-0.32007593,-0.33923262,-0.59318817,-0.09522467,-0.42621088,-0.5431035,-0.089892305,-0.47449282,-0.4122786,-0.86461174,-0.18163477,-0.4256801,-0.29178,-0.3180689,-0.38351002,-0.10440761,-0.34680358,-0.36783627,-0.15126668,-0.35169283,-0.17518274,-0.8321467,-0.20250012,-0.18679272,-0.25259557,-0.3252889,-0.17265765,-0.10361714,-0.2940949,-0.17068791,-0.17441241,-0.2566643,0.041661996,-0.7312659,-0.24368538,0.033009466,-0.2825861,-0.32576996,0.015320445,-0.1577238,-0.31312564,-0.0015168085,-0.2040345,-0.28256145
YES,0.0,0.0,0.0,-0.2863364,0.013181492,-0.15918635,-0.5525535,-0.060072307,-0.26339042,-0.73826224,-0.12678903,-0.34540308,-0.75918883,-0.18065803,-0.3985716,-0.6347828,-0.77269065,-0.19126782,-0.65766346,-0.30168465,-0.3454763,-0.59023017,-0.090794526,-0.42787775,-0.55043375,-0.10230582,-0.47504273,-0.40573207,-0.8672479,-0.18893276,-0.41226584,-0.2774556,-0.32244286,-0.37636936,-0.10686598,-0.3459005,-0.36833593,-0.1727282,-0.349652,-0.1659474,-0.8342918,-0.20764546,-0.17412539,-0.22961514,-0.3264101,-0.1629818,-0.09299987,-0.29074886,-0.16535036,-0.17503068,-0.25285098,0.052135598,-0.7290124,-0.24750873,0.042653333,-0.26005968,-0.3298413,0.023203116,-0.14272076,-0.3191585,0.0030225883,-0.19839036,-0.29147062
YES,0.0,0.0,0.0,-0.28328666,0.014684405,-0.15740019,-0.55106384,-0.059006244,-0.26065046,-0.7377806,-0.12881257,-0.3422333,-0.75653195,-0.18331116,-0.39501983,-0.63893586,-0.7692599,-0.18803096,-0.6572004,-0.30637163,-0.343724,-0.59073144,-0.092480324,-0.42823818,-0.55228376,-0.101096995,-0.47703433,-0.41175756,-0.8630187,-0.18683457,-0.41238374,-0.28798017,-0.32208085,-0.3757065,-0.11324571,-0.34663826,-0.36599195,-0.17395043,-0.35092673,-0.17266317,-0.83180046,-0.20686288,-0.17200144,-0.23689309,-0.32679188,-0.15949713,-0.097755656,-0.2923718,-0.16162845,-0.17919597,-0.2555814,0.046414755,-0.72935194,-0.2479069,0.043213356,-0.2658997,-0.33039495,0.025953088,-0.14519435,-0.32022762,0.006334813,-0.20004809,-0.29353282
YES,0.0,0.0,0.0,-0.28385288,0.015048741,-0.1670806,-0.5557794,-0.05482558,-0.27294967,-0.75212765,-0.122067004,-0.35395914,-0.7910075,-0.20468181,-0.40392968,-0.6392912,-0.7689647,-0.20052537,-0.652105,-0.30630192,-0.35564616,-0.5839633,-0.08612521,-0.4341678,-0.5529454,-0.10085084,-0.47935957,-0.41008532,-0.862839,-0.19352366,-0.40866807,-0.28214946,-0.3312746,-0.37797815,-0.09644703,-0.35355097,-0.38214892,-0.1693743,-0.3557654,-0.16928267,-0.8312049,-0.20789535,-0.17024936,-0.23989618,-0.3326268,-0.16644861,-0.09067597,-0.29432032,-0.17949075,-0.17493112,-0.25379372,0.048852917,-0.7285612,-0.24335323,0.044643633,-0.2695422,-0.33346075,0.02308201,-0.14920227,-0.3235782,-0.001423676,-0.2072968,-0.29511198
YES,0.0,0.0,0.0,-0.28950173,0.029975018,-0.17484285,-0.5576807,-0.035324387,-0.28417754,-0.7433237,-0.10069126,-0.36794874,-0.7853682,-0.1963595,-0.4210217,-0.644453,-0.764644,-0.20737107,-0.67157805,-0.2909423,-0.36883652,-0.5963941,-0.07636867,-0.45403197,-0.5581321,-0.10604261,-0.5030668,-0.41819075,-0.8595636,-0.19745949,-0.43129706,-0.26906464,-0.33936068,-0.38769007,-0.0880412,-0.36304274,-0.37792423,-0.1711607,-0.36542237,-0.18080324,-0.82518697,-0.21028893,-0.19300167,-0.22572291,-0.33782932,-0.17646304,-0.08041064,-0.29770043,-0.17396384,-0.17401329,-0.25481737,0.03186348,-0.7187074,-0.24525845,0.021761633,-0.2502066,-0.33503944,0.0074916664,-0.1344865,-0.3251142,-0.00523509,-0.20405863,-0.2961798
YES,0.0,0.0,0.0,-0.27965853,0.011312929,-0.16186656,-0.5445877,-0.0662738,-0.2640104,-0.73234665,-0.13525496,-0.34373626,-0.77226615,-0.2221469,-0.3937548,-0.62046564,-0.78423357,-0.18245523,-0.64263105,-0.31034648,-0.3388462,-0.5661651,-0.10157078,-0.42474744,-0.52729154,-0.13663512,-0.47490332,-0.3955672,-0.87703747,-0.17723706,-0.407665,-0.28397757,-0.31377253,-0.35966924,-0.10738023,-0.33884597,-0.3492813,-0.1937074,-0.34285456,-0.1602633,-0.8429302,-0.19435361,-0.1725634,-0.24851584,-0.31766823,-0.1528213,-0.10135199,-0.280933,-0.14937718,-0.19063783,-0.2408724,0.054576904,-0.7386529,-0.23244669,0.04442907,-0.28157288,-0.3181855,0.029182617,-0.16220734,-0.30838254,0.016735781,-0.22302006,-0.28036073
YES,0.0,0.0,0.0,-0.2877266,0.024458217,-0.16504733,-0.564533,-0.071273156,-0.26492387,-0.75436944,-0.16857868,-0.34256124,-0.804324,-0.2858279,-0.38996646,-0.6231507,-0.78210187,-0.1868753,-0.65083,-0.31686857,-0.34568605,-0.57171714,-0.10397528,-0.427477,-0.53545594,-0.14049228,-0.47282472,-0.39607677,-0.88274944,-0.18237095,-0.40583664,-0.30232915,-0.32443646,-0.35728884,-0.114069104,-0.3512278,-0.34929717,-0.19107284,-0.3536271,-0.15575823,-0.8561109,-0.20017894,-0.16575335,-0.26958853,-0.3361997,-0.1413699,-0.10801823,-0.30501625,-0.14016527,-0.19408977,-0.26494405,0.06478291,-0.75886273,-0.23772171,0.057584714,-0.30513656,-0.33160758,0.044060778,-0.16549797,-0.3225573,0.029983776,-0.21389692,-0.29279375
YES,0.0,0.0,0.0,-0.28227243,0.010220978,-0.16580679,-0.5523125,-0.077337034,-0.27028236,-0.74505174,-0.16614227,-0.35194153,-0.76658463,-0.26255593,-0.40437162,-0.6176871,-0.78642386,-0.18928377,-0.64812195,-0.32878223,-0.34690976,-0.5752251,-0.1134083,-0.42979005,-0.5339655,-0.12945795,-0.47628814,-0.39085135,-0.87845856,-0.18309519,-0.40447566,-0.3011236,-0.32149133,-0.3592683,-0.11989798,-0.3464696,-0.3467146,-0.18361796,-0.3494901,-0.1532223,-0.84409744,-0.19911568,-0.17117643,-0.25208,-0.32683676,-0.14968303,-0.10198696,-0.29346457,-0.14533362,-0.1830608,-0.25469896,0.06135051,-0.7402046,-0.235599,0.04034082,-0.27386266,-0.32218766,0.030464306,-0.15036185,-0.3117338,0.021324465,-0.20845464,-0.283292
YES,0.0,0.0,0.0,-0.28305423,0.016976478,-0.16707619,-0.55599767,-0.06663381,-0.270885,-0.7462741,-0.15310208,-0.35040316,-0.7656318,-0.25982615,-0.3987473,-0.62518287,-0.78047824,-0.19431023,-0.64747006,-0.30540285,-0.3525911,-0.5728535,-0.10213345,-0.4329486,-0.534472,-0.13771497,-0.47784323,-0.39905187,-0.8748394,-0.18767436,-0.4040399,-0.29493886,-0.32970738,-0.36454168,-0.12628764,-0.35356256,-0.35971025,-0.2035958,-0.35452417,-0.16128732,-0.84323066,-0.20319647,-0.16886982,-0.25322896,-0.33456537,-0.15138882,-0.11207049,-0.2983169,-0.1526607,-0.20269866,-0.25621286,0.053255662,-0.74002445,-0.23964144,0.04421423,-0.2794801,-0.3318791,0.031757597,-0.16025846,-0.32314453,0.016241789,-0.22433174,-0.29416838
YES,0.0,0.0,0.0,-0.28936136,0.0157715,-0.16286623,-0.56082493,-0.06841945,-0.26430902,-0.7477152,-0.15788896,-0.34239426,-0.7554607,-0.2629731,-0.38986716,-0.6252401,-0.7804325,-0.18824832,-0.6448953,-0.30817124,-0.3395731,-0.5700516,-0.10562997,-0.41573966,-0.5344531,-0.13925648,-0.45863408,-0.39993927,-0.87191045,-0.1823626,-0.40730113,-0.2920633,-0.31802437,-0.36387163,-0.12568258,-0.33986843,-0.3576157,-0.20328312,-0.34042838,-0.16335465,-0.8381771,-0.19781832,-0.17551579,-0.25195506,-0.3223707,-0.15602976,-0.11540421,-0.28648663,-0.15618382,-0.206003,-0.24609105,0.050119523,-0.7326112,-0.23384306,0.037136402,-0.27437425,-0.31997064,0.025107948,-0.16155876,-0.31055167,0.010879304,-0.22767171,-0.28233546
YES,0.0,0.0,0.0,-0.2927629,0.020341761,-0.16334794,-0.5595106,-0.072801046,-0.2650305,-0.74033475,-0.16619384,-0.3441994,-0.7531789,-0.27114052,-0.3927715,-0.6208311,-0.7839443,-0.1856667,-0.64718145,-0.31117985,-0.34281334,-0.56660676,-0.106827825,-0.42316556,-0.52677846,-0.15255252,-0.4684831,-0.39620647,-0.8724773,-0.18172544,-0.4133765,-0.30170062,-0.32360867,-0.36613053,-0.12483519,-0.3461669,-0.35717312,-0.20966393,-0.34529293,-0.15993412,-0.8367419,-0.20012386,-0.17947988,-0.26420957,-0.33030558,-0.15911044,-0.11738157,-0.29259935,-0.15780993,-0.20997684,-0.24919397,0.054854013,-0.7319573,-0.23911704,0.0381331,-0.28458592,-0.32637894,0.025603065,-0.16613264,-0.31486794,0.012825212,-0.23163058,-0.28453556
YES,0.0,0.0,0.0,-0.29388776,0.019254802,-0.1600348,-0.5597188,-0.07730744,-0.25990534,-0.7412704,-0.16853347,-0.33777338,-0.7596435,-0.25198418,-0.38538083,-0.61863786,-0.78567624,-0.18143412,-0.6501824,-0.31094918,-0.3368825,-0.5650353,-0.10678518,-0.41633072,-0.519638,-0.15424018,-0.46133885,-0.3930608,-0.8738037,-0.17895307,-0.41621062,-0.29793257,-0.31949618,-0.36468613,-0.118919335,-0.3415743,-0.3510092,-0.20563595,-0.34066987,-0.15723562,-0.8369629,-0.19859004,-0.18079203,-0.260279,-0.32735744,-0.15748312,-0.11203058,-0.2901751,-0.15309158,-0.20623061,-0.24771751,0.056846395,-0.7316532,-0.23855315,0.037733108,-0.28096822,-0.323851,0.027997784,-0.160575,-0.312082,0.017285502,-0.22820368,-0.28239846
YES,0.0,0.0,0.0,-0.27928534,0.015492616,-0.17657167,-0.54776436,-0.053836584,-0.29212475,-0.7286036,-0.12575918,-0.38119555,-0.72629327,-0.23027325,-0.43947458,-0.62374127,-0.78163093,-0.2024842,-0.62565255,-0.29583985,-0.36718792,-0.5478762,-0.11347728,-0.45969296,-0.5193937,-0.19416079,-0.5162397,-0.3978477,-0.8682699,-0.19460504,-0.39349243,-0.3199869,-0.34100723,-0.3630256,-0.16544595,-0.37126794,-0.37168676,-0.26736552,-0.3790858,-0.15899278,-0.83335227,-0.20984049,-0.16636771,-0.27878505,-0.34502375,-0.15750445,-0.14432497,-0.30949494,-0.16776644,-0.24987566,-0.26932138,0.056948837,-0.7313345,-0.24674472,0.045730338,-0.2900165,-0.3369664,0.031148467,-0.18205443,-0.32632777,0.015236105,-0.25970536,-0.29919493
YES,0.0,0.0,0.0,-0.28397104,0.03048242,-0.17733319,-0.5554306,-0.04061516,-0.28974006,-0.72824496,-0.11769796,-0.37746984,-0.7022594,-0.24139926,-0.43521598,-0.59859747,-0.8010499,-0.1986184,-0.62607,-0.3090014,-0.35128638,-0.54026246,-0.11476687,-0.4332932,-0.50206095,-0.18708567,-0.4821445,-0.37104914,-0.881502,-0.18901862,-0.39938778,-0.28908342,-0.33040586,-0.3469217,-0.12155839,-0.35886747,-0.33411267,-0.21821818,-0.36276454,-0.13673219,-0.8400604,-0.20110032,-0.1691998,-0.27897513,-0.33490986,-0.14554532,-0.12539177,-0.29873142,-0.13782404,-0.19868395,-0.25327623,0.07863932,-0.73344886,-0.23463835,0.059186026,-0.32601726,-0.32421285,0.04468828,-0.18780273,-0.3075953,0.03462099,-0.2132321,-0.27102575
YES,0.0,0.0,0.0,-0.27839673,0.031183261,-0.17304622,-0.5435061,-0.044877715,-0.2864783,-0.7085318,-0.12662978,-0.37554038,-0.7175672,-0.23679374,-0.43615738,-0.6058446,-0.79558307,-0.19764106,-0.61287034,-0.28944385,-0.3599568,-0.53005,-0.102438405,-0.45663908,-0.4944831,-0.19027649,-0.5159844,-0.38377634,-0.8803555,-0.18969364,-0.3861441,-0.29324362,-0.32907546,-0.33861753,-0.13937218,-0.36164397,-0.32952398,-0.24415387,-0.37211528,-0.15068953,-0.84463954,-0.20393933,-0.16336253,-0.270913,-0.33236733,-0.13933598,-0.13246293,-0.2987663,-0.13422348,-0.22870386,-0.26021138,0.06207245,-0.7472712,-0.23980777,0.048820842,-0.29336444,-0.32506293,0.0486159,-0.1805796,-0.3136735,0.04911275,-0.25082326,-0.28489372
YES,0.0,0.0,0.0,-0.28997216,0.02535467,-0.18075444,-0.5617807,-0.06061726,-0.2965684,-0.7446999,-0.14586116,-0.38447452,-0.7476691,-0.243456,-0.44175485,-0.606094,-0.795393,-0.21735522,-0.6309847,-0.28527912,-0.37599567,-0.54731756,-0.10912714,-0.45902675,-0.50713414,-0.19370268,-0.5082962,-0.3720185,-0.8849324,-0.2052401,-0.38915843,-0.2880225,-0.34742886,-0.33858535,-0.14382,-0.37296885,-0.32651046,-0.25522253,-0.37743118,-0.1298785,-0.8504494,-0.21478012,-0.15212847,-0.27344558,-0.34640512,-0.12774941,-0.14644781,-0.30998534,-0.11938683,-0.24609429,-0.26847464,0.09147403,-0.7502601,-0.24609794,0.07705343,-0.31130037,-0.33621797,0.07165374,-0.20217969,-0.3266599,0.06850517,-0.2702997,-0.29817575
YES,0.0,0.0,0.0,-0.28207216,0.029218284,-0.17945491,-0.5492584,-0.05038813,-0.29529852,-0.7200176,-0.12940186,-0.38441357,-0.7033205,-0.24098942,-0.44253993,-0.59273446,-0.8053979,-0.20592178,-0.60887086,-0.2768502,-0.3697049,-0.5182034,-0.10572176,-0.46128374,-0.47446978,-0.21438716,-0.516916,-0.36872178,-0.883545,-0.19646387,-0.38293785,-0.279868,-0.3452091,-0.3250512,-0.14029871,-0.3762114,-0.30952764,-0.26095864,-0.3826783,-0.13749953,-0.8410981,-0.2096813,-0.16178565,-0.24530138,-0.34582716,-0.12791961,-0.1220665,-0.31123337,-0.11700062,-0.23294915,-0.26975855,0.06989042,-0.7328741,-0.24523194,0.047538213,-0.25817728,-0.33737865,0.05044209,-0.1562034,-0.32982564,0.050692752,-0.2406031,-0.30250385
YES,0.0,0.0,0.0,-0.28201032,0.022234181,-0.16760953,-0.55162793,-0.055871915,-0.27807492,-0.734153,-0.135225,-0.3643297,-0.74823856,-0.23384212,-0.42100796,-0.61479944,-0.7886835,-0.19411372,-0.6331775,-0.30368382,-0.3489692,-0.5559055,-0.11565842,-0.43608263,-0.5149555,-0.17488623,-0.48817644,-0.39065439,-0.8773857,-0.18722759,-0.40253934,-0.300981,-0.3216364,-0.35972407,-0.14662133,-0.3492538,-0.34696102,-0.2310863,-0.35635188,-0.15635471,-0.8437878,-0.20160125,-0.1728986,-0.26957604,-0.32618254,-0.15164827,-0.1479699,-0.2950648,-0.14600769,-0.2458175,-0.25905913,0.05490339,-0.7410199,-0.23675095,0.040156424,-0.28710225,-0.32210422,0.036810823,-0.19214293,-0.31399766,0.03361781,-0.26872686,-0.28784192
YES,0.0,0.0,0.0,-0.28838995,0.02738588,-0.17455241,-0.5640128,-0.051922526,-0.28582203,-0.7430144,-0.1318516,-0.3719602,-0.72337323,-0.23789454,-0.42853388,-0.61795443,-0.7862139,-0.19537547,-0.63429475,-0.31913868,-0.34722197,-0.55695295,-0.12304893,-0.42834008,-0.52145493,-0.17491816,-0.47678262,-0.39437371,-0.8825115,-0.18674636,-0.39943042,-0.33808,-0.32389668,-0.3620673,-0.1673751,-0.35262355,-0.36045593,-0.24575631,-0.3590761,-0.15826525,-0.85207015,-0.19998242,-0.1689632,-0.32291162,-0.33195707,-0.15865967,-0.16211325,-0.3024412,-0.1642065,-0.22908926,-0.2643413,0.05715261,-0.7522082,-0.23391582,0.050576553,-0.34756836,-0.3244695,0.029510459,-0.20917813,-0.3152511,0.007141248,-0.23832898,-0.28661612
YES,0.0,0.0,0.0,-0.2812468,0.038149573,-0.17545837,-0.5568927,-0.035633214,-0.28783643,-0.73404354,-0.11416994,-0.37659454,-0.7439297,-0.23566864,-0.43833885,-0.62320596,-0.7820577,-0.2066669,-0.63850933,-0.30980402,-0.36621827,-0.55835617,-0.09286057,-0.45744222,-0.514402,-0.1152546,-0.5105692,-0.39511687,-0.8809239,-0.19929354,-0.39658946,-0.31856027,-0.33537516,-0.35150862,-0.13392957,-0.3680364,-0.33555385,-0.18865879,-0.37859154,-0.15539722,-0.8513237,-0.21328333,-0.16088946,-0.29170462,-0.34349737,-0.14212625,-0.12236529,-0.31448233,-0.13775912,-0.17864981,-0.27828667,0.06537291,-0.75290424,-0.24834824,0.0611543,-0.32333556,-0.3359251,0.04548857,-0.1662332,-0.32143068,0.032503046,-0.1791269,-0.28948483
YES,0.0,0.0,0.0,-0.28017592,0.027235223,-0.17409559,-0.5545801,-0.03721129,-0.28472954,-0.7396134,-0.10640059,-0.37011164,-0.7319353,-0.20036866,-0.4249791,-0.61827344,-0.78596306,-0.19895981,-0.65105367,-0.2975468,-0.34921908,-0.5700012,-0.09937386,-0.42816678,-0.5284431,-0.15418366,-0.47512224,-0.39208835,-0.8667763,-0.18857217,-0.41476616,-0.27733526,-0.32328483,-0.3594199,-0.11182729,-0.34565493,-0.3385763,-0.21187985,-0.34777346,-0.15574448,-0.82586837,-0.19994366,-0.17490771,-0.25825238,-0.3250871,-0.1485703,-0.109195724,-0.28555512,-0.13280901,-0.19639866,-0.24198374,0.062972605,-0.71970475,-0.23283423,0.05053029,-0.29935765,-0.31767446,0.043754697,-0.16560772,-0.3017718,0.04681099,-0.21170321,-0.26883242
YES,0.0,0.0,0.0,-0.27578002,0.023762599,-0.17899162,-0.5457073,-0.043937854,-0.29243726,-0.7306364,-0.11312633,-0.38045976,-0.72473943,-0.20900597,-0.43801367,-0.6100075,-0.79239553,-0.20328164,-0.6422314,-0.3096886,-0.3602821,-0.55924803,-0.10869805,-0.44403562,-0.51964045,-0.17174621,-0.4943098,-0.38431782,-0.87431127,-0.19199365,-0.40758556,-0.2872477,-0.33265212,-0.3526105,-0.11940109,-0.35685855,-0.33571684,-0.22681452,-0.3593637,-0.14773488,-0.83142316,-0.20364174,-0.16914205,-0.2533311,-0.33255675,-0.14094618,-0.11219518,-0.29362345,-0.12604277,-0.21393734,-0.25023565,0.06703126,-0.7208112,-0.23725691,0.051920306,-0.27821591,-0.32417685,0.050524447,-0.16364536,-0.31169826,0.056526843,-0.23552471,-0.2815756
YES,0.0,0.0,0.0,-0.28618708,0.029870767,-0.1786106,-0.5517319,-0.04378596,-0.29114017,-0.72581273,-0.11834201,-0.37884435,-0.73893446,-0.2202835,-0.43778402,-0.6134234,-0.7897543,-0.21250965,-0.64792824,-0.30483103,-0.37044123,-0.564432,-0.09504458,-0.45492393,-0.52220106,-0.14628352,-0.5043579,-0.3856789,-0.87715656,-0.20293531,-0.41196895,-0.28280437,-0.34345877,-0.36161426,-0.10153064,-0.3723364,-0.34305695,-0.18513139,-0.37825567,-0.14910139,-0.8400215,-0.21488422,-0.17661238,-0.25503984,-0.34627554,-0.1556931,-0.09977858,-0.31379482,-0.14602277,-0.18110377,-0.2743721,0.066179246,-0.73538226,-0.24827704,0.047350895,-0.2893274,-0.33621907,0.03536102,-0.15321147,-0.32292452,0.032061663,-0.19411701,-0.29114243
YES,0.0,0.0,0.0,-0.2750661,0.005439617,-0.16471174,-0.5365613,-0.09263668,-0.2719576,-0.70792776,-0.18836309,-0.35847613,-0.7223429,-0.2573886,-0.42138746,-0.5721936,-0.8201186,-0.19287646,-0.6076998,-0.4098874,-0.35235894,-0.56614655,-0.17902358,-0.44760054,-0.54514426,-0.14955173,-0.50230426,-0.33713904,-0.89849365,-0.1894953,-0.36891145,-0.35916206,-0.316512,-0.35325786,-0.14743559,-0.34748754,-0.35146922,-0.15975253,-0.35891512,-0.09627894,-0.8508157,-0.20764989,-0.13156278,-0.30139264,-0.32816598,-0.13624917,-0.1218681,-0.29826674,-0.14355959,-0.1534677,-0.26339704,0.12279523,-0.73840916,-0.24613813,0.09552995,-0.3235467,-0.32551596,0.066093154,-0.17184779,-0.30587196,0.04624523,-0.17278408,-0.27227893
YES,0.0,0.0,0.0,-0.28272873,0.0076681273,-0.15488677,-0.5609388,-0.06914744,-0.2524267,-0.75865406,-0.14665408,-0.3311863,-0.86861014,-0.21627086,-0.38513985,-0.60678256,-0.7948678,-0.17261615,-0.65742934,-0.3288328,-0.33264923,-0.5850048,-0.117351055,-0.43338892,-0.53891647,-0.1539821,-0.4931121,-0.36297527,-0.8721883,-0.17205615,-0.39279285,-0.3018566,-0.29407877,-0.35279086,-0.1196209,-0.32207868,-0.33682236,-0.18165053,-0.33221075,-0.11422676,-0.8352701,-0.19363068,-0.14156847,-0.2698137,-0.3109508,-0.1155194,-0.112016454,-0.27004188,-0.10020229,-0.18697684,-0.22720867,0.11710231,-0.74788296,-0.23551707,0.08731955,-0.32651243,-0.30892023,0.082246386,-0.19264531,-0.28009477,0.08750646,-0.24306363,-0.23925343
YES,0.0,0.0,0.0,-0.27008477,0.0018750746,-0.1570924,-0.5455838,-0.09923445,-0.24987693,-0.72136825,-0.20300098,-0.32325026,-0.73336935,-0.30793756,-0.3714335,-0.5764427,-0.81713766,-0.1513412,-0.606748,-0.32167214,-0.30168623,-0.5093084,-0.12906365,-0.400362,-0.45300806,-0.20424482,-0.4618427,-0.33963254,-0.90052253,-0.14638056,-0.36611164,-0.3313536,-0.2612761,-0.30646366,-0.16461736,-0.28797615,-0.28331757,-0.25120348,-0.29808557,-0.09884126,-0.8654983,-0.1649447,-0.13250439,-0.3061006,-0.2768035,-0.09772419,-0.15975325,-0.24305558,-0.07922434,-0.24598585,-0.20638402,0.123043455,-0.77473193,-0.20372052,0.089687966,-0.34852737,-0.27323452,0.0890718,-0.2229508,-0.252314,0.0972572,-0.2772597,-0.21967787
YES,0.0,0.0,0.0,-0.27019957,0.014429116,-0.16564083,-0.54578173,-0.073815204,-0.2691166,-0.7180196,-0.16884813,-0.3520389,-0.72993416,-0.27362752,-0.40970418,-0.5924777,-0.8055869,-0.17462999,-0.6135819,-0.32148698,-0.33512685,-0.51417476,-0.11957007,-0.43542945,-0.46076003,-0.18214254,-0.49615085,-0.35384476,-0.8919671,-0.17031166,-0.37353784,-0.34584582,-0.2952127,-0.31743944,-0.15271899,-0.32353175,-0.29661503,-0.22495508,-0.33343804,-0.110701196,-0.8630759,-0.1892987,-0.13621409,-0.32228643,-0.31377205,-0.104751915,-0.14714547,-0.2786841,-0.087839074,-0.2214499,-0.2385296,0.11556689,-0.781081,-0.2285187,0.083481975,-0.3719247,-0.30415994,0.07622711,-0.2116557,-0.27767408,0.07856112,-0.23875628,-0.23978044
YES,0.0,0.0,0.0,-0.26415166,0.0013540534,-0.16072331,-0.542762,-0.089844204,-0.25978994,-0.72643363,-0.18678634,-0.34037706,-0.75019187,-0.2696597,-0.3965019,-0.583735,-0.8119443,-0.15747476,-0.61743796,-0.35519457,-0.31720963,-0.5289277,-0.1515927,-0.42113173,-0.47474474,-0.19885342,-0.48399907,-0.34619468,-0.8991534,-0.15362144,-0.3723681,-0.34529176,-0.27880827,-0.31370443,-0.16263363,-0.3090145,-0.28409684,-0.24013057,-0.31904775,-0.10430644,-0.86548346,-0.17408979,-0.13080952,-0.3216026,-0.29660234,-0.100378595,-0.154131,-0.2635004,-0.08050128,-0.23259847,-0.22426969,0.120885,-0.7779788,-0.21486492,0.092470676,-0.3610262,-0.29047683,0.08309135,-0.20981632,-0.26775193,0.08593264,-0.24668963,-0.23223394
YES,0.0,0.0,0.0,-0.2694029,0.007617878,-0.15562662,-0.54596144,-0.07966149,-0.2505664,-0.71781015,-0.18512619,-0.32604232,-0.72356725,-0.3074258,-0.3744221,-0.5923631,-0.80567116,-0.15460654,-0.61676145,-0.32977775,-0.3052526,-0.51550156,-0.14043052,-0.4012032,-0.45679495,-0.22209847,-0.46111938,-0.35989973,-0.8935598,-0.15062465,-0.38078168,-0.32657164,-0.2708068,-0.31427655,-0.1574461,-0.29708296,-0.28072786,-0.25594965,-0.30484465,-0.12268528,-0.86250454,-0.1695281,-0.14784876,-0.30928928,-0.28770682,-0.11335494,-0.15293306,-0.25332078,-0.09122426,-0.2446445,-0.21435499,0.09669492,-0.77411926,-0.20819618,0.06869719,-0.34296733,-0.28606582,0.06474338,-0.20282814,-0.2674557,0.0714487,-0.25130254,-0.23429018
YES,0.0,0.0,0.0,-0.27029642,0.022463366,-0.1648807,-0.5392867,-0.053385675,-0.27400634,-0.71266437,-0.12676455,-0.36118728,-0.7151419,-0.2011372,-0.4216341,-0.6084907,-0.79356104,-0.18446217,-0.6259217,-0.2741415,-0.34362516,-0.51872385,-0.11396368,-0.44466454,-0.46457,-0.22941595,-0.5090709,-0.36737072,-0.8823617,-0.18182221,-0.3846365,-0.29851618,-0.30999178,-0.31582516,-0.14814374,-0.33895737,-0.2879879,-0.2609231,-0.35004425,-0.1221891,-0.8540597,-0.2014993,-0.14432625,-0.3012574,-0.32777524,-0.110344,-0.15080537,-0.29098964,-0.092013694,-0.23824519,-0.2501294,0.106834196,-0.7675586,-0.24184506,0.08819395,-0.3649105,-0.32756945,0.07743734,-0.21626921,-0.30773604,0.07063338,-0.24577005,-0.27296957
YES,0.0,0.0,0.0,-0.26735118,0.022680946,-0.16939795,-0.53927857,-0.06210937,-0.27677378,-0.714999,-0.14352712,-0.3621981,-0.71533716,-0.25266564,-0.42094892,-0.5947318,-0.8039242,-0.18293391,-0.6141438,-0.2987786,-0.343692,-0.50875044,-0.1263933,-0.44540003,-0.45802978,-0.23731913,-0.5099643,-0.35460463,-0.8947006,-0.1776663,-0.37378258,-0.3225237,-0.30838424,-0.30495894,-0.16081525,-0.3388345,-0.27918455,-0.2743912,-0.34960157,-0.1104336,-0.8662886,-0.19566654,-0.13433462,-0.3125655,-0.32222226,-0.09946753,-0.15966816,-0.28639898,-0.08114652,-0.25367576,-0.24603623,0.11363338,-0.7793939,-0.23465696,0.093657516,-0.35989675,-0.31919846,0.08874071,-0.21972845,-0.30138603,0.08948163,-0.26441902,-0.26825738
YES,0.0,0.0,0.0,-0.27111328,0.02378635,-0.16768306,-0.54184836,-0.040366236,-0.27386034,-0.71234846,-0.1165534,-0.35894105,-0.72311,-0.23328887,-0.41805226,-0.6070771,-0.794643,-0.17833936,-0.6265477,-0.3269288,-0.33313394,-0.52808505,-0.13759999,-0.43103507,-0.47029427,-0.20944832,-0.49219677,-0.3759837,-0.888442,-0.17244214,-0.39347002,-0.3427135,-0.2980936,-0.33436188,-0.16123833,-0.3293349,-0.3026489,-0.24644937,-0.34100536,-0.13806756,-0.8587566,-0.18920906,-0.1546593,-0.31980383,-0.31577086,-0.12811819,-0.14829728,-0.28610045,-0.10824611,-0.22708224,-0.24939696,0.082797535,-0.7683129,-0.22625822,0.06631954,-0.3533174,-0.31064308,0.05672958,-0.1969623,-0.29301015,0.058674622,-0.22469047,-0.2599791
YES,0.0,0.0,0.0,-0.26938415,0.027451722,-0.168968,-0.54613966,-0.045134936,-0.2724888,-0.72065866,-0.13571042,-0.35475352,-0.7297161,-0.26689076,-0.41155618,-0.59926224,-0.8005528,-0.1680783,-0.6144274,-0.332918,-0.32395205,-0.523485,-0.14124808,-0.42417,-0.47672576,-0.22087167,-0.48764586,-0.36097136,-0.89888716,-0.1631901,-0.37836358,-0.35719058,-0.2895171,-0.32674146,-0.16861843,-0.3229034,-0.3083261,-0.2542645,-0.33529857,-0.11752067,-0.87030387,-0.18191306,-0.13957804,-0.33182675,-0.30934003,-0.11543736,-0.1609867,-0.28055164,-0.10687599,-0.24562772,-0.24402498,0.10664535,-0.7781867,-0.22085758,0.08782265,-0.35289663,-0.3065111,0.081508726,-0.20967978,-0.29027924,0.08027117,-0.25412852,-0.25770256
YES,0.0,0.0,0.0,-0.2664392,0.010076055,-0.16452934,-0.53876346,-0.0755391,-0.2666957,-0.71020997,-0.16968635,-0.3502495,-0.7330695,-0.28869137,-0.41124755,-0.57635665,-0.8171983,-0.16518717,-0.6019254,-0.39517528,-0.3244969,-0.53679,-0.17311972,-0.42978877,-0.49866918,-0.18646611,-0.49338034,-0.34467614,-0.9105254,-0.162385,-0.36536226,-0.40935788,-0.28619686,-0.3296815,-0.19806495,-0.32228735,-0.31151536,-0.2438097,-0.33666024,-0.10533937,-0.8789712,-0.18337362,-0.12232568,-0.3692119,-0.31133217,-0.10811873,-0.18171307,-0.28644344,-0.09913575,-0.24362046,-0.25144708,0.116815925,-0.7867336,-0.22409716,0.09948507,-0.3933444,-0.30548963,0.08142961,-0.22595759,-0.2836288,0.07659323,-0.24090053,-0.2475351
YES,0.0,0.0,0.0,-0.275438,0.030713165,-0.17834175,-0.5601172,-0.056874923,-0.28940135,-0.74728584,-0.15178013,-0.37793478,-0.7948353,-0.26509917,-0.44144616,-0.59242314,-0.8056269,-0.19679059,-0.63083154,-0.33385932,-0.36757967,-0.55165106,-0.123460814,-0.4749096,-0.50350475,-0.17504619,-0.5398386,-0.3486031,-0.898595,-0.19046664,-0.3845276,-0.34342358,-0.32962665,-0.33628148,-0.14631023,-0.3645266,-0.30946052,-0.22043607,-0.37664595,-0.10027715,-0.86747026,-0.2083151,-0.13209683,-0.3255007,-0.35018817,-0.10653441,-0.14432143,-0.31754488,-0.08768187,-0.21506248,-0.2750098,0.13005626,-0.7765239,-0.24710454,0.104244076,-0.37845093,-0.34231,0.09043759,-0.20708616,-0.31951153,0.089929484,-0.21808167,-0.27947885
YES,0.0,0.0,0.0,-0.26810917,0.024457326,-0.17165744,-0.5454333,-0.06413128,-0.27765915,-0.72170675,-0.16483718,-0.36313707,-0.7493205,-0.29338568,-0.42409247,-0.5843978,-0.81146735,-0.18069875,-0.609229,-0.36135152,-0.3432466,-0.53294003,-0.14251852,-0.4474053,-0.4890883,-0.17816113,-0.5110051,-0.35045397,-0.9048592,-0.17485216,-0.37019503,-0.36952436,-0.30483243,-0.32695776,-0.16498658,-0.3403101,-0.3053915,-0.22863425,-0.3542142,-0.10947585,-0.8747622,-0.19269535,-0.12823458,-0.33728552,-0.32345396,-0.10938784,-0.15372795,-0.29491252,-0.09711257,-0.22608374,-0.25809956,0.1120724,-0.78310156,-0.23115091,0.094726354,-0.36513624,-0.3158205,0.08091564,-0.20316842,-0.2955882,0.07910239,-0.22913569,-0.26044342
YES,0.0,0.0,0.0,-0.26743087,0.030134162,-0.174067,-0.5453358,-0.04472693,-0.28414956,-0.72478944,-0.13630545,-0.37238586,-0.75036186,-0.26648697,-0.4349686,-0.6045449,-0.79657114,-0.18821491,-0.6222853,-0.33694258,-0.3545339,-0.5334151,-0.12113912,-0.46040824,-0.48395512,-0.16740818,-0.5253209,-0.3705365,-0.8955634,-0.18144628,-0.3849012,-0.35177532,-0.31459358,-0.33691254,-0.14537586,-0.3494213,-0.31549346,-0.21297552,-0.36237195,-0.12903865,-0.86792237,-0.1983935,-0.1409836,-0.32166937,-0.33120704,-0.123184234,-0.13998792,-0.30245328,-0.11447925,-0.2163172,-0.26554856,0.09077978,-0.77503604,-0.23589294,0.076091796,-0.3529334,-0.3245567,0.06528366,-0.19746347,-0.30694705,0.063487686,-0.22958921,-0.27290663
YES,0.0,0.0,0.0,-0.26926222,0.019103436,-0.16525291,-0.53951114,-0.046853084,-0.27148974,-0.70892006,-0.1365711,-0.3565478,-0.7007725,-0.2685428,-0.4155972,-0.59399396,-0.8044696,-0.17510624,-0.61584735,-0.33040693,-0.33020765,-0.5233785,-0.13391979,-0.43155476,-0.47168252,-0.19419423,-0.49474856,-0.36190546,-0.89303136,-0.16901858,-0.38526568,-0.33046982,-0.2882302,-0.3285095,-0.15590581,-0.3189777,-0.3024129,-0.23307543,-0.3318132,-0.12522225,-0.85665894,-0.18539427,-0.15053968,-0.29283106,-0.3005812,-0.12067263,-0.14316167,-0.26804614,-0.10404564,-0.22850136,-0.23226956,0.0902248,-0.7564008,-0.22256482,0.06418284,-0.31471887,-0.2982572,0.06261868,-0.18610057,-0.27902526,0.06924482,-0.23348579,-0.24613786
YES,0.0,0.0,0.0,-0.2753806,0.012173587,-0.16266762,-0.56181467,-0.08602956,-0.25968617,-0.7661893,-0.19056517,-0.3351264,-0.8225509,-0.3002207,-0.3847995,-0.5921962,-0.80579376,-0.16678631,-0.61944103,-0.32500908,-0.32637033,-0.52975583,-0.12549855,-0.42829904,-0.47493473,-0.18161392,-0.489681,-0.35623628,-0.8956478,-0.16018462,-0.3803064,-0.3130534,-0.2863939,-0.31926957,-0.14139055,-0.31708288,-0.28684205,-0.22174494,-0.32738164,-0.11519771,-0.86212116,-0.17696337,-0.13977,-0.28673434,-0.30201843,-0.10490975,-0.13565238,-0.26921406,-0.0830513,-0.22075844,-0.22978278,0.10608728,-0.7676273,-0.2138724,0.07802327,-0.31962293,-0.29812804,0.08035597,-0.1882853,-0.28045925,0.09044162,-0.2404603,-0.24615291
YES,0.0,0.0,0.0,-0.27483127,0.0156122185,-0.16744693,-0.5429125,-0.072569646,-0.26964107,-0.70618814,-0.16959299,-0.3506926,-0.7019873,-0.29340857,-0.40482566,-0.58713233,-0.80949104,-0.17048085,-0.6115674,-0.31111777,-0.32860363,-0.51403505,-0.11781874,-0.42930475,-0.46234837,-0.19712001,-0.49157253,-0.3537854,-0.8955754,-0.16327456,-0.38232034,-0.31132314,-0.29027426,-0.3185237,-0.14107893,-0.32089472,-0.2923282,-0.23656851,-0.33139896,-0.117088415,-0.8603856,-0.17974713,-0.14946279,-0.28356984,-0.30331126,-0.11555131,-0.13202499,-0.26888728,-0.0996955,-0.22971487,-0.22946616,0.09704068,-0.7644622,-0.21723576,0.06592003,-0.31604892,-0.2942768,0.06542041,-0.18534078,-0.27387536,0.06966301,-0.24513017,-0.24001388
YES,0.0,0.0,0.0,-0.2775086,-0.006543132,-0.15260494,-0.5657173,-0.12303547,-0.24159223,-0.7761783,-0.2257414,-0.313989,-0.87561786,-0.28404984,-0.36486194,-0.5786015,-0.81561047,-0.14646365,-0.6212234,-0.38705933,-0.31252873,-0.5700649,-0.15880865,-0.42694467,-0.5215627,-0.12853697,-0.49241576,-0.3417436,-0.905348,-0.14445496,-0.3724899,-0.3416378,-0.2673102,-0.3313155,-0.15485767,-0.30598533,-0.29687658,-0.20083092,-0.32326135,-0.09666429,-0.86977196,-0.1669146,-0.11626034,-0.30671453,-0.2902847,-0.09664716,-0.14215805,-0.26548442,-0.07880699,-0.20409496,-0.23127943,0.13142246,-0.77877736,-0.20916927,0.10677407,-0.34808275,-0.28905037,0.09091413,-0.19420885,-0.2684768,0.0884514,-0.2161609,-0.23299147
YES,0.0,0.0,0.0,-0.27891344,0.013693744,-0.180905,-0.58108974,-0.10727392,-0.2847039,-0.79543924,-0.21290354,-0.36611867,-0.86032516,-0.3010312,-0.42263588,-0.5843084,-0.8115317,-0.17781124,-0.6103761,-0.33358487,-0.34983498,-0.5291442,-0.10942347,-0.45683923,-0.48568037,-0.14597557,-0.51906693,-0.33975184,-0.9046737,-0.16897346,-0.3592574,-0.36230463,-0.3034453,-0.30622658,-0.14728467,-0.33442348,-0.28407153,-0.21305852,-0.34375167,-0.088300236,-0.87034297,-0.18697512,-0.102389656,-0.33058098,-0.32770267,-0.08564382,-0.14359413,-0.2973136,-0.079739794,-0.22587937,-0.25625622,0.14361313,-0.77930397,-0.22554395,0.122500315,-0.37298614,-0.3109305,0.10247629,-0.20659898,-0.28679708,0.09426449,-0.23508336,-0.24938868
YES,0.0,0.0,0.0,-0.2802998,0.008615505,-0.17189988,-0.56411135,-0.07832488,-0.27927938,-0.747583,-0.17318083,-0.36611095,-0.73871833,-0.27408254,-0.42792782,-0.5909277,-0.80672455,-0.17791753,-0.61407256,-0.34282634,-0.32992133,-0.53980964,-0.12196746,-0.4235763,-0.4986442,-0.15487792,-0.48089635,-0.35281357,-0.8918432,-0.17042132,-0.36931905,-0.3382157,-0.29075694,-0.33053544,-0.14639255,-0.32011688,-0.31551254,-0.20438083,-0.3318642,-0.11026681,-0.8570782,-0.18577795,-0.12828833,-0.30153412,-0.31034264,-0.11511187,-0.13434869,-0.2803144,-0.11104855,-0.20546262,-0.24362615,0.10966624,-0.7652835,-0.22163232,0.08509909,-0.3496318,-0.29767552,0.069272876,-0.19774438,-0.27309838,0.062321313,-0.2202511,-0.23691966
YES,0.0,0.0,0.0,-0.28640446,0.011056022,-0.17407347,-0.5855804,-0.10164972,-0.27478352,-0.7915884,-0.20251313,-0.35323146,-0.86413854,-0.29515633,-0.40623364,-0.5833885,-0.81219316,-0.17402484,-0.6038709,-0.31430128,-0.34499288,-0.5164122,-0.11287228,-0.45616597,-0.46762434,-0.17419486,-0.52181673,-0.34240896,-0.90247977,-0.16539285,-0.35556433,-0.321966,-0.29757363,-0.3082428,-0.14211208,-0.3308215,-0.28886217,-0.22049952,-0.34325206,-0.0953797,-0.8673371,-0.18281813,-0.1083268,-0.29336312,-0.31579277,-0.09009083,-0.14132021,-0.28534204,-0.08146678,-0.2322029,-0.24656013,0.1329223,-0.77568334,-0.22144797,0.10874546,-0.33890954,-0.30489713,0.09594055,-0.20196852,-0.28457847,0.095234275,-0.24857193,-0.25005373
YES,0.0,0.0,0.0,-0.28466117,0.010969931,-0.17844845,-0.58393,-0.099708706,-0.28413135,-0.7882427,-0.19875315,-0.36625546,-0.8178209,-0.28363064,-0.4218111,-0.5842337,-0.8115854,-0.1842935,-0.5979176,-0.29594412,-0.34501028,-0.5071289,-0.09689776,-0.44302878,-0.46317747,-0.17297794,-0.50324357,-0.34316087,-0.8980909,-0.17365769,-0.35276586,-0.30761543,-0.3030389,-0.3053884,-0.13105232,-0.3314765,-0.29291075,-0.21672745,-0.34207326,-0.095104836,-0.86094713,-0.1875601,-0.112605646,-0.28425163,-0.32021013,-0.09407885,-0.1253084,-0.28753653,-0.0886377,-0.2154547,-0.24892859,0.13084835,-0.7683805,-0.22243652,0.1058107,-0.32598695,-0.30737656,0.09596556,-0.1868806,-0.28911462,0.09530994,-0.23752409,-0.25763363
YES,0.0,0.0,0.0,-0.28796124,0.014859338,-0.18382618,-0.5855572,-0.070602894,-0.299065,-0.77314335,-0.16549437,-0.3906117,-0.77457476,-0.29163846,-0.45631993,-0.59000325,-0.8074008,-0.20082651,-0.59561324,-0.30307555,-0.3684444,-0.52754813,-0.08933683,-0.4738489,-0.4981586,-0.13393888,-0.53956324,-0.3480458,-0.8992568,-0.19106065,-0.356319,-0.33060512,-0.3244227,-0.3301444,-0.14426509,-0.35696924,-0.32707784,-0.20771132,-0.37179068,-0.100672506,-0.8646077,-0.20582232,-0.11576754,-0.2893255,-0.3418663,-0.1076926,-0.12638728,-0.31145266,-0.10709417,-0.20645866,-0.27520654,0.12300768,-0.77099234,-0.24227446,0.10384659,-0.3263889,-0.33141077,0.08471431,-0.18352415,-0.31399998,0.07424406,-0.2227771,-0.28308135
YES,0.0,0.0,0.0,-0.28832647,0.01730331,-0.16932684,-0.5710097,-0.0607343,-0.27782938,-0.74856675,-0.14950821,-0.36404166,-0.72044194,-0.26814976,-0.42203072,-0.6194213,-0.7850587,-0.18138231,-0.63948745,-0.2691172,-0.33035034,-0.5435082,-0.08983868,-0.41652596,-0.49511573,-0.18123326,-0.47017345,-0.38663504,-0.87172633,-0.17428826,-0.40805906,-0.2955636,-0.29621536,-0.348047,-0.13506241,-0.32000124,-0.327567,-0.23099156,-0.32759455,-0.14663084,-0.8411455,-0.1893093,-0.17300175,-0.2770227,-0.31366044,-0.14228056,-0.12727478,-0.27963766,-0.13137785,-0.21741563,-0.24090615,0.07349222,-0.7515103,-0.22450663,0.044533737,-0.3241674,-0.30256635,0.0345585,-0.18470041,-0.28214958,0.028008262,-0.22119975,-0.24895379
YES,0.0,0.0,0.0,-0.28351516,0.007646483,-0.1635398,-0.5610568,-0.10900872,-0.2584868,-0.74357265,-0.20953242,-0.33327064,-0.77924365,-0.30937445,-0.38271517,-0.5876673,-0.8091026,-0.1617559,-0.61482453,-0.29661077,-0.32753408,-0.5146524,-0.10775274,-0.43547368,-0.468732,-0.20418952,-0.5006141,-0.34541428,-0.8994403,-0.15775941,-0.3713552,-0.31467083,-0.2883837,-0.3043635,-0.14084288,-0.32058942,-0.28311595,-0.25073963,-0.33037627,-0.0995967,-0.86591595,-0.1785786,-0.1255139,-0.29826504,-0.30696827,-0.09527109,-0.14542772,-0.2761785,-0.08584334,-0.25033996,-0.23732378,0.12468425,-0.77364403,-0.21951419,0.106451385,-0.3350682,-0.30184576,0.100457124,-0.19797732,-0.28468847,0.0993605,-0.2550087,-0.25174892
YES,0.0,0.0,0.0,-0.27680898,0.026116544,-0.17683618,-0.5641113,-0.06948452,-0.2836711,-0.74808615,-0.16609311,-0.36677396,-0.7611964,-0.29886556,-0.4217488,-0.6018885,-0.79858017,-0.17877609,-0.623081,-0.28448716,-0.34562728,-0.5241419,-0.10222651,-0.44946507,-0.47768718,-0.20946652,-0.5129066,-0.3640825,-0.8887685,-0.16912149,-0.38267404,-0.315142,-0.3040038,-0.32029355,-0.14352678,-0.33457616,-0.30116555,-0.2574121,-0.34352684,-0.12033748,-0.8575812,-0.18496779,-0.14387882,-0.30011714,-0.31835988,-0.113999665,-0.14597274,-0.28530592,-0.10377611,-0.25644797,-0.24542692,0.10374719,-0.76952803,-0.22179185,0.07676931,-0.3321512,-0.30753046,0.06851427,-0.19164726,-0.29089606,0.0654336,-0.25181293,-0.2590654
YES,0.0,0.0,0.0,-0.2766701,0.019054564,-0.17529286,-0.55562115,-0.08626296,-0.2765489,-0.7182907,-0.195653,-0.35511282,-0.7043251,-0.33733436,-0.40528378,-0.58560544,-0.8105962,-0.17045994,-0.5917646,-0.31103995,-0.33114,-0.5020378,-0.116189204,-0.43002564,-0.46446508,-0.20737296,-0.49132824,-0.3478166,-0.9042179,-0.1603496,-0.3521523,-0.32697773,-0.29361263,-0.29840234,-0.14942378,-0.32329732,-0.2866232,-0.26169395,-0.3317424,-0.105310276,-0.8770265,-0.17577149,-0.11790934,-0.3195801,-0.3080198,-0.09311494,-0.15802197,-0.27412772,-0.08518913,-0.2604009,-0.23331274,0.11836114,-0.7945625,-0.21257742,0.10434729,-0.36659232,-0.29921013,0.08968057,-0.21329755,-0.28287926,0.08141743,-0.26013273,-0.25074732
YES,0.0,0.0,0.0,-0.2681693,0.011476708,-0.17617796,-0.55248684,-0.07619678,-0.28388122,-0.73878187,-0.16736509,-0.36795184,-0.76854336,-0.29228157,-0.42442188,-0.59275264,-0.8053846,-0.18720968,-0.6024822,-0.29642984,-0.35187867,-0.51131666,-0.105559155,-0.45624486,-0.4677838,-0.1928788,-0.5223131,-0.35049397,-0.90664715,-0.17817587,-0.35938746,-0.3069778,-0.3148338,-0.3118266,-0.13210842,-0.34956723,-0.29790732,-0.2358328,-0.36314273,-0.1035397,-0.88194436,-0.1931813,-0.122801095,-0.304345,-0.33057097,-0.10025968,-0.13650441,-0.29935017,-0.08883975,-0.22682324,-0.26055747,0.124742225,-0.7994601,-0.22921693,0.10567895,-0.35395706,-0.32676667,0.09146468,-0.20328009,-0.3143935,0.0853521,-0.24612355,-0.28364873
YES,0.0,0.0,0.0,-0.27480286,0.016076325,-0.16779742,-0.5534028,-0.057108697,-0.27387056,-0.7211828,-0.14446014,-0.357403,-0.7194856,-0.30474445,-0.41234934,-0.5843629,-0.8114924,-0.17693768,-0.5954362,-0.31607997,-0.33178043,-0.49769652,-0.12403656,-0.42888856,-0.45007864,-0.20725267,-0.49073866,-0.3536915,-0.9028376,-0.16921252,-0.36715984,-0.33769628,-0.2966566,-0.3140303,-0.15704751,-0.32730946,-0.29624477,-0.24846327,-0.33953565,-0.1183725,-0.8745892,-0.18441637,-0.13602969,-0.31857377,-0.31155396,-0.11195442,-0.14700314,-0.2779544,-0.10009838,-0.22793068,-0.24007349,0.09996938,-0.7887038,-0.22008558,0.08215981,-0.36157873,-0.3082809,0.0713693,-0.21139857,-0.29335624,0.06779987,-0.24922448,-0.2628107
YES,0.0,0.0,0.0,-0.27101624,0.021293892,-0.17081119,-0.54448354,-0.06599223,-0.27692053,-0.7142602,-0.15668273,-0.36149624,-0.72570425,-0.2951288,-0.41975865,-0.57636666,-0.81719124,-0.17580856,-0.5907975,-0.32601044,-0.33881384,-0.503397,-0.11632466,-0.4436734,-0.45708057,-0.17978927,-0.50800055,-0.34022012,-0.91189885,-0.16862056,-0.35575044,-0.3457974,-0.29912716,-0.30915993,-0.15088227,-0.33423477,-0.29261032,-0.23315187,-0.34834528,-0.101454094,-0.88511825,-0.18531516,-0.12159257,-0.3257845,-0.3155337,-0.101309955,-0.14556739,-0.28708577,-0.09155741,-0.2226832,-0.25119424,0.117585495,-0.7995145,-0.22260362,0.09775089,-0.3652335,-0.30893838,0.08669329,-0.21001783,-0.29310843,0.08409371,-0.24573453,-0.26157522
YES,0.0,0.0,0.0,-0.2696677,0.019744702,-0.17262003,-0.5523213,-0.068788856,-0.27989736,-0.73405784,-0.16931285,-0.36558536,-0.7568312,-0.31633332,-0.42500502,-0.5808075,-0.81404096,-0.17839596,-0.5987887,-0.34362692,-0.34392312,-0.5124762,-0.13138092,-0.45100912,-0.46085596,-0.17918544,-0.5164799,-0.34446383,-0.9120045,-0.17075682,-0.35846654,-0.35820678,-0.30193046,-0.31476623,-0.16394123,-0.3390376,-0.29418716,-0.2350049,-0.35522285,-0.10260122,-0.8882557,-0.18735194,-0.119077705,-0.33339775,-0.3197691,-0.10061624,-0.15299791,-0.293949,-0.088506944,-0.22510594,-0.26006165,0.1217401,-0.8075151,-0.22460042,0.1024672,-0.37709552,-0.3141162,0.0890788,-0.21890476,-0.29974675,0.0860653,-0.24802202,-0.26932636
YES,0.0,0.0,0.0,-0.26166943,0.024336763,-0.18035126,-0.53847545,-0.059522506,-0.29549456,-0.7212729,-0.15359919,-0.3886434,-0.7690064,-0.29578608,-0.45468807,-0.60847366,-0.79357404,-0.20875947,-0.6188678,-0.3569284,-0.3954313,-0.54808533,-0.11671301,-0.50837,-0.5150359,-0.11898909,-0.57397395,-0.3796256,-0.8960886,-0.20485637,-0.37708044,-0.3742256,-0.3651778,-0.35681543,-0.14149538,-0.409913,-0.35950184,-0.16889587,-0.42520562,-0.1359871,-0.8722974,-0.22554,-0.13235469,-0.33947578,-0.3817597,-0.14323173,-0.136114,-0.35987005,-0.16360997,-0.18616207,-0.32445508,0.08824252,-0.78126794,-0.267148,0.08896303,-0.36344084,-0.37799612,0.05633928,-0.19070052,-0.369978,0.025428085,-0.20156275,-0.33984354
YES,0.0,0.0,0.0,-0.27324954,-0.0013206109,-0.16422631,-0.53161335,-0.104719475,-0.27297956,-0.70628786,-0.18825388,-0.36112913,-0.7322691,-0.22239034,-0.4243759,-0.5928987,-0.80527705,-0.18257134,-0.6011927,-0.3813794,-0.3614374,-0.56263727,-0.16764638,-0.47702157,-0.54443496,-0.1588778,-0.5454077,-0.36635825,-0.8862048,-0.18482864,-0.36189482,-0.3639811,-0.33875507,-0.35338423,-0.18871084,-0.3857172,-0.35907313,-0.2161452,-0.40342012,-0.12688118,-0.8444761,-0.21107489,-0.12326877,-0.29480186,-0.35328087,-0.12790483,-0.1382592,-0.3285178,-0.14358757,-0.19259845,-0.2928646,0.08787853,-0.7394566,-0.2586922,0.08362976,-0.30332989,-0.35327336,0.062371973,-0.17362963,-0.3421431,0.03949227,-0.21735674,-0.31305075
YES,0.0,0.0,0.0,-0.27188104,0.02906631,-0.18978342,-0.54675245,-0.055168018,-0.31154338,-0.72560376,-0.14465053,-0.40479666,-0.757907,-0.272836,-0.46804065,-0.60379356,-0.7971407,-0.22730401,-0.61273885,-0.30471888,-0.41020194,-0.5413156,-0.108112924,-0.5185224,-0.5111174,-0.1588372,-0.5828608,-0.3688802,-0.89510894,-0.2156936,-0.3681728,-0.32902983,-0.3685994,-0.3347679,-0.15956989,-0.40443176,-0.3309323,-0.23323451,-0.41679576,-0.1222328,-0.86302936,-0.2285657,-0.12812725,-0.28765494,-0.37263638,-0.11223263,-0.1393685,-0.33852562,-0.111707315,-0.22504316,-0.29790774,0.10166089,-0.7633064,-0.26411474,0.09014751,-0.31040034,-0.36540726,0.07604072,-0.18442984,-0.35549483,0.062025998,-0.24037771,-0.3259517
YES,0.0,0.0,0.0,-0.27162534,0.019661875,-0.18435313,-0.54374367,-0.08111431,-0.2997424,-0.72123486,-0.17262039,-0.38822025,-0.75952685,-0.28115794,-0.44664603,-0.599552,-0.8003358,-0.21215616,-0.6037115,-0.31774932,-0.39206317,-0.5378386,-0.113590464,-0.49292463,-0.5163222,-0.17319033,-0.55222845,-0.36905098,-0.8934399,-0.20411977,-0.359762,-0.3349979,-0.36682326,-0.32428005,-0.1503974,-0.40251037,-0.32192442,-0.23397523,-0.41004276,-0.12817772,-0.85867673,-0.22106254,-0.12481511,-0.29269704,-0.37765568,-0.109011665,-0.12618063,-0.3461465,-0.111960694,-0.2132805,-0.30257866,0.08937676,-0.7597229,-0.2594176,0.08802549,-0.31790742,-0.36771902,0.076240554,-0.1785588,-0.3595554,0.06164826,-0.23358051,-0.32921472
YES,0.0,0.0,0.0,-0.27748713,0.020683303,-0.18263452,-0.54365546,-0.06875541,-0.30062768,-0.7149124,-0.15083468,-0.39187792,-0.71983755,-0.24456748,-0.45221937,-0.6147723,-0.78870463,-0.21125278,-0.6128254,-0.29924777,-0.3847883,-0.539426,-0.11163923,-0.48082402,-0.5112412,-0.1894655,-0.53853196,-0.38585037,-0.87863284,-0.20266467,-0.3740889,-0.3098339,-0.35795653,-0.3375722,-0.14979625,-0.3895177,-0.3352386,-0.25765932,-0.3962957,-0.14845765,-0.8417676,-0.21837898,-0.14855388,-0.26499042,-0.36381128,-0.1286134,-0.12409073,-0.3292419,-0.12514798,-0.23009577,-0.2872308,0.06361621,-0.74031216,-0.25637543,0.061082184,-0.2733068,-0.35658747,0.05324396,-0.1562509,-0.35026228,0.04274066,-0.23386373,-0.32414424
YES,0.0,0.0,0.0,-0.2815874,0.020698491,-0.17504069,-0.5505132,-0.065718085,-0.2868505,-0.72542936,-0.14272927,-0.37326917,-0.7451995,-0.2291711,-0.4302014,-0.6206939,-0.78405297,-0.20032549,-0.6184797,-0.30810708,-0.36801615,-0.55699986,-0.11466678,-0.46428102,-0.53620654,-0.16960618,-0.5222449,-0.3894314,-0.8768717,-0.19336817,-0.3771628,-0.31116632,-0.33961222,-0.3500253,-0.14782704,-0.36996406,-0.35252798,-0.24080165,-0.37761202,-0.1484159,-0.8416743,-0.21025078,-0.14520362,-0.26162463,-0.3455049,-0.13447806,-0.1221085,-0.31119314,-0.13666195,-0.22084919,-0.27120596,0.06792239,-0.73954403,-0.24916993,0.06550841,-0.28054497,-0.3430877,0.049438518,-0.16627206,-0.33511573,0.033150386,-0.23886608,-0.30858088
YES,0.0,0.0,0.0,-0.2787478,0.011665766,-0.17279848,-0.5440152,-0.07728652,-0.27982956,-0.7239355,-0.15776719,-0.36108902,-0.7703205,-0.23606347,-0.41150126,-0.6148206,-0.788667,-0.20006363,-0.62779665,-0.30425784,-0.364107,-0.564857,-0.10638541,-0.45443317,-0.5388955,-0.15153003,-0.5076805,-0.38648415,-0.8774257,-0.19146807,-0.3867316,-0.28310287,-0.33612895,-0.3517424,-0.12648761,-0.36493012,-0.3478412,-0.22325952,-0.3717884,-0.14862025,-0.8402395,-0.20607671,-0.15251094,-0.23481236,-0.33748972,-0.13667206,-0.104939476,-0.3024527,-0.13482839,-0.20831811,-0.26325765,0.064252794,-0.7348964,-0.24280795,0.055983007,-0.25940156,-0.336893,0.045310177,-0.15582807,-0.33109796,0.035463184,-0.23843877,-0.30596772
YES,0.0,0.0,0.0,-0.27552792,0.008878209,-0.18028049,-0.53972846,-0.07877506,-0.29553995,-0.7133021,-0.14987949,-0.3846035,-0.70944333,-0.22257873,-0.44264856,-0.6053832,-0.7959341,-0.20720309,-0.6151819,-0.3299731,-0.37668765,-0.5552323,-0.12738726,-0.46837676,-0.53406936,-0.17801076,-0.5230212,-0.37566903,-0.88374674,-0.19863036,-0.3740524,-0.3130274,-0.35311002,-0.34383672,-0.1391656,-0.38117442,-0.3454695,-0.23981264,-0.3843201,-0.13691604,-0.8459671,-0.21441875,-0.13890009,-0.25968117,-0.3535359,-0.1273432,-0.115966715,-0.31651044,-0.12856254,-0.22118528,-0.2734718,0.076482095,-0.742292,-0.25295016,0.072373085,-0.27955666,-0.34848085,0.057961866,-0.16678111,-0.34072217,0.043673042,-0.24854991,-0.31385812
YES,0.0,0.0,0.0,-0.27521425,0.011812107,-0.1766766,-0.53949374,-0.06488131,-0.2914437,-0.7189349,-0.13668776,-0.38065064,-0.72959864,-0.22301628,-0.43861905,-0.6150032,-0.78852457,-0.20941779,-0.6261312,-0.3130318,-0.37644222,-0.5616644,-0.11735781,-0.46596137,-0.53811866,-0.17290299,-0.51897264,-0.38807118,-0.8737043,-0.20187661,-0.38554132,-0.28874472,-0.3542066,-0.34924877,-0.12370307,-0.3843815,-0.34714672,-0.22466664,-0.38992053,-0.15159635,-0.8363913,-0.2172495,-0.15235634,-0.23948462,-0.35684326,-0.13372469,-0.10100028,-0.32290778,-0.13176842,-0.20324746,-0.28219262,0.06080062,-0.7332779,-0.25454253,0.05676099,-0.26126423,-0.35175735,0.04678587,-0.14696553,-0.34508517,0.035467174,-0.22200339,-0.3184342
YES,0.0,0.0,0.0,-0.28016624,0.018904595,-0.18608211,-0.5529982,-0.06653325,-0.29932025,-0.737198,-0.15174936,-0.38364887,-0.767153,-0.24961725,-0.4357056,-0.6102897,-0.7921783,-0.22268364,-0.6210563,-0.30695605,-0.38577926,-0.55107737,-0.097720206,-0.46762225,-0.5245715,-0.1452313,-0.51581407,-0.3742888,-0.8853729,-0.20933628,-0.37250513,-0.29000175,-0.35786176,-0.33826482,-0.11395846,-0.38243794,-0.33879885,-0.20957,-0.38551003,-0.12859197,-0.85069615,-0.2189993,-0.13206738,-0.244163,-0.35552797,-0.11982673,-0.10357776,-0.3175255,-0.12109688,-0.20850687,-0.2759189,0.0915488,-0.74841565,-0.25108933,0.08542803,-0.2735877,-0.3490855,0.070924126,-0.16249746,-0.34214163,0.058576625,-0.24236864,-0.31593737
YES,0.0,0.0,0.0,-0.27640337,0.022557797,-0.18926531,-0.5395559,-0.06014824,-0.30955192,-0.7126452,-0.14060488,-0.40099862,-0.71247786,-0.23730956,-0.46016094,-0.6112011,-0.79147536,-0.22668503,-0.6176938,-0.29510593,-0.3919372,-0.5424303,-0.09967741,-0.47606876,-0.51291263,-0.16884983,-0.52630705,-0.38206813,-0.8817715,-0.2130227,-0.37782615,-0.28468022,-0.36434093,-0.33390176,-0.12402963,-0.39058948,-0.32703215,-0.23090976,-0.3944785,-0.1441767,-0.8482081,-0.2225739,-0.1488924,-0.25089115,-0.3622539,-0.12775056,-0.11673796,-0.32624722,-0.123515345,-0.22321369,-0.2851838,0.06979024,-0.7501509,-0.25481874,0.06433637,-0.2758418,-0.3526638,0.05747744,-0.1612512,-0.34684327,0.04948336,-0.23704404,-0.32133585
YES,0.0,0.0,0.0,-0.27931735,0.016248493,-0.18259837,-0.542038,-0.06076898,-0.30108872,-0.714012,-0.14090349,-0.39225128,-0.71088994,-0.24776293,-0.45180452,-0.60966754,-0.7926572,-0.22327125,-0.60871553,-0.30236292,-0.39244163,-0.5443854,-0.103992954,-0.48084342,-0.5204852,-0.1612828,-0.53366446,-0.37866786,-0.8813451,-0.21458618,-0.36482385,-0.2994713,-0.37175733,-0.33875322,-0.12555036,-0.40084687,-0.341013,-0.208438,-0.40579364,-0.13757607,-0.84746313,-0.22882308,-0.12897171,-0.25446075,-0.3745836,-0.12177702,-0.11385103,-0.34067357,-0.12842502,-0.21314992,-0.29969528,0.08021433,-0.74603057,-0.2651129,0.084271714,-0.28276938,-0.36803207,0.07037897,-0.17394078,-0.36366054,0.054495454,-0.25189972,-0.33851895
YES,0.0,0.0,0.0,-0.2759648,0.019410528,-0.17741485,-0.5422117,-0.06206884,-0.29022577,-0.71610945,-0.14343268,-0.3771404,-0.7309145,-0.23762098,-0.43320727,-0.6109234,-0.7916897,-0.20440528,-0.6105921,-0.31565154,-0.36993572,-0.53564954,-0.10459452,-0.46127677,-0.50565434,-0.14819,-0.5158113,-0.38033503,-0.87884086,-0.19584589,-0.37114593,-0.30399203,-0.3429041,-0.33889845,-0.12254547,-0.37197724,-0.3392731,-0.20122363,-0.3783041,-0.14008649,-0.84217095,-0.21069074,-0.13825467,-0.25993136,-0.34579074,-0.12813497,-0.10863784,-0.3109414,-0.13197814,-0.19927168,-0.27105242,0.07637216,-0.74164635,-0.24745412,0.07198247,-0.28529134,-0.34016925,0.057818353,-0.16482277,-0.3304747,0.0444134,-0.2308832,-0.30276844
YES,0.0,0.0,0.0,-0.28450215,0.021497801,-0.18137737,-0.5553849,-0.06259054,-0.296247,-0.730871,-0.14275543,-0.38452667,-0.7239977,-0.22036034,-0.44233444,-0.6107707,-0.79180753,-0.20577441,-0.6114175,-0.31980935,-0.3696673,-0.5421404,-0.11331398,-0.4598209,-0.5135746,-0.15933582,-0.5143539,-0.37865898,-0.88181335,-0.19582991,-0.36889005,-0.31141025,-0.3422159,-0.33751577,-0.13778533,-0.36956012,-0.33686963,-0.22368748,-0.37493244,-0.13785963,-0.8447621,-0.2100156,-0.13595787,-0.26582667,-0.3451329,-0.12684168,-0.11822832,-0.3102365,-0.12818153,-0.21114185,-0.27018958,0.07872409,-0.7423596,-0.2466995,0.07552238,-0.28862837,-0.339304,0.059375383,-0.16568391,-0.33100176,0.045397986,-0.23015791,-0.30494264
YES,0.0,0.0,0.0,-0.27955696,0.027728973,-0.18987063,-0.5477261,-0.046745792,-0.31073356,-0.72243816,-0.12099447,-0.40332162,-0.72138643,-0.22479205,-0.46377647,-0.61539054,-0.7882223,-0.22182429,-0.6200687,-0.2916215,-0.38917756,-0.5373236,-0.09182974,-0.47861323,-0.50002736,-0.1602336,-0.533122,-0.38457215,-0.87816775,-0.20844768,-0.37988955,-0.2894342,-0.35860988,-0.3387422,-0.12154754,-0.38551587,-0.33335084,-0.22295512,-0.3911713,-0.14454444,-0.8433617,-0.21931666,-0.14628224,-0.25108305,-0.35789475,-0.12777168,-0.10563186,-0.32063594,-0.12138902,-0.20552243,-0.2794538,0.07185759,-0.74412876,-0.2533186,0.068141125,-0.27829716,-0.3494886,0.056857716,-0.15784007,-0.34267947,0.049217034,-0.22725159,-0.3176503
YES,0.0,0.0,0.0,-0.27892923,0.021916393,-0.18961121,-0.54642636,-0.055777784,-0.30842492,-0.7239421,-0.12713818,-0.39781535,-0.73382497,-0.21468589,-0.4546535,-0.6155588,-0.788091,-0.22539137,-0.6186583,-0.2806892,-0.38891122,-0.5354929,-0.08773021,-0.4723405,-0.5003093,-0.160596,-0.5223139,-0.3856542,-0.8781807,-0.21089368,-0.37658045,-0.2789012,-0.36089227,-0.33068663,-0.11957265,-0.38582006,-0.32407132,-0.23370695,-0.38938355,-0.14653434,-0.84413075,-0.21991324,-0.1463194,-0.24730895,-0.35737586,-0.12547196,-0.107645184,-0.31905925,-0.11897715,-0.21340178,-0.2766167,0.06881913,-0.74568367,-0.2519132,0.063458115,-0.28628552,-0.34707955,0.05074651,-0.16785984,-0.3392041,0.040973395,-0.24051726,-0.31287223
YES,0.0,0.0,0.0,-0.28405958,0.025286714,-0.18569344,-0.5503575,-0.05949851,-0.30193377,-0.72465456,-0.1395559,-0.3901979,-0.74964046,-0.2271597,-0.44791248,-0.6149984,-0.7885283,-0.22596952,-0.6206884,-0.29912224,-0.38868925,-0.54470825,-0.10047557,-0.47182658,-0.5131717,-0.15022822,-0.51963335,-0.3828936,-0.8817389,-0.2133366,-0.3732972,-0.29382724,-0.36159468,-0.3316656,-0.13244146,-0.38853204,-0.32459962,-0.22555116,-0.39261577,-0.140258,-0.8493837,-0.22307411,-0.13867678,-0.26818782,-0.36158568,-0.12117116,-0.12650292,-0.32531548,-0.11729801,-0.21902962,-0.28234047,0.078908555,-0.75014055,-0.2548821,0.07650919,-0.3079848,-0.35039106,0.062339094,-0.18281475,-0.33972672,0.051618997,-0.24042535,-0.30946648
YES,0.0,0.0,0.0,-0.28490326,0.02362101,-0.18061084,-0.5499772,-0.06321715,-0.2947111,-0.72380847,-0.14487812,-0.38240084,-0.7502026,-0.2299,-0.44010907,-0.61533415,-0.78826636,-0.21871604,-0.625121,-0.3036806,-0.37915882,-0.5489504,-0.10573417,-0.46132368,-0.51640695,-0.15512398,-0.5089843,-0.38454217,-0.880349,-0.20927683,-0.37981385,-0.30125323,-0.3563373,-0.3380622,-0.1370488,-0.38358885,-0.33035797,-0.2252864,-0.3879941,-0.14250688,-0.84796786,-0.22184853,-0.14387716,-0.27178738,-0.35938007,-0.12579358,-0.12765847,-0.3243924,-0.12239045,-0.21896017,-0.2827244,0.076818615,-0.74892527,-0.25601068,0.0736849,-0.30825087,-0.35010603,0.05986485,-0.18394051,-0.33938086,0.048708647,-0.24239354,-0.30968994
YES,0.0,0.0,0.0,-0.28051442,0.018386377,-0.18208905,-0.54935265,-0.064751536,-0.29551768,-0.7266611,-0.14210479,-0.38182306,-0.7369773,-0.23277491,-0.4369024,-0.61198455,-0.7908698,-0.20819964,-0.6128557,-0.3073231,-0.36565605,-0.54097223,-0.11160822,-0.4479844,-0.5166849,-0.17043431,-0.49720168,-0.38041496,-0.87979555,-0.19620714,-0.36824486,-0.30507475,-0.33919758,-0.3319233,-0.14418745,-0.36511236,-0.3342221,-0.24573708,-0.36974296,-0.1385817,-0.84568167,-0.2072544,-0.13511544,-0.27448806,-0.34060434,-0.118915275,-0.13454856,-0.3049371,-0.11826864,-0.23376943,-0.26411384,0.08096558,-0.74769557,-0.2403729,0.08051856,-0.30579013,-0.3311294,0.064897604,-0.184055,-0.32164004,0.052018505,-0.24908194,-0.29433933
YES,0.0,0.0,0.0,-0.2873899,0.020385368,-0.1774241,-0.5540567,-0.070433706,-0.28782344,-0.7258752,-0.15881166,-0.3715398,-0.7378504,-0.252373,-0.4253146,-0.6075538,-0.7942786,-0.21130776,-0.6118776,-0.29725555,-0.36798194,-0.53482044,-0.10375482,-0.45052117,-0.5019822,-0.161517,-0.49974173,-0.3779232,-0.88647854,-0.20127308,-0.37007824,-0.29544958,-0.34326068,-0.33138934,-0.1338437,-0.3703064,-0.32500407,-0.21704991,-0.37622187,-0.13830991,-0.8542436,-0.2128419,-0.14028044,-0.2705188,-0.3461659,-0.123949446,-0.12956274,-0.31200027,-0.11980488,-0.21875447,-0.27273643,0.07882404,-0.75500137,-0.24605756,0.07631825,-0.30252475,-0.33964294,0.0637345,-0.18148084,-0.33169374,0.054391343,-0.24204955,-0.30489314
YES,0.0,0.0,0.0,-0.2848466,0.016570006,-0.17231086,-0.5494283,-0.07713894,-0.28106537,-0.7201142,-0.16474113,-0.3644891,-0.735397,-0.24595307,-0.41902703,-0.6082547,-0.79374194,-0.20516805,-0.6123745,-0.30459052,-0.3605603,-0.5354359,-0.10569173,-0.4435029,-0.5021635,-0.15375134,-0.4928555,-0.37903148,-0.8854104,-0.19793436,-0.3711914,-0.30318117,-0.33682483,-0.3310616,-0.13439013,-0.36377284,-0.32229936,-0.20874026,-0.3701235,-0.14001764,-0.8535831,-0.21199472,-0.14152332,-0.27855468,-0.34275132,-0.1252278,-0.1298005,-0.3096041,-0.121376276,-0.21137577,-0.27156758,0.07812931,-0.75651383,-0.24721178,0.07421708,-0.31396794,-0.33771467,0.059388753,-0.18135005,-0.32766396,0.04786651,-0.22972175,-0.29992288
YES,0.0,0.0,0.0,-0.2781536,0.015163339,-0.18010892,-0.5435683,-0.06473753,-0.29749665,-0.7234128,-0.13994564,-0.38798842,-0.7270353,-0.21419048,-0.4481908,-0.61278,-0.7902535,-0.21668819,-0.6194551,-0.3093283,-0.38338548,-0.5479883,-0.10777042,-0.47271115,-0.5152957,-0.15358599,-0.5260843,-0.38290498,-0.8814327,-0.20825136,-0.3748008,-0.30811793,-0.3593937,-0.33982104,-0.13323456,-0.38689584,-0.3338478,-0.21011113,-0.3915915,-0.14356844,-0.84561133,-0.2227543,-0.1417635,-0.26245922,-0.36200187,-0.13180292,-0.11327857,-0.32657868,-0.13216811,-0.1999422,-0.28576878,0.0722526,-0.7419469,-0.25940138,0.069468185,-0.28583932,-0.35696062,0.053934176,-0.159782,-0.3492989,0.03960572,-0.2197063,-0.32272014
YES,0.0,0.0,0.0,-0.28026164,0.020354494,-0.18101557,-0.54623187,-0.060740534,-0.29466602,-0.7228878,-0.14018539,-0.38036674,-0.741112,-0.2294924,-0.43440554,-0.6143419,-0.78903997,-0.21641715,-0.62765026,-0.2973689,-0.37430423,-0.5490164,-0.104629844,-0.45286354,-0.51385295,-0.16820763,-0.49871927,-0.38597667,-0.8780892,-0.20425412,-0.38651478,-0.29533827,-0.3492493,-0.34545967,-0.12874563,-0.37365457,-0.33935243,-0.22016615,-0.37669066,-0.14907782,-0.84404004,-0.21424745,-0.1554424,-0.2627046,-0.35085067,-0.13849081,-0.11545059,-0.3154347,-0.13609524,-0.2036816,-0.2740992,0.06649266,-0.74447465,-0.24580474,0.05885158,-0.29973236,-0.3412897,0.043475837,-0.1687805,-0.3333055,0.029241027,-0.2193217,-0.3059601
YES,0.0,0.0,0.0,-0.2838913,0.019651175,-0.1778266,-0.5556728,-0.049745522,-0.29257104,-0.7409882,-0.12542683,-0.37995997,-0.73029166,-0.19726558,-0.43594316,-0.6198539,-0.7847172,-0.21918103,-0.6277876,-0.296687,-0.37523052,-0.5614058,-0.092891075,-0.45262486,-0.5329886,-0.13333091,-0.498692,-0.3842069,-0.8707133,-0.2086829,-0.38080812,-0.26832375,-0.35131252,-0.3468418,-0.10268097,-0.37225696,-0.34426782,-0.18818752,-0.3734871,-0.14102882,-0.83135736,-0.21948238,-0.14444792,-0.22186165,-0.3480506,-0.13342373,-0.09002249,-0.30751842,-0.133557,-0.18397968,-0.26487055,0.077153385,-0.72326624,-0.2524812,0.07049485,-0.25577423,-0.34353423,0.05657622,-0.14590476,-0.3341622,0.043940715,-0.21601993,-0.30667305
YES,0.0,0.0,0.0,-0.2846749,0.03013328,-0.18777771,-0.5536658,-0.035290513,-0.30803838,-0.7322795,-0.102156,-0.39855927,-0.7404547,-0.1914371,-0.45581996,-0.6241225,-0.7813265,-0.23307931,-0.6298106,-0.24704109,-0.39406854,-0.5451409,-0.06587548,-0.47569746,-0.5084839,-0.14286277,-0.52457947,-0.3900985,-0.8605685,-0.21986708,-0.39186403,-0.22476126,-0.36946338,-0.3419514,-0.08731762,-0.3939869,-0.32989985,-0.20493563,-0.3970983,-0.14831275,-0.8181575,-0.22853862,-0.15403144,-0.19743003,-0.36401668,-0.12966822,-0.08161678,-0.32274082,-0.12106725,-0.19192493,-0.27750346,0.071058065,-0.7096956,-0.26020133,0.062329452,-0.24452277,-0.35552236,0.05350341,-0.14366451,-0.34520912,0.047767516,-0.22185475,-0.31550667
YES,0.0,0.0,0.0,-0.2818484,0.021957608,-0.18338321,-0.5443307,-0.046185303,-0.30018637,-0.71887153,-0.1152258,-0.38855714,-0.734047,-0.20011175,-0.44514924,-0.61445016,-0.78895575,-0.22666061,-0.6239547,-0.28707007,-0.38864416,-0.551886,-0.09108932,-0.47382897,-0.521801,-0.13700163,-0.524468,-0.37966695,-0.873849,-0.21585394,-0.38325417,-0.2539872,-0.36354584,-0.34082615,-0.10403832,-0.3905652,-0.33350313,-0.20320259,-0.39588162,-0.13704792,-0.8333188,-0.2269748,-0.14119574,-0.21251209,-0.35855693,-0.12307247,-0.090069085,-0.31881586,-0.12070718,-0.19367322,-0.2762551,0.08164322,-0.72403216,-0.26112425,0.072468765,-0.24769191,-0.3544285,0.060366873,-0.14169592,-0.34419203,0.050389826,-0.21764275,-0.3153725
YES,0.0,0.0,0.0,-0.2800086,0.026597837,-0.18227996,-0.5456258,-0.0631877,-0.29547203,-0.7195924,-0.14944357,-0.38174278,-0.74698937,-0.24883163,-0.43810013,-0.605588,-0.7957784,-0.21578549,-0.61486584,-0.30817518,-0.37862357,-0.5470954,-0.10292465,-0.46701777,-0.5200565,-0.14779888,-0.519049,-0.37051865,-0.8862289,-0.20473547,-0.36911342,-0.3023507,-0.3491734,-0.33406168,-0.1276078,-0.37780988,-0.32991603,-0.20645322,-0.3838595,-0.12728462,-0.851026,-0.2162923,-0.12910976,-0.26773405,-0.3515562,-0.11881868,-0.120649174,-0.31736043,-0.12091428,-0.20756233,-0.27675527,0.09317205,-0.7480571,-0.24978791,0.09189052,-0.3067132,-0.3452114,0.07279938,-0.17401347,-0.33518398,0.058197383,-0.22032645,-0.30543333
YES,0.0,0.0,0.0,-0.27314514,0.02538398,-0.17994705,-0.5413563,-0.047534574,-0.29785436,-0.7214176,-0.12594217,-0.389033,-0.7469916,-0.22678578,-0.45016804,-0.62650555,-0.7794169,-0.22199045,-0.63247085,-0.2974798,-0.38908634,-0.55522853,-0.09540735,-0.47863877,-0.52256286,-0.1436983,-0.5310697,-0.39550865,-0.869823,-0.21322554,-0.38585597,-0.29596308,-0.36049208,-0.34488803,-0.11240489,-0.39092612,-0.3389808,-0.18574007,-0.3985926,-0.1550822,-0.8380638,-0.22618584,-0.14808393,-0.25514138,-0.3660101,-0.13199343,-0.09906333,-0.3351439,-0.1355003,-0.18276669,-0.29715317,0.06224221,-0.73957986,-0.25999194,0.06342118,-0.2852326,-0.3585338,0.052488588,-0.15408061,-0.35003206,0.03732213,-0.20770246,-0.32170153
YES,0.0,0.0,0.0,-0.28197858,0.021049146,-0.17577569,-0.548589,-0.059146263,-0.28746688,-0.72543496,-0.13620123,-0.37299132,-0.7542746,-0.2093413,-0.4286087,-0.6219697,-0.78304136,-0.21830161,-0.63115656,-0.31987742,-0.38584882,-0.5729039,-0.100391135,-0.47490722,-0.54526824,-0.101959355,-0.5249833,-0.3904242,-0.87197036,-0.21102187,-0.37816584,-0.28647676,-0.3615216,-0.35223126,-0.10198841,-0.39078772,-0.35182497,-0.16085456,-0.39614123,-0.1474121,-0.8349624,-0.2258784,-0.13329455,-0.23909341,-0.3621914,-0.13083433,-0.08837363,-0.32732326,-0.13834277,-0.16572513,-0.28648752,0.071985245,-0.728991,-0.26272175,0.08334583,-0.27597672,-0.3599306,0.061505806,-0.14430805,-0.35078874,0.04114995,-0.19252641,-0.3212695
YES,0.0,0.0,0.0,-0.2861845,0.029821616,-0.18016706,-0.5608995,-0.03955781,-0.29597285,-0.74570906,-0.11712088,-0.3834336,-0.7749582,-0.20170781,-0.43998,-0.64265937,-0.766152,-0.23563237,-0.6477281,-0.2922789,-0.4006598,-0.5860699,-0.07649902,-0.4842929,-0.5596723,-0.083533145,-0.5318591,-0.41041157,-0.8589439,-0.22595377,-0.398691,-0.25864318,-0.37476838,-0.36755317,-0.07493308,-0.4020044,-0.36303857,-0.13635537,-0.40737072,-0.16652177,-0.8260067,-0.23699172,-0.15200697,-0.21690549,-0.37405273,-0.14574589,-0.06700585,-0.3382601,-0.15031071,-0.14177893,-0.29748937,0.054259177,-0.72388524,-0.26992,0.06346826,-0.26330394,-0.3707148,0.039914425,-0.12371604,-0.36218518,0.01796581,-0.15973783,-0.33285913
YES,0.0,0.0,0.0,-0.2821438,0.024060607,-0.18434723,-0.5463805,-0.06459969,-0.29559493,-0.7225718,-0.14581549,-0.3778478,-0.7509239,-0.22380142,-0.4289243,-0.61187154,-0.7909571,-0.21898071,-0.6221589,-0.31669313,-0.38255864,-0.5606864,-0.09444116,-0.47058046,-0.53150415,-0.10236341,-0.521101,-0.37740594,-0.8818418,-0.20476177,-0.37291914,-0.27106094,-0.35118186,-0.3391149,-0.10722837,-0.3788011,-0.33490163,-0.19175173,-0.3841773,-0.13540998,-0.8429128,-0.21350953,-0.13100064,-0.22432652,-0.34092838,-0.118931726,-0.09580871,-0.30172524,-0.11822162,-0.19156408,-0.2601056,0.07890912,-0.733372,-0.24574484,0.079806656,-0.25961074,-0.33670712,0.06505332,-0.15641198,-0.32736275,0.05252546,-0.2348387,-0.29911587
YES,0.0,0.0,0.0,-0.2830506,0.016649425,-0.18016918,-0.5545136,-0.07009476,-0.29339957,-0.73876715,-0.1535068,-0.37908873,-0.7561307,-0.23977518,-0.4327526,-0.62051904,-0.78419137,-0.21751922,-0.6284209,-0.30361533,-0.3783649,-0.55617774,-0.09487266,-0.4593492,-0.5263178,-0.13360153,-0.50634146,-0.39019877,-0.8753176,-0.20584151,-0.3828658,-0.28351226,-0.3520242,-0.34338486,-0.112392545,-0.37685835,-0.33871397,-0.20701584,-0.37974897,-0.14978111,-0.8427983,-0.21624538,-0.14535141,-0.25214174,-0.3519594,-0.12832166,-0.10748596,-0.31364474,-0.12433668,-0.20010817,-0.2702996,0.0681931,-0.74660623,-0.24849685,0.06838624,-0.29620296,-0.34477356,0.049334016,-0.16255116,-0.3343567,0.032057982,-0.21265267,-0.30442134
YES,0.0,0.0,0.0,-0.27665144,0.0019265034,-0.18033214,-0.5403465,-0.08632115,-0.29206136,-0.72024316,-0.16535497,-0.37680307,-0.73884624,-0.25148365,-0.43117636,-0.59997684,-0.8000175,-0.21374036,-0.6032985,-0.31398654,-0.3733892,-0.54286456,-0.11394194,-0.45705587,-0.52305496,-0.15581462,-0.50661355,-0.37019798,-0.88802636,-0.20256862,-0.3633485,-0.2985937,-0.34643668,-0.3392983,-0.13318911,-0.37326196,-0.3452996,-0.21410953,-0.37908462,-0.12987429,-0.85225177,-0.21401356,-0.13124277,-0.25848216,-0.347959,-0.12528555,-0.11909949,-0.3140142,-0.13076787,-0.20969982,-0.27470532,0.08874218,-0.75042224,-0.24757753,0.0812498,-0.29785776,-0.34193444,0.058262948,-0.1752331,-0.33451438,0.03951228,-0.23106334,-0.30829337
YES,0.0,0.0,0.0,-0.2742156,0.020658245,-0.18658169,-0.54565954,-0.057313684,-0.30636048,-0.73301286,-0.13627766,-0.39898214,-0.7685672,-0.23801838,-0.46064907,-0.6160981,-0.78766954,-0.22343749,-0.6223507,-0.29706222,-0.39530936,-0.55079234,-0.09412947,-0.48786277,-0.5216785,-0.14622897,-0.5424114,-0.38442168,-0.8737853,-0.21244909,-0.37873885,-0.28402808,-0.3664024,-0.33977795,-0.113845795,-0.3967505,-0.33198306,-0.2066827,-0.40342686,-0.14262074,-0.8369977,-0.22517096,-0.14434512,-0.2451275,-0.36831203,-0.12625538,-0.104832634,-0.33405223,-0.12213792,-0.2084317,-0.2932373,0.07567001,-0.73658335,-0.26005244,0.06945535,-0.27251893,-0.3594836,0.05564541,-0.1551818,-0.35184258,0.0451902,-0.22873974,-0.32458156
YES,0.0,0.0,0.0,-0.28376368,0.020040488,-0.18536855,-0.5518862,-0.061292805,-0.30300662,-0.7312692,-0.14228262,-0.3931761,-0.7432605,-0.23100577,-0.45259896,-0.6152232,-0.78835297,-0.2214078,-0.6192038,-0.29288328,-0.386593,-0.55268663,-0.09587799,-0.47440016,-0.52986836,-0.14918986,-0.52683294,-0.38439375,-0.8744362,-0.20979221,-0.37868634,-0.2788161,-0.36000606,-0.3429106,-0.117811225,-0.38791287,-0.3391991,-0.21555193,-0.39337185,-0.14294837,-0.8379741,-0.22137643,-0.14431784,-0.24755234,-0.3599639,-0.12961853,-0.11436744,-0.3247556,-0.12756762,-0.21757102,-0.28374165,0.07674401,-0.7368805,-0.25537115,0.072448276,-0.28402653,-0.35162437,0.054551017,-0.16925222,-0.3439191,0.040953465,-0.23895757,-0.31706333
YES,0.0,0.0,0.0,-0.28475606,0.020178558,-0.18666133,-0.5522571,-0.059132423,-0.30671874,-0.73144203,-0.13498661,-0.39910537,-0.7345393,-0.20369847,-0.4615042,-0.618075,-0.78611904,-0.2245332,-0.62026745,-0.29608542,-0.39111012,-0.54557073,-0.09231717,-0.47851822,-0.5157189,-0.13332325,-0.52961004,-0.38551196,-0.8708578,-0.21322206,-0.37981218,-0.28586894,-0.36259374,-0.34252807,-0.110350996,-0.38916686,-0.33849078,-0.19093363,-0.39366853,-0.1438822,-0.8325415,-0.22504678,-0.1450452,-0.2454043,-0.3628615,-0.13010184,-0.10062738,-0.32719216,-0.12862307,-0.19425505,-0.28607818,0.074381605,-0.7297352,-0.25932172,0.06874586,-0.2764697,-0.35150474,0.050743606,-0.15339494,-0.34077814,0.0353456,-0.21621071,-0.31273657
YES,0.0,0.0,0.0,-0.28310964,0.01817063,-0.17680097,-0.54709274,-0.060103413,-0.28862783,-0.7240024,-0.13731216,-0.37410495,-0.7445622,-0.20921165,-0.42885876,-0.62078893,-0.78397775,-0.21453084,-0.62841487,-0.29189572,-0.37250575,-0.5594427,-0.08484905,-0.453911,-0.5273628,-0.118939765,-0.50110817,-0.39121917,-0.8700169,-0.20417792,-0.3833996,-0.26252043,-0.34771338,-0.34617805,-0.09455224,-0.37351766,-0.3391726,-0.1780802,-0.37789425,-0.15236983,-0.8328913,-0.21528909,-0.1508946,-0.23164058,-0.3460657,-0.13427417,-0.09444595,-0.30967286,-0.12958476,-0.1836951,-0.26890546,0.06491322,-0.7316222,-0.24826874,0.0629403,-0.2758347,-0.33958682,0.04784074,-0.15802948,-0.3298648,0.03538997,-0.21822022,-0.3012712
YES,0.0,0.0,0.0,-0.28336927,0.0110411905,-0.17734419,-0.546856,-0.0867793,-0.28802443,-0.727871,-0.17011122,-0.37198022,-0.7632605,-0.22538921,-0.4257416,-0.60368466,-0.79722327,-0.21674249,-0.62559956,-0.3118119,-0.378401,-0.556185,-0.10611165,-0.46037441,-0.52158237,-0.13532077,-0.5076676,-0.3733171,-0.8826269,-0.2074121,-0.3798185,-0.27733916,-0.35685822,-0.33314744,-0.112998866,-0.3819045,-0.31781572,-0.20041032,-0.38482141,-0.13439539,-0.841856,-0.2204806,-0.14395729,-0.23916452,-0.35510823,-0.12419605,-0.10379581,-0.31940296,-0.11759785,-0.198507,-0.27912793,0.08174547,-0.7342644,-0.2554683,0.07259257,-0.26918256,-0.35047957,0.056927204,-0.15152703,-0.34456939,0.04340578,-0.2186823,-0.31925792
YES,0.0,0.0,0.0,-0.2842647,0.016422065,-0.17873965,-0.55792934,-0.06079407,-0.29224733,-0.7434806,-0.13998501,-0.37885693,-0.74632764,-0.23262124,-0.4337481,-0.6185661,-0.7857327,-0.2133446,-0.62012696,-0.29519245,-0.3664211,-0.54960793,-0.095854804,-0.44260588,-0.5240393,-0.15021375,-0.48852104,-0.381723,-0.87538254,-0.20233773,-0.37261295,-0.27922553,-0.34174582,-0.34362274,-0.10888305,-0.36515787,-0.34964752,-0.20251252,-0.36897266,-0.13652642,-0.84278524,-0.21280427,-0.13762005,-0.24652393,-0.3446037,-0.12475875,-0.10477367,-0.3090581,-0.12576072,-0.2006585,-0.26912376,0.08542952,-0.7459128,-0.24466544,0.07906835,-0.2869728,-0.33753222,0.06161294,-0.16411734,-0.3285799,0.04605995,-0.22480138,-0.3013717
YES,0.0,0.0,0.0,-0.28070855,0.023835706,-0.18320653,-0.55077636,-0.050134096,-0.29903975,-0.7339406,-0.1221726,-0.38770393,-0.7626923,-0.20452347,-0.44523197,-0.6219223,-0.78307897,-0.2174753,-0.61962295,-0.27726316,-0.38156945,-0.5485088,-0.08257271,-0.46891493,-0.52071965,-0.14722608,-0.52112126,-0.3850466,-0.8766736,-0.20701437,-0.36912337,-0.26740593,-0.35543838,-0.335875,-0.10987914,-0.38434798,-0.33614868,-0.21422796,-0.39126983,-0.13961305,-0.8438517,-0.21949358,-0.13520046,-0.23249364,-0.35791335,-0.11999345,-0.102253325,-0.3243074,-0.11887998,-0.20897263,-0.2850504,0.08043976,-0.74474835,-0.25419706,0.077973716,-0.26486474,-0.3517733,0.06301502,-0.15512308,-0.34651843,0.049720246,-0.23412684,-0.32169914
YES,0.0,0.0,0.0,-0.2807649,0.021673873,-0.18156539,-0.5469163,-0.04803182,-0.29644513,-0.7294936,-0.11291057,-0.38400912,-0.76289594,-0.19100812,-0.4401226,-0.62381124,-0.7815751,-0.21782246,-0.6223236,-0.27204257,-0.37875164,-0.5500188,-0.0799816,-0.46285608,-0.5211806,-0.14376855,-0.51277614,-0.38947007,-0.8722867,-0.20683669,-0.3752988,-0.25581187,-0.3531937,-0.33980057,-0.10095291,-0.38033524,-0.3378669,-0.20664953,-0.38599777,-0.14690952,-0.8384497,-0.21822181,-0.14422432,-0.22482213,-0.3539438,-0.12843247,-0.09624101,-0.31933048,-0.12628849,-0.20152839,-0.2795209,0.07178647,-0.7378056,-0.25176942,0.06919874,-0.26087826,-0.34821084,0.052750617,-0.15018378,-0.34248075,0.038932722,-0.22491449,-0.3169023
YES,0.0,0.0,0.0,-0.2831685,0.02612087,-0.17500803,-0.55420107,-0.041254707,-0.2867635,-0.73944664,-0.10607787,-0.37298432,-0.7719386,-0.17481352,-0.42951715,-0.63652736,-0.77125424,-0.20562871,-0.6392201,-0.2764851,-0.3635877,-0.56602246,-0.07948701,-0.45167693,-0.53435063,-0.12597328,-0.5042377,-0.40305197,-0.8628313,-0.19629627,-0.39464876,-0.2650372,-0.33320576,-0.35887933,-0.10325082,-0.36073664,-0.35417435,-0.19256146,-0.36842564,-0.1601138,-0.82930166,-0.20897925,-0.1609667,-0.2391598,-0.33711106,-0.14528267,-0.101730146,-0.30259413,-0.13967267,-0.1933923,-0.26373523,0.060471207,-0.73013663,-0.2432661,0.057228066,-0.27975383,-0.3320693,0.04070052,-0.16325292,-0.3213432,0.029618604,-0.22371857,-0.2930317
YES,0.0,0.0,0.0,-0.27936605,0.010426071,-0.17159413,-0.5472506,-0.07589077,-0.275247,-0.73133284,-0.14835227,-0.35403338,-0.78197837,-0.22772571,-0.4037797,-0.6185982,-0.78570753,-0.19135608,-0.63477933,-0.3233996,-0.35435185,-0.5716909,-0.11483423,-0.44874117,-0.53551203,-0.12514538,-0.502675,-0.3891526,-0.88223034,-0.18143114,-0.38579604,-0.31197897,-0.31843176,-0.35604966,-0.1495325,-0.34893954,-0.35250765,-0.21734513,-0.35819647,-0.14949976,-0.84912425,-0.19525702,-0.14695537,-0.26313528,-0.3209652,-0.13684617,-0.12480741,-0.28923234,-0.1392998,-0.20963946,-0.25292057,0.06602746,-0.74558866,-0.23104623,0.06454662,-0.28917772,-0.3195002,0.04798581,-0.16907652,-0.31158632,0.03177417,-0.22864424,-0.28559184
YES,0.0,0.0,0.0,-0.27837327,0.019075135,-0.17717122,-0.5452629,-0.066138,-0.28642043,-0.72338396,-0.14407846,-0.36977264,-0.7444772,-0.21510874,-0.42295453,-0.61496204,-0.78855675,-0.19898073,-0.62801445,-0.30487362,-0.3609536,-0.561263,-0.104732335,-0.45204443,-0.5292277,-0.14692199,-0.50585604,-0.3813105,-0.8813727,-0.18902399,-0.37545913,-0.29049253,-0.33129656,-0.3387896,-0.13778725,-0.36063927,-0.33080906,-0.23077588,-0.36772442,-0.14021976,-0.8452084,-0.20275238,-0.13947484,-0.24721056,-0.33307904,-0.123135716,-0.11820376,-0.3000085,-0.11871389,-0.21743304,-0.2615779,0.075374715,-0.74016714,-0.2388644,0.07236203,-0.274233,-0.33033112,0.062066242,-0.16321744,-0.32314605,0.052667238,-0.23583598,-0.29705423
YES,0.0,0.0,0.0,-0.2793131,0.024152618,-0.17293033,-0.553028,-0.056396097,-0.2799663,-0.74416775,-0.13623329,-0.36177415,-0.79287547,-0.212291,-0.41324168,-0.6282067,-0.77804655,-0.2028239,-0.6435683,-0.31596917,-0.35964242,-0.5700676,-0.10151499,-0.44170883,-0.52999264,-0.11628058,-0.48915747,-0.39733773,-0.8770999,-0.1936647,-0.39456603,-0.29127815,-0.33254787,-0.35026076,-0.1113774,-0.358852,-0.334493,-0.17803626,-0.36441752,-0.15626864,-0.8483239,-0.20643751,-0.15218423,-0.25497907,-0.33668572,-0.13203627,-0.108207144,-0.30382836,-0.1263177,-0.19317403,-0.26657316,0.06312958,-0.75051165,-0.24041215,0.06479771,-0.28918266,-0.33328986,0.0538098,-0.16036199,-0.32529607,0.042482775,-0.21518938,-0.29869276
YES,0.0,0.0,0.0,-0.2847805,0.022108808,-0.17806831,-0.5591233,-0.056825984,-0.28834143,-0.74504256,-0.1350472,-0.37222686,-0.7739081,-0.22503403,-0.42617065,-0.6147809,-0.788698,-0.21413729,-0.6306288,-0.29336166,-0.36985916,-0.55610603,-0.083457954,-0.44863668,-0.5196469,-0.11617144,-0.49331152,-0.37865523,-0.8816436,-0.20260358,-0.3772947,-0.26867735,-0.34168997,-0.3357158,-0.09472333,-0.36469874,-0.32473665,-0.16697216,-0.36713174,-0.13418464,-0.84850764,-0.21263398,-0.13957869,-0.24452975,-0.34225842,-0.12177318,-0.10217304,-0.30500722,-0.116652556,-0.18467325,-0.2628089,0.08856328,-0.74929893,-0.24421623,0.08175333,-0.2958467,-0.33434153,0.06730824,-0.17073517,-0.3216702,0.056436904,-0.22014181,-0.29020667
YES,0.0,0.0,0.0,-0.28563845,0.025335819,-0.17960876,-0.5620891,-0.044688188,-0.2954867,-0.7477471,-0.122310884,-0.38498765,-0.7496762,-0.2134821,-0.44375235,-0.63022095,-0.7764158,-0.21427986,-0.6378683,-0.28334817,-0.3738232,-0.55641663,-0.088681445,-0.4589642,-0.51573586,-0.14467345,-0.5099885,-0.3974234,-0.8670832,-0.2028567,-0.39161623,-0.27468565,-0.3438869,-0.34967527,-0.112639785,-0.36968592,-0.3407294,-0.20387957,-0.37571675,-0.15461172,-0.83447504,-0.21342431,-0.1556643,-0.24805042,-0.3446042,-0.13680117,-0.113124825,-0.3082638,-0.12970278,-0.20569165,-0.26818144,0.06663273,-0.73688614,-0.2458262,0.06333811,-0.28684187,-0.33670574,0.051775742,-0.1699542,-0.32652742,0.04331226,-0.23001051,-0.29871532
YES,0.0,0.0,0.0,-0.2933623,0.040280037,-0.18888849,-0.5707535,-0.039403465,-0.30474123,-0.7481639,-0.119109385,-0.39319524,-0.75843155,-0.21760084,-0.45139417,-0.61458427,-0.7888512,-0.22399355,-0.6349026,-0.28384972,-0.38796812,-0.54983944,-0.08778665,-0.47301233,-0.5110815,-0.15257995,-0.521986,-0.37422037,-0.8854253,-0.21230389,-0.37922257,-0.28536895,-0.35988253,-0.33013785,-0.12201265,-0.3848289,-0.319604,-0.22105119,-0.38700712,-0.12469989,-0.851474,-0.22407243,-0.13343799,-0.26418877,-0.36268306,-0.11423648,-0.12127874,-0.3248434,-0.10791252,-0.218361,-0.27980363,0.10326335,-0.7498264,-0.2585244,0.09404065,-0.30985254,-0.35268557,0.07689708,-0.1766118,-0.34021652,0.06862817,-0.22772253,-0.30813617
YES,0.0,0.0,0.0,-0.28232828,0.026922164,-0.18230884,-0.5559999,-0.044749893,-0.29946914,-0.73912376,-0.12144595,-0.3887286,-0.72447866,-0.21377222,-0.44750652,-0.62016314,-0.7844729,-0.21321659,-0.6224653,-0.2836942,-0.36694548,-0.5403587,-0.09857013,-0.44935432,-0.505714,-0.17857318,-0.50046116,-0.3844903,-0.87134933,-0.20113431,-0.37602684,-0.28041175,-0.33538765,-0.33102858,-0.13755952,-0.3605505,-0.32727373,-0.24791655,-0.36801362,-0.14072788,-0.8339417,-0.21095869,-0.14365576,-0.237309,-0.33606538,-0.11881284,-0.115554474,-0.30070412,-0.113598965,-0.22419405,-0.26335362,0.076347396,-0.7296873,-0.24282917,0.06419038,-0.2529366,-0.32940254,0.062799476,-0.14653832,-0.3200134,0.05977632,-0.22485523,-0.29466167
YES,0.0,0.0,0.0,-0.28055137,0.028597249,-0.18914497,-0.55562586,-0.041409485,-0.30988404,-0.73704994,-0.11979607,-0.40131903,-0.718304,-0.2221632,-0.4603073,-0.62288254,-0.7823154,-0.22698228,-0.62295276,-0.27204755,-0.38774276,-0.5398075,-0.08616499,-0.4703444,-0.50711864,-0.16932847,-0.52059406,-0.3870226,-0.87066805,-0.21221064,-0.37321484,-0.27438968,-0.3570997,-0.3303714,-0.12856495,-0.38168886,-0.33112887,-0.24617445,-0.38645172,-0.14118499,-0.83686537,-0.22012046,-0.13693537,-0.24461566,-0.35497162,-0.11466064,-0.118178904,-0.31730628,-0.110065,-0.2240779,-0.27551752,0.08059642,-0.7377099,-0.25046498,0.07939594,-0.28328606,-0.34398058,0.07340036,-0.17783053,-0.3355713,0.06776553,-0.25370207,-0.30893221
YES,0.0,0.0,0.0,-0.27803507,0.022322388,-0.17925091,-0.5472594,-0.056978818,-0.29241514,-0.7275942,-0.13527767,-0.38006184,-0.72397304,-0.23658442,-0.43813932,-0.6105641,-0.7919669,-0.20306772,-0.62168103,-0.30128583,-0.3606022,-0.5453704,-0.11113701,-0.44732258,-0.5132378,-0.18595916,-0.49961388,-0.375388,-0.8815243,-0.19294375,-0.37605175,-0.29652968,-0.33040074,-0.3313106,-0.13989265,-0.35855803,-0.32454163,-0.2402548,-0.36602315,-0.13344315,-0.8470535,-0.20569849,-0.14163539,-0.25762475,-0.33562574,-0.117278665,-0.12311666,-0.30476227,-0.10986898,-0.22028162,-0.2676757,0.083578035,-0.74652725,-0.24014896,0.07250083,-0.28430915,-0.32744813,0.06362242,-0.16337767,-0.31919214,0.057407644,-0.22354688,-0.29316828
YES,0.0,0.0,0.0,-0.2801435,0.03921273,-0.17896935,-0.55611396,-0.03753386,-0.296713,-0.73386246,-0.118399195,-0.38999352,-0.75639623,-0.22001353,-0.45494682,-0.6241031,-0.781342,-0.21219556,-0.6405911,-0.29618478,-0.39088526,-0.55893636,-0.10613078,-0.4987045,-0.5137886,-0.17159094,-0.56294626,-0.39064124,-0.8750178,-0.20748004,-0.38799784,-0.31748676,-0.35909733,-0.34148648,-0.15827686,-0.39613867,-0.32420135,-0.24054088,-0.40885958,-0.14478895,-0.84441227,-0.22672573,-0.13908184,-0.287708,-0.36919633,-0.121903725,-0.14015564,-0.33833018,-0.11876115,-0.21945427,-0.29930893,0.082629554,-0.7486174,-0.26802486,0.080643915,-0.32800704,-0.36484286,0.061585627,-0.18520777,-0.3531143,0.046801813,-0.21638343,-0.32234088
YES,0.0,0.0,0.0,-0.27982032,0.034954634,-0.18743922,-0.55503786,-0.03367023,-0.30936223,-0.7391386,-0.11017806,-0.40409234,-0.7514959,-0.2108495,-0.46831548,-0.6250343,-0.78059727,-0.22476524,-0.64480203,-0.27189422,-0.40387312,-0.5643154,-0.087030895,-0.50723624,-0.52186644,-0.15942292,-0.5684832,-0.38986182,-0.87196255,-0.21398956,-0.3922885,-0.27614436,-0.3681747,-0.34491715,-0.12904158,-0.39992073,-0.33077958,-0.23010054,-0.40830052,-0.14445105,-0.8369151,-0.22792147,-0.14395267,-0.23508684,-0.36827,-0.12149988,-0.11573136,-0.333821,-0.11412625,-0.22159828,-0.29304254,0.07938997,-0.733996,-0.26500136,0.07567667,-0.2729417,-0.3621245,0.066107236,-0.17057422,-0.35560545,0.057969715,-0.24591967,-0.32900205
YES,0.0,0.0,0.0,-0.28691164,0.03063539,-0.17632209,-0.55114895,-0.04658393,-0.28967348,-0.7307318,-0.12594442,-0.3773863,-0.7518083,-0.21336906,-0.43455568,-0.6318506,-0.7750902,-0.20806399,-0.64591503,-0.28509805,-0.37183848,-0.56677204,-0.0909474,-0.45884612,-0.5295306,-0.14838004,-0.50971496,-0.4035431,-0.86801916,-0.19983181,-0.40544122,-0.28310278,-0.3467226,-0.35791817,-0.12061026,-0.37476462,-0.34681436,-0.21193811,-0.38015243,-0.16564903,-0.8340341,-0.21434927,-0.17275177,-0.24268728,-0.34947073,-0.14932746,-0.10947872,-0.31631285,-0.14584225,-0.21124294,-0.2778903,0.047297873,-0.7273693,-0.2503609,0.038240455,-0.25736845,-0.3429628,0.032316837,-0.14963016,-0.33692917,0.022587411,-0.23008986,-0.31218004
YES,0.0,0.0,0.0,-0.28320065,0.030780448,-0.17847656,-0.55424756,-0.046513166,-0.28940758,-0.7377921,-0.12045885,-0.37397647,-0.7474462,-0.21920632,-0.42787436,-0.6261939,-0.77966744,-0.2000043,-0.63746244,-0.2955435,-0.36183766,-0.5679019,-0.10133847,-0.45135793,-0.5377537,-0.15814812,-0.50448173,-0.3957479,-0.87773365,-0.1891114,-0.3924657,-0.29616868,-0.33081913,-0.35576266,-0.13956732,-0.35698208,-0.35494018,-0.23670867,-0.3610586,-0.154557,-0.84581506,-0.2021168,-0.1580742,-0.25983483,-0.3327936,-0.1405458,-0.1287189,-0.29645246,-0.1374501,-0.23142977,-0.25482723,0.06290065,-0.7422006,-0.23734221,0.05691536,-0.28080517,-0.32894737,0.042227343,-0.16891709,-0.32107916,0.029401198,-0.23933409,-0.29355177
YES,0.0,0.0,0.0,-0.27937037,0.023304354,-0.17654665,-0.5489235,-0.049653202,-0.2882368,-0.73097664,-0.12405844,-0.37445968,-0.75726736,-0.23451465,-0.4311574,-0.62653583,-0.77939266,-0.21003711,-0.6426431,-0.29610458,-0.37569892,-0.57229966,-0.093537755,-0.46820664,-0.5384663,-0.1350125,-0.5218155,-0.3980777,-0.8823809,-0.20028655,-0.38831702,-0.30035594,-0.3441273,-0.3608848,-0.13911897,-0.37614614,-0.36499786,-0.21286808,-0.3848776,-0.15721647,-0.85504514,-0.21298201,-0.15152514,-0.26732716,-0.34809774,-0.14066297,-0.12951913,-0.31714493,-0.14459954,-0.21147563,-0.27854726,0.061047565,-0.7553883,-0.24722254,0.06558348,-0.30186218,-0.34466,0.049527057,-0.18122555,-0.33891922,0.031002957,-0.23232578,-0.31136218
YES,0.0,0.0,0.0,-0.28047666,0.020398222,-0.17496215,-0.5492805,-0.05608359,-0.28460196,-0.73041034,-0.13199307,-0.36877742,-0.7628877,-0.23043366,-0.42265782,-0.6235315,-0.7817983,-0.20386651,-0.64031297,-0.2891378,-0.36590958,-0.5729423,-0.09715744,-0.4541436,-0.544083,-0.15450202,-0.5061443,-0.39450774,-0.8784688,-0.19459516,-0.39025214,-0.28876913,-0.33817658,-0.36055598,-0.1334218,-0.36798552,-0.3639567,-0.2236262,-0.37540743,-0.15473755,-0.84803545,-0.20800209,-0.15564801,-0.25093403,-0.34157416,-0.13905267,-0.11829307,-0.3088032,-0.1386698,-0.21441776,-0.2699303,0.06220926,-0.746662,-0.24302314,0.060780097,-0.2824857,-0.33825606,0.048619382,-0.17171732,-0.3329993,0.034039505,-0.24154322,-0.30725256
YES,0.0,0.0,0.0,-0.28129756,0.026501311,-0.18025157,-0.5543682,-0.051796973,-0.29482004,-0.73172224,-0.12380206,-0.38471323,-0.7329842,-0.21783188,-0.44561353,-0.6107108,-0.7918538,-0.2043329,-0.6165829,-0.31634095,-0.38021016,-0.5555272,-0.11348399,-0.48329931,-0.53412527,-0.15274505,-0.5434511,-0.3744517,-0.890925,-0.19773012,-0.36033303,-0.31821144,-0.35388613,-0.33829936,-0.14901684,-0.39053902,-0.34928784,-0.22186501,-0.39872545,-0.12984751,-0.85795414,-0.21561389,-0.12455444,-0.2752682,-0.36114797,-0.11626769,-0.13345844,-0.32857555,-0.12512052,-0.21804008,-0.28469652,0.08881026,-0.7536155,-0.25568765,0.09194736,-0.3052428,-0.35681143,0.07468781,-0.18575089,-0.34663555,0.053383283,-0.24326314,-0.31401742
YES,0.0,0.0,0.0,-0.2798651,0.021929145,-0.17346767,-0.54861486,-0.06918452,-0.28141063,-0.7195404,-0.15991084,-0.3649451,-0.7591549,-0.26817322,-0.41999617,-0.60051215,-0.7996157,-0.20821156,-0.61499244,-0.3041924,-0.37315333,-0.5380559,-0.09708201,-0.46801135,-0.49858737,-0.13124762,-0.52393615,-0.36504725,-0.8939439,-0.2019072,-0.3678352,-0.31213403,-0.3441347,-0.32941788,-0.15464658,-0.37916934,-0.31819308,-0.23028395,-0.3916668,-0.120930165,-0.86081856,-0.21758765,-0.12892252,-0.28461114,-0.35296088,-0.11050795,-0.1454603,-0.32329312,-0.1050413,-0.23040925,-0.2868592,0.10126604,-0.7580721,-0.2543327,0.09676258,-0.3139867,-0.349356,0.084492385,-0.18562798,-0.33917427,0.07538272,-0.23448563,-0.3101763
YES,0.0,0.0,0.0,-0.27681726,0.037750885,-0.19173059,-0.5450357,-0.034358174,-0.31805548,-0.7134714,-0.10910021,-0.41786057,-0.726577,-0.20074733,-0.48827046,-0.60414815,-0.7968721,-0.23096827,-0.6192663,-0.31783697,-0.4192142,-0.5457446,-0.11582939,-0.52854186,-0.51460123,-0.17080821,-0.59292865,-0.3649789,-0.8862401,-0.2234133,-0.36816126,-0.32207546,-0.39024264,-0.3340325,-0.15203124,-0.43043444,-0.33086452,-0.23900904,-0.44161555,-0.115965165,-0.84703046,-0.2410947,-0.12128466,-0.28640506,-0.39851302,-0.10907982,-0.13837862,-0.3676922,-0.110751644,-0.2324387,-0.32493666,0.108498424,-0.73990566,-0.2813154,0.10378676,-0.3107464,-0.3899021,0.08777764,-0.17896232,-0.3811561,0.07506891,-0.23589145,-0.35020268
YES,0.0,0.0,0.0,-0.26949507,0.02048913,-0.18695238,-0.53905267,-0.059566293,-0.30592832,-0.7147261,-0.14124724,-0.39928964,-0.7322604,-0.25246188,-0.46295777,-0.5960317,-0.8029608,-0.21609865,-0.60020185,-0.33090368,-0.39584678,-0.5341752,-0.122124,-0.49846402,-0.5136127,-0.18063666,-0.5599304,-0.36109608,-0.8955176,-0.20663598,-0.35524738,-0.32460418,-0.36614758,-0.33428183,-0.13933864,-0.4016912,-0.3447658,-0.22561136,-0.41030416,-0.11761577,-0.858725,-0.22256312,-0.119163744,-0.27697328,-0.37322018,-0.11617719,-0.11976127,-0.34303862,-0.12542723,-0.21639667,-0.30238202,0.09958019,-0.7551544,-0.26073778,0.094845675,-0.2921264,-0.36694187,0.0736441,-0.16259843,-0.36351368,0.05595745,-0.22809297,-0.33756623
YES,0.0,0.0,0.0,-0.27405348,0.024581956,-0.18015242,-0.54448515,-0.046293847,-0.29684865,-0.7206713,-0.11910885,-0.38825545,-0.7493744,-0.23090126,-0.44983292,-0.61309385,-0.79001004,-0.21445613,-0.61856246,-0.3194774,-0.38493422,-0.54667324,-0.11439553,-0.4797612,-0.52262515,-0.17769456,-0.5370498,-0.37956724,-0.8796652,-0.20658228,-0.3700744,-0.31520554,-0.35857067,-0.34989083,-0.13628568,-0.39371738,-0.36414498,-0.22610497,-0.404329,-0.13709243,-0.8454438,-0.2218421,-0.13766107,-0.274057,-0.36639196,-0.13596879,-0.11580482,-0.33755234,-0.14903614,-0.20853864,-0.30027598,0.07929873,-0.7457309,-0.25825435,0.07517848,-0.28843,-0.36109784,0.0555134,-0.15706956,-0.3567679,0.036416084,-0.21849078,-0.3314416
YES,0.0,0.0,0.0,-0.27268276,0.026503557,-0.19702321,-0.54286075,-0.04875761,-0.32189107,-0.7190532,-0.12273972,-0.41789848,-0.708712,-0.22115232,-0.4825379,-0.6049464,-0.79626626,-0.22822453,-0.61112046,-0.3125257,-0.39805022,-0.5375465,-0.11167771,-0.4864883,-0.51531047,-0.1852646,-0.53961706,-0.36664578,-0.8916054,-0.21372402,-0.36081004,-0.31624457,-0.36909497,-0.32638785,-0.1419404,-0.3980231,-0.33303764,-0.25144947,-0.40245104,-0.11946695,-0.85655123,-0.22396989,-0.12545854,-0.2752104,-0.37014225,-0.111781076,-0.12427974,-0.33662012,-0.11383414,-0.22986785,-0.29461884,0.10065927,-0.7556778,-0.25698844,0.09177993,-0.29936126,-0.35779336,0.075481676,-0.17334655,-0.35167977,0.062130313,-0.24278975,-0.32508132
YES,0.0,0.0,0.0,-0.2797371,0.022166912,-0.1840716,-0.554581,-0.06249632,-0.2990836,-0.7335412,-0.14600155,-0.3892119,-0.7490926,-0.24792026,-0.4499545,-0.6089379,-0.7932179,-0.2054042,-0.62084717,-0.33038953,-0.375482,-0.54982513,-0.11616215,-0.4712733,-0.51849097,-0.16259922,-0.527637,-0.37476292,-0.8882252,-0.19536553,-0.3700669,-0.32430145,-0.34375116,-0.33854043,-0.13672845,-0.37638438,-0.33837593,-0.22242363,-0.3846202,-0.13097447,-0.8557305,-0.21017638,-0.12808515,-0.28016326,-0.3524775,-0.118615754,-0.12162891,-0.32406694,-0.1215451,-0.2146033,-0.2859505,0.08900444,-0.760378,-0.2466749,0.08677648,-0.3114334,-0.34199315,0.067543134,-0.17502175,-0.33346492,0.052392457,-0.22892678,-0.30579746
YES,0.0,0.0,0.0,-0.2847053,0.020019172,-0.17945498,-0.5587643,-0.06388639,-0.29430905,-0.7387433,-0.1426985,-0.38443816,-0.7416375,-0.2117809,-0.4460657,-0.6202619,-0.7843948,-0.20647736,-0.6257,-0.3051917,-0.37119403,-0.55415076,-0.0977587,-0.46231237,-0.52546376,-0.14357886,-0.5160976,-0.38421628,-0.8779388,-0.19931173,-0.37607396,-0.30631033,-0.34238222,-0.3420212,-0.1270664,-0.37190846,-0.34172618,-0.21441373,-0.37932295,-0.1379757,-0.845432,-0.21557258,-0.1354303,-0.26815683,-0.35172433,-0.12485963,-0.11483091,-0.3215453,-0.12785399,-0.20678802,-0.28388104,0.085830234,-0.7497807,-0.25333896,0.08273687,-0.3035133,-0.34334353,0.06325032,-0.16824807,-0.33194986,0.0467312,-0.2206396,-0.30354467
YES,0.0,0.0,0.0,-0.28135347,0.017825581,-0.18199769,-0.549539,-0.06741264,-0.29723442,-0.7257138,-0.14773478,-0.38711303,-0.7183625,-0.23385392,-0.448333,-0.6033729,-0.7974592,-0.20841783,-0.6106802,-0.31864578,-0.36651444,-0.5503692,-0.11392076,-0.45104787,-0.53239703,-0.17026839,-0.5026693,-0.36848763,-0.8911708,-0.1994053,-0.36551765,-0.31470796,-0.34297788,-0.339865,-0.13790642,-0.37233528,-0.345135,-0.2264806,-0.379437,-0.12468619,-0.8571884,-0.21320407,-0.13058832,-0.27741566,-0.35025948,-0.12203292,-0.12928486,-0.32109916,-0.12515506,-0.22441514,-0.2841755,0.094907984,-0.75632775,-0.24858549,0.09108245,-0.30023885,-0.34288743,0.07234541,-0.17749004,-0.33726388,0.056917395,-0.24165781,-0.3125296
YES,0.0,0.0,0.0,-0.2857708,0.024691267,-0.17133872,-0.56256837,-0.05921359,-0.27990273,-0.7445866,-0.14072372,-0.36486006,-0.7650689,-0.21938413,-0.42180362,-0.6203236,-0.78434604,-0.1931453,-0.6260106,-0.31610048,-0.35161206,-0.55513275,-0.105658084,-0.44266102,-0.51961124,-0.13753355,-0.4970269,-0.3854616,-0.87813663,-0.1871952,-0.37255713,-0.31114987,-0.32258195,-0.34067166,-0.13532192,-0.35336673,-0.33398485,-0.2060229,-0.36360264,-0.14186847,-0.84723514,-0.20377909,-0.1346774,-0.27522844,-0.33191139,-0.12588614,-0.12430615,-0.30234218,-0.1259505,-0.20653735,-0.26755124,0.080023795,-0.7534827,-0.2415634,0.082500644,-0.30698916,-0.32846457,0.06312506,-0.1705196,-0.31716245,0.047794998,-0.21616422,-0.28956106
YES,0.0,0.0,0.0,-0.286323,0.022249907,-0.17449933,-0.5600601,-0.05940736,-0.284276,-0.74556,-0.14260578,-0.3691963,-0.75707066,-0.22138162,-0.42514336,-0.6282973,-0.7779733,-0.20131822,-0.62805253,-0.30128068,-0.35565114,-0.5547879,-0.09741244,-0.43812475,-0.52346337,-0.14015138,-0.4873154,-0.39364862,-0.87348974,-0.19284192,-0.3757694,-0.29611757,-0.32794398,-0.34193593,-0.12764502,-0.35515425,-0.3418803,-0.20943776,-0.36280045,-0.14940073,-0.84262633,-0.20622922,-0.14065866,-0.2577564,-0.33450013,-0.12586951,-0.11654989,-0.30368736,-0.12588459,-0.20727247,-0.26800615,0.07085014,-0.74555445,-0.24079075,0.07496099,-0.28596717,-0.32946816,0.06038114,-0.16698438,-0.32181025,0.04543147,-0.22997025,-0.29677582
YES,0.0,0.0,0.0,-0.28988102,0.012689419,-0.17792535,-0.5594952,-0.07620152,-0.28944853,-0.7353023,-0.14708011,-0.3764479,-0.7517026,-0.21960455,-0.4349668,-0.6085115,-0.79354495,-0.21433005,-0.6223507,-0.3012077,-0.380894,-0.5591365,-0.09384826,-0.46955818,-0.53294665,-0.12717283,-0.51969707,-0.36996898,-0.8851557,-0.20795132,-0.3608497,-0.29303554,-0.35919067,-0.3340828,-0.120951414,-0.3919095,-0.3379379,-0.198808,-0.39922097,-0.122679554,-0.85073835,-0.22395799,-0.11774174,-0.27382746,-0.36813822,-0.11446167,-0.119908795,-0.33860505,-0.12311938,-0.19601259,-0.29757395,0.10250462,-0.75150406,-0.26129133,0.10853526,-0.32795107,-0.3614068,0.07998037,-0.18333818,-0.35196722,0.054276038,-0.21478017,-0.320655
YES,0.0,0.0,0.0,-0.28023663,0.023680188,-0.19037727,-0.56066996,-0.06481235,-0.3073178,-0.74393207,-0.14475597,-0.39630783,-0.79207146,-0.24787265,-0.45495608,-0.60705495,-0.7946598,-0.22083163,-0.6060451,-0.29121116,-0.39805317,-0.53423524,-0.09007069,-0.4999571,-0.5051703,-0.15540381,-0.5610437,-0.36826867,-0.8857414,-0.208908,-0.3536718,-0.30438465,-0.36397034,-0.33100834,-0.14047305,-0.398929,-0.33547014,-0.23893498,-0.4101738,-0.12180313,-0.8497504,-0.22226702,-0.11694114,-0.2711321,-0.36818817,-0.11574083,-0.12902933,-0.3370952,-0.12141032,-0.23041824,-0.29812068,0.100229904,-0.7524563,-0.25863433,0.10252936,-0.30379242,-0.36110455,0.07476187,-0.1778676,-0.35624278,0.05341843,-0.23869915,-0.3309919
YES,0.0,0.0,0.0,-0.2848869,0.025049519,-0.18318436,-0.5637068,-0.058965016,-0.2953863,-0.7527615,-0.14641654,-0.38094306,-0.7945462,-0.24977557,-0.43571106,-0.62598145,-0.77983797,-0.21389994,-0.633789,-0.29294384,-0.375982,-0.5543134,-0.07275471,-0.46084145,-0.51816934,-0.11684184,-0.5111283,-0.39323798,-0.8712031,-0.20294611,-0.3883675,-0.28793535,-0.3461377,-0.35552424,-0.10597744,-0.37552705,-0.35718116,-0.19102646,-0.38392702,-0.15047264,-0.8372018,-0.21483585,-0.15400682,-0.24519424,-0.3521769,-0.14329909,-0.08725737,-0.32011983,-0.14851215,-0.17770475,-0.28260314,0.06761575,-0.7402057,-0.24821068,0.061420552,-0.27257636,-0.34352478,0.04488197,-0.13987407,-0.33459947,0.027736051,-0.19596328,-0.30773214
YES,0.0,0.0,0.0,-0.28060362,0.021107264,-0.18697329,-0.5483121,-0.054056726,-0.3041507,-0.73218423,-0.12887251,-0.39295566,-0.75218385,-0.20944418,-0.45097327,-0.62041396,-0.7842745,-0.22488096,-0.6265942,-0.29268506,-0.38979313,-0.55996835,-0.0827195,-0.47556394,-0.5314336,-0.11986063,-0.5256243,-0.3804326,-0.8776166,-0.21215929,-0.37074992,-0.27462065,-0.35895082,-0.34082395,-0.10418395,-0.3857184,-0.3435523,-0.19205749,-0.39166763,-0.13387874,-0.84251785,-0.22240075,-0.12996429,-0.22678818,-0.35740426,-0.12000013,-0.08266154,-0.3208762,-0.12497985,-0.1748074,-0.28061628,0.085357964,-0.7390492,-0.25535914,0.08496596,-0.25585845,-0.3500718,0.07052236,-0.13562672,-0.34118792,0.054009102,-0.20198122,-0.3141441
YES,0.0,0.0,0.0,-0.27192903,0.023022857,-0.18856697,-0.54161847,-0.04669609,-0.3056239,-0.73045516,-0.1159345,-0.3939608,-0.78659886,-0.19933741,-0.45070156,-0.6263533,-0.77953917,-0.22928597,-0.6338363,-0.28780112,-0.39680657,-0.56357956,-0.07047783,-0.48332757,-0.5329014,-0.10238826,-0.5336714,-0.38769346,-0.8768782,-0.2160005,-0.3807707,-0.27024433,-0.36574134,-0.3519504,-0.09047571,-0.39627418,-0.35628355,-0.17658885,-0.40454125,-0.1411783,-0.84793854,-0.22557123,-0.13334548,-0.2278405,-0.36603302,-0.121880665,-0.07291129,-0.33209145,-0.12619764,-0.16281211,-0.29228485,0.08061291,-0.75289994,-0.25759602,0.07904639,-0.26907274,-0.35745853,0.058676712,-0.12544437,-0.34932443,0.03944086,-0.17313299,-0.3216185
YES,0.0,0.0,0.0,-0.27500504,0.011821498,-0.17403276,-0.5427092,-0.065959394,-0.28292152,-0.73245496,-0.13873394,-0.36653474,-0.79738075,-0.2161848,-0.42121568,-0.6183232,-0.7859239,-0.20761727,-0.6320906,-0.30894864,-0.3719429,-0.5723506,-0.09531429,-0.46432415,-0.54163593,-0.11601249,-0.51861686,-0.38244936,-0.88157195,-0.19884557,-0.38173887,-0.2822636,-0.33984593,-0.35453224,-0.11048724,-0.3716145,-0.3518216,-0.18160376,-0.3823926,-0.13895553,-0.84914076,-0.21243551,-0.13881415,-0.22715464,-0.3426704,-0.12896325,-0.08366083,-0.31102675,-0.13206957,-0.16880246,-0.27513316,0.07815283,-0.7465318,-0.2478609,0.07224129,-0.25711876,-0.34124988,0.05533436,-0.13039072,-0.3339068,0.03853184,-0.18572932,-0.30800316
YES,0.0,0.0,0.0,-0.2817021,0.018091213,-0.17825341,-0.5502037,-0.065815955,-0.28915897,-0.729446,-0.14426954,-0.37391025,-0.74312085,-0.20930609,-0.42768398,-0.62135637,-0.7835281,-0.21538304,-0.6440705,-0.30670804,-0.37777287,-0.5686541,-0.08676386,-0.45832887,-0.52762496,-0.114182465,-0.5045042,-0.38571414,-0.87880623,-0.20681791,-0.3900417,-0.2828798,-0.35450783,-0.35453838,-0.10067177,-0.3788622,-0.3505959,-0.18308575,-0.3804563,-0.14153036,-0.8436131,-0.22075324,-0.14549387,-0.23189697,-0.35774973,-0.13031392,-0.077126525,-0.3184934,-0.12850547,-0.16355835,-0.27413818,0.07666083,-0.74073124,-0.2567608,0.07193671,-0.25974944,-0.35271272,0.05893899,-0.123330906,-0.34129646,0.045286465,-0.17806119,-0.310691
YES,0.0,0.0,0.0,-0.27997243,0.011966795,-0.17489745,-0.5511207,-0.07933104,-0.2856336,-0.7385824,-0.15405706,-0.37196717,-0.7795277,-0.20964557,-0.42808473,-0.6257021,-0.78006214,-0.21608354,-0.6485377,-0.31999466,-0.39004,-0.5729643,-0.081077166,-0.4824079,-0.5298092,-0.07406326,-0.53255576,-0.3894239,-0.8758436,-0.20897391,-0.38148078,-0.28646666,-0.35975155,-0.35485613,-0.096796714,-0.3870038,-0.35779774,-0.15487528,-0.38961765,-0.14149562,-0.84387183,-0.22503723,-0.12816526,-0.25054616,-0.36285836,-0.12347797,-0.09629495,-0.32186213,-0.1303059,-0.17108044,-0.27461198,0.08281666,-0.7469616,-0.2632234,0.092626445,-0.3013702,-0.35915342,0.0710741,-0.16311939,-0.34321412,0.051409185,-0.20486917,-0.30720648
YES,0.0,0.0,0.0,-0.27606228,0.011484793,-0.17327559,-0.54269105,-0.08439087,-0.2835746,-0.7288643,-0.16417606,-0.36950696,-0.76384795,-0.20228572,-0.42583856,-0.61736095,-0.78668004,-0.21368046,-0.63915175,-0.3241748,-0.3841417,-0.564714,-0.086496286,-0.47328973,-0.52020663,-0.084980145,-0.5219204,-0.38043174,-0.8843241,-0.2075089,-0.36937976,-0.292768,-0.35466418,-0.340756,-0.10552671,-0.37917417,-0.34160718,-0.163318,-0.38077238,-0.1336675,-0.85076094,-0.22414586,-0.122257285,-0.2472885,-0.35661498,-0.1194494,-0.10184367,-0.3165986,-0.1294569,-0.18533564,-0.27251115,0.08660393,-0.74895775,-0.2629258,0.09363175,-0.2823135,-0.35458735,0.07433255,-0.15741724,-0.34098765,0.053429093,-0.21487206,-0.30873176
YES,0.0,0.0,0.0,-0.279159,0.0054367892,-0.17544527,-0.5511599,-0.09472617,-0.28412277,-0.7312528,-0.17506333,-0.368566,-0.7832804,-0.23474938,-0.42214072,-0.6080022,-0.7939353,-0.22161639,-0.6403535,-0.32559446,-0.3969353,-0.5681237,-0.096845314,-0.48800093,-0.52546823,-0.09784047,-0.5389805,-0.37264743,-0.8871929,-0.21633628,-0.37027553,-0.28464592,-0.3754633,-0.346256,-0.10729049,-0.40515828,-0.349402,-0.18734626,-0.40878117,-0.12475501,-0.85041255,-0.23461431,-0.113237284,-0.24977632,-0.3794265,-0.11174942,-0.10069978,-0.33953246,-0.11668752,-0.18864787,-0.29313177,0.10172931,-0.74790454,-0.27547544,0.1181501,-0.30036202,-0.38120267,0.0949428,-0.1635008,-0.37175557,0.07817322,-0.21587461,-0.34033954
YES,0.0,0.0,0.0,-0.27715564,0.028993389,-0.18133545,-0.54949075,-0.07114999,-0.2908016,-0.73305607,-0.16023415,-0.37512708,-0.8072806,-0.23304194,-0.4293674,-0.6114493,-0.79128367,-0.22890468,-0.645321,-0.30977306,-0.41011658,-0.5667105,-0.06663652,-0.5054063,-0.520299,-0.06865073,-0.55674285,-0.36889124,-0.89085513,-0.22285132,-0.37246865,-0.28504822,-0.3812387,-0.33730057,-0.084357984,-0.41130647,-0.33173293,-0.15193467,-0.4147447,-0.116674736,-0.8565168,-0.240361,-0.11188092,-0.24329853,-0.38905814,-0.099460475,-0.07933913,-0.3514263,-0.10023294,-0.16454063,-0.30553564,0.11059439,-0.75221395,-0.28009295,0.11748924,-0.27231386,-0.38495082,0.10388416,-0.124932416,-0.37175944,0.092214696,-0.1760504,-0.33681637
YES,0.0,0.0,0.0,-0.26552185,0.029437961,-0.18992685,-0.525145,-0.050650805,-0.31285974,-0.69574714,-0.118644655,-0.40806764,-0.7438976,-0.2007541,-0.47203192,-0.61303574,-0.7900551,-0.24226332,-0.6235933,-0.2862795,-0.43465537,-0.5467415,-0.071338035,-0.5404581,-0.5094276,-0.1167639,-0.6017058,-0.3766713,-0.88008344,-0.23726892,-0.36601022,-0.28951272,-0.41102389,-0.3315886,-0.09927914,-0.44717965,-0.327451,-0.17928481,-0.4544833,-0.12881938,-0.84247094,-0.25695884,-0.11231478,-0.24669756,-0.41765487,-0.10550831,-0.08592222,-0.38111636,-0.11298611,-0.17892942,-0.33579156,0.09706328,-0.7368611,-0.29983285,0.1102297,-0.27119198,-0.41451502,0.08898678,-0.12291775,-0.40614647,0.06725567,-0.17433192,-0.37492883
YES,0.0,0.0,0.0,-0.26650587,0.02365568,-0.18891129,-0.5335649,-0.046701778,-0.3074529,-0.72088295,-0.112618305,-0.39848003,-0.7812611,-0.20228986,-0.45674616,-0.62621903,-0.7796471,-0.23017175,-0.6459646,-0.278887,-0.41413382,-0.5629297,-0.058070086,-0.5141393,-0.5233366,-0.09907149,-0.5714432,-0.39294288,-0.8702524,-0.21956997,-0.38800964,-0.2665269,-0.37972456,-0.35036337,-0.08218877,-0.40809497,-0.3488835,-0.17605734,-0.4104011,-0.14624411,-0.83464915,-0.23397753,-0.13773371,-0.235883,-0.38027337,-0.13014193,-0.08232684,-0.33395752,-0.13601552,-0.1846022,-0.28228766,0.07959268,-0.73226446,-0.27192512,0.08801849,-0.27498943,-0.37746382,0.069393635,-0.14323783,-0.36387357,0.054180544,-0.20987806,-0.3279592
YES,0.0,0.0,0.0,-0.27944985,0.029303662,-0.17315137,-0.5507754,-0.049581837,-0.2767901,-0.74366117,-0.12442101,-0.35368943,-0.8071984,-0.18719783,-0.39817575,-0.6496199,-0.7602592,-0.20707773,-0.66706926,-0.2631888,-0.36768585,-0.5730567,-0.04809793,-0.449823,-0.5231329,-0.08455606,-0.4970328,-0.41286606,-0.85957503,-0.19722551,-0.41201672,-0.23577845,-0.33738613,-0.3522478,-0.06716305,-0.35724524,-0.3342082,-0.16552241,-0.35677135,-0.1662472,-0.83059543,-0.20972514,-0.16152085,-0.20615761,-0.33620197,-0.13431764,-0.062253606,-0.288728,-0.12763628,-0.16715689,-0.2411367,0.05771324,-0.7305829,-0.24441364,0.05848081,-0.23854022,-0.33607578,0.05382551,-0.11519483,-0.3216774,0.04655433,-0.19062471,-0.28861865
YES,0.0,0.0,0.0,-0.28458613,0.03154862,-0.1746612,-0.55527216,-0.050481625,-0.2766262,-0.7422606,-0.11918996,-0.3517043,-0.81464785,-0.18144849,-0.39440283,-0.6419338,-0.76676005,-0.20962046,-0.67685467,-0.27047288,-0.37167615,-0.593417,-0.051482078,-0.45670217,-0.5478481,-0.070799924,-0.50462556,-0.40357217,-0.8658238,-0.1983842,-0.41726357,-0.21527864,-0.33725575,-0.35490128,-0.05834109,-0.35702676,-0.33391166,-0.16613245,-0.3568612,-0.15603185,-0.8309824,-0.21001337,-0.16254437,-0.1878992,-0.3311771,-0.13676226,-0.058944296,-0.28036395,-0.12988995,-0.16640653,-0.23100278,0.06584188,-0.7225397,-0.2447374,0.063033625,-0.22840361,-0.33424377,0.05726507,-0.12018771,-0.31853846,0.049466964,-0.20274897,-0.28391513
YES,0.0,0.0,0.0,-0.26901916,0.034259643,-0.18936543,-0.52989167,-0.047294725,-0.30525625,-0.70120037,-0.12341704,-0.39145982,-0.7335189,-0.22415456,-0.4448342,-0.6200747,-0.7845427,-0.23029006,-0.6207328,-0.25291353,-0.4046495,-0.5325873,-0.058587294,-0.4968225,-0.5046874,-0.14197245,-0.553143,-0.38411388,-0.87576926,-0.21902347,-0.37761799,-0.25486755,-0.38106254,-0.3233545,-0.085696846,-0.40966076,-0.32053983,-0.20882504,-0.41202733,-0.13952222,-0.8372225,-0.23153274,-0.13632889,-0.22542709,-0.37744576,-0.11661524,-0.08261386,-0.33259475,-0.12162668,-0.19926341,-0.2832985,0.08182225,-0.7263159,-0.26717126,0.0918128,-0.24841951,-0.37546104,0.08632197,-0.13945864,-0.36868173,0.07514651,-0.23224856,-0.33858654
YES,0.0,0.0,0.0,-0.27605346,0.021603297,-0.17459753,-0.54154056,-0.06307941,-0.28187948,-0.7227484,-0.14552377,-0.36329865,-0.7538671,-0.2318307,-0.4142358,-0.62616557,-0.77969,-0.19903837,-0.63501924,-0.290351,-0.36164358,-0.5564976,-0.08011319,-0.45249304,-0.52553725,-0.13945189,-0.50766706,-0.392396,-0.8679161,-0.19167796,-0.39549354,-0.2785733,-0.33363098,-0.3556679,-0.098861404,-0.3596587,-0.35382682,-0.19592163,-0.3625699,-0.15043873,-0.82886606,-0.20747072,-0.15549898,-0.23029408,-0.33723432,-0.14393294,-0.08680743,-0.2959312,-0.14934623,-0.1935215,-0.25094956,0.06521346,-0.7199612,-0.24518964,0.054382965,-0.24332455,-0.33690378,0.039930385,-0.12608618,-0.3236188,0.027246455,-0.20164958,-0.29111484
YES,0.0,0.0,0.0,-0.28119597,0.022979526,-0.17156969,-0.5488423,-0.056251727,-0.27890515,-0.7306906,-0.13473602,-0.3603543,-0.75412893,-0.21757805,-0.4118185,-0.636123,-0.7715877,-0.20281598,-0.64037883,-0.2814954,-0.36104402,-0.55955064,-0.07945285,-0.4473183,-0.52619046,-0.13551572,-0.49940854,-0.404089,-0.85897857,-0.19575973,-0.4009444,-0.2726008,-0.33211496,-0.3627854,-0.09602455,-0.3559184,-0.36031252,-0.18349189,-0.35981688,-0.16300325,-0.8234386,-0.21083017,-0.16206309,-0.22612897,-0.33594418,-0.15062624,-0.08102136,-0.29645297,-0.15330836,-0.17880479,-0.25500426,0.053881615,-0.71902055,-0.24757817,0.048542954,-0.24583553,-0.33572516,0.031982526,-0.121768594,-0.32354373,0.017200928,-0.18652332,-0.29405385
YES,0.0,0.0,0.0,-0.2736477,0.010911125,-0.18002383,-0.5385401,-0.06680505,-0.2901985,-0.71720284,-0.13474545,-0.3743576,-0.73152727,-0.21805227,-0.42819473,-0.6123857,-0.7905592,-0.20550153,-0.607797,-0.32088163,-0.3712001,-0.55275446,-0.09750297,-0.4621648,-0.5336132,-0.12096114,-0.51591843,-0.37371963,-0.8815183,-0.1966723,-0.35565948,-0.29039943,-0.34304252,-0.34761584,-0.105360135,-0.3730071,-0.3684714,-0.18651223,-0.37973148,-0.12897491,-0.8407664,-0.21218966,-0.11789181,-0.23181286,-0.34628007,-0.13250001,-0.08455419,-0.3128207,-0.15657736,-0.18024507,-0.27351412,0.085399605,-0.72751147,-0.2503166,0.08734303,-0.24880378,-0.34772423,0.05171692,-0.12414798,-0.34196678,0.018240485,-0.1870284,-0.31577817
YES,0.0,0.0,0.0,-0.28520623,0.012255623,-0.17851733,-0.54767805,-0.06115434,-0.28798068,-0.7229583,-0.13074207,-0.3732869,-0.7248554,-0.21472266,-0.42998552,-0.5844711,-0.81141454,-0.20405677,-0.58000016,-0.33846354,-0.36349666,-0.54152757,-0.11034323,-0.4517936,-0.5405157,-0.13887936,-0.50575036,-0.33210903,-0.89898044,-0.19792093,-0.31644765,-0.26948968,-0.34128714,-0.32983,-0.09799757,-0.37651983,-0.37033156,-0.18583003,-0.3864639,-0.08108223,-0.84633446,-0.21404235,-0.08816184,-0.2067805,-0.3545644,-0.109567754,-0.0657867,-0.3245089,-0.13938175,-0.16334729,-0.28375697,0.13063402,-0.7164756,-0.25171298,0.123647414,-0.19827485,-0.3598832,0.09152476,-0.08001521,-0.35647762,0.06016208,-0.14965469,-0.32755807
YES,0.0,0.0,0.0,-0.2681736,0.03471675,-0.2070085,-0.5418733,-0.030809304,-0.33597293,-0.71726084,-0.1004697,-0.43685716,-0.74770784,-0.22985855,-0.5069303,-0.5925687,-0.80551994,-0.24304448,-0.5914529,-0.3187585,-0.43339214,-0.53695893,-0.07320262,-0.5439481,-0.51805353,-0.10542166,-0.6115771,-0.3376634,-0.9015506,-0.22920634,-0.3282051,-0.2821873,-0.39371035,-0.32444954,-0.082095675,-0.43272582,-0.34307408,-0.17811207,-0.4449271,-0.08002161,-0.8527498,-0.24167715,-0.08286983,-0.2227428,-0.3972163,-0.09242581,-0.054439764,-0.3583695,-0.10312981,-0.16028811,-0.31224525,0.14180847,-0.7358586,-0.27882513,0.1417636,-0.22528116,-0.39462617,0.11011308,-0.07942972,-0.3862854,0.08706726,-0.14299457,-0.35442826
YES,0.0,0.0,0.0,-0.27175042,0.044091035,-0.21182302,-0.55046725,-0.017839221,-0.34243813,-0.72721064,-0.08728727,-0.44377065,-0.74785376,-0.2043271,-0.5139971,-0.6000601,-0.7999548,-0.25446722,-0.6026573,-0.30300367,-0.44394258,-0.54973245,-0.064845785,-0.5501638,-0.5297649,-0.09929544,-0.61457986,-0.34259483,-0.9028748,-0.23992033,-0.32673556,-0.26795882,-0.40862286,-0.32521924,-0.073830344,-0.4502092,-0.34653434,-0.1721262,-0.4636846,-0.080938295,-0.8583432,-0.25094712,-0.07489486,-0.21030773,-0.4135905,-0.08677954,-0.042818163,-0.38037956,-0.10328046,-0.14618087,-0.33662805,0.14472336,-0.7379334,-0.28674072,0.15174454,-0.21409366,-0.40989295,0.120407395,-0.06722277,-0.40626603,0.09266914,-0.12875646,-0.37668648
YES,0.0,0.0,0.0,-0.27191743,0.03308223,-0.20637374,-0.5472559,-0.02832816,-0.33275393,-0.72563106,-0.09781748,-0.42945904,-0.74645054,-0.22402915,-0.49429265,-0.59741795,-0.80193007,-0.25018802,-0.6019653,-0.3148294,-0.43044493,-0.54659545,-0.06816137,-0.5263432,-0.52996653,-0.10527333,-0.5844202,-0.34415418,-0.89768124,-0.2353078,-0.34069446,-0.2707461,-0.3983431,-0.3354925,-0.06632805,-0.43464786,-0.3548503,-0.16835739,-0.44416267,-0.087436005,-0.8506266,-0.24469312,-0.09503552,-0.20896104,-0.40149254,-0.10626529,-0.03879073,-0.36548096,-0.12216665,-0.14454764,-0.3201103,0.13349861,-0.7311206,-0.27776965,0.12032406,-0.21327601,-0.3964344,0.086834714,-0.066863306,-0.39021823,0.060281944,-0.12784873,-0.35887125
YES,0.0,0.0,0.0,-0.27875832,0.03874791,-0.20238851,-0.5572415,-0.01926773,-0.32773817,-0.7403021,-0.0869287,-0.42499572,-0.777083,-0.21734233,-0.49149156,-0.61133265,-0.7913738,-0.24683635,-0.6085304,-0.30173242,-0.4282692,-0.55632734,-0.0529466,-0.5285018,-0.5415028,-0.077716686,-0.58882904,-0.35660392,-0.8870112,-0.23470609,-0.3452183,-0.26388252,-0.39457586,-0.35058543,-0.06055589,-0.4341083,-0.3761089,-0.1481444,-0.4474895,-0.09796336,-0.84044343,-0.24647,-0.10241612,-0.20403509,-0.40231588,-0.121243276,-0.037102606,-0.37081388,-0.14290689,-0.1372279,-0.32939708,0.124266446,-0.71932966,-0.28143966,0.11758299,-0.20578708,-0.40095162,0.081194006,-0.068197235,-0.3965503,0.051152255,-0.12918738,-0.3667108
YES,0.0,0.0,0.0,-0.27645776,0.015128828,-0.19782153,-0.54481524,-0.058317963,-0.3190031,-0.7175182,-0.13045105,-0.41261208,-0.7361984,-0.22288689,-0.476414,-0.5969102,-0.802308,-0.2361996,-0.59378976,-0.31387973,-0.41115552,-0.5458916,-0.06959555,-0.5069844,-0.5326238,-0.093269005,-0.56462747,-0.34461123,-0.89334124,-0.22438967,-0.3328349,-0.26737705,-0.37971464,-0.33775416,-0.08128155,-0.4164983,-0.3637471,-0.17672025,-0.4271297,-0.08978515,-0.8454661,-0.23620562,-0.09481457,-0.1990044,-0.38491753,-0.10542886,-0.051124845,-0.35018927,-0.1197425,-0.15751524,-0.3059494,0.12691025,-0.7284225,-0.27159914,0.1158885,-0.20753473,-0.38190705,0.087715946,-0.08813841,-0.3742885,0.06562816,-0.1645362,-0.3427956
YES,0.0,0.0,0.0,-0.26901332,0.027830778,-0.21318725,-0.5424703,-0.030138081,-0.34546733,-0.7211451,-0.092594095,-0.44546476,-0.7202708,-0.19761433,-0.51332086,-0.5906187,-0.8069508,-0.26170266,-0.5912759,-0.28797293,-0.44445363,-0.53654015,-0.043940514,-0.54787725,-0.51167995,-0.081822075,-0.6122271,-0.32929626,-0.89143604,-0.24279745,-0.3260418,-0.22475941,-0.4031432,-0.3219253,-0.04646227,-0.4387271,-0.33256006,-0.16116028,-0.44958454,-0.06900234,-0.8321831,-0.24818078,-0.08308681,-0.15589716,-0.394417,-0.09286818,-0.020407226,-0.35279042,-0.09699869,-0.13575234,-0.3057161,0.14946075,-0.7031167,-0.2793,0.12825043,-0.1669718,-0.393086,0.10377935,-0.063007,-0.38592193,0.09209222,-0.1529652,-0.35403743
YES,0.0,0.0,0.0,-0.27232143,0.026178125,-0.20459975,-0.5496369,-0.04040081,-0.32939124,-0.72727716,-0.10999315,-0.42418572,-0.7535376,-0.2261447,-0.48716807,-0.5935134,-0.8048241,-0.24691865,-0.60115534,-0.29075557,-0.42799884,-0.54570305,-0.05626249,-0.53120893,-0.51925707,-0.10113002,-0.59545374,-0.34021607,-0.8937947,-0.2312608,-0.33723006,-0.23841949,-0.39065373,-0.32923424,-0.07315881,-0.42724788,-0.33886695,-0.19086556,-0.43891582,-0.08394894,-0.84164226,-0.23996563,-0.09316205,-0.17059773,-0.38769698,-0.09327949,-0.04046069,-0.34571663,-0.09519072,-0.16205698,-0.2982087,0.13484097,-0.7203435,-0.27394742,0.117870145,-0.1803537,-0.38933483,0.09949289,-0.07457708,-0.3827167,0.088350214,-0.16856304,-0.35123095
YES,0.0,0.0,0.0,-0.27997738,0.03265271,-0.20141873,-0.55234784,-0.019340172,-0.33205816,-0.7295865,-0.08103188,-0.43367484,-0.7433691,-0.16587205,-0.50584453,-0.6029101,-0.7978091,-0.25049692,-0.61219287,-0.25369602,-0.43037298,-0.5627965,-0.030135598,-0.53699374,-0.5415439,-0.090838835,-0.60517055,-0.34735987,-0.876826,-0.23789336,-0.35353848,-0.18678091,-0.39461297,-0.3456776,-0.034454145,-0.4326548,-0.35606432,-0.16194952,-0.4467165,-0.08912338,-0.8142173,-0.24813613,-0.11600264,-0.12542914,-0.3946752,-0.1181115,-0.00607169,-0.35496652,-0.12241355,-0.12929893,-0.30934557,0.13001436,-0.67955035,-0.28288823,0.1036357,-0.12212804,-0.39973298,0.091558516,-0.041055407,-0.39593506,0.08592123,-0.15546815,-0.36597064
YES,0.0,0.0,0.0,-0.26564813,0.02079432,-0.21369988,-0.5404861,-0.042497408,-0.34708592,-0.7255625,-0.10822015,-0.4489145,-0.7285987,-0.20353241,-0.51767755,-0.58780956,-0.8089993,-0.26005858,-0.5852946,-0.29596943,-0.44767833,-0.53856874,-0.06302403,-0.5495875,-0.5242513,-0.10547842,-0.6126835,-0.33478922,-0.8973558,-0.24424866,-0.32301196,-0.2318115,-0.418013,-0.31666672,-0.048613057,-0.4549163,-0.3305374,-0.16415104,-0.4631352,-0.07747289,-0.8446171,-0.25394765,-0.071549654,-0.16623253,-0.41454443,-0.08002547,-0.027556416,-0.37336436,-0.08942246,-0.14714585,-0.3234033,0.14307195,-0.7221767,-0.28943586,0.14259899,-0.18755966,-0.41447958,0.11989314,-0.07877443,-0.41132474,0.10459,-0.17259155,-0.38064405
